id,data_inversa,dia_semana,horario,uf,br,km,municipio,causa_acidente,tipo_acidente,classificacao_acidente,fase_dia,sentido_via,condicao_metereologica,tipo_pista,tracado_via,uso_solo,pessoas,mortos,feridos_leves,feridos_graves,ilesos,ignorados,feridos,veiculos,latitude,longitude,regional,delegacia,uop,ano_arquivo
40768.0,2017-05-26,sexta-feira,18:00:00,SC,282,328.7,CAMPOS NOVOS,Falta de Atenção à Condução,Colisão frontal,Com Vítimas Feridas,Anoitecer,Decrescente,Chuva,Simples,Reta,Não,5,0,1,1,1,2,2,4,-27.38994792,-51.12362175,SPRF-SC,DEL07-SC,UOP06-DEL07-SC,2017
40840.0,2017-05-27,sábado,01:25:00,SC,282,111.8,ALFREDO WAGNER,Velocidade Incompatível,Tombamento,Com Vítimas Feridas,Plena Noite,Crescente,Chuva,Simples,Curva,Não,2,0,1,0,0,1,1,2,-27.73439939,-49.37439455,SPRF-SC,DEL01-SC,UOP03-DEL01-SC,2017
40911.0,2017-05-27,sábado,06:45:00,SC,282,437.1,IRANI,Desobediência às normas de trânsito pelo condutor,Colisão transversal,Com Vítimas Feridas,Pleno dia,Crescente,Chuva,Simples,Interseção de Vias,Não,3,0,0,1,1,1,1,3,-26.96981367,-51.8547821,SPRF-SC,DEL07-SC,UOP04-DEL07-SC,2017
41538.0,2017-05-23,terça-feira,05:10:00,SC,282,632.7,DESCANSO,Velocidade Incompatível,Saída de leito carroçável,Sem Vítimas,Plena Noite,Decrescente,Garoa/Chuvisco,Simples,Declive;Curva,Não,4,0,0,0,1,3,0,3,-26.82575586,-53.41312408,SPRF-SC,DEL07-SC,UOP03-DEL07-SC,2017
41548.0,2017-05-28,domingo,20:20:00,SC,282,379.4,HERVAL DOESTE,Velocidade Incompatível,Colisão com objeto estático,Sem Vítimas,Plena Noite,Crescente,Chuva,Simples,Rotatória;Reta,Não,2,0,0,0,1,1,0,2,-27.19754121,-51.5045929,SPRF-SC,DEL07-SC,UOP05-DEL07-SC,2017
42213.0,2017-05-31,quarta-feira,11:00:00,SC,282,620.0,IRACEMINHA,Defeito na Via,Colisão lateral,Sem Vítimas,Pleno dia,Decrescente,Céu Claro,Simples,Reta,Não,2,0,0,0,2,0,0,2,-26.79847559,-53.30704808,SPRF-SC,DEL07-SC,UOP02-DEL07-SC,2017
42640.0,2017-06-02,sexta-feira,11:30:00,SC,282,212.5,LAGES,Falta de Atenção à Condução,Saída de leito carroçável,Sem Vítimas,Pleno dia,Crescente,Nublado,Simples,Reta,Não,1,0,0,0,1,0,0,1,-27.78209847,-50.25054416,SPRF-SC,DEL05-SC,UOP01-DEL05-SC,2017
42680.0,2017-06-02,sexta-feira,15:10:00,SC,282,464.7,PONTE SERRADA,Não guardar distância de segurança,Colisão lateral,Com Vítimas Feridas,Pleno dia,Crescente,Nublado,Simples,Em Obras,Não,5,0,2,0,2,1,2,4,-26.85778584,-52.04798942,SPRF-SC,DEL07-SC,UOP04-DEL07-SC,2017
42797.0,2017-06-03,sábado,05:20:00,SC,282,603.0,MARAVILHA,Condutor Dormindo,Saída de leito carroçável,Sem Vítimas,Plena Noite,Decrescente,Céu Claro,Simples,Curva,Não,1,0,0,0,1,0,0,1,-26.7995,-53.1909,SPRF-SC,DEL07-SC,UOP02-DEL07-SC,2017
42839.0,2017-06-03,sábado,10:15:00,SC,282,47.2,AGUAS MORNAS,Velocidade Incompatível,Colisão traseira,Sem Vítimas,Pleno dia,Crescente,Nublado,Simples,Reta,Não,3,0,0,0,2,1,0,3,-27.71936287,-48.9373405,SPRF-SC,DEL01-SC,UOP03-DEL01-SC,2017
43565.0,2017-06-05,segunda-feira,15:00:00,SC,480,126.3,CHAPECO,Velocidade Incompatível,Tombamento,Com Vítimas Feridas,Pleno dia,Decrescente,Chuva,Simples,Reta,Não,1,0,0,1,0,0,1,1,-27.02148926,-52.63533268,SPRF-SC,DEL07-SC,UOP01-DEL07-SC,2017
43795.0,2017-06-06,terça-feira,14:40:00,SC,282,502.5,XANXERE,Não guardar distância de segurança,Colisão lateral,Sem Vítimas,Pleno dia,Decrescente,Chuva,Simples,Interseção de Vias,Sim,3,0,0,0,2,2,0,4,-26.88514838,-52.39339113,SPRF-SC,DEL07-SC,UOP01-DEL07-SC,2017
43840.0,2017-06-06,terça-feira,18:00:00,SC,282,602.3,MARAVILHA,Falta de Atenção à Condução,Colisão transversal,Sem Vítimas,Plena Noite,Decrescente,Chuva,Simples,Reta,Não,3,0,0,0,2,1,0,3,-26.80553328,-53.18138123,SPRF-SC,DEL07-SC,UOP02-DEL07-SC,2017
43954.0,2017-06-07,quarta-feira,07:20:00,SC,282,537.8,CHAPECO,Falta de Atenção à Condução,Saída de leito carroçável,Sem Vítimas,Pleno dia,Crescente,Chuva,Simples,Curva,Não,1,0,0,0,1,0,0,1,-26.99700307,-52.67461263,SPRF-SC,DEL07-SC,UOP01-DEL07-SC,2017
44548.0,2017-06-09,sexta-feira,13:30:00,SC,282,609.9,MARAVILHA,Desobediência às normas de trânsito pelo condutor,Saída de leito carroçável,Sem Vítimas,Pleno dia,Crescente,Céu Claro,Simples,Reta,Não,4,0,0,0,2,3,0,5,-26.75622563,-53.23018134,SPRF-SC,DEL07-SC,UOP02-DEL07-SC,2017
44618.0,2017-06-09,sexta-feira,17:30:00,SC,282,219.0,LAGES,Falta de Atenção à Condução,Colisão lateral,Sem Vítimas,Anoitecer,Decrescente,Nublado,Múltipla,Interseção de Vias,Não,3,0,0,0,2,1,0,3,-27.79753358,-50.31270504,SPRF-SC,DEL05-SC,UOP01-DEL05-SC,2017
45490.0,2017-06-12,segunda-feira,14:50:00,SC,282,2.0,FLORIANOPOLIS,Falta de Atenção à Condução,Colisão lateral,Sem Vítimas,Pleno dia,Decrescente,Céu Claro,Dupla,Interseção de Vias,Sim,2,0,0,0,2,0,0,2,-27.6033,-48.5885,SPRF-SC,DEL01-SC,UOP01-DEL01-SC,2017
45494.0,2017-06-12,segunda-feira,09:15:00,SC,282,622.2,IRACEMINHA,Carga excessiva e/ou mal acondicionada,Tombamento,Sem Vítimas,Pleno dia,Decrescente,Nevoeiro/Neblina,Simples,Curva,Não,1,0,0,0,1,0,0,1,-26.7992,-53.33061782,SPRF-SC,DEL07-SC,UOP02-DEL07-SC,2017
45500.0,2017-05-23,terça-feira,00:25:00,SC,282,86.9,ALFREDO WAGNER,Velocidade Incompatível,Saída de leito carroçável,Com Vítimas Feridas,Plena Noite,Crescente,Nublado,Simples,Curva,Não,2,0,1,0,0,2,1,3,-27.66391693,-49.20527458,SPRF-SC,DEL01-SC,UOP03-DEL01-SC,2017
45732.0,2017-06-13,terça-feira,06:57:00,SC,282,622.4,IRACEMINHA,Defeito na Via,Tombamento,Com Vítimas Feridas,Amanhecer,Decrescente,Céu Claro,Simples,Curva,Não,2,0,1,0,0,2,1,3,-26.7992,-53.33253564,SPRF-SC,DEL07-SC,UOP02-DEL07-SC,2017
45733.0,2017-06-06,terça-feira,06:50:00,SC,282,610.4,MARAVILHA,Falta de Atenção à Condução,Colisão frontal,Com Vítimas Feridas,Amanhecer,Crescente,Chuva,Simples,Declive,Não,5,0,1,0,4,0,1,4,-26.75579926,-53.2392164,SPRF-SC,DEL07-SC,UOP02-DEL07-SC,2017
46030.0,2017-06-08,quinta-feira,08:50:00,SC,282,350.0,CAMPOS NOVOS,Falta de Atenção à Condução,Saída de leito carroçável,Sem Vítimas,Pleno dia,Crescente,Céu Claro,Simples,Rotatória,Sim,2,0,0,0,1,1,0,2,-27.3598,-51.3196,SPRF-SC,DEL07-SC,UOP06-DEL07-SC,2017
46178.0,2017-06-14,quarta-feira,19:45:00,SC,282,461.1,PONTE SERRADA,Falta de Atenção do Pedestre,Atropelamento de Pedestre,Com Vítimas Feridas,Plena Noite,Crescente,Céu Claro,Simples,Reta,Sim,3,0,0,1,1,2,1,4,-26.87476531,-52.01756001,SPRF-SC,DEL07-SC,UOP04-DEL07-SC,2017
46237.0,2017-06-14,quarta-feira,20:25:00,SC,282,520.2,XAXIM,Falta de Atenção à Condução,Colisão lateral,Sem Vítimas,Plena Noite,Crescente,Céu Claro,Simples,Rotatória,Sim,3,0,0,0,2,1,0,3,-26.95904198,-52.54522324,SPRF-SC,DEL07-SC,UOP01-DEL07-SC,2017
46785.0,2017-06-17,sábado,08:20:00,SC,282,216.9,LAGES,Avarias e/ou desgaste excessivo no pneu,Colisão frontal,Sem Vítimas,Pleno dia,Crescente,Céu Claro,Simples,Curva,Sim,2,0,0,0,2,0,0,2,-27.79738173,-50.29122591,SPRF-SC,DEL05-SC,UOP01-DEL05-SC,2017
46992.0,2017-06-17,sábado,22:00:00,SC,282,410.0,CATANDUVAS,Desobediência às normas de trânsito pelo condutor,Colisão lateral,Com Vítimas Feridas,Plena Noite,Crescente,Céu Claro,Simples,Rotatória,Sim,2,0,1,0,0,1,1,2,-27.06699836,-51.66330457,SPRF-SC,DEL07-SC,UOP05-DEL07-SC,2017
47399.0,2017-06-19,segunda-feira,07:10:00,SC,282,533.5,CORDILHEIRA ALTA,Falta de Atenção à Condução,Colisão frontal,Com Vítimas Feridas,Pleno dia,Decrescente,Chuva,Simples,Curva,Sim,3,0,1,0,1,2,1,4,-26.99684228,-52.63065398,SPRF-SC,DEL07-SC,UOP01-DEL07-SC,2017
47577.0,2017-06-19,segunda-feira,12:30:00,SC,282,426.0,VARGEM BONITA,Velocidade Incompatível,Tombamento,Com Vítimas Feridas,Pleno dia,Decrescente,Céu Claro,Simples,Curva,Não,2,0,1,0,0,1,1,2,-26.98266431,-51.7540665,SPRF-SC,DEL07-SC,UOP05-DEL07-SC,2017
47758.0,2017-06-20,terça-feira,14:15:00,SC,282,384.0,JOACABA,Velocidade Incompatível,Tombamento,Com Vítimas Feridas,Pleno dia,Crescente,Nublado,Simples,Curva,Sim,2,0,1,0,0,1,1,2,-27.1817,-51.5211,SPRF-SC,DEL07-SC,UOP05-DEL07-SC,2017
47893.0,2017-06-20,terça-feira,17:55:00,SC,282,527.0,XAXIM,Não guardar distância de segurança,Colisão traseira,Sem Vítimas,Anoitecer,Crescente,Céu Claro,Simples,Reta,Não,2,0,0,0,2,0,0,2,-26.97254838,-52.58302331,SPRF-SC,DEL07-SC,UOP01-DEL07-SC,2017
47926.0,2017-06-21,quarta-feira,06:50:00,SC,282,233.0,SAO JOSE DO CERRITO,Restrição de Visibilidade,Atropelamento de Animal,Sem Vítimas,Amanhecer,Crescente,Nevoeiro/Neblina,Simples,Reta,Não,1,0,0,0,1,0,0,1,-27.7863,-50.4551,SPRF-SC,DEL05-SC,UOP02-DEL05-SC,2017
48009.0,2017-06-21,quarta-feira,18:00:00,SC,282,625.0,IRACEMINHA,Falta de Atenção à Condução,Colisão lateral,Com Vítimas Feridas,Plena Noite,Crescente,Céu Claro,Simples,Reta,Não,5,0,0,1,2,2,1,4,-26.8021,-53.3573,SPRF-SC,DEL07-SC,UOP02-DEL07-SC,2017
48019.0,2017-06-21,quarta-feira,23:45:00,SC,282,328.0,CAMPOS NOVOS,Falta de Atenção à Condução,Colisão traseira,Com Vítimas Feridas,Plena Noite,Crescente,Céu Claro,Simples,Reta,Não,2,0,1,0,1,0,1,2,-27.40590916,-51.17980957,SPRF-SC,DEL07-SC,UOP06-DEL07-SC,2017
48425.0,2017-06-23,sexta-feira,06:50:00,SC,282,311.8,CATANDUVAS,Velocidade Incompatível,Tombamento,Com Vítimas Feridas,Pleno dia,Crescente,Céu Claro,Simples,Curva,Não,2,0,1,0,0,1,1,2,-27.05969232,-51.67684497,SPRF-SC,DEL07-SC,UOP06-DEL07-SC,2017
48593.0,2017-06-23,sexta-feira,18:20:00,SC,282,277.0,SAO JOSE DO CERRITO,Falta de Atenção à Condução,Colisão frontal,Com Vítimas Fatais,Plena Noite,Crescente,Céu Claro,Simples,Curva,Não,3,2,1,0,0,0,1,2,-27.57706871,-50.79211235,SPRF-SC,DEL05-SC,UOP02-DEL05-SC,2017
48675.0,2017-06-24,sábado,08:10:00,SC,282,532.4,CORDILHEIRA ALTA,Falta de Atenção à Condução,Colisão frontal,Com Vítimas Feridas,Pleno dia,Crescente,Nublado,Simples,Reta;Em Obras,Não,5,0,3,1,0,1,4,3,-26.99626392,-52.61989027,SPRF-SC,DEL07-SC,UOP01-DEL07-SC,2017
49224.0,2017-06-25,domingo,21:25:00,SC,282,28.4,SANTO AMARO DA IMPERATRIZ,Ingestão de Álcool,Colisão traseira,Com Vítimas Feridas,Pleno dia,Crescente,Nublado,Simples,Reta,Não,3,0,0,1,1,2,1,4,-27.67647835,-48.78252411,SPRF-SC,DEL01-SC,UOP03-DEL01-SC,2017
49365.0,2017-06-22,quinta-feira,13:15:00,SC,282,491.5,FAXINAL DOS GUEDES,Condutor Dormindo,Colisão lateral,Com Vítimas Fatais,Pleno dia,Crescente,Céu Claro,Simples,Reta;Em Obras,Não,7,2,0,4,1,0,4,2,-26.87015022,-52.31184569,SPRF-SC,DEL07-SC,UOP01-DEL07-SC,2017
49473.0,2017-06-26,segunda-feira,18:40:00,SC,282,406.2,CATANDUVAS,Ultrapassagem Indevida,Colisão lateral,Com Vítimas Feridas,Plena Noite,Crescente,Céu Claro,Simples,Rotatória,Não,1,0,1,0,0,0,1,1,-27.09683154,-51.6533387,SPRF-SC,DEL07-SC,UOP05-DEL07-SC,2017
49839.0,2017-06-28,quarta-feira,09:10:00,SC,282,236.8,LAGES,Ultrapassagem Indevida,Colisão lateral,Com Vítimas Feridas,Pleno dia,Decrescente,Sol,Simples,Reta;Declive,Não,4,0,0,2,1,2,2,4,-27.78663767,-50.48908442,SPRF-SC,DEL05-SC,UOP02-DEL05-SC,2017
49909.0,2017-06-28,quarta-feira,16:00:00,SC,282,551.5,NOVA ITABERABA,Falta de Atenção à Condução,Colisão lateral,Sem Vítimas,Pleno dia,Decrescente,Sol,Simples,Curva,Não,3,0,0,0,2,2,0,4,-26.94472012,-52.78347015,SPRF-SC,DEL07-SC,UOP01-DEL07-SC,2017
49946.0,2017-06-28,quarta-feira,15:45:00,SC,282,46.1,AGUAS MORNAS,Defeito Mecânico no Veículo,Saída de leito carroçável,Com Vítimas Fatais,Pleno dia,Decrescente,Céu Claro,Simples,Declive;Curva,Não,3,1,0,1,0,1,1,2,-27.7216239,-48.92799318,SPRF-SC,DEL01-SC,UOP03-DEL01-SC,2017
50224.0,2017-06-29,quinta-feira,20:20:00,SC,282,223.0,LAGES,Falta de Atenção à Condução,Colisão frontal,Com Vítimas Feridas,Plena Noite,Decrescente,Céu Claro,Simples,Curva,Sim,4,0,2,0,1,2,2,4,-27.7975,-50.353,SPRF-SC,DEL05-SC,UOP01-DEL05-SC,2017
50405.0,2017-06-30,sexta-feira,15:30:00,SC,480,128.6,CHAPECO,Falta de Atenção à Condução,Colisão lateral,Sem Vítimas,Pleno dia,Crescente,Céu Claro,Dupla,Reta,Não,5,0,0,0,5,0,0,2,-27.0439141,-52.63620883,SPRF-SC,DEL07-SC,UOP01-DEL07-SC,2017
50644.0,2017-07-01,sábado,09:50:00,SC,282,0.7,FLORIANOPOLIS,Avarias e/ou desgaste excessivo no pneu,Colisão traseira,Com Vítimas Feridas,Pleno dia,Crescente,Céu Claro,Dupla,Curva,Sim,2,0,0,1,1,0,1,2,-27.60068667,-48.57676361,SPRF-SC,DEL01-SC,UOP01-DEL01-SC,2017
50662.0,2017-07-01,sábado,08:20:00,SC,480,126.9,CHAPECO,Falta de Atenção à Condução,Colisão transversal,Sem Vítimas,Pleno dia,Crescente,Céu Claro,Simples,Interseção de Vias;Viaduto,Sim,3,0,0,0,2,1,0,3,-27.03940147,-52.63509786,SPRF-SC,DEL07-SC,UOP01-DEL07-SC,2017
50783.0,2017-07-01,sábado,16:30:00,SC,282,218.9,LAGES,Defeito Mecânico no Veículo,Danos eventuais,Sem Vítimas,Pleno dia,Decrescente,Céu Claro,Dupla,Rotatória,Sim,2,0,0,0,1,1,0,2,-27.79735047,-50.31141074,SPRF-SC,DEL05-SC,UOP01-DEL05-SC,2017
51333.0,2017-07-03,segunda-feira,09:20:00,SC,282,617.8,IRACEMINHA,Falta de Atenção à Condução,Colisão traseira,Com Vítimas Feridas,Pleno dia,Decrescente,Sol,Simples,Reta,Não,5,0,2,0,2,2,2,4,-26.78831922,-53.2934761,SPRF-SC,DEL07-SC,UOP02-DEL07-SC,2017
51614.0,2017-07-04,terça-feira,16:00:00,SC,282,515.8,XAXIM,Falta de Atenção à Condução,Colisão lateral,Sem Vítimas,Pleno dia,Decrescente,Sol,Simples,Reta,Não,3,0,0,0,2,1,0,3,-26.94367496,-52.50777059,SPRF-SC,DEL07-SC,UOP01-DEL07-SC,2017
51623.0,2017-07-04,terça-feira,10:00:00,SC,282,558.6,NOVA ITABERABA,Defeito Mecânico no Veículo,Colisão lateral,Com Vítimas Feridas,Pleno dia,Crescente,Céu Claro,Simples,Curva,Não,4,0,0,1,2,4,1,7,-26.93036139,-52.83905409,SPRF-SC,DEL07-SC,UOP01-DEL07-SC,2017
52003.0,2017-07-06,quinta-feira,07:40:00,SC,282,503.9,XANXERE,Defeito Mecânico no Veículo,Danos eventuais,Com Vítimas Feridas,Pleno dia,Crescente,Céu Claro,Dupla,Curva,Não,3,0,1,0,2,0,1,3,-26.88301953,-52.40276814,SPRF-SC,DEL07-SC,UOP01-DEL07-SC,2017
52036.0,2017-07-06,quinta-feira,10:00:00,SC,282,605.0,MARAVILHA,Falta de Atenção à Condução,Colisão traseira,Sem Vítimas,Pleno dia,Decrescente,Céu Claro,Simples,Reta,Sim,3,0,0,0,2,1,0,3,-26.7823,-53.1968,SPRF-SC,DEL07-SC,UOP02-DEL07-SC,2017
53353.0,2017-07-10,segunda-feira,18:35:00,SC,282,530.7,CORDILHEIRA ALTA,Velocidade Incompatível,Colisão frontal,Sem Vítimas,Plena Noite,Decrescente,Céu Claro,Simples,Curva,Não,5,0,0,0,4,1,0,5,-26.9968136,-52.61487722,SPRF-SC,DEL07-SC,UOP01-DEL07-SC,2017
53739.0,2017-07-12,quarta-feira,14:45:00,SC,282,258.0,SAO JOSE DO CERRITO,Falta de Atenção à Condução,Tombamento,Com Vítimas Feridas,Pleno dia,Decrescente,Céu Claro,Simples,Curva,Não,1,0,0,1,0,0,1,1,-27.65559252,-50.59657931,SPRF-SC,DEL05-SC,UOP02-DEL05-SC,2017
53742.0,2017-07-12,quarta-feira,14:00:00,SC,282,643.6,SAO MIGUEL DO OESTE,Defeito Mecânico no Veículo,Danos eventuais,Sem Vítimas,Pleno dia,Decrescente,Sol,Simples,Curva,Não,2,0,0,0,2,0,0,2,-26.76726333,-53.48127436,SPRF-SC,DEL07-SC,UOP03-DEL07-SC,2017
53917.0,2017-05-27,sábado,07:00:00,SC,282,223.4,LAGES,Falta de Atenção à Condução,Colisão frontal,Com Vítimas Feridas,Amanhecer,Crescente,Garoa/Chuvisco,Simples,Aclive,Não,4,0,1,2,0,1,3,3,-27.79833555,-50.35729408,SPRF-SC,DEL05-SC,UOP02-DEL05-SC,2017
53965.0,2017-07-13,quinta-feira,11:30:00,SC,282,236.0,SAO JOSE DO CERRITO,Mal Súbito,Saída de leito carroçável,Com Vítimas Feridas,Pleno dia,Decrescente,Céu Claro,Simples,Aclive;Curva,Não,2,0,1,0,0,1,1,2,-27.72395547,-50.52898228,SPRF-SC,DEL05-SC,UOP02-DEL05-SC,2017
53999.0,2017-07-13,quinta-feira,15:20:00,SC,282,592.6,SAUDADES,Velocidade Incompatível,Tombamento,Com Vítimas Feridas,Pleno dia,Decrescente,Céu Claro,Simples,Curva,Não,2,0,0,1,0,1,1,2,-26.82545906,-53.10223997,SPRF-SC,DEL07-SC,UOP02-DEL07-SC,2017
54142.0,2017-04-27,quinta-feira,10:50:00,SC,282,4.5,SAO JOSE,Não guardar distância de segurança,Colisão traseira,Sem Vítimas,Pleno dia,Crescente,Sol,Dupla,Declive,Sim,5,0,0,0,5,0,0,5,-27.5903818,-48.60853672,SPRF-SC,DEL01-SC,UOP01-DEL01-SC,2017
54234.0,2017-07-14,sexta-feira,15:35:00,SC,282,16.5,PALHOCA,Falta de Atenção à Condução,Colisão lateral,Com Vítimas Feridas,Pleno dia,Decrescente,Céu Claro,Simples,Reta,Sim,2,0,1,0,1,0,1,2,-27.66294524,-48.68564591,SPRF-SC,DEL01-SC,UOP02-DEL01-SC,2017
54726.0,2017-07-16,domingo,05:50:00,SC,282,544.3,CHAPECO,Condutor Dormindo,Tombamento,Com Vítimas Feridas,Amanhecer,Decrescente,Céu Claro,Simples,Curva,Não,2,0,1,0,0,2,1,3,-26.99163211,-52.72568464,SPRF-SC,DEL07-SC,UOP01-DEL07-SC,2017
55170.0,2017-07-17,segunda-feira,14:30:00,SC,282,426.0,VARGEM BONITA,Velocidade Incompatível,Tombamento,Com Vítimas Feridas,Pleno dia,Decrescente,Chuva,Simples,Curva,Não,2,0,1,0,0,2,1,3,-26.9786,-51.7836,SPRF-SC,DEL07-SC,UOP05-DEL07-SC,2017
55204.0,2017-07-17,segunda-feira,19:30:00,SC,480,126.0,CHAPECO,Falta de Atenção à Condução,Colisão lateral,Sem Vítimas,Pleno dia,Crescente,Garoa/Chuvisco,Dupla,Reta,Não,3,0,0,0,2,1,0,3,-27.0968,-52.6186,SPRF-SC,DEL07-SC,UOP01-DEL07-SC,2017
55462.0,2017-07-19,quarta-feira,07:10:00,SC,282,520.3,XAXIM,Falta de Atenção à Condução,Colisão lateral,Com Vítimas Feridas,Pleno dia,Decrescente,Sol,Simples,Curva,Sim,3,0,1,0,1,1,1,3,-26.95968728,-52.54610711,SPRF-SC,DEL07-SC,UOP01-DEL07-SC,2017
55529.0,2017-07-19,quarta-feira,13:00:00,SC,282,521.9,XAXIM,Falta de Atenção à Condução,Engavetamento,Sem Vítimas,Pleno dia,Decrescente,Sol,Simples,Curva,Sim,4,0,0,0,4,0,0,4,-26.9659123,-52.55473137,SPRF-SC,DEL07-SC,UOP01-DEL07-SC,2017
55600.0,2017-07-19,quarta-feira,18:45:00,SC,282,17.0,PALHOCA,Desobediência às normas de trânsito pelo condutor,Colisão lateral,Com Vítimas Feridas,Plena Noite,Crescente,Céu Claro,Simples,Reta,Sim,3,0,1,0,2,0,1,3,-27.6665,-48.6887,SPRF-SC,DEL01-SC,UOP02-DEL01-SC,2017
55837.0,2017-07-20,quinta-feira,11:00:00,SC,282,500.2,XANXERE,Falta de Atenção à Condução,Capotamento,Com Vítimas Feridas,Pleno dia,Crescente,Sol,Dupla,Rotatória,Sim,5,0,3,1,1,0,4,2,-26.88108139,-52.37023026,SPRF-SC,DEL07-SC,UOP01-DEL07-SC,2017
55991.0,2017-07-21,sexta-feira,14:00:00,SC,282,79.0,RANCHO QUEIMADO,Não guardar distância de segurança,Colisão traseira,Sem Vítimas,Pleno dia,Decrescente,Céu Claro,Simples,Reta,Não,3,0,0,0,3,0,0,3,-27.69577945,-49.08609008,SPRF-SC,DEL01-SC,UOP03-DEL01-SC,2017
56042.0,2017-07-21,sexta-feira,15:20:00,SC,282,495.0,XANXERE,Desobediência às normas de trânsito pelo condutor,Colisão lateral,Com Vítimas Feridas,Pleno dia,Crescente,Céu Claro,Simples,Curva,Não,6,0,1,0,4,1,1,4,-26.88,-52.345,SPRF-SC,DEL07-SC,UOP01-DEL07-SC,2017
56859.0,2017-07-24,segunda-feira,15:50:00,SC,282,23.0,SANTO AMARO DA IMPERATRIZ,Mal Súbito,Colisão lateral,Sem Vítimas,Pleno dia,Crescente,Céu Claro,Simples,Reta,Sim,2,0,0,0,2,0,0,2,-27.6874,-48.7379,SPRF-SC,DEL01-SC,UOP02-DEL01-SC,2017
56981.0,2017-07-25,terça-feira,07:40:00,SC,282,558.0,NOVA ITABERABA,Falta de Atenção à Condução,Colisão lateral,Sem Vítimas,Pleno dia,Decrescente,Céu Claro,Simples,Curva,Não,3,0,0,0,2,1,0,3,-26.9315,-52.8342,SPRF-SC,DEL07-SC,UOP01-DEL07-SC,2017
57265.0,2017-07-26,quarta-feira,15:40:00,SC,480,123.5,CHAPECO,Falta de Atenção à Condução,Colisão traseira,Com Vítimas Feridas,Pleno dia,Decrescente,Sol,Dupla,Interseção de Vias,Sim,3,0,1,1,1,0,2,2,-26.99956677,-52.64609814,SPRF-SC,DEL07-SC,UOP01-DEL07-SC,2017
57288.0,2017-07-26,quarta-feira,15:00:00,SC,282,68.3,RANCHO QUEIMADO,Velocidade Incompatível,Saída de leito carroçável,Sem Vítimas,Pleno dia,Decrescente,Céu Claro,Simples,Curva,Não,2,0,0,0,1,1,0,2,-27.69341784,-49.0795809,SPRF-SC,DEL01-SC,UOP03-DEL01-SC,2017
57298.0,2017-07-26,quarta-feira,18:30:00,SC,282,634.0,DESCANSO,Falta de Atenção à Condução,Colisão lateral,Sem Vítimas,Anoitecer,Crescente,Céu Claro,Simples,Reta;Aclive,Não,4,0,0,0,3,1,0,3,-26.8213,-53.425,SPRF-SC,DEL07-SC,UOP03-DEL07-SC,2017
57356.0,2017-07-27,quinta-feira,01:00:00,SC,282,301.0,VARGEM,Velocidade Incompatível,Tombamento,Com Vítimas Feridas,Plena Noite,Decrescente,Céu Claro,Simples,Curva,Não,2,0,1,0,0,1,1,2,-27.5107,-50.9253,SPRF-SC,DEL07-SC,UOP06-DEL07-SC,2017
57517.0,2017-07-27,quinta-feira,13:30:00,SC,282,627.4,IRACEMINHA,Ultrapassagem Indevida,Saída de leito carroçável,Sem Vítimas,Pleno dia,Decrescente,Céu Claro,Simples,Reta,Não,1,0,0,0,1,0,0,1,-26.81767928,-53.36683653,SPRF-SC,DEL07-SC,UOP02-DEL07-SC,2017
57680.0,2017-07-28,sexta-feira,07:30:00,SC,282,223.8,LAGES,Condutor Dormindo,Tombamento,Sem Vítimas,Pleno dia,Crescente,Céu Claro,Dupla,Curva,Sim,2,0,0,0,1,1,0,2,-27.79834978,-50.35867542,SPRF-SC,DEL05-SC,UOP02-DEL05-SC,2017
57740.0,2017-07-28,sexta-feira,15:40:00,SC,282,532.0,CORDILHEIRA ALTA,Falta de Atenção à Condução,Engavetamento,Com Vítimas Feridas,Pleno dia,Decrescente,Sol,Simples,Reta,Sim,7,0,2,1,4,0,3,4,-26.99711951,-52.61464119,SPRF-SC,DEL07-SC,UOP01-DEL07-SC,2017
57880.0,2017-07-29,sábado,02:15:00,SC,282,495.6,XANXERE,Condutor Dormindo,Colisão lateral,Com Vítimas Fatais,Plena Noite,Crescente,Céu Claro,Simples,Reta,Não,4,1,0,0,1,2,0,4,-26.87432636,-52.32437146,SPRF-SC,DEL07-SC,UOP01-DEL07-SC,2017
58342.0,2017-07-30,domingo,13:20:00,SC,282,488.6,FAXINAL DOS GUEDES,Ingestão de Álcool,Colisão lateral,Com Vítimas Feridas,Pleno dia,Crescente,Céu Claro,Simples,Interseção de Vias;Em Obras,Sim,5,0,2,0,1,2,2,4,-26.8586179,-52.26583661,SPRF-SC,DEL07-SC,UOP01-DEL07-SC,2017
58461.0,2017-07-30,domingo,16:50:00,SC,282,46.2,AGUAS MORNAS,Velocidade Incompatível,Saída de leito carroçável,Sem Vítimas,Pleno dia,Decrescente,Céu Claro,Simples,Curva,Não,1,0,0,0,1,0,0,1,-27.72207122,-48.92816162,SPRF-SC,DEL01-SC,UOP03-DEL01-SC,2017
58722.0,2017-07-31,segunda-feira,15:40:00,SC,282,206.9,LAGES,Velocidade Incompatível,Saída de leito carroçável,Com Vítimas Feridas,Pleno dia,Decrescente,Céu Claro,Simples,Declive,Sim,2,0,1,0,0,1,1,2,-27.77500023,-50.20133972,SPRF-SC,DEL05-SC,UOP01-DEL05-SC,2017
58897.0,2017-08-01,terça-feira,16:50:00,SC,282,386.0,JOACABA,Defeito Mecânico no Veículo,Saída de leito carroçável,Sem Vítimas,Pleno dia,Decrescente,Céu Claro,Simples,Declive;Em Obras,Sim,2,0,0,0,1,1,0,2,-27.1799,-51.5366,SPRF-SC,DEL07-SC,UOP05-DEL07-SC,2017
59070.0,2017-08-02,quarta-feira,15:50:00,SC,282,446.0,PONTE SERRADA,Velocidade Incompatível,Colisão lateral,Com Vítimas Feridas,Pleno dia,Decrescente,Chuva,Simples,Reta,Não,4,0,1,0,2,2,1,4,-26.9184,-51.9278,SPRF-SC,DEL07-SC,UOP04-DEL07-SC,2017