id,data_inversa,dia_semana,horario,uf,br,km,municipio,causa_acidente,tipo_acidente,classificacao_acidente,fase_dia,sentido_via,condicao_metereologica,tipo_pista,tracado_via,uso_solo,pessoas,mortos,feridos_leves,feridos_graves,ilesos,ignorados,feridos,veiculos,latitude,longitude,regional,delegacia,uop,ano_arquivo
59092.0,2017-08-02,quarta-feira,12:00:00,SC,282,633.3,DESCANSO,Velocidade Incompatível,Saída de leito carroçável,Com Vítimas Fatais,Pleno dia,Decrescente,Nublado,Simples,Declive;Reta,Não,2,1,0,0,0,1,0,2,-26.82618773,-53.41583043,SPRF-SC,DEL07-SC,UOP03-DEL07-SC,2017
59109.0,2017-08-02,quarta-feira,17:50:00,SC,282,619.9,IRACEMINHA,Falta de Atenção à Condução,Saída de leito carroçável,Sem Vítimas,Plena Noite,Decrescente,Chuva,Simples,Reta;Aclive,Não,2,0,0,0,1,1,0,2,-26.80257286,-53.31165148,SPRF-SC,DEL07-SC,UOP02-DEL07-SC,2017
59326.0,2017-08-03,quinta-feira,15:50:00,SC,282,562.1,NOVA ERECHIM,Velocidade Incompatível,Colisão frontal,Com Vítimas Feridas,Pleno dia,Crescente,Céu Claro,Simples,Aclive,Não,2,0,1,0,1,0,1,2,-26.919146,-52.861828,SPRF-SC,DEL07-SC,UOP02-DEL07-SC,2017
59522.0,2017-08-04,sexta-feira,15:49:00,SC,282,213.9,LAGES,Condutor Dormindo,Saída de leito carroçável,Sem Vítimas,Pleno dia,Decrescente,Céu Claro,Simples,Reta,Não,2,0,0,0,2,0,0,2,-27.78591725,-50.26386086,SPRF-SC,DEL05-SC,UOP01-DEL05-SC,2017
59809.0,2017-08-05,sábado,13:30:00,SC,282,360.0,ERVAL VELHO,Velocidade Incompatível,Saída de leito carroçável,Com Vítimas Feridas,Pleno dia,Crescente,Céu Claro,Simples,Curva,Não,2,0,1,0,0,1,1,2,-27.3284461,-51.35935664,SPRF-SC,DEL07-SC,UOP05-DEL07-SC,2017
60473.0,2017-08-08,terça-feira,07:45:00,SC,282,527.2,CORDILHEIRA ALTA,Velocidade Incompatível,Tombamento,Com Vítimas Feridas,Pleno dia,Crescente,Nublado,Simples,Curva,Não,2,0,1,0,0,1,1,2,-26.97372838,-52.58439392,SPRF-SC,DEL07-SC,UOP01-DEL07-SC,2017
60710.0,2017-08-09,quarta-feira,10:25:00,SC,282,5.0,SAO JOSE,Não guardar distância de segurança,Colisão traseira,Com Vítimas Feridas,Pleno dia,Crescente,Sol,Dupla,Reta,Sim,5,0,0,1,3,1,1,5,-27.58870824,-48.61205578,SPRF-SC,DEL01-SC,UOP01-DEL01-SC,2017
60818.0,2017-08-09,quarta-feira,19:00:00,SC,282,231.6,LAGES,Falta de Atenção à Condução,Colisão transversal,Sem Vítimas,Plena Noite,Crescente,Céu Claro,Simples,Curva;Interseção de Vias,Não,3,0,0,0,2,2,0,4,-27.78693191,-50.43901831,SPRF-SC,DEL05-SC,UOP02-DEL05-SC,2017
60910.0,2017-08-10,quinta-feira,06:50:00,SC,282,25.4,SANTO AMARO DA IMPERATRIZ,Falta de Atenção à Condução,Colisão lateral,Com Vítimas Feridas,Pleno dia,Crescente,Céu Claro,Simples,Reta,Não,3,0,1,0,2,0,1,3,-27.67871959,-48.758097,SPRF-SC,DEL01-SC,UOP03-DEL01-SC,2017
61329.0,2017-08-11,sexta-feira,15:20:00,SC,282,412.0,CATANDUVAS,Velocidade Incompatível,Tombamento,Com Vítimas Feridas,Pleno dia,Decrescente,Sol,Simples,Curva,Não,2,0,1,0,0,1,1,2,-27.05978504,-51.6796937,SPRF-SC,DEL07-SC,UOP05-DEL07-SC,2017
61381.0,2017-08-11,sexta-feira,15:30:00,SC,282,78.3,RANCHO QUEIMADO,Condutor Dormindo,Tombamento,Sem Vítimas,Pleno dia,Crescente,Chuva,Simples,Curva,Não,2,0,0,0,1,1,0,2,-27.67289093,-49.15011191,SPRF-SC,DEL01-SC,UOP03-DEL01-SC,2017
61413.0,2017-08-11,sexta-feira,20:30:00,SC,282,95.0,ALFREDO WAGNER,Velocidade Incompatível,Colisão frontal,Sem Vítimas,Plena Noite,Decrescente,Chuva,Simples,Curva,Não,2,0,0,0,2,0,0,2,-27.71140869,-49.25626302,SPRF-SC,DEL01-SC,UOP03-DEL01-SC,2017
61422.0,2017-08-12,sábado,06:45:00,SC,282,20.7,PALHOCA,Falta de Atenção à Condução,Colisão lateral,Com Vítimas Feridas,Pleno dia,Crescente,Garoa/Chuvisco,Simples,Curva,Sim,3,0,1,0,1,1,1,3,-27.68760665,-48.71638401,SPRF-SC,DEL01-SC,UOP02-DEL01-SC,2017
62179.0,2017-08-14,segunda-feira,17:20:00,SC,282,501.3,XANXERE,Falta de Atenção à Condução,Colisão transversal,Sem Vítimas,Pleno dia,Decrescente,Céu Claro,Dupla,Rotatória,Não,5,0,0,0,4,1,0,3,-26.88272082,-52.38120439,SPRF-SC,DEL07-SC,UOP01-DEL07-SC,2017
62280.0,2017-08-15,terça-feira,08:25:00,SC,282,185.0,BOCAINA DO SUL,Falta de Atenção à Condução,Saída de leito carroçável,Sem Vítimas,Pleno dia,Crescente,Nublado,Simples,Reta,Não,2,0,0,0,1,2,0,3,-27.7344,-49.982,SPRF-SC,DEL05-SC,UOP01-DEL05-SC,2017
62384.0,2017-08-15,terça-feira,15:20:00,SC,282,512.9,XANXERE,Ingestão de Álcool,Saída de leito carroçável,Sem Vítimas,Pleno dia,Crescente,Céu Claro,Simples,Curva;Em Obras,Não,1,0,0,0,1,0,0,1,-26.91419154,-52.47740036,SPRF-SC,DEL07-SC,UOP01-DEL07-SC,2017
62396.0,2017-08-15,terça-feira,16:10:00,SC,282,343.0,CAMPOS NOVOS,Não guardar distância de segurança,Colisão traseira,Com Vítimas Feridas,Pleno dia,Decrescente,Nublado,Simples,Reta,Sim,3,0,1,0,1,1,1,3,-27.3692,-51.2536,SPRF-SC,DEL07-SC,UOP06-DEL07-SC,2017
62412.0,2017-08-15,terça-feira,18:35:00,SC,282,532.6,CORDILHEIRA ALTA,Velocidade Incompatível,Tombamento,Com Vítimas Feridas,Pleno dia,Crescente,Céu Claro,Simples,Reta,Não,2,0,1,0,1,0,1,2,-26.99595322,-52.62218356,SPRF-SC,DEL07-SC,UOP01-DEL07-SC,2017
62599.0,2017-08-16,quarta-feira,09:25:00,SC,282,466.7,PONTE SERRADA,Sinalização da via insuficiente ou inadequada,Saída de leito carroçável,Com Vítimas Feridas,Pleno dia,Crescente,Céu Claro,Simples,Reta,Não,3,0,1,0,1,1,1,3,-26.85432032,-52.09434168,SPRF-SC,DEL07-SC,UOP04-DEL07-SC,2017
62702.0,2017-08-16,quarta-feira,15:35:00,SC,282,530.2,CORDILHEIRA ALTA,Velocidade Incompatível,Tombamento,Com Vítimas Feridas,Pleno dia,Decrescente,Sol,Simples,Curva,Não,2,0,1,0,0,1,1,2,-26.98731082,-52.61066079,SPRF-SC,DEL07-SC,UOP01-DEL07-SC,2017
62790.0,2017-07-24,segunda-feira,15:15:00,SC,282,334.9,CAMPOS NOVOS,Falta de Atenção à Condução,Colisão transversal,Com Vítimas Fatais,Pleno dia,Decrescente,Céu Claro,Simples,Interseção de Vias,Não,3,1,1,1,0,0,2,2,-27.39371685,-51.19225502,SPRF-SC,DEL07-SC,UOP06-DEL07-SC,2017
63016.0,2017-08-17,quinta-feira,21:40:00,SC,282,521.6,XAXIM,Ingestão de Álcool,Colisão com objeto estático,Sem Vítimas,Plena Noite,Crescente,Céu Claro,Simples,Interseção de Vias,Não,2,0,0,0,1,1,0,2,-26.95254811,-52.53794074,SPRF-SC,DEL07-SC,UOP01-DEL07-SC,2017
64088.0,2017-08-21,segunda-feira,14:15:00,SC,282,443.3,PONTE SERRADA,Falta de Atenção à Condução,Colisão traseira,Sem Vítimas,Pleno dia,Decrescente,Céu Claro,Simples,Reta,Não,4,0,0,0,3,1,0,4,-26.9097908,-51.90691779,SPRF-SC,DEL07-SC,UOP04-DEL07-SC,2017
64113.0,2017-08-21,segunda-feira,19:00:00,SC,282,362.3,ERVAL VELHO,Falta de Atenção à Condução,Colisão traseira,Com Vítimas Feridas,Plena Noite,Decrescente,Céu Claro,Simples,Reta;Declive,Não,2,0,1,0,1,0,1,2,-27.30836165,-51.37619019,SPRF-SC,DEL07-SC,UOP05-DEL07-SC,2017
64118.0,2017-08-21,segunda-feira,09:15:00,SC,282,442.7,PONTE SERRADA,Falta de Atenção à Condução,Tombamento,Sem Vítimas,Pleno dia,Crescente,Sol,Simples,Reta,Não,1,0,0,0,1,0,0,1,-26.92493512,-51.87733173,SPRF-SC,DEL07-SC,UOP04-DEL07-SC,2017
64126.0,2017-08-21,segunda-feira,15:20:00,SC,282,493.6,FAXINAL DOS GUEDES,Não guardar distância de segurança,Colisão traseira,Sem Vítimas,Pleno dia,Crescente,Sol,Simples,Declive,Não,2,0,0,0,2,0,0,2,-26.87022836,-52.30785871,SPRF-SC,DEL07-SC,UOP01-DEL07-SC,2017
64365.0,2017-08-22,terça-feira,15:30:00,SC,282,216.1,LAGES,Velocidade Incompatível,Tombamento,Sem Vítimas,Pleno dia,Decrescente,Nublado,Simples,Rotatória,Sim,2,0,0,0,1,2,0,3,-27.79461039,-50.28373718,SPRF-SC,DEL05-SC,UOP01-DEL05-SC,2017
64597.0,2017-08-23,quarta-feira,18:05:00,SC,282,524.3,XAXIM,Falta de Atenção à Condução,Tombamento,Sem Vítimas,Anoitecer,Decrescente,Céu Claro,Simples,Em Obras;Reta,Não,2,0,0,0,1,1,0,2,-26.97080812,-52.57938623,SPRF-SC,DEL07-SC,UOP01-DEL07-SC,2017
64711.0,2017-08-16,quarta-feira,17:10:00,SC,282,521.6,XAXIM,Carga excessiva e/ou mal acondicionada,Derramamento de carga,Com Vítimas Feridas,Pleno dia,Decrescente,Sol,Simples,Rotatória,Sim,2,0,1,0,1,0,1,2,-26.95294914,-52.53809094,SPRF-SC,DEL07-SC,UOP01-DEL07-SC,2017
64827.0,2017-08-24,quinta-feira,20:20:00,SC,480,124.4,CHAPECO,Falta de Atenção à Condução,Saída de leito carroçável,Com Vítimas Feridas,Plena Noite,Decrescente,Céu Claro,Dupla,Reta,Sim,1,0,1,0,0,0,1,1,-27.00249321,-52.6445961,SPRF-SC,DEL07-SC,UOP01-DEL07-SC,2017
64889.0,2017-08-25,sexta-feira,05:30:00,SC,282,388.7,JOACABA,Desobediência às normas de trânsito pelo condutor,Colisão frontal,Com Vítimas Feridas,Amanhecer,Decrescente,Ignorado,Simples,Reta,Sim,2,0,0,1,1,0,1,2,-27.16874492,-51.55860466,SPRF-SC,DEL07-SC,UOP05-DEL07-SC,2017
65693.0,2017-08-27,domingo,21:45:00,SC,282,461.0,PONTE SERRADA,Velocidade Incompatível,Colisão frontal,Com Vítimas Feridas,Plena Noite,Decrescente,Ignorado,Simples,Reta,Sim,2,0,0,1,1,0,1,2,-26.856,-52.039,SPRF-SC,DEL07-SC,UOP04-DEL07-SC,2017
65745.0,2017-08-28,segunda-feira,08:05:00,SC,282,4.5,FLORIANOPOLIS,Falta de Atenção à Condução,Engavetamento,Sem Vítimas,Pleno dia,Decrescente,Céu Claro,Dupla,Reta,Sim,4,0,0,0,4,0,0,4,-27.5937,-48.6023,SPRF-SC,DEL01-SC,UOP01-DEL01-SC,2017
66012.0,2017-08-29,terça-feira,09:00:00,SC,282,322.6,CAMPOS NOVOS,Sinalização da via insuficiente ou inadequada,Colisão transversal,Sem Vítimas,Pleno dia,Decrescente,Céu Claro,Simples,Rotatória,Não,5,0,0,0,4,1,0,3,-27.37469702,-51.06667936,SPRF-SC,DEL07-SC,UOP06-DEL07-SC,2017
66168.0,2017-08-30,quarta-feira,00:00:00,SC,282,370.2,ERVAL VELHO,Velocidade Incompatível,Tombamento,Com Vítimas Feridas,Plena Noite,Decrescente,Céu Claro,Simples,Reta,Sim,2,0,1,0,0,1,1,2,-27.27463617,-51.44183457,SPRF-SC,DEL07-SC,UOP05-DEL07-SC,2017
66244.0,2017-08-30,quarta-feira,08:00:00,SC,282,437.1,IRANI,Desobediência às normas de trânsito pelo condutor,Colisão transversal,Com Vítimas Feridas,Pleno dia,Decrescente,Céu Claro,Simples,Rotatória,Não,6,0,1,3,2,0,4,2,-26.94238094,-51.86440921,SPRF-SC,DEL07-SC,UOP04-DEL07-SC,2017
66540.0,2017-08-24,quinta-feira,13:10:00,SC,282,389.0,JOACABA,Desobediência às normas de trânsito pelo condutor,Colisão traseira,Com Vítimas Feridas,Pleno dia,Crescente,Céu Claro,Dupla,Reta,Sim,3,0,1,0,2,0,1,3,-27.167,-51.5605,SPRF-SC,DEL07-SC,UOP05-DEL07-SC,2017
66587.0,2017-08-31,quinta-feira,19:40:00,SC,282,510.0,XANXERE,Falta de Atenção à Condução,Colisão lateral,Com Vítimas Feridas,Plena Noite,Decrescente,Céu Claro,Simples,Interseção de Vias,Não,3,0,1,0,1,1,1,3,-26.89544438,-52.46252507,SPRF-SC,DEL07-SC,UOP01-DEL07-SC,2017
66696.0,2017-09-01,sexta-feira,08:20:00,SC,282,437.1,IRANI,Desobediência às normas de trânsito pelo condutor,Colisão transversal,Sem Vítimas,Pleno dia,Decrescente,Céu Claro,Simples,Interseção de Vias,Não,2,0,0,0,2,0,0,2,-26.96947773,-51.85467482,SPRF-SC,DEL07-SC,UOP04-DEL07-SC,2017
67168.0,2017-09-02,sábado,20:40:00,SC,282,517.5,XAXIM,Mal Súbito,Colisão frontal,Sem Vítimas,Plena Noite,Crescente,Céu Claro,Simples,Rotatória,Sim,2,0,0,0,2,0,0,2,-26.9411182,-52.50296956,SPRF-SC,DEL07-SC,UOP01-DEL07-SC,2017
67561.0,2017-09-04,segunda-feira,15:20:00,SC,282,218.0,LAGES,Falta de Atenção à Condução,Colisão traseira,Sem Vítimas,Pleno dia,Crescente,Sol,Dupla,Rotatória,Sim,2,0,0,0,2,0,0,2,-27.79781485,-50.31122105,SPRF-SC,DEL05-SC,UOP01-DEL05-SC,2017
67617.0,2017-09-04,segunda-feira,09:40:00,SC,282,224.1,LAGES,Defeito Mecânico no Veículo,Colisão frontal,Com Vítimas Feridas,Pleno dia,Decrescente,Sol,Simples,Interseção de Vias,Sim,3,0,2,0,1,0,2,2,-27.80005809,-50.36365628,SPRF-SC,DEL05-SC,UOP02-DEL05-SC,2017
67903.0,2017-07-26,quarta-feira,11:30:00,SC,282,533.3,CHAPECO,Carga excessiva e/ou mal acondicionada,Colisão traseira,Sem Vítimas,Pleno dia,Decrescente,Céu Claro,Simples,Curva;Em Obras,Não,4,0,0,0,3,1,0,4,-27.0968,-52.6186,SPRF-SC,DEL07-SC,UOP01-DEL07-SC,2017
67940.0,2017-09-05,terça-feira,14:40:00,SC,282,467.5,PONTE SERRADA,Falta de Atenção à Condução,Colisão lateral,Sem Vítimas,Pleno dia,Crescente,Céu Claro,Simples,Reta,Sim,2,0,0,0,2,0,0,2,-26.85405015,-52.10219516,SPRF-SC,DEL07-SC,UOP04-DEL07-SC,2017
67957.0,2017-09-05,terça-feira,17:10:00,SC,282,503.7,XANXERE,Velocidade Incompatível,Tombamento,Com Vítimas Feridas,Pleno dia,Decrescente,Sol,Dupla,Curva,Sim,2,0,1,0,0,2,1,3,-26.88251682,-52.40388393,SPRF-SC,DEL07-SC,UOP01-DEL07-SC,2017
68130.0,2017-09-06,quarta-feira,10:30:00,SC,282,451.7,PONTE SERRADA,Velocidade Incompatível,Tombamento,Com Vítimas Feridas,Pleno dia,Decrescente,Sol,Simples,Curva,Não,2,0,1,0,0,1,1,2,-26.92115042,-51.9518882,SPRF-SC,DEL07-SC,UOP04-DEL07-SC,2017
68637.0,2017-09-08,sexta-feira,10:35:00,SC,282,89.2,ALFREDO WAGNER,Defeito Mecânico no Veículo,Tombamento,Com Vítimas Feridas,Pleno dia,Crescente,Sol,Simples,Curva;Declive,Não,3,0,1,1,0,1,2,2,-27.67849261,-49.21825647,SPRF-SC,DEL01-SC,UOP03-DEL01-SC,2017
69397.0,2017-09-11,segunda-feira,06:20:00,SC,282,425.6,VARGEM BONITA,Velocidade Incompatível,Tombamento,Com Vítimas Feridas,Amanhecer,Decrescente,Céu Claro,Simples,Curva,Não,2,0,1,0,0,1,1,2,-26.98564728,-51.75405979,SPRF-SC,DEL07-SC,UOP05-DEL07-SC,2017
69488.0,2017-09-11,segunda-feira,15:15:00,SC,282,628.0,IRACEMINHA,Defeito Mecânico no Veículo,Saída de leito carroçável,Sem Vítimas,Pleno dia,Crescente,Nublado,Simples,Declive,Não,1,0,0,0,1,0,0,1,-26.819,-53.3732,SPRF-SC,DEL07-SC,UOP02-DEL07-SC,2017
70133.0,2017-09-14,quinta-feira,12:10:00,SC,282,513.0,XANXERE,Restrição de Visibilidade,Colisão traseira,Com Vítimas Feridas,Pleno dia,Crescente,Sol,Simples,Curva,Não,9,0,6,0,3,0,6,4,-26.91204422,-52.4739325,SPRF-SC,DEL07-SC,UOP01-DEL07-SC,2017
70940.0,2017-09-17,domingo,09:20:00,SC,282,383.0,HERVAL DOESTE,Defeito Mecânico no Veículo,Saída de leito carroçável,Com Vítimas Feridas,Pleno dia,Crescente,Céu Claro,Simples,Declive,Não,1,0,0,1,0,0,1,1,-27.19796466,-51.50706291,SPRF-SC,DEL07-SC,UOP05-DEL07-SC,2017
71015.0,2017-09-17,domingo,18:15:00,SC,282,22.0,PALHOCA,Falta de Atenção à Condução,Colisão lateral,Sem Vítimas,Plena Noite,Decrescente,Nublado,Simples,Reta,Sim,2,0,0,0,2,0,0,2,-27.6887,-48.7286,SPRF-SC,DEL01-SC,UOP02-DEL01-SC,2017
71252.0,2017-09-18,segunda-feira,11:00:00,SC,282,394.5,JOACABA,Falta de Atenção à Condução,Colisão traseira,Sem Vítimas,Pleno dia,Crescente,Céu Claro,Simples,Reta,Sim,4,0,0,0,4,0,0,4,-27.15973564,-51.58038408,SPRF-SC,DEL07-SC,UOP05-DEL07-SC,2017
71337.0,2017-09-18,segunda-feira,10:20:00,SC,282,461.6,PONTE SERRADA,Falta de Atenção à Condução,Colisão transversal,Sem Vítimas,Pleno dia,Crescente,Sol,Simples,Reta,Sim,3,0,0,0,2,1,0,3,-26.86596777,-52.02315927,SPRF-SC,DEL07-SC,UOP04-DEL07-SC,2017
71349.0,2017-09-19,terça-feira,00:01:00,SC,282,38.7,AGUAS MORNAS,Velocidade Incompatível,Colisão lateral,Sem Vítimas,Plena Noite,Decrescente,Céu Claro,Simples,Curva,Não,2,0,0,0,2,0,0,2,-27.71332764,-48.85841131,SPRF-SC,DEL01-SC,UOP03-DEL01-SC,2017
71488.0,2017-09-19,terça-feira,13:28:00,SC,282,644.4,SAO MIGUEL DO OESTE,Falta de Atenção à Condução,Colisão lateral,Sem Vítimas,Pleno dia,Decrescente,Céu Claro,Simples,Reta,Não,2,0,0,0,2,0,0,2,-26.76542215,-53.48457813,SPRF-SC,DEL07-SC,UOP03-DEL07-SC,2017
71621.0,2017-09-20,quarta-feira,10:00:00,SC,282,1.5,FLORIANOPOLIS,Falta de Atenção à Condução,Colisão traseira,Sem Vítimas,Pleno dia,Decrescente,Sol,Múltipla,Reta,Sim,4,0,0,0,4,0,0,4,-27.60159833,-48.57866755,SPRF-SC,DEL01-SC,UOP01-DEL01-SC,2017
71640.0,2017-09-20,quarta-feira,08:55:00,SC,282,580.0,PINHALZINHO,Mal Súbito,Saída de leito carroçável,Com Vítimas Feridas,Pleno dia,Crescente,Céu Claro,Simples,Rotatória,Sim,1,0,0,1,0,0,1,1,-26.83698587,-52.98699617,SPRF-SC,DEL07-SC,UOP02-DEL07-SC,2017
71801.0,2017-09-21,quinta-feira,04:00:00,SC,282,66.6,RANCHO QUEIMADO,Velocidade Incompatível,Colisão traseira,Com Vítimas Feridas,Plena Noite,Decrescente,Céu Claro,Simples,Aclive;Reta,Não,4,0,1,0,1,2,1,3,-27.69924107,-49.06725883,SPRF-SC,DEL01-SC,UOP03-DEL01-SC,2017
71860.0,2017-09-21,quinta-feira,08:30:00,SC,282,493.6,FAXINAL DOS GUEDES,Velocidade Incompatível,Colisão traseira,Com Vítimas Feridas,Pleno dia,Crescente,Céu Claro,Simples,Declive,Não,4,0,1,0,3,0,1,3,-26.87047783,-52.3092556,SPRF-SC,DEL07-SC,UOP01-DEL07-SC,2017
71989.0,2017-09-21,quinta-feira,18:40:00,SC,282,516.0,XAXIM,Mal Súbito,Colisão frontal,Com Vítimas Feridas,Anoitecer,Crescente,Céu Claro,Simples,Curva,Não,3,0,1,0,1,1,1,3,-26.92840248,-52.499156,SPRF-SC,DEL07-SC,UOP01-DEL07-SC,2017
72195.0,2017-09-22,sexta-feira,15:30:00,SC,282,322.0,CAMPOS NOVOS,Condutor Dormindo,Colisão lateral,Com Vítimas Feridas,Pleno dia,Crescente,Céu Claro,Simples,Ponte,Não,2,0,0,1,1,0,1,2,-27.397,-51.0431,SPRF-SC,DEL07-SC,UOP06-DEL07-SC,2017
72270.0,2017-09-22,sexta-feira,18:45:00,SC,282,63.0,RANCHO QUEIMADO,Velocidade Incompatível,Colisão com objeto estático,Com Vítimas Fatais,Plena Noite,Crescente,Céu Claro,Simples,Curva,Não,6,2,1,2,1,0,3,2,-27.6961,-49.0438,SPRF-SC,DEL01-SC,UOP03-DEL01-SC,2017
72451.0,2017-09-11,segunda-feira,16:20:00,SC,282,528.0,CORDILHEIRA ALTA,Sinalização da via insuficiente ou inadequada,Tombamento,Com Vítimas Feridas,Pleno dia,Crescente,Sol,Simples,Em Obras,Não,3,0,2,0,0,1,2,3,-26.97893548,-52.58880615,SPRF-SC,DEL07-SC,UOP01-DEL07-SC,2017
72572.0,2017-09-23,sábado,20:20:00,SC,282,172.9,BOCAINA DO SUL,Defeito Mecânico no Veículo,Colisão frontal,Com Vítimas Fatais,Plena Noite,Decrescente,Céu Claro,Simples,Curva,Não,2,1,0,1,0,0,1,2,-27.74151315,-49.86515045,SPRF-SC,DEL05-SC,UOP01-DEL05-SC,2017
73050.0,2017-09-25,segunda-feira,18:20:00,SC,282,503.8,XANXERE,Velocidade Incompatível,Colisão traseira,Sem Vítimas,Anoitecer,Crescente,Chuva,Dupla,Curva;Declive,Sim,2,0,0,0,2,0,0,2,-26.88229672,-52.40488172,SPRF-SC,DEL07-SC,UOP01-DEL07-SC,2017
73349.0,2017-09-27,quarta-feira,06:45:00,SC,282,23.0,SANTO AMARO DA IMPERATRIZ,Não guardar distância de segurança,Colisão lateral,Com Vítimas Feridas,Pleno dia,Crescente,Sol,Simples,Curva,Sim,2,0,0,1,0,1,1,2,-27.6874,-48.7379,SPRF-SC,DEL01-SC,UOP02-DEL01-SC,2017
73630.0,2017-09-28,quinta-feira,10:30:00,SC,282,111.1,ALFREDO WAGNER,Velocidade Incompatível,Colisão frontal,Com Vítimas Feridas,Pleno dia,Decrescente,Garoa/Chuvisco,Simples,Declive;Curva,Não,3,0,0,2,1,0,2,2,-27.73369992,-49.3680993,SPRF-SC,DEL01-SC,UOP03-DEL01-SC,2017
73708.0,2017-09-28,quinta-feira,12:45:00,SC,282,528.0,CORDILHEIRA ALTA,Velocidade Incompatível,Tombamento,Sem Vítimas,Pleno dia,Decrescente,Nublado,Simples,Curva,Não,1,0,0,0,1,0,0,1,-26.97800803,-52.58817315,SPRF-SC,DEL07-SC,UOP01-DEL07-SC,2017
73847.0,2017-09-29,sexta-feira,06:10:00,SC,282,219.7,LAGES,Ingestão de Álcool,Colisão transversal,Sem Vítimas,Amanhecer,Crescente,Nublado,Simples,Reta,Sim,3,0,0,0,1,2,0,3,-27.79618136,-50.31939147,SPRF-SC,DEL05-SC,UOP01-DEL05-SC,2017
73850.0,2017-09-29,sexta-feira,06:55:00,SC,282,35.6,AGUAS MORNAS,Velocidade Incompatível,Colisão frontal,Com Vítimas Feridas,Pleno dia,Decrescente,Chuva,Simples,Curva;Aclive,Não,2,0,1,1,0,0,2,2,-27.7028175,-48.8305968,SPRF-SC,DEL01-SC,UOP03-DEL01-SC,2017
73996.0,2017-09-29,sexta-feira,10:30:00,SC,282,305.0,VARGEM,Falta de Atenção à Condução,Colisão lateral,Com Vítimas Feridas,Pleno dia,Decrescente,Chuva,Simples,Curva,Não,3,0,0,1,1,1,1,3,-27.5005007,-50.95181041,SPRF-SC,DEL07-SC,UOP06-DEL07-SC,2017
74013.0,2017-09-29,sexta-feira,12:45:00,SC,282,424.8,VARGEM BONITA,Velocidade Incompatível,Colisão frontal,Com Vítimas Fatais,Pleno dia,Crescente,Chuva,Simples,Curva,Não,3,1,2,0,0,0,2,2,-26.97547854,-51.77339135,SPRF-SC,DEL07-SC,UOP05-DEL07-SC,2017
74206.0,2017-09-29,sexta-feira,17:00:00,SC,282,92.6,ALFREDO WAGNER,Falta de Atenção à Condução,Colisão frontal,Sem Vítimas,Pleno dia,Decrescente,Chuva,Simples,Curva,Não,3,0,0,0,2,1,0,3,-27.70152088,-49.23639709,SPRF-SC,DEL01-SC,UOP03-DEL01-SC,2017
74601.0,2017-09-30,sábado,21:50:00,SC,282,589.0,SAUDADES,Falta de Atenção à Condução,Colisão traseira,Com Vítimas Feridas,Plena Noite,Decrescente,Céu Claro,Simples,Reta,Não,2,0,0,1,1,0,1,2,-26.8254,-53.0679,SPRF-SC,DEL07-SC,UOP02-DEL07-SC,2017
74782.0,2017-10-01,domingo,17:10:00,SC,282,457.9,PONTE SERRADA,Desobediência às normas de trânsito pelo condutor,Colisão transversal,Sem Vítimas,Pleno dia,Crescente,Céu Claro,Simples,Rotatória,Sim,2,0,0,0,2,0,0,2,-26.87345899,-52.01803744,SPRF-SC,DEL07-SC,UOP04-DEL07-SC,2017
74922.0,2017-10-02,segunda-feira,08:20:00,SC,282,334.2,CAMPOS NOVOS,Falta de Atenção à Condução,Colisão traseira,Com Vítimas Feridas,Pleno dia,Decrescente,Nublado,Simples,Curva,Não,2,0,1,0,1,0,1,2,-27.39432649,-51.18152618,SPRF-SC,DEL07-SC,UOP06-DEL07-SC,2017
75068.0,2017-10-02,segunda-feira,14:50:00,SC,282,424.8,VARGEM BONITA,Velocidade Incompatível,Colisão frontal,Com Vítimas Feridas,Pleno dia,Crescente,Chuva,Simples,Curva,Não,3,0,0,1,1,1,1,3,-26.97547854,-51.77339135,SPRF-SC,DEL07-SC,UOP05-DEL07-SC,2017
75288.0,2017-10-03,terça-feira,15:10:00,SC,282,519.5,XAXIM,Falta de Atenção do Pedestre,Atropelamento de Pedestre,Com Vítimas Feridas,Pleno dia,Decrescente,Sol,Simples,Reta,Sim,2,0,0,1,1,0,1,2,-26.94866048,-52.51966953,SPRF-SC,DEL07-SC,UOP01-DEL07-SC,2017
75354.0,2017-10-03,terça-feira,12:00:00,SC,282,520.1,XAXIM,Não guardar distância de segurança,Colisão traseira,Sem Vítimas,Pleno dia,Crescente,Sol,Simples,Curva,Não,3,0,0,0,2,1,0,3,-26.95100359,-52.52537727,SPRF-SC,DEL07-SC,UOP01-DEL07-SC,2017
75434.0,2017-10-04,quarta-feira,08:50:00,SC,282,335.7,CAMPOS NOVOS,Desobediência às normas de trânsito pelo condutor,Colisão transversal,Sem Vítimas,Pleno dia,Decrescente,Céu Claro,Simples,Interseção de Vias,Não,2,0,0,0,2,0,0,2,-27.39364064,-51.19220674,SPRF-SC,DEL07-SC,UOP06-DEL07-SC,2017
75518.0,2017-10-04,quarta-feira,13:45:00,SC,282,454.7,PONTE SERRADA,Falta de Atenção à Condução,Colisão frontal,Com Vítimas Feridas,Pleno dia,Decrescente,Sol,Simples,Reta,Não,4,0,2,0,1,1,2,3,-26.88703141,-51.99800374,SPRF-SC,DEL07-SC,UOP04-DEL07-SC,2017
75523.0,2017-10-04,quarta-feira,06:30:00,SC,282,406.5,CATANDUVAS,Não guardar distância de segurança,Saída de leito carroçável,Sem Vítimas,Amanhecer,Decrescente,Céu Claro,Simples,Aclive,Não,1,0,0,0,1,0,0,1,-27.09519751,-51.65634155,SPRF-SC,DEL07-SC,UOP05-DEL07-SC,2017