id,data_inversa,dia_semana,horario,uf,br,km,municipio,causa_acidente,tipo_acidente,classificacao_acidente,fase_dia,sentido_via,condicao_metereologica,tipo_pista,tracado_via,uso_solo,pessoas,mortos,feridos_leves,feridos_graves,ilesos,ignorados,feridos,veiculos,latitude,longitude,regional,delegacia,uop,ano_arquivo
75535.0,2017-10-04,quarta-feira,15:40:00,SC,282,528.8,CORDILHEIRA ALTA,Falta de Atenção à Condução,Colisão lateral,Sem Vítimas,Pleno dia,Decrescente,Sol,Simples,Em Obras,Sim,3,0,0,0,2,1,0,3,-26.98615877,-52.60482162,SPRF-SC,DEL07-SC,UOP01-DEL07-SC,2017
75635.0,2017-10-05,quinta-feira,00:45:00,SC,282,464.2,PONTE SERRADA,Falta de Atenção à Condução,Tombamento,Com Vítimas Feridas,Plena Noite,Decrescente,Céu Claro,Simples,Em Obras,Não,1,0,1,0,0,0,1,1,-26.85225978,-52.06923825,SPRF-SC,DEL07-SC,UOP04-DEL07-SC,2017
75942.0,2017-10-06,sexta-feira,11:20:00,SC,282,346.0,CAMPOS NOVOS,Falta de Atenção à Condução,Colisão traseira,Com Vítimas Feridas,Pleno dia,Crescente,Céu Claro,Simples,Aclive,Sim,4,0,2,0,2,0,2,2,-27.3584,-51.2815,SPRF-SC,DEL07-SC,UOP06-DEL07-SC,2017
75966.0,2017-10-06,sexta-feira,14:20:00,SC,282,394.0,JOACABA,Ingestão de Álcool,Colisão traseira,Sem Vítimas,Pleno dia,Crescente,Garoa/Chuvisco,Simples,Em Obras;Reta;Aclive,Não,2,0,0,0,2,0,0,2,-27.15917331,-51.5784502,SPRF-SC,DEL07-SC,UOP05-DEL07-SC,2017
75993.0,2017-10-06,sexta-feira,15:55:00,SC,282,18.7,PALHOCA,Falta de Atenção à Condução,Colisão traseira,Com Vítimas Feridas,Pleno dia,Crescente,Chuva,Simples,Reta,Sim,2,0,0,1,1,0,1,2,-27.6735,-48.6949,SPRF-SC,DEL01-SC,UOP02-DEL01-SC,2017
76025.0,2017-10-06,sexta-feira,16:20:00,SC,282,472.9,VARGEAO,Velocidade Incompatível,Colisão traseira,Sem Vítimas,Pleno dia,Crescente,Chuva,Simples,Reta,Não,3,0,0,0,2,1,0,3,-26.86439342,-52.12566376,SPRF-SC,DEL07-SC,UOP01-DEL07-SC,2017
76081.0,2017-10-06,sexta-feira,20:45:00,SC,282,493.8,FAXINAL DOS GUEDES,Sinalização da via insuficiente ou inadequada,Colisão lateral,Sem Vítimas,Plena Noite,Decrescente,Chuva,Simples,Reta,Não,3,0,0,0,2,1,0,3,-26.87007587,-52.30886936,SPRF-SC,DEL07-SC,UOP01-DEL07-SC,2017
76197.0,2017-10-07,sábado,06:50:00,SC,282,213.0,LAGES,Falta de Atenção à Condução,Tombamento,Sem Vítimas,Pleno dia,Crescente,Céu Claro,Simples,Reta,Não,1,0,0,0,1,0,0,1,-27.78361927,-50.25570273,SPRF-SC,DEL05-SC,UOP01-DEL05-SC,2017
77013.0,2017-10-09,segunda-feira,20:10:00,SC,282,224.0,LAGES,Ingestão de Álcool,Colisão frontal,Sem Vítimas,Plena Noite,Crescente,Nublado,Simples,Curva,Sim,2,0,0,0,2,0,0,2,-27.79349994,-50.37170995,SPRF-SC,DEL05-SC,UOP02-DEL05-SC,2017
77108.0,2017-10-10,terça-feira,08:40:00,SC,282,504.6,XANXERE,Defeito Mecânico no Veículo,Colisão traseira,Com Vítimas Feridas,Pleno dia,Crescente,Chuva,Dupla,Aclive;Reta,Sim,2,0,1,0,1,0,1,2,-26.8853302,-52.41282374,SPRF-SC,DEL07-SC,UOP01-DEL07-SC,2017
77109.0,2017-07-31,segunda-feira,07:00:00,SC,282,360.7,CAMPOS NOVOS,Falta de Atenção à Condução,Saída de leito carroçável,Sem Vítimas,Pleno dia,Crescente,Céu Claro,Simples,Curva,Não,1,0,0,0,1,0,0,1,-27.30329945,-51.38400078,SPRF-SC,DEL07-SC,UOP05-DEL07-SC,2017
77139.0,2017-10-10,terça-feira,12:40:00,SC,282,385.4,JOACABA,Não guardar distância de segurança,Colisão traseira,Sem Vítimas,Pleno dia,Decrescente,Nublado,Simples,Declive,Não,2,0,0,0,2,0,0,2,-27.1759,-51.528,SPRF-SC,DEL07-SC,UOP05-DEL07-SC,2017
77180.0,2017-10-10,terça-feira,13:00:00,SC,282,578.1,PINHALZINHO,Velocidade Incompatível,Tombamento,Com Vítimas Feridas,Pleno dia,Crescente,Chuva,Simples,Curva,Sim,1,0,1,0,0,0,1,1,-26.84884147,-52.98040947,SPRF-SC,DEL07-SC,UOP02-DEL07-SC,2017
78053.0,2017-10-13,sexta-feira,16:00:00,SC,282,642.9,SAO MIGUEL DO OESTE,Defeito Mecânico no Veículo,Colisão frontal,Com Vítimas Feridas,Pleno dia,Crescente,Garoa/Chuvisco,Simples,Curva,Não,3,0,1,1,0,1,2,3,-26.77016382,-53.47530842,SPRF-SC,DEL07-SC,UOP03-DEL07-SC,2017
78056.0,2017-10-13,sexta-feira,19:35:00,SC,282,437.0,IRANI,Desobediência às normas de trânsito pelo condutor,Colisão transversal,Com Vítimas Feridas,Plena Noite,Crescente,Garoa/Chuvisco,Simples,Reta,Não,5,0,3,0,1,1,3,3,-26.96934035,-51.85432613,SPRF-SC,DEL07-SC,UOP04-DEL07-SC,2017
78064.0,2017-10-13,sexta-feira,20:40:00,SC,282,516.7,XAXIM,Ingestão de Álcool,Colisão frontal,Com Vítimas Feridas,Plena Noite,Decrescente,Garoa/Chuvisco,Simples,Curva,Não,2,0,1,0,1,0,1,2,-26.9373746,-52.49919891,SPRF-SC,DEL07-SC,UOP01-DEL07-SC,2017
78069.0,2017-10-13,sexta-feira,18:00:00,SC,282,574.5,PINHALZINHO,Ultrapassagem Indevida,Colisão frontal,Com Vítimas Fatais,Pleno dia,Decrescente,Nublado,Simples,Reta,Não,6,1,0,3,1,2,3,4,-26.8711527,-52.95939582,SPRF-SC,DEL07-SC,UOP02-DEL07-SC,2017
78265.0,2017-10-14,sábado,17:00:00,SC,282,523.7,XAXIM,Carga excessiva e/ou mal acondicionada,Tombamento,Com Vítimas Feridas,Pleno dia,Decrescente,Céu Claro,Simples,Curva,Não,2,0,1,0,0,1,1,2,-26.9688878,-52.57431488,SPRF-SC,DEL07-SC,UOP01-DEL07-SC,2017
78317.0,2017-10-14,sábado,19:10:00,SC,282,427.8,VARGEM BONITA,Falta de Atenção à Condução,Colisão transversal,Com Vítimas Feridas,Plena Noite,Decrescente,Nevoeiro/Neblina,Simples,Reta,Não,3,0,0,1,1,2,1,4,-26.98000391,-51.79831226,SPRF-SC,DEL07-SC,UOP05-DEL07-SC,2017
79107.0,2017-10-17,terça-feira,19:00:00,SC,282,337.0,CAMPOS NOVOS,Falta de Atenção à Condução,Colisão transversal,Com Vítimas Feridas,Anoitecer,Decrescente,Céu Claro,Simples,Reta,Sim,2,0,0,1,1,0,1,2,-27.39248357,-51.19676113,SPRF-SC,DEL07-SC,UOP06-DEL07-SC,2017
79135.0,2017-10-17,terça-feira,20:10:00,SC,282,535.2,CHAPECO,Desobediência às normas de trânsito pelo condutor,Colisão transversal,Sem Vítimas,Plena Noite,Decrescente,Nublado,Simples,Viaduto;Interseção de Vias,Sim,3,0,0,0,2,2,0,4,-27.00033996,-52.6500779,SPRF-SC,DEL07-SC,UOP01-DEL07-SC,2017
79154.0,2017-10-18,quarta-feira,00:30:00,SC,282,277.9,SAO JOSE DO CERRITO,Falta de Atenção à Condução,Colisão traseira,Sem Vítimas,Plena Noite,Crescente,Céu Claro,Simples,Curva,Não,2,0,0,0,2,0,0,2,-27.58638804,-50.73734164,SPRF-SC,DEL05-SC,UOP02-DEL05-SC,2017
79595.0,2017-10-19,quinta-feira,22:45:00,SC,282,326.6,CAMPOS NOVOS,Condutor Dormindo,Saída de leito carroçável,Com Vítimas Feridas,Plena Noite,Decrescente,Céu Claro,Simples,Reta,Não,1,0,1,0,0,0,1,1,-27.38643131,-51.11173444,SPRF-SC,DEL07-SC,UOP06-DEL07-SC,2017
79679.0,2017-10-20,sexta-feira,09:50:00,SC,282,499.2,XANXERE,Desobediência às normas de trânsito pelo condutor,Colisão transversal,Com Vítimas Feridas,Pleno dia,Crescente,Sol,Simples,Rotatória,Não,2,0,0,1,1,0,1,2,-26.88046894,-52.35938072,SPRF-SC,DEL07-SC,UOP01-DEL07-SC,2017
79728.0,2017-10-20,sexta-feira,14:25:00,SC,282,483.9,FAXINAL DOS GUEDES,Não guardar distância de segurança,Colisão traseira,Sem Vítimas,Pleno dia,Crescente,Sol,Simples,Desvio Temporário;Reta;Em Obras,Não,2,0,0,0,2,0,0,2,-26.85670583,-52.24641985,SPRF-SC,DEL07-SC,UOP01-DEL07-SC,2017
79754.0,2017-10-20,sexta-feira,15:30:00,SC,282,308.6,VARGEM,Falta de Atenção à Condução,Tombamento,Sem Vítimas,Pleno dia,Decrescente,Céu Claro,Simples,Curva,Não,2,0,0,0,1,1,0,2,-27.49365405,-50.97106934,SPRF-SC,DEL07-SC,UOP06-DEL07-SC,2017
80110.0,2017-10-21,sábado,18:20:00,SC,282,384.0,JOACABA,Falta de Atenção do Pedestre,Tombamento,Com Vítimas Feridas,Anoitecer,Crescente,Chuva,Simples,Aclive;Curva,Não,1,0,1,0,0,0,1,1,-27.1817,-51.5211,SPRF-SC,DEL07-SC,UOP05-DEL07-SC,2017
80511.0,2017-10-23,segunda-feira,08:40:00,SC,282,502.5,XANXERE,Falta de Atenção à Condução,Colisão traseira,Sem Vítimas,Pleno dia,Decrescente,Sol,Dupla,Rotatória,Sim,2,0,0,0,2,0,0,2,-26.88475604,-52.39194006,SPRF-SC,DEL07-SC,UOP01-DEL07-SC,2017
80521.0,2017-10-23,segunda-feira,09:25:00,SC,282,394.5,JOACABA,Falta de Atenção à Condução,Colisão traseira,Sem Vítimas,Pleno dia,Decrescente,Céu Claro,Simples,Reta;Em Obras,Não,4,0,0,0,4,0,0,4,-27.15025196,-51.60714479,SPRF-SC,DEL07-SC,UOP05-DEL07-SC,2017
80528.0,2017-10-23,segunda-feira,08:50:00,SC,282,195.0,LAGES,Defeito Mecânico no Veículo,Saída de leito carroçável,Sem Vítimas,Pleno dia,Crescente,Céu Claro,Simples,Reta,Não,1,0,0,0,1,0,0,1,-27.74276582,-50.06631089,SPRF-SC,DEL05-SC,UOP01-DEL05-SC,2017
80541.0,2017-10-23,segunda-feira,07:30:00,SC,282,452.7,PONTE SERRADA,Falta de Atenção à Condução,Tombamento,Com Vítimas Feridas,Pleno dia,Crescente,Céu Claro,Simples,Reta,Não,2,0,1,0,0,1,1,2,-26.90185099,-51.97235316,SPRF-SC,DEL07-SC,UOP04-DEL07-SC,2017
80691.0,2017-10-23,segunda-feira,22:40:00,SC,282,329.8,CAMPOS NOVOS,Desobediência às normas de trânsito pelo condutor,Colisão frontal,Com Vítimas Feridas,Plena Noite,Crescente,Céu Claro,Simples,Reta,Não,2,0,0,1,1,0,1,2,-27.39371685,-51.15921021,SPRF-SC,DEL07-SC,UOP06-DEL07-SC,2017
80793.0,2017-10-24,terça-feira,13:50:00,SC,282,80.8,ALFREDO WAGNER,Defeito Mecânico no Veículo,Colisão frontal,Sem Vítimas,Pleno dia,Crescente,Céu Claro,Simples,Reta,Não,2,0,0,0,2,0,0,2,-27.66141043,-49.16604977,SPRF-SC,DEL01-SC,UOP03-DEL01-SC,2017
80967.0,2017-10-25,quarta-feira,09:15:00,SC,282,437.0,VARGEM BONITA,Desobediência às normas de trânsito pelo condutor,Colisão transversal,Com Vítimas Feridas,Pleno dia,Decrescente,Chuva,Simples,Reta,Não,3,0,1,0,1,1,1,2,-26.9692017,-51.85375214,SPRF-SC,DEL07-SC,UOP04-DEL07-SC,2017
80977.0,2017-10-25,quarta-feira,10:00:00,SC,282,619.0,IRACEMINHA,Sinalização da via insuficiente ou inadequada,Colisão lateral,Sem Vítimas,Pleno dia,Decrescente,Chuva,Simples,Aclive;Reta,Não,3,0,0,0,2,2,0,4,-26.797,-53.305,SPRF-SC,DEL07-SC,UOP02-DEL07-SC,2017
80992.0,2017-10-25,quarta-feira,06:45:00,SC,282,458.4,PONTE SERRADA,Ultrapassagem Indevida,Colisão lateral,Com Vítimas Feridas,Amanhecer,Decrescente,Chuva,Simples,Reta,Não,4,0,1,0,2,3,1,6,-26.8859809,-52.00338889,SPRF-SC,DEL07-SC,UOP04-DEL07-SC,2017
81237.0,2017-10-26,quinta-feira,14:40:00,SC,282,151.0,FLORIANOPOLIS,Não guardar distância de segurança,Tombamento,Sem Vítimas,Pleno dia,Crescente,Céu Claro,Dupla,Reta,Sim,1,0,0,0,1,0,0,1,-27.5953778,-48.5480499,SPRF-SC,DEL05-SC,UOP01-DEL05-SC,2017
81492.0,2017-10-27,sexta-feira,13:00:00,SC,282,340.0,CAMPOS NOVOS,Falta de Atenção à Condução,Colisão transversal,Sem Vítimas,Pleno dia,Crescente,Céu Claro,Simples,Reta,Não,2,0,0,0,2,0,0,2,-27.38931411,-51.2023133,SPRF-SC,DEL07-SC,UOP06-DEL07-SC,2017
82511.0,2017-10-31,terça-feira,00:20:00,SC,282,509.0,XANXERE,Condutor Dormindo,Saída de leito carroçável,Com Vítimas Feridas,Plena Noite,Decrescente,Nublado,Simples,Curva,Não,1,0,1,0,0,0,1,1,-26.88912782,-52.45544672,SPRF-SC,DEL07-SC,UOP01-DEL07-SC,2017
82569.0,2017-10-31,terça-feira,08:30:00,SC,282,94.7,ALFREDO WAGNER,Não guardar distância de segurança,Colisão traseira,Sem Vítimas,Pleno dia,Decrescente,Céu Claro,Simples,Curva,Não,2,0,0,0,2,0,0,2,-27.71149872,-49.25186415,SPRF-SC,DEL01-SC,UOP03-DEL01-SC,2017
82821.0,2017-11-01,quarta-feira,07:20:00,SC,282,405.0,JOACABA,Falta de Atenção à Condução,Colisão traseira,Com Vítimas Feridas,Pleno dia,Crescente,Céu Claro,Simples,Declive,Não,2,0,0,1,0,1,1,2,-27.10197877,-51.6472435,SPRF-SC,DEL07-SC,UOP05-DEL07-SC,2017
82991.0,2017-11-01,quarta-feira,23:45:00,SC,282,265.6,SAO JOSE DO CERRITO,Deficiência ou não Acionamento do Sistema de Iluminação/Sinalização do Veículo,Colisão frontal,Sem Vítimas,Plena Noite,Crescente,Céu Claro,Simples,Curva,Não,2,0,0,0,2,0,0,2,-27.62179354,-50.63722448,SPRF-SC,DEL05-SC,UOP02-DEL05-SC,2017
82995.0,2017-11-01,quarta-feira,23:40:00,SC,282,606.0,MARAVILHA,Defeito Mecânico no Veículo,Colisão traseira,Com Vítimas Feridas,Plena Noite,Crescente,Céu Claro,Simples,Reta;Aclive,Sim,4,0,1,0,2,1,1,3,-26.77718495,-53.20019692,SPRF-SC,DEL07-SC,UOP02-DEL07-SC,2017
83182.0,2017-11-02,quinta-feira,16:45:00,SC,282,635.4,DESCANSO,Falta de Atenção à Condução,Colisão transversal,Com Vítimas Feridas,Pleno dia,Crescente,Céu Claro,Simples,Curva;Aclive,Não,11,0,2,1,8,0,3,3,-26.81278287,-53.43493624,SPRF-SC,DEL07-SC,UOP03-DEL07-SC,2017
83218.0,2017-11-03,sexta-feira,06:45:00,SC,282,353.6,CAMPOS NOVOS,Pista Escorregadia,Colisão traseira,Sem Vítimas,Amanhecer,Crescente,Chuva,Simples,Reta,Não,2,0,0,0,2,0,0,2,-27.36048598,-51.31765366,SPRF-SC,DEL07-SC,UOP06-DEL07-SC,2017
83442.0,2017-11-03,sexta-feira,11:10:00,SC,282,136.0,BOM RETIRO,Condutor Dormindo,Saída de leito carroçável,Com Vítimas Feridas,Plena Noite,Crescente,Céu Claro,Simples,Reta,Não,2,0,0,1,0,1,1,2,-27.8183,-49.5525,SPRF-SC,DEL05-SC,UOP01-DEL05-SC,2017
84064.0,2017-11-06,segunda-feira,06:50:00,SC,282,520.2,XAXIM,Não guardar distância de segurança,Colisão traseira,Sem Vítimas,Pleno dia,Crescente,Nublado,Simples,Reta,Sim,3,0,0,0,3,0,0,3,-26.9496,-52.5267,SPRF-SC,DEL07-SC,UOP01-DEL07-SC,2017
84287.0,2017-09-28,quinta-feira,21:20:00,SC,282,369.0,ERVAL VELHO,Falta de Atenção à Condução,Colisão lateral,Sem Vítimas,Plena Noite,Decrescente,Céu Claro,Simples,Curva,Não,3,0,0,0,2,2,0,4,-27.2545,-51.4455,SPRF-SC,DEL07-SC,UOP05-DEL07-SC,2017
84421.0,2017-11-07,terça-feira,19:30:00,SC,282,419.0,VARGEM BONITA,Fenômenos da Natureza,Incêndio,Sem Vítimas,Plena Noite,Decrescente,Ignorado,Simples,Reta,Não,1,0,0,0,1,0,0,1,-27.0014,-51.7414,SPRF-SC,DEL07-SC,UOP05-DEL07-SC,2017
84886.0,2017-11-10,sexta-feira,04:15:00,SC,480,126.0,CHAPECO,Falta de Atenção à Condução,Colisão traseira,Com Vítimas Feridas,Plena Noite,Decrescente,Nublado,Dupla,Reta,Sim,4,0,0,1,2,1,1,3,-27.0968,-52.6186,SPRF-SC,DEL07-SC,UOP01-DEL07-SC,2017
84986.0,2017-11-10,sexta-feira,11:24:00,SC,282,638.9,DESCANSO,Velocidade Incompatível,Saída de leito carroçável,Com Vítimas Feridas,Pleno dia,Decrescente,Chuva,Simples,Declive;Curva,Não,1,0,0,1,0,0,1,1,-26.79150391,-53.45670228,SPRF-SC,DEL07-SC,UOP03-DEL07-SC,2017
85038.0,2017-11-10,sexta-feira,11:45:00,SC,282,446.0,PONTE SERRADA,Velocidade Incompatível,Saída de leito carroçável,Sem Vítimas,Pleno dia,Decrescente,Chuva,Simples,Curva,Não,2,0,0,0,2,0,0,2,-26.91390019,-51.90514326,SPRF-SC,DEL07-SC,UOP04-DEL07-SC,2017
85225.0,2017-11-11,sábado,06:45:00,SC,480,128.9,CHAPECO,Velocidade Incompatível,Saída de leito carroçável,Sem Vítimas,Amanhecer,Crescente,Céu Claro,Dupla,Curva,Sim,2,0,0,0,1,1,0,2,-27.04387588,-52.63624907,SPRF-SC,DEL07-SC,UOP01-DEL07-SC,2017
85770.0,2017-11-13,segunda-feira,07:00:00,SC,282,4.5,SAO JOSE,Não guardar distância de segurança,Colisão lateral,Com Vítimas Feridas,Amanhecer,Decrescente,Céu Claro,Dupla,Reta,Sim,4,0,1,0,2,1,1,4,-27.59135237,-48.60679546,SPRF-SC,DEL01-SC,UOP01-DEL01-SC,2017
85829.0,2017-11-13,segunda-feira,09:40:00,SC,282,17.3,PALHOCA,Defeito Mecânico no Veículo,Colisão traseira,Sem Vítimas,Pleno dia,Crescente,Céu Claro,Simples,Reta,Não,3,0,0,0,3,0,0,3,-27.66859676,-48.69055713,SPRF-SC,DEL01-SC,UOP02-DEL01-SC,2017
85878.0,2017-11-13,segunda-feira,09:10:00,SC,282,552.2,NOVA ITABERABA,Mal Súbito,Colisão lateral,Com Vítimas Feridas,Pleno dia,Decrescente,Sol,Simples,Reta,Não,3,0,1,0,1,2,1,4,-26.94428123,-52.78387809,SPRF-SC,DEL07-SC,UOP01-DEL07-SC,2017
85932.0,2017-11-13,segunda-feira,19:00:00,SC,282,437.0,IRANI,Falta de Atenção à Condução,Colisão transversal,Sem Vítimas,Pleno dia,Decrescente,Céu Claro,Simples,Interseção de Vias,Não,3,0,0,0,2,1,0,3,-26.96946378,-51.85472041,SPRF-SC,DEL07-SC,UOP04-DEL07-SC,2017
86542.0,2017-11-16,quinta-feira,06:45:00,SC,282,429.6,VARGEM BONITA,Falta de Atenção à Condução,Colisão traseira,Com Vítimas Feridas,Pleno dia,Crescente,Céu Claro,Simples,Reta,Não,2,0,0,1,1,0,1,2,-26.98020047,-51.8154555,SPRF-SC,DEL07-SC,UOP05-DEL07-SC,2017
86703.0,2017-11-16,quinta-feira,21:00:00,SC,282,82.0,RANCHO QUEIMADO,Velocidade Incompatível,Colisão frontal,Com Vítimas Feridas,Plena Noite,Decrescente,Chuva,Múltipla,Curva;Aclive,Não,2,0,0,1,1,0,1,2,-27.66115483,-49.17260518,SPRF-SC,DEL01-SC,UOP03-DEL01-SC,2017
86713.0,2017-11-17,sexta-feira,07:00:00,SC,282,3.0,FLORIANOPOLIS,Falta de Atenção à Condução,Colisão lateral,Com Vítimas Feridas,Pleno dia,Decrescente,Nublado,Dupla,Reta,Sim,3,0,2,0,1,0,2,2,-27.6003,-48.5996,SPRF-SC,DEL01-SC,UOP01-DEL01-SC,2017
86810.0,2017-11-17,sexta-feira,13:15:00,SC,282,24.0,SANTO AMARO DA IMPERATRIZ,Não guardar distância de segurança,Saída de leito carroçável,Com Vítimas Feridas,Pleno dia,Crescente,Céu Claro,Simples,Curva,Sim,3,0,1,0,1,1,1,3,-27.6817,-48.7454,SPRF-SC,DEL01-SC,UOP03-DEL01-SC,2017
87055.0,2017-11-18,sábado,06:30:00,SC,282,408.4,CATANDUVAS,Velocidade Incompatível,Saída de leito carroçável,Com Vítimas Feridas,Amanhecer,Crescente,Nublado,Simples,Curva,Não,3,0,2,0,0,2,2,3,-27.08050091,-51.66403145,SPRF-SC,DEL07-SC,UOP05-DEL07-SC,2017
87504.0,2017-11-19,domingo,16:15:00,SC,282,77.1,ALFREDO WAGNER,Ultrapassagem Indevida,Colisão lateral,Sem Vítimas,Pleno dia,Crescente,Nevoeiro/Neblina,Simples,Reta,Não,3,0,0,0,2,1,0,3,-27.68291281,-49.14381972,SPRF-SC,DEL01-SC,UOP03-DEL01-SC,2017
88030.0,2017-11-21,terça-feira,10:15:00,SC,282,618.2,IRACEMINHA,Pista Escorregadia,Colisão frontal,Com Vítimas Fatais,Pleno dia,Decrescente,Chuva,Simples,Curva,Não,2,1,0,1,0,0,1,2,-26.7926,-53.296,SPRF-SC,DEL07-SC,UOP02-DEL07-SC,2017
88431.0,2017-11-23,quinta-feira,00:20:00,SC,282,523.3,XAXIM,Objeto estático sobre o leito carroçável,Colisão com objeto estático,Com Vítimas Feridas,Plena Noite,Decrescente,Céu Claro,Simples,Reta,Não,2,0,1,0,1,0,1,2,-26.96371293,-52.55003214,SPRF-SC,DEL07-SC,UOP01-DEL07-SC,2017
88524.0,2017-11-23,quinta-feira,12:10:00,SC,282,570.0,NOVA ERECHIM,Falta de Atenção à Condução,Colisão traseira,Sem Vítimas,Pleno dia,Crescente,Céu Claro,Simples,Reta,Não,4,0,0,0,3,1,0,3,-26.8943,-52.9241,SPRF-SC,DEL07-SC,UOP02-DEL07-SC,2017
88599.0,2017-11-23,quinta-feira,16:10:00,SC,282,488.6,FAXINAL DOS GUEDES,Falta de Atenção à Condução,Colisão transversal,Com Vítimas Feridas,Pleno dia,Crescente,Sol,Simples,Interseção de Vias;Reta;Em Obras,Sim,2,0,1,0,1,0,1,2,-26.85844714,-52.26559192,SPRF-SC,DEL07-SC,UOP01-DEL07-SC,2017
88933.0,2017-11-25,sábado,00:20:00,SC,282,477.3,VARGEAO,Ingestão de Álcool,Colisão lateral,Sem Vítimas,Plena Noite,Crescente,Céu Claro,Simples,Curva,Não,2,0,0,0,2,0,0,2,-26.8767463,-52.15947032,SPRF-SC,DEL07-SC,UOP01-DEL07-SC,2017
89126.0,2017-11-25,sábado,15:00:00,SC,480,126.7,CHAPECO,Velocidade Incompatível,Colisão traseira,Sem Vítimas,Pleno dia,Decrescente,Chuva,Dupla,Reta,Sim,2,0,0,0,2,0,0,2,-27.02616596,-52.63403356,SPRF-SC,DEL07-SC,UOP01-DEL07-SC,2017
89334.0,2017-11-26,domingo,04:30:00,SC,282,89.4,ALFREDO WAGNER,Condutor Dormindo,Saída de leito carroçável,Sem Vítimas,Plena Noite,Decrescente,Chuva,Simples,Curva;Aclive,Não,1,0,0,0,1,0,0,1,-27.68010009,-49.21901281,SPRF-SC,DEL01-SC,UOP03-DEL01-SC,2017
89516.0,2017-11-26,domingo,19:15:00,SC,282,630.0,DESCANSO,Falta de Atenção à Condução,Saída de leito carroçável,Sem Vítimas,Anoitecer,Crescente,Céu Claro,Simples,Reta,Não,1,0,0,0,1,0,0,1,-26.822149,-53.384697,SPRF-SC,DEL07-SC,UOP03-DEL07-SC,2017
89560.0,2017-11-27,segunda-feira,06:10:00,SC,282,623.3,IRACEMINHA,Não guardar distância de segurança,Colisão lateral,Sem Vítimas,Pleno dia,Decrescente,Nevoeiro/Neblina,Simples,Reta,Não,2,0,0,0,2,0,0,2,-26.79921298,-53.33825827,SPRF-SC,DEL07-SC,UOP02-DEL07-SC,2017
89983.0,2017-11-28,terça-feira,21:15:00,SC,282,41.9,AGUAS MORNAS,Falta de Atenção à Condução,Colisão lateral,Com Vítimas Feridas,Plena Noite,Decrescente,Nublado,Simples,Curva,Sim,4,0,1,0,0,3,1,3,-27.7205279,-48.88617969,SPRF-SC,DEL01-SC,UOP03-DEL01-SC,2017
90055.0,2017-11-29,quarta-feira,07:00:00,SC,282,437.0,IRANI,Desobediência às normas de trânsito pelo condutor,Colisão transversal,Com Vítimas Feridas,Pleno dia,Crescente,Céu Claro,Simples,Rotatória,Não,3,0,1,0,1,1,1,3,-26.97011966,-51.85512543,SPRF-SC,DEL07-SC,UOP04-DEL07-SC,2017
90085.0,2017-11-29,quarta-feira,09:00:00,SC,282,330.0,CAMPOS NOVOS,Defeito Mecânico no Veículo,Saída de leito carroçável,Com Vítimas Feridas,Pleno dia,Crescente,Sol,Simples,Reta;Aclive,Não,2,0,1,0,0,1,1,2,-27.3926309,-51.1365509,SPRF-SC,DEL07-SC,UOP06-DEL07-SC,2017
90488.0,2017-12-01,sexta-feira,00:00:00,SC,282,35.0,AGUAS MORNAS,Pista Escorregadia,Colisão frontal,Com Vítimas Feridas,Plena Noite,Crescente,Chuva,Simples,Curva,Não,2,0,0,1,1,0,1,2,-27.702084,-48.826664,SPRF-SC,DEL01-SC,UOP03-DEL01-SC,2017
90980.0,2017-12-02,sábado,13:45:00,SC,282,0.5,FLORIANOPOLIS,Falta de Atenção do Pedestre,Atropelamento de Pedestre,Com Vítimas Fatais,Pleno dia,Crescente,Céu Claro,Dupla,Declive,Sim,4,1,0,0,1,2,0,2,-27.60026246,-48.57646178,SPRF-SC,DEL01-SC,UOP01-DEL01-SC,2017
91368.0,2017-12-03,domingo,14:40:00,SC,282,571.0,PINHALZINHO,Carga excessiva e/ou mal acondicionada,Tombamento,Sem Vítimas,Pleno dia,Crescente,Céu Claro,Simples,Curva,Não,2,0,0,0,1,1,0,2,-26.883053,-52.939816,SPRF-SC,DEL07-SC,UOP02-DEL07-SC,2017
91724.0,2017-12-04,segunda-feira,17:35:00,SC,282,87.0,ALFREDO WAGNER,Velocidade Incompatível,Colisão frontal,Com Vítimas Fatais,Pleno dia,Crescente,Chuva,Simples,Curva,Não,2,1,0,0,1,0,0,2,-27.664766,-49.20578,SPRF-SC,DEL01-SC,UOP03-DEL01-SC,2017
91891.0,2017-12-05,terça-feira,14:10:00,SC,282,421.0,VARGEM BONITA,Velocidade Incompatível,Colisão com objeto estático,Com Vítimas Feridas,Pleno dia,Decrescente,Nublado,Simples,Curva,Sim,1,0,1,0,0,0,1,1,-27.0101582,-51.73552499,SPRF-SC,DEL07-SC,UOP05-DEL07-SC,2017
92648.0,2017-12-08,sexta-feira,12:00:00,SC,282,26.8,SANTO AMARO DA IMPERATRIZ,Falta de Atenção à Condução,Colisão transversal,Com Vítimas Fatais,Pleno dia,Crescente,Sol,Simples,Reta,Sim,3,1,1,1,0,0,2,2,-27.67525175,-48.76824608,SPRF-SC,DEL01-SC,UOP03-DEL01-SC,2017
93134.0,2017-12-09,sábado,22:30:00,SC,282,454.3,PONTE SERRADA,Falta de Atenção à Condução,Colisão frontal,Sem Vítimas,Pleno dia,Crescente,Céu Claro,Simples,Curva,Não,2,0,0,0,2,0,0,2,-26.89022952,-51.98721886,SPRF-SC,DEL07-SC,UOP04-DEL07-SC,2017
93193.0,2017-12-10,domingo,06:20:00,SC,282,565.3,NOVA ERECHIM,Falta de Atenção à Condução,Saída de leito carroçável,Sem Vítimas,Amanhecer,Decrescente,Nevoeiro/Neblina,Simples,Reta,Não,1,0,0,0,0,1,0,1,-26.90171923,-52.89101215,SPRF-SC,DEL07-SC,UOP02-DEL07-SC,2017