id,data_inversa,dia_semana,horario,uf,br,km,municipio,causa_acidente,tipo_acidente,classificacao_acidente,fase_dia,sentido_via,condicao_metereologica,tipo_pista,tracado_via,uso_solo,pessoas,mortos,feridos_leves,feridos_graves,ilesos,ignorados,feridos,veiculos,latitude,longitude,regional,delegacia,uop,ano_arquivo
93314.0,2017-12-10,domingo,16:30:00,SC,282,216.0,LAGES,Falta de Atenção à Condução,Colisão transversal,Com Vítimas Feridas,Pleno dia,Decrescente,Céu Claro,Simples,Rotatória,Sim,3,0,1,0,2,0,1,2,-27.79509918,-50.28437463,SPRF-SC,DEL05-SC,UOP01-DEL05-SC,2017
93606.0,2017-12-11,segunda-feira,15:10:00,SC,282,582.1,PINHALZINHO,Falta de Atenção à Condução,Colisão traseira,Sem Vítimas,Pleno dia,Crescente,Céu Claro,Simples,Interseção de Vias,Não,3,0,0,0,2,1,0,3,-26.82649207,-53.00345554,SPRF-SC,DEL07-SC,UOP02-DEL07-SC,2017
93677.0,2017-12-11,segunda-feira,16:20:00,SC,282,565.8,NOVA ERECHIM,Falta de Atenção à Condução,Colisão lateral,Com Vítimas Feridas,Pleno dia,Decrescente,Sol,Simples,Reta,Sim,2,0,0,1,1,0,1,2,-26.90423616,-52.89545444,SPRF-SC,DEL07-SC,UOP02-DEL07-SC,2017
93742.0,2017-12-11,segunda-feira,17:00:00,SC,282,533.8,CHAPECO,Falta de Atenção à Condução,Colisão frontal,Com Vítimas Feridas,Pleno dia,Decrescente,Sol,Simples,Reta,Não,4,0,1,2,1,0,3,3,-26.99688436,-52.63260016,SPRF-SC,DEL07-SC,UOP01-DEL07-SC,2017
94339.0,2017-12-14,quinta-feira,15:20:00,SC,282,5.0,SAO JOSE,Ultrapassagem Indevida,Colisão traseira,Com Vítimas Feridas,Pleno dia,Decrescente,Céu Claro,Dupla,Reta,Sim,2,0,1,0,1,0,1,2,-27.588425,-48.612919,SPRF-SC,DEL01-SC,UOP01-DEL01-SC,2017
94662.0,2017-12-15,sexta-feira,13:35:00,SC,282,501.4,XANXERE,Desobediência às normas de trânsito pelo condutor,Colisão lateral,Sem Vítimas,Pleno dia,Decrescente,Sol,Dupla,Rotatória,Sim,2,0,0,0,2,0,0,2,-26.88341958,-52.38540982,SPRF-SC,DEL07-SC,UOP01-DEL07-SC,2017
94665.0,2017-12-15,sexta-feira,15:00:00,SC,282,487.8,FAXINAL DOS GUEDES,Falta de Atenção à Condução,Colisão transversal,Com Vítimas Feridas,Pleno dia,Crescente,Sol,Simples,Interseção de Vias,Sim,5,0,3,0,1,2,3,4,-26.8617211,-52.26893853,SPRF-SC,DEL07-SC,UOP01-DEL07-SC,2017
94814.0,2017-12-16,sábado,02:00:00,SC,282,531.8,CORDILHEIRA ALTA,Ingestão de Álcool,Colisão frontal,Sem Vítimas,Plena Noite,Crescente,Céu Claro,Simples,Curva,Sim,3,0,0,0,2,1,0,3,-26.99669433,-52.61357771,SPRF-SC,DEL07-SC,UOP01-DEL07-SC,2017
95661.0,2017-12-18,segunda-feira,14:00:00,SC,282,503.7,XANXERE,Velocidade Incompatível,Derramamento de carga,Sem Vítimas,Pleno dia,Crescente,Sol,Simples,Curva,Não,2,0,0,0,1,1,0,2,-26.8826795,-52.40356475,SPRF-SC,DEL07-SC,UOP01-DEL07-SC,2017
95783.0,2017-12-18,segunda-feira,23:30:00,SC,282,527.1,CORDILHEIRA ALTA,Falta de Atenção à Condução,Colisão lateral,Com Vítimas Feridas,Plena Noite,Decrescente,Céu Claro,Simples,Curva;Declive,Não,5,0,2,0,2,1,2,3,-26.9735428,-52.58369923,SPRF-SC,DEL07-SC,UOP01-DEL07-SC,2017
95810.0,2017-12-18,segunda-feira,18:00:00,SC,282,421.0,VARGEM BONITA,Velocidade Incompatível,Tombamento,Com Vítimas Fatais,Pleno dia,Decrescente,Chuva,Simples,Curva,Não,2,1,0,0,0,1,0,2,-27.00989056,-51.73582077,SPRF-SC,DEL07-SC,UOP05-DEL07-SC,2017
96283.0,2017-12-20,quarta-feira,18:05:00,SC,282,51.9,RANCHO QUEIMADO,Velocidade Incompatível,Colisão lateral,Sem Vítimas,Pleno dia,Decrescente,Chuva,Simples,Curva,Não,3,0,0,0,3,0,0,3,-27.69783963,-48.9641471,SPRF-SC,DEL01-SC,UOP03-DEL01-SC,2017
96348.0,2017-12-20,quarta-feira,23:00:00,SC,282,385.0,HERVAL DOESTE,Velocidade Incompatível,Saída de leito carroçável,Sem Vítimas,Plena Noite,Crescente,Garoa/Chuvisco,Simples,Curva,Não,2,0,0,0,1,1,0,2,-27.194431,-51.515869,SPRF-SC,DEL07-SC,UOP05-DEL07-SC,2017
96476.0,2017-12-21,quinta-feira,08:25:00,SC,282,546.9,CHAPECO,Condutor Dormindo,Colisão frontal,Com Vítimas Fatais,Pleno dia,Decrescente,Sol,Simples,Reta,Não,3,1,1,0,0,1,1,3,-26.9743938,-52.74450533,SPRF-SC,DEL07-SC,UOP01-DEL07-SC,2017
96599.0,2017-12-17,domingo,07:40:00,SC,282,363.0,PONTE SERRADA,Falta de Atenção à Condução,Saída de leito carroçável,Sem Vítimas,Pleno dia,Crescente,Céu Claro,Simples,Reta,Sim,2,0,0,0,1,1,0,2,-26.85560438,-52.038095,SPRF-SC,DEL07-SC,UOP05-DEL07-SC,2017
97609.0,2017-12-24,domingo,02:00:00,SC,282,217.5,PALHOCA,Falta de Atenção à Condução,Tombamento,Sem Vítimas,Plena Noite,Crescente,Chuva,Dupla,Reta,Não,1,0,0,0,1,0,0,1,-27.66951369,-48.67343361,SPRF-SC,DEL05-SC,UOP01-DEL05-SC,2017
97734.0,2017-12-24,domingo,11:00:00,SC,282,168.0,BOCAINA DO SUL,Falta de Atenção à Condução,Saída de leito carroçável,Com Vítimas Feridas,Pleno dia,Decrescente,Chuva,Simples,Declive;Curva,Não,2,0,1,0,1,0,1,1,-27.7432305,-49.8241501,SPRF-SC,DEL05-SC,UOP01-DEL05-SC,2017
97837.0,2017-12-24,domingo,11:00:00,SC,282,380.5,HERVAL DOESTE,Pista Escorregadia,Saída de leito carroçável,Sem Vítimas,Pleno dia,Crescente,Chuva,Simples,Curva,Não,2,0,0,0,1,1,0,2,-27.21341899,-51.5001297,SPRF-SC,DEL07-SC,UOP05-DEL07-SC,2017
98788.0,2017-12-27,quarta-feira,17:15:00,SC,282,386.9,JOACABA,Defeito Mecânico no Veículo,Tombamento,Sem Vítimas,Pleno dia,Decrescente,Chuva,Simples,Reta,Sim,1,0,0,0,1,0,0,1,-27.17899224,-51.52340857,SPRF-SC,DEL07-SC,UOP05-DEL07-SC,2017
98801.0,2017-12-27,quarta-feira,18:50:00,SC,282,380.0,HERVAL DOESTE,Defeito na Via,Colisão frontal,Sem Vítimas,Anoitecer,Crescente,Nublado,Simples,Reta,Não,2,0,0,0,2,0,0,2,-27.213797,-51.499413,SPRF-SC,DEL07-SC,UOP05-DEL07-SC,2017
98831.0,2017-12-28,quinta-feira,06:00:00,SC,282,68.4,RANCHO QUEIMADO,Ultrapassagem Indevida,Colisão frontal,Com Vítimas Feridas,Amanhecer,Decrescente,Nublado,Simples,Reta,Não,6,0,4,0,1,3,4,6,-27.69049186,-49.0848558,SPRF-SC,DEL01-SC,UOP03-DEL01-SC,2017
98925.0,2017-12-28,quinta-feira,14:00:00,SC,282,19.0,PALHOCA,Falta de Atenção à Condução,Colisão traseira,Sem Vítimas,Pleno dia,Decrescente,Nublado,Simples,Reta,Não,2,0,0,0,2,0,0,2,-27.678635,-48.70192,SPRF-SC,DEL01-SC,UOP02-DEL01-SC,2017
99110.0,2017-12-01,sexta-feira,17:50:00,SC,282,641.6,DESCANSO,Falta de Atenção à Condução,Colisão lateral,Sem Vítimas,Pleno dia,Crescente,Céu Claro,Simples,Curva,Não,3,0,0,0,2,3,0,5,-26.77555663,-53.45885038,SPRF-SC,DEL07-SC,UOP03-DEL07-SC,2017
99133.0,2017-12-29,sexta-feira,06:00:00,SC,282,378.9,HERVAL DOESTE,Velocidade Incompatível,Saída de leito carroçável,Com Vítimas Feridas,Amanhecer,Crescente,Chuva,Simples,Declive;Curva,Não,1,0,1,0,0,0,1,1,-27.214812,-51.47674084,SPRF-SC,DEL07-SC,UOP05-DEL07-SC,2017
99201.0,2017-12-29,sexta-feira,13:30:00,SC,282,48.2,AGUAS MORNAS,Não guardar distância de segurança,Colisão traseira,Com Vítimas Feridas,Pleno dia,Decrescente,Chuva,Simples,Curva;Declive,Não,3,0,1,0,2,0,1,2,-27.71432493,-48.93993974,SPRF-SC,DEL01-SC,UOP03-DEL01-SC,2017
99277.0,2017-12-29,sexta-feira,15:20:00,SC,282,508.8,XANXERE,Falta de Atenção à Condução,Saída de leito carroçável,Sem Vítimas,Pleno dia,Crescente,Chuva,Simples,Reta,Não,1,0,0,0,1,0,0,1,-26.88799997,-52.45177843,SPRF-SC,DEL07-SC,UOP01-DEL07-SC,2017
99279.0,2017-12-29,sexta-feira,09:10:00,SC,282,508.5,XANXERE,Falta de Atenção à Condução,Queda de ocupante de veículo,Sem Vítimas,Pleno dia,Crescente,Chuva,Simples,Curva,Não,1,0,0,0,1,0,0,1,-26.88747367,-52.44909525,SPRF-SC,DEL07-SC,UOP01-DEL07-SC,2017
99680.0,2017-12-30,sábado,13:10:00,SC,282,436.9,IRANI,Falta de Atenção à Condução,Colisão transversal,Sem Vítimas,Pleno dia,Decrescente,Chuva,Simples,Interseção de Vias,Não,3,0,0,0,2,1,0,3,-26.96969893,-51.85406327,SPRF-SC,DEL07-SC,UOP04-DEL07-SC,2017
102865.0,2017-02-27,segunda-feira,12:20:00,SC,282,413.8,CATANDUVAS,Falta de Atenção à Condução,Colisão transversal,Com Vítimas Feridas,Pleno dia,Crescente,Céu Claro,Simples,Reta,Não,3,0,1,0,2,0,1,2,-27.0380085,-51.71823621,SPRF-SC,DEL07-SC,UOP05-DEL07-SC,2017
130146.0,2017-06-26,segunda-feira,07:27:00,SC,282,422.1,VARGEM BONITA,Falta de Atenção à Condução,Colisão frontal,Com Vítimas Fatais,Pleno dia,Crescente,Céu Claro,Simples,Reta,Sim,3,1,0,0,1,1,0,3,-27.00488465,-51.73915863,SPRF-SC,DEL07-SC,UOP05-DEL07-SC,2017
134718.0,2017-12-29,sexta-feira,10:00:00,SC,282,436.3,IRANI,Desobediência às normas de trânsito pelo condutor,Colisão transversal,Com Vítimas Feridas,Pleno dia,Decrescente,Chuva,Simples,Interseção de Vias,Não,4,0,0,3,1,0,3,2,-26.96972283,-51.85447097,SPRF-SC,DEL07-SC,UOP04-DEL07-SC,2017
1761.0,2017-01-07,sábado,11:00:00,SC,282,4.4,SAO JOSE,Não guardar distância de segurança,Colisão traseira,Com Vítimas Feridas,Pleno dia,Decrescente,Nublado,Dupla,Reta,Sim,5,0,1,0,3,1,1,4,-27.6009945,-48.6198789,SPRF-SC,DEL01-SC,UOP01-DEL01-SC,2017
4064.0,2017-01-15,domingo,16:20:00,SC,282,79.8,RANCHO QUEIMADO,Falta de Atenção à Condução,Colisão frontal,Com Vítimas Feridas,Pleno dia,Crescente,Sol,Simples,Curva,Não,9,0,2,2,4,1,4,3,-27.66534291,-49.16008347,SPRF-SC,DEL01-SC,UOP03-DEL01-SC,2017
15068.0,2017-02-25,sábado,12:50:00,SC,282,54.9,AGUAS MORNAS,Falta de Atenção à Condução,Colisão frontal,Com Vítimas Fatais,Pleno dia,Crescente,Chuva,Simples,Reta;Declive,Não,5,1,1,0,2,1,1,3,-27.69181236,-48.99128884,SPRF-SC,DEL01-SC,UOP03-DEL01-SC,2017
65050.0,2017-08-25,sexta-feira,19:00:00,SC,282,58.2,RANCHO QUEIMADO,Falta de Atenção à Condução,Colisão transversal,Com Vítimas Feridas,Plena Noite,Decrescente,Céu Claro,Simples,Rotatória,Não,5,0,2,0,2,1,2,3,-27.68095337,-49.00594261,SPRF-SC,DEL01-SC,UOP03-DEL01-SC,2017
78528.0,2017-10-15,domingo,18:10:00,SC,282,331.0,CAMPOS NOVOS,Desobediência às normas de trânsito pelo condutor,Saída de leito carroçável,Com Vítimas Feridas,Pleno dia,Crescente,Céu Claro,Simples,Reta;Declive,Não,4,0,0,1,2,1,1,2,-27.39261574,-51.15443856,SPRF-SC,DEL07-SC,UOP06-DEL07-SC,2017
81907.0,2017-10-28,sábado,19:00:00,SC,282,174.2,BOCAINA DO SUL,Restrição de Visibilidade,Colisão traseira,Sem Vítimas,Anoitecer,Crescente,Sol,Simples,Reta,Não,4,0,0,0,3,1,0,3,-27.7417422,-49.87846613,SPRF-SC,DEL05-SC,UOP01-DEL05-SC,2017
96441.0,2017-12-21,quinta-feira,09:00:00,SC,282,2.0,FLORIANOPOLIS,Não guardar distância de segurança,Colisão lateral,Com Vítimas Feridas,Pleno dia,Decrescente,Céu Claro,Dupla,Curva,Sim,4,0,1,0,2,1,1,4,-27.603289,-48.590416,SPRF-SC,DEL01-SC,UOP01-DEL01-SC,2017
97207.0,2017-12-23,sábado,08:00:00,SC,282,212.0,LAGES,Não guardar distância de segurança,Engavetamento,Sem Vítimas,Pleno dia,Crescente,Céu Claro,Simples,Reta,Não,4,0,0,0,3,1,0,4,-27.782257,-50.251381,SPRF-SC,DEL05-SC,UOP01-DEL05-SC,2017
92.0,2017-01-01,domingo,09:30:00,SC,282,39.9,AGUAS MORNAS,Falta de Atenção à Condução,Colisão traseira,Sem Vítimas,Pleno dia,Crescente,Sol,Simples,Curva,Sim,2,0,0,0,2,0,0,2,-27.71624826,-48.86979461,SPRF-SC,DEL01-SC,UOP03-DEL01-SC,2017
164.0,2017-01-01,domingo,14:35:00,SC,282,49.9,RANCHO QUEIMADO,Velocidade Incompatível,Colisão lateral,Sem Vítimas,Pleno dia,Crescente,Nublado,Simples,Curva,Não,2,0,0,0,2,0,0,2,-27.70775937,-48.95278403,SPRF-SC,DEL01-SC,UOP03-DEL01-SC,2017
234.0,2017-01-01,domingo,18:15:00,SC,480,128.5,CHAPECO,Falta de Atenção à Condução,Colisão transversal,Com Vítimas Feridas,Pleno dia,Decrescente,Céu Claro,Simples,Interseção de Vias,Não,6,0,2,0,4,0,2,2,-27.00784499,-52.64202118,SPRF-SC,DEL07-SC,UOP01-DEL07-SC,2017
238.0,2017-01-01,domingo,16:30:00,SC,282,423.7,VARGEM BONITA,Velocidade Incompatível,Saída de leito carroçável,Com Vítimas Feridas,Pleno dia,Decrescente,Céu Claro,Simples,Declive;Reta,Não,1,0,0,1,0,0,1,1,-26.99822365,-51.74891531,SPRF-SC,DEL07-SC,UOP05-DEL07-SC,2017
292.0,2017-01-01,domingo,17:50:00,SC,282,466.4,PONTE SERRADA,Não guardar distância de segurança,Colisão traseira,Com Vítimas Feridas,Pleno dia,Crescente,Céu Claro,Simples,Aclive;Reta,Não,2,0,1,0,1,0,1,2,-26.85332629,-52.06287861,SPRF-SC,DEL07-SC,UOP04-DEL07-SC,2017
480.0,2017-01-02,segunda-feira,11:45:00,SC,282,621.0,IRACEMINHA,Avarias e/ou desgaste excessivo no pneu,Saída de leito carroçável,Com Vítimas Feridas,Pleno dia,Decrescente,Nublado,Simples,Curva,Não,1,0,1,0,0,0,1,1,-26.7995,-53.3204,SPRF-SC,DEL07-SC,UOP02-DEL07-SC,2017
501.0,2017-01-02,segunda-feira,14:45:00,SC,282,641.0,DESCANSO,Falta de Atenção à Condução,Colisão lateral,Sem Vítimas,Pleno dia,Crescente,Céu Claro,Simples,Curva,Não,2,0,0,0,2,0,0,2,-26.7746,-53.4594,SPRF-SC,DEL07-SC,UOP03-DEL07-SC,2017
683.0,2017-01-03,terça-feira,09:30:00,SC,282,209.0,LAGES,Não guardar distância de segurança,Engavetamento,Sem Vítimas,Pleno dia,Crescente,Céu Claro,Simples,Reta,Não,3,0,0,0,3,0,0,3,-27.77809481,-50.22835493,SPRF-SC,DEL05-SC,UOP01-DEL05-SC,2017
752.0,2017-01-03,terça-feira,14:45:00,SC,282,181.0,BIGUACU,Defeito na Via,Queda de ocupante de veículo,Com Vítimas Feridas,Pleno dia,Decrescente,Céu Claro,Dupla,Reta,Não,1,0,1,0,0,0,1,1,-27.56946051,-48.63098145,SPRF-SC,DEL05-SC,UOP01-DEL05-SC,2017
1087.0,2017-01-04,quarta-feira,18:30:00,SC,282,340.8,CAMPOS NOVOS,Velocidade Incompatível,Saída de leito carroçável,Com Vítimas Feridas,Pleno dia,Decrescente,Chuva,Simples,Curva,Sim,5,0,4,0,1,0,4,1,-27.38812508,-51.20382071,SPRF-SC,DEL07-SC,UOP06-DEL07-SC,2017
1108.0,2017-01-04,quarta-feira,18:50:00,SC,282,543.0,CHAPECO,Velocidade Incompatível,Saída de leito carroçável,Com Vítimas Feridas,Pleno dia,Crescente,Chuva,Simples,Curva,Não,4,0,4,0,0,0,4,1,-26.9989932,-52.71879673,SPRF-SC,DEL07-SC,UOP01-DEL07-SC,2017
1227.0,2017-01-05,quinta-feira,11:10:00,SC,282,3.0,FLORIANOPOLIS,Ingestão de Álcool,Colisão traseira,Sem Vítimas,Pleno dia,Decrescente,Sol,Dupla,Reta,Sim,2,0,0,0,2,0,0,2,-27.597,-48.601,SPRF-SC,DEL01-SC,UOP01-DEL01-SC,2017
1331.0,2017-01-05,quinta-feira,19:45:00,SC,282,160.8,BOM RETIRO,Velocidade Incompatível,Saída de leito carroçável,Sem Vítimas,Anoitecer,Crescente,Chuva,Simples,Curva,Não,1,0,0,0,1,0,0,1,-27.73341144,-49.75573102,SPRF-SC,DEL05-SC,UOP01-DEL05-SC,2017
1369.0,2017-01-05,quinta-feira,21:50:00,SC,282,72.1,RANCHO QUEIMADO,Falta de Atenção à Condução,Saída de leito carroçável,Com Vítimas Feridas,Plena Noite,Crescente,Chuva,Simples,Curva,Não,1,0,1,0,0,0,1,1,-27.68324132,-49.10613888,SPRF-SC,DEL01-SC,UOP03-DEL01-SC,2017
1377.0,2017-01-05,quinta-feira,23:02:00,SC,282,6.0,SAO JOSE,Pista Escorregadia,Queda de ocupante de veículo,Com Vítimas Feridas,Pleno dia,Decrescente,Chuva,Dupla,Curva,Sim,1,0,1,0,0,0,1,1,-27.585,-48.617,SPRF-SC,DEL01-SC,UOP01-DEL01-SC,2017
1454.0,2017-01-06,sexta-feira,11:00:00,SC,282,220.3,LAGES,Falta de Atenção à Condução,Colisão traseira,Sem Vítimas,Pleno dia,Crescente,Nublado,Dupla,Rotatória,Sim,2,0,0,0,2,0,0,2,-27.79462463,-50.32753229,SPRF-SC,DEL05-SC,UOP01-DEL05-SC,2017
1599.0,2017-01-06,sexta-feira,20:00:00,SC,282,5.1,SAO JOSE,Avarias e/ou desgaste excessivo no pneu,Queda de ocupante de veículo,Com Vítimas Feridas,Anoitecer,Crescente,Nublado,Dupla,Reta,Sim,2,0,2,0,0,0,2,1,-27.58867567,-48.61199319,SPRF-SC,DEL01-SC,UOP01-DEL01-SC,2017
1627.0,2017-01-06,sexta-feira,22:40:00,SC,282,22.8,PALHOCA,Ingestão de Álcool,Colisão traseira,Sem Vítimas,Plena Noite,Decrescente,Nublado,Simples,Reta,Sim,2,0,0,0,2,0,0,2,-27.6887274,-48.73602501,SPRF-SC,DEL01-SC,UOP02-DEL01-SC,2017
1655.0,2017-01-06,sexta-feira,23:30:00,SC,480,131.0,CHAPECO,Desobediência às normas de trânsito pelo condutor,Colisão frontal,Com Vítimas Feridas,Plena Noite,Crescente,Céu Claro,Simples,Reta,Sim,2,0,1,0,1,0,1,2,-27.06286931,-52.63235986,SPRF-SC,DEL07-SC,UOP01-DEL07-SC,2017
1813.0,2017-01-07,sábado,12:20:00,SC,282,556.0,NOVA ITABERABA,Não guardar distância de segurança,Engavetamento,Com Vítimas Feridas,Pleno dia,Crescente,Céu Claro,Simples,Retorno Regulamentado,Não,8,0,1,0,7,0,1,4,-26.9319,-52.8153,SPRF-SC,DEL07-SC,UOP01-DEL07-SC,2017
2001.0,2017-01-08,domingo,04:20:00,SC,282,524.0,XAXIM,Ingestão de Álcool,Colisão lateral,Sem Vítimas,Plena Noite,Decrescente,Céu Claro,Simples,Declive,Não,10,0,0,0,10,0,0,3,-26.96563499,-52.55674034,SPRF-SC,DEL07-SC,UOP01-DEL07-SC,2017
2028.0,2017-01-08,domingo,10:00:00,SC,282,443.9,PONTE SERRADA,Ultrapassagem Indevida,Colisão frontal,Com Vítimas Feridas,Pleno dia,Crescente,Céu Claro,Simples,Curva;Declive,Não,5,0,1,0,4,0,1,2,-26.91908526,-51.88611567,SPRF-SC,DEL07-SC,UOP04-DEL07-SC,2017
2100.0,2017-01-08,domingo,15:05:00,SC,282,49.0,AGUAS MORNAS,Pista Escorregadia,Saída de leito carroçável,Sem Vítimas,Pleno dia,Crescente,Céu Claro,Simples,Aclive;Curva,Não,1,0,0,0,1,0,0,1,-27.71149449,-48.84418488,SPRF-SC,DEL01-SC,UOP03-DEL01-SC,2017
2121.0,2017-01-08,domingo,01:00:00,SC,282,450.6,PONTE SERRADA,Velocidade Incompatível,Saída de leito carroçável,Sem Vítimas,Plena Noite,Decrescente,Nevoeiro/Neblina,Simples,Aclive;Curva,Não,1,0,0,0,1,0,0,1,-26.92045324,-51.94097489,SPRF-SC,DEL07-SC,UOP04-DEL07-SC,2017
2124.0,2017-01-08,domingo,17:00:00,SC,282,3.0,FLORIANOPOLIS,Falta de Atenção à Condução,Tombamento,Com Vítimas Feridas,Pleno dia,Crescente,Sol,Dupla,Declive;Interseção de Vias;Curva,Sim,2,0,2,0,0,0,2,1,-27.60070783,-48.59887004,SPRF-SC,DEL01-SC,UOP01-DEL01-SC,2017
2162.0,2017-01-08,domingo,17:20:00,SC,282,236.4,LAGES,Velocidade Incompatível,Saída de leito carroçável,Sem Vítimas,Pleno dia,Crescente,Nublado,Simples,Aclive;Curva,Não,1,0,0,0,0,1,0,1,-27.78656551,-50.48697737,SPRF-SC,DEL05-SC,UOP02-DEL05-SC,2017
2197.0,2017-01-08,domingo,18:50:00,SC,282,645.3,SAO MIGUEL DO OESTE,Falta de Atenção à Condução,Saída de leito carroçável,Com Vítimas Feridas,Pleno dia,Crescente,Céu Claro,Simples,Curva;Aclive,Não,2,0,1,0,0,1,1,2,-26.7661181,-53.4914248,SPRF-SC,DEL07-SC,UOP03-DEL07-SC,2017
2335.0,2017-01-09,segunda-feira,09:05:00,SC,282,188.0,BOCAINA DO SUL,Condutor Dormindo,Saída de leito carroçável,Com Vítimas Feridas,Pleno dia,Crescente,Nublado,Simples,Curva,Não,2,0,0,2,0,0,2,1,-27.73763052,-50.01045227,SPRF-SC,DEL05-SC,UOP01-DEL05-SC,2017
2503.0,2017-01-09,segunda-feira,19:30:00,SC,282,164.0,BOCAINA DO SUL,Fenômenos da Natureza,Danos eventuais,Sem Vítimas,Anoitecer,Crescente,Chuva,Simples,Reta,Não,1,0,0,0,1,0,0,1,-27.731,-49.7872,SPRF-SC,DEL05-SC,UOP01-DEL05-SC,2017
2748.0,2017-01-10,terça-feira,23:35:00,SC,282,24.5,SANTO AMARO DA IMPERATRIZ,Mal Súbito,Colisão com objeto estático,Com Vítimas Feridas,Plena Noite,Crescente,Céu Claro,Simples,Desvio Temporário,Sim,1,0,1,0,0,0,1,1,-27.68936514,-48.77973032,SPRF-SC,DEL01-SC,UOP03-DEL01-SC,2017
2756.0,2017-01-11,quarta-feira,04:40:00,SC,282,605.0,MARAVILHA,Falta de Atenção à Condução,Colisão traseira,Com Vítimas Feridas,Plena Noite,Decrescente,Céu Claro,Simples,Reta,Sim,2,0,1,0,1,0,1,2,-26.78492398,-53.19612265,SPRF-SC,DEL07-SC,UOP02-DEL07-SC,2017
2805.0,2017-01-11,quarta-feira,10:20:00,SC,282,2.0,FLORIANOPOLIS,Falta de Atenção à Condução,Colisão lateral,Com Vítimas Feridas,Pleno dia,Decrescente,Céu Claro,Dupla,Reta,Sim,2,0,1,0,1,0,1,2,-27.60325865,-48.58823536,SPRF-SC,DEL01-SC,UOP01-DEL01-SC,2017
3236.0,2017-01-12,quinta-feira,19:49:00,SC,282,346.1,CAMPOS NOVOS,Ultrapassagem Indevida,Saída de leito carroçável,Com Vítimas Feridas,Anoitecer,Crescente,Céu Claro,Simples,Reta,Não,4,0,3,0,1,0,3,2,-27.37141954,-51.25057161,SPRF-SC,DEL07-SC,UOP06-DEL07-SC,2017
3356.0,2017-01-13,sexta-feira,11:30:00,SC,282,0.9,FLORIANOPOLIS,Falta de Atenção à Condução,Colisão lateral,Com Vítimas Feridas,Pleno dia,Decrescente,Céu Claro,Dupla,Reta,Sim,2,0,1,0,1,0,1,2,-27.60143518,-48.57837796,SPRF-SC,DEL01-SC,UOP01-DEL01-SC,2017
3413.0,2017-01-13,sexta-feira,15:35:00,SC,282,147.3,BOM RETIRO,Objeto estático sobre o leito carroçável,Capotamento,Sem Vítimas,Pleno dia,Decrescente,Céu Claro,Simples,Reta,Não,1,0,0,0,1,0,0,1,-27.78956492,-49.64040515,SPRF-SC,DEL05-SC,UOP01-DEL05-SC,2017
3595.0,2017-01-14,sábado,04:45:00,SC,282,217.9,LAGES,Ingestão de Álcool,Colisão com objeto estático,Com Vítimas Feridas,Plena Noite,Decrescente,Céu Claro,Dupla,Interseção de Vias,Sim,2,0,1,0,0,1,1,2,-27.7977553,-50.30029788,SPRF-SC,DEL05-SC,UOP01-DEL05-SC,2017
3602.0,2017-01-14,sábado,04:30:00,SC,282,601.9,MARAVILHA,Falta de Atenção à Condução,Saída de leito carroçável,Sem Vítimas,Plena Noite,Crescente,Céu Claro,Simples,Reta,Não,1,0,0,0,0,1,0,1,-26.80473847,-53.18432093,SPRF-SC,DEL07-SC,UOP02-DEL07-SC,2017
3657.0,2017-01-14,sábado,10:00:00,SC,282,224.2,LAGES,Falta de Atenção à Condução,Colisão transversal,Sem Vítimas,Pleno dia,Crescente,Céu Claro,Simples,Interseção de Vias,Sim,2,0,0,0,2,0,0,2,-27.79935579,-50.36450386,SPRF-SC,DEL05-SC,UOP02-DEL05-SC,2017
3658.0,2017-01-14,sábado,06:30:00,SC,282,382.6,HERVAL DOESTE,Condutor Dormindo,Saída de leito carroçável,Com Vítimas Feridas,Amanhecer,Decrescente,Céu Claro,Simples,Curva,Não,3,0,2,0,1,0,2,1,-27.19755075,-51.50279582,SPRF-SC,DEL07-SC,UOP05-DEL07-SC,2017
3947.0,2017-01-15,domingo,07:30:00,SC,282,533.0,CHAPECO,Ingestão de Álcool,Saída de leito carroçável,Com Vítimas Feridas,Pleno dia,Decrescente,Sol,Simples,Declive,Não,2,0,1,0,1,0,1,1,-26.99512502,-52.62587669,SPRF-SC,DEL07-SC,UOP01-DEL07-SC,2017
4013.0,2017-01-15,domingo,10:50:00,SC,282,629.4,IRACEMINHA,Falta de Atenção à Condução,Colisão transversal,Sem Vítimas,Pleno dia,Crescente,Sol,Simples,Reta,Não,4,0,0,0,4,0,0,2,-26.82165603,-53.38548097,SPRF-SC,DEL07-SC,UOP03-DEL07-SC,2017
4118.0,2017-01-15,domingo,16:50:00,SC,282,509.0,XANXERE,Ingestão de Álcool,Saída de leito carroçável,Sem Vítimas,Pleno dia,Decrescente,Sol,Simples,Reta,Não,1,0,0,0,1,0,0,1,-26.88908253,-52.45541346,SPRF-SC,DEL07-SC,UOP01-DEL07-SC,2017
4177.0,2017-01-15,domingo,20:00:00,SC,282,26.2,SANTO AMARO DA IMPERATRIZ,Falta de Atenção à Condução,Colisão lateral,Com Vítimas Feridas,Anoitecer,Crescente,Nublado,Simples,Reta,Não,5,0,0,2,3,0,2,3,-27.67822811,-48.76525358,SPRF-SC,DEL01-SC,UOP03-DEL01-SC,2017
4240.0,2017-01-16,segunda-feira,04:00:00,SC,282,629.9,DESCANSO,Condutor Dormindo,Saída de leito carroçável,Com Vítimas Feridas,Plena Noite,Decrescente,Nublado,Simples,Curva,Não,1,0,1,0,0,0,1,1,-26.82249491,-53.38542491,SPRF-SC,DEL07-SC,UOP03-DEL07-SC,2017
4333.0,2017-01-16,segunda-feira,07:37:00,SC,282,382.0,JOACABA,Condutor Dormindo,Saída de leito carroçável,Com Vítimas Feridas,Pleno dia,Decrescente,Céu Claro,Simples,Reta,Não,5,0,0,1,4,0,1,1,-27.20213429,-51.50206733,SPRF-SC,DEL07-SC,UOP05-DEL07-SC,2017