id,data_inversa,dia_semana,horario,uf,br,km,municipio,causa_acidente,tipo_acidente,classificacao_acidente,fase_dia,sentido_via,condicao_metereologica,tipo_pista,tracado_via,uso_solo,pessoas,mortos,feridos_leves,feridos_graves,ilesos,ignorados,feridos,veiculos,latitude,longitude,regional,delegacia,uop,ano_arquivo
4699.0,2017-01-17,terça-feira,22:15:00,SC,282,35.8,AGUAS MORNAS,Condutor Dormindo,Colisão frontal,Sem Vítimas,Plena Noite,Decrescente,Céu Claro,Simples,Reta,Não,3,0,0,0,3,0,0,3,-27.70399062,-48.82244825,SPRF-SC,DEL01-SC,UOP03-DEL01-SC,2017
4783.0,2017-01-18,quarta-feira,12:30:00,SC,282,1.0,FLORIANOPOLIS,Não guardar distância de segurança,Colisão traseira,Com Vítimas Feridas,Pleno dia,Crescente,Céu Claro,Múltipla,Reta,Sim,2,0,1,0,1,0,1,2,-27.60008419,-48.57646555,SPRF-SC,DEL01-SC,UOP01-DEL01-SC,2017
4966.0,2017-01-19,quinta-feira,07:20:00,SC,282,502.1,XANXERE,Falta de Atenção do Pedestre,Atropelamento de Pedestre,Com Vítimas Feridas,Pleno dia,Decrescente,Céu Claro,Múltipla,Reta,Sim,2,0,1,0,1,0,1,2,-26.88392352,-52.38941073,SPRF-SC,DEL07-SC,UOP01-DEL07-SC,2017
4984.0,2017-01-19,quinta-feira,08:30:00,SC,282,4.0,FLORIANOPOLIS,Desobediência às normas de trânsito pelo condutor,Colisão lateral,Com Vítimas Feridas,Pleno dia,Decrescente,Céu Claro,Dupla,Reta,Sim,2,0,1,0,1,0,1,2,-27.5937,-48.6023,SPRF-SC,DEL01-SC,UOP01-DEL01-SC,2017
5219.0,2017-01-04,quarta-feira,17:15:00,SC,282,73.2,RANCHO QUEIMADO,Velocidade Incompatível,Saída de leito carroçável,Sem Vítimas,Pleno dia,Decrescente,Nublado,Simples,Reta,Não,1,0,0,0,1,0,0,1,-27.68278228,-49.11481977,SPRF-SC,DEL01-SC,UOP03-DEL01-SC,2017
5242.0,2017-01-20,sexta-feira,09:20:00,SC,282,68.4,RANCHO QUEIMADO,Falta de Atenção à Condução,Saída de leito carroçável,Com Vítimas Feridas,Pleno dia,Decrescente,Sol,Simples,Curva,Não,1,0,0,1,0,0,1,1,-27.69356984,-49.08028364,SPRF-SC,DEL01-SC,UOP03-DEL01-SC,2017
5343.0,2017-01-20,sexta-feira,17:00:00,SC,282,6.0,FLORIANOPOLIS,Pista Escorregadia,Queda de ocupante de veículo,Com Vítimas Feridas,Pleno dia,Crescente,Céu Claro,Dupla,Curva,Sim,1,0,1,0,0,0,1,1,-27.58361134,-48.61578941,SPRF-SC,DEL01-SC,UOP01-DEL01-SC,2017
5394.0,2017-01-20,sexta-feira,19:29:00,SC,282,609.1,MARAVILHA,Falta de Atenção à Condução,Colisão lateral,Sem Vítimas,Anoitecer,Decrescente,Céu Claro,Simples,Reta,Não,2,0,0,0,2,0,0,2,-26.75957861,-53.22470427,SPRF-SC,DEL07-SC,UOP02-DEL07-SC,2017
5410.0,2017-01-20,sexta-feira,19:15:00,SC,282,506.0,XANXERE,Defeito na Via,Tombamento,Com Vítimas Feridas,Anoitecer,Crescente,Sol,Dupla,Reta;Declive,Não,1,0,1,0,0,0,1,1,-26.8866,-52.4479,SPRF-SC,DEL07-SC,UOP01-DEL07-SC,2017
5533.0,2017-01-21,sábado,08:55:00,SC,282,15.6,PALHOCA,Desobediência às normas de trânsito pelo condutor,Colisão transversal,Com Vítimas Feridas,Pleno dia,Crescente,Sol,Simples,Reta,Sim,2,0,2,0,0,0,2,2,-27.65634802,-48.67989957,SPRF-SC,DEL01-SC,UOP02-DEL01-SC,2017
5612.0,2017-01-21,sábado,13:00:00,SC,282,310.0,VARGEM,Condutor Dormindo,Colisão com objeto estático,Com Vítimas Feridas,Pleno dia,Decrescente,Sol,Simples,Ponte,Não,1,0,1,0,0,0,1,1,-27.478,-50.9817,SPRF-SC,DEL07-SC,UOP06-DEL07-SC,2017
5618.0,2017-01-21,sábado,14:30:00,SC,282,534.1,CHAPECO,Desobediência às normas de trânsito pelo condutor,Colisão frontal,Com Vítimas Feridas,Pleno dia,Crescente,Céu Claro,Simples,Reta,Não,4,0,1,1,2,0,2,2,-26.99981659,-52.66380751,SPRF-SC,DEL07-SC,UOP01-DEL07-SC,2017
5983.0,2017-01-22,domingo,19:30:00,SC,282,366.0,ERVAL VELHO,Ingestão de Álcool,Saída de leito carroçável,Com Vítimas Feridas,Anoitecer,Decrescente,Chuva,Simples,Aclive;Curva,Não,2,0,2,0,0,0,2,1,-27.26096245,-51.44227982,SPRF-SC,DEL07-SC,UOP05-DEL07-SC,2017
5988.0,2017-01-22,domingo,21:00:00,SC,282,26.0,SANTO AMARO DA IMPERATRIZ,Velocidade Incompatível,Colisão frontal,Com Vítimas Feridas,Plena Noite,Crescente,Chuva,Simples,Reta,Não,5,0,5,0,0,0,5,2,-27.67935543,-48.7639221,SPRF-SC,DEL01-SC,UOP03-DEL01-SC,2017
5989.0,2017-01-22,domingo,18:30:00,SC,282,180.0,BOCAINA DO SUL,Falta de Atenção à Condução,Colisão traseira,Sem Vítimas,Pleno dia,Decrescente,Céu Claro,Simples,Reta,Não,2,0,0,0,2,0,0,2,-27.7399,-49.9344,SPRF-SC,DEL05-SC,UOP01-DEL05-SC,2017
6082.0,2017-01-23,segunda-feira,08:15:00,SC,282,3.0,FLORIANOPOLIS,Falta de Atenção à Condução,Engavetamento,Sem Vítimas,Pleno dia,Crescente,Céu Claro,Simples,Reta,Sim,3,0,0,0,3,0,0,3,-27.59973802,-48.60355854,SPRF-SC,DEL01-SC,UOP01-DEL01-SC,2017
6105.0,2017-01-23,segunda-feira,11:00:00,SC,282,1.0,FLORIANOPOLIS,Falta de Atenção à Condução,Colisão traseira,Sem Vítimas,Pleno dia,Crescente,Céu Claro,Dupla,Reta,Sim,2,0,0,0,2,0,0,2,-27.60329341,-48.58940676,SPRF-SC,DEL01-SC,UOP01-DEL01-SC,2017
6143.0,2017-01-23,segunda-feira,14:10:00,SC,282,635.7,DESCANSO,Velocidade Incompatível,Colisão traseira,Sem Vítimas,Pleno dia,Crescente,Céu Claro,Simples,Reta,Não,7,0,0,0,7,0,0,2,-26.81427306,-53.4338218,SPRF-SC,DEL07-SC,UOP03-DEL07-SC,2017
6210.0,2017-01-23,segunda-feira,18:25:00,SC,282,20.3,PALHOCA,Pista Escorregadia,Saída de leito carroçável,Com Vítimas Feridas,Pleno dia,Crescente,Garoa/Chuvisco,Simples,Declive,Sim,1,0,0,1,0,0,1,1,-27.68620564,-48.71387522,SPRF-SC,DEL01-SC,UOP02-DEL01-SC,2017
6293.0,2017-01-24,terça-feira,07:00:00,SC,282,3.8,FLORIANOPOLIS,Falta de Atenção à Condução,Colisão lateral,Com Vítimas Feridas,Pleno dia,Decrescente,Céu Claro,Dupla,Reta,Sim,2,0,1,0,1,0,1,2,-27.59606314,-48.60113382,SPRF-SC,DEL01-SC,UOP01-DEL01-SC,2017
6446.0,2017-01-24,terça-feira,18:50:00,SC,282,616.9,IRACEMINHA,Pista Escorregadia,Saída de leito carroçável,Sem Vítimas,Anoitecer,Decrescente,Chuva,Simples,Curva,Sim,1,0,0,0,1,0,0,1,-26.78273642,-53.28674644,SPRF-SC,DEL07-SC,UOP02-DEL07-SC,2017
6450.0,2017-01-24,terça-feira,18:30:00,SC,282,42.9,AGUAS MORNAS,Objeto estático sobre o leito carroçável,Colisão com objeto estático,Com Vítimas Fatais,Pleno dia,Crescente,Chuva,Simples,Declive,Não,1,1,0,0,0,0,0,1,-27.719392,-48.89812946,SPRF-SC,DEL01-SC,UOP03-DEL01-SC,2017
6550.0,2017-01-25,quarta-feira,07:30:00,SC,282,519.0,XAXIM,Falta de Atenção à Condução,Colisão transversal,Com Vítimas Feridas,Pleno dia,Crescente,Nublado,Simples,Reta,Não,3,0,1,0,2,0,1,2,-26.94623293,-52.51522243,SPRF-SC,DEL07-SC,UOP01-DEL07-SC,2017
6656.0,2017-01-25,quarta-feira,08:30:00,SC,282,411.7,CATANDUVAS,Velocidade Incompatível,Colisão com objeto estático,Com Vítimas Feridas,Pleno dia,Decrescente,Chuva,Simples,Curva,Não,1,0,1,0,0,0,1,1,-27.05976593,-51.6766566,SPRF-SC,DEL07-SC,UOP05-DEL07-SC,2017
6783.0,2017-01-26,quinta-feira,09:10:00,SC,282,22.0,PALHOCA,Não guardar distância de segurança,Colisão traseira,Com Vítimas Feridas,Pleno dia,Crescente,Céu Claro,Simples,Reta,Sim,2,0,1,0,1,0,1,2,-27.6887,-48.7286,SPRF-SC,DEL01-SC,UOP02-DEL01-SC,2017
6823.0,2017-01-26,quinta-feira,09:00:00,SC,282,322.8,CAMPOS NOVOS,Avarias e/ou desgaste excessivo no pneu,Saída de leito carroçável,Sem Vítimas,Pleno dia,Crescente,Céu Claro,Dupla,Rotatória,Não,1,0,0,0,0,1,0,1,-27.37415872,-51.06752157,SPRF-SC,DEL07-SC,UOP06-DEL07-SC,2017
6886.0,2017-01-26,quinta-feira,16:50:00,SC,282,605.0,MARAVILHA,Falta de Atenção à Condução,Colisão lateral,Com Vítimas Feridas,Anoitecer,Decrescente,Sol,Simples,Retorno Regulamentado,Sim,2,0,1,0,1,0,1,2,-26.77459311,-53.2035926,SPRF-SC,DEL07-SC,UOP02-DEL07-SC,2017
6906.0,2017-01-26,quinta-feira,18:00:00,SC,282,194.0,LAGES,Pista Escorregadia,Saída de leito carroçável,Com Vítimas Feridas,Anoitecer,Decrescente,Chuva,Simples,Reta,Não,4,0,3,0,1,0,3,1,-27.7421,-50.0684,SPRF-SC,DEL05-SC,UOP01-DEL05-SC,2017
6920.0,2017-01-26,quinta-feira,15:45:00,SC,282,70.1,RANCHO QUEIMADO,Velocidade Incompatível,Capotamento,Com Vítimas Feridas,Pleno dia,Crescente,Chuva,Simples,Curva,Não,2,0,1,0,1,0,1,1,-27.68979835,-49.09129143,SPRF-SC,DEL01-SC,UOP03-DEL01-SC,2017
6977.0,2017-01-26,quinta-feira,22:30:00,SC,282,499.3,XANXERE,Velocidade Incompatível,Saída de leito carroçável,Com Vítimas Feridas,Plena Noite,Crescente,Nublado,Dupla,Reta,Não,2,0,2,0,0,0,2,1,-26.88361397,-52.38667777,SPRF-SC,DEL07-SC,UOP01-DEL07-SC,2017
7055.0,2017-01-27,sexta-feira,09:40:00,SC,282,69.2,RANCHO QUEIMADO,Falta de Atenção à Condução,Colisão lateral,Sem Vítimas,Pleno dia,Decrescente,Céu Claro,Simples,Reta,Não,2,0,0,0,1,1,0,2,-27.69198336,-49.08676386,SPRF-SC,DEL01-SC,UOP03-DEL01-SC,2017
7072.0,2017-01-27,sexta-feira,11:40:00,SC,282,5.0,SAO JOSE,Não guardar distância de segurança,Colisão traseira,Com Vítimas Feridas,Pleno dia,Decrescente,Céu Claro,Dupla,Reta,Sim,2,0,0,1,0,1,1,2,-27.589,-48.6113,SPRF-SC,DEL01-SC,UOP01-DEL01-SC,2017
7154.0,2017-01-27,sexta-feira,17:30:00,SC,282,0.7,FLORIANOPOLIS,Falta de Atenção à Condução,Colisão lateral,Com Vítimas Feridas,Pleno dia,Crescente,Sol,Dupla,Reta,Sim,2,0,1,0,0,1,1,2,-27.60011359,-48.57650578,SPRF-SC,DEL01-SC,UOP01-DEL01-SC,2017
7207.0,2017-01-27,sexta-feira,19:45:00,SC,282,24.4,SANTO AMARO DA IMPERATRIZ,Não guardar distância de segurança,Engavetamento,Com Vítimas Feridas,Anoitecer,Decrescente,Céu Claro,Simples,Reta,Sim,3,0,1,0,2,0,1,3,-27.68017936,-48.74926676,SPRF-SC,DEL01-SC,UOP03-DEL01-SC,2017
7253.0,2017-01-27,sexta-feira,19:30:00,SC,282,455.8,PONTE SERRADA,Falta de Atenção à Condução,Colisão frontal,Com Vítimas Feridas,Anoitecer,Crescente,Céu Claro,Simples,Curva,Não,4,0,2,0,2,0,2,2,-26.89312882,-51.98168278,SPRF-SC,DEL07-SC,UOP04-DEL07-SC,2017
7263.0,2017-01-27,sexta-feira,00:10:00,SC,282,145.0,BOM RETIRO,Condutor Dormindo,Capotamento,Sem Vítimas,Plena Noite,Decrescente,Nublado,Simples,Curva,Não,3,0,0,0,0,3,0,1,-27.8055,-49.6276,SPRF-SC,DEL05-SC,UOP01-DEL05-SC,2017
7269.0,2017-01-28,sábado,00:30:00,SC,282,38.6,AGUAS MORNAS,Falta de Atenção à Condução,Colisão transversal,Sem Vítimas,Plena Noite,Decrescente,Nublado,Simples,Curva,Não,3,0,0,0,3,0,0,2,-27.71333714,-48.85863125,SPRF-SC,DEL01-SC,UOP03-DEL01-SC,2017
7295.0,2017-01-28,sábado,05:59:00,SC,282,61.6,RANCHO QUEIMADO,Condutor Dormindo,Colisão com objeto estático,Sem Vítimas,Plena Noite,Decrescente,Céu Claro,Simples,Reta,Não,1,0,0,0,1,0,0,1,-27.68692927,-49.03449297,SPRF-SC,DEL01-SC,UOP03-DEL01-SC,2017
7717.0,2017-01-29,domingo,18:30:00,SC,282,69.0,RANCHO QUEIMADO,Velocidade Incompatível,Saída de leito carroçável,Com Vítimas Feridas,Pleno dia,Decrescente,Chuva,Simples,Curva,Não,2,0,1,0,1,0,1,1,-27.6902,-49.0846,SPRF-SC,DEL01-SC,UOP03-DEL01-SC,2017
7723.0,2017-01-29,domingo,18:55:00,SC,282,488.0,FAXINAL DOS GUEDES,Falta de Atenção à Condução,Colisão transversal,Com Vítimas Feridas,Pleno dia,Crescente,Céu Claro,Simples,Retorno Regulamentado,Sim,4,0,1,1,2,0,2,2,-26.8584615,-52.26555437,SPRF-SC,DEL07-SC,UOP01-DEL07-SC,2017
7875.0,2017-01-30,segunda-feira,11:00:00,SC,282,4.7,SAO JOSE,Não guardar distância de segurança,Colisão traseira,Sem Vítimas,Pleno dia,Decrescente,Nublado,Dupla,Reta,Sim,3,0,0,0,3,0,0,3,-27.59059682,-48.60824226,SPRF-SC,DEL01-SC,UOP01-DEL01-SC,2017
8020.0,2017-01-30,segunda-feira,17:35:00,SC,282,373.0,ERVAL VELHO,Pista Escorregadia,Saída de leito carroçável,Com Vítimas Feridas,Pleno dia,Decrescente,Chuva,Simples,Declive,Não,2,0,1,0,1,0,1,1,-27.27812804,-51.44039154,SPRF-SC,DEL07-SC,UOP05-DEL07-SC,2017
8063.0,2017-01-31,terça-feira,07:20:00,SC,282,3.0,FLORIANOPOLIS,Falta de Atenção à Condução,Colisão lateral,Com Vítimas Feridas,Amanhecer,Decrescente,Chuva,Dupla,Curva,Sim,2,0,1,0,1,0,1,2,-27.6003,-48.5996,SPRF-SC,DEL01-SC,UOP01-DEL01-SC,2017
8094.0,2017-01-25,quarta-feira,08:00:00,SC,282,80.0,RANCHO QUEIMADO,Mal Súbito,Saída de leito carroçável,Com Vítimas Feridas,Pleno dia,Decrescente,Chuva,Simples,Curva,Não,2,0,1,0,1,0,1,1,-27.66352099,-49.15950414,SPRF-SC,DEL01-SC,UOP03-DEL01-SC,2017
8202.0,2017-01-31,terça-feira,11:18:00,SC,282,48.7,AGUAS MORNAS,Velocidade Incompatível,Colisão com objeto estático,Sem Vítimas,Pleno dia,Crescente,Chuva,Simples,Curva,Não,1,0,0,0,1,0,0,1,-27.71359042,-48.9436936,SPRF-SC,DEL01-SC,UOP03-DEL01-SC,2017
8246.0,2017-01-31,terça-feira,12:45:00,SC,282,52.9,AGUAS MORNAS,Falta de Atenção à Condução,Saída de leito carroçável,Com Vítimas Feridas,Pleno dia,Decrescente,Chuva,Simples,Curva,Não,3,0,2,0,0,1,2,1,-27.69230731,-48.97009454,SPRF-SC,DEL01-SC,UOP03-DEL01-SC,2017
8270.0,2017-01-31,terça-feira,21:45:00,SC,282,599.2,CUNHA PORA,Velocidade Incompatível,Saída de leito carroçável,Com Vítimas Feridas,Plena Noite,Decrescente,Chuva,Simples,Curva,Não,1,0,0,1,0,0,1,1,-26.8166861,-53.16105041,SPRF-SC,DEL07-SC,UOP02-DEL07-SC,2017
8441.0,2017-02-01,quarta-feira,18:39:00,SC,282,49.5,AGUAS MORNAS,Defeito Mecânico no Veículo,Colisão lateral,Com Vítimas Feridas,Pleno dia,Decrescente,Chuva,Simples,Reta;Declive,Não,7,0,2,0,4,1,2,3,-27.7096441,-48.94910223,SPRF-SC,DEL01-SC,UOP03-DEL01-SC,2017
8594.0,2017-02-02,quinta-feira,09:50:00,SC,282,244.0,SAO JOSE DO CERRITO,Avarias e/ou desgaste excessivo no pneu,Capotamento,Sem Vítimas,Pleno dia,Crescente,Nublado,Simples,Curva,Não,1,0,0,0,1,0,0,1,-27.73508557,-50.521456,SPRF-SC,DEL05-SC,UOP02-DEL05-SC,2017
8622.0,2017-02-02,quinta-feira,15:00:00,SC,282,274.0,SAO JOSE DO CERRITO,Velocidade Incompatível,Saída de leito carroçável,Sem Vítimas,Pleno dia,Crescente,Chuva,Simples,Curva,Não,1,0,0,0,1,0,0,1,-27.6117,-50.718,SPRF-SC,DEL05-SC,UOP02-DEL05-SC,2017
8880.0,2017-02-03,sexta-feira,15:10:00,SC,282,74.9,RANCHO QUEIMADO,Falta de Atenção à Condução,Colisão traseira,Sem Vítimas,Pleno dia,Crescente,Céu Claro,Simples,Curva,Não,2,0,0,0,2,0,0,2,-27.6801851,-49.0247005,SPRF-SC,DEL01-SC,UOP03-DEL01-SC,2017
8985.0,2017-02-03,sexta-feira,14:20:00,SC,282,49.5,AGUAS MORNAS,Velocidade Incompatível,Saída de leito carroçável,Com Vítimas Feridas,Pleno dia,Decrescente,Chuva,Simples,Curva,Não,1,0,1,0,0,0,1,1,-27.72093534,-48.92659307,SPRF-SC,DEL01-SC,UOP03-DEL01-SC,2017
8988.0,2017-02-03,sexta-feira,18:00:00,SC,282,49.5,AGUAS MORNAS,Velocidade Incompatível,Saída de leito carroçável,Com Vítimas Feridas,Pleno dia,Decrescente,Chuva,Simples,Curva,Não,1,0,1,0,0,0,1,1,-27.72083087,-48.92655551,SPRF-SC,DEL01-SC,UOP03-DEL01-SC,2017
9179.0,2017-02-04,sábado,15:15:00,SC,282,43.7,AGUAS MORNAS,Velocidade Incompatível,Capotamento,Com Vítimas Feridas,Pleno dia,Decrescente,Céu Claro,Simples,Curva,Não,5,0,2,2,1,0,4,1,-27.72206695,-48.90616447,SPRF-SC,DEL01-SC,UOP03-DEL01-SC,2017
9312.0,2017-02-04,sábado,23:20:00,SC,282,0.7,FLORIANOPOLIS,Falta de Atenção à Condução,Colisão lateral,Sem Vítimas,Plena Noite,Decrescente,Nublado,Dupla,Reta,Sim,5,0,0,0,5,0,0,3,-27.59986068,-48.57596002,SPRF-SC,DEL01-SC,UOP01-DEL01-SC,2017
9354.0,2017-02-05,domingo,01:30:00,SC,282,676.1,PARAISO,Ingestão de Álcool,Queda de ocupante de veículo,Com Vítimas Feridas,Plena Noite,Decrescente,Céu Claro,Simples,Curva,Não,1,0,0,1,0,0,1,1,-26.60986265,-53.72717857,SPRF-SC,DEL07-SC,UOP03-DEL07-SC,2017
9368.0,2017-02-05,domingo,03:45:00,SC,282,529.8,CORDILHEIRA ALTA,Ingestão de Álcool,Saída de leito carroçável,Com Vítimas Feridas,Plena Noite,Crescente,Céu Claro,Simples,Curva,Sim,1,0,1,0,0,0,1,1,-26.98582627,-52.60460973,SPRF-SC,DEL07-SC,UOP01-DEL07-SC,2017
9443.0,2017-02-05,domingo,09:20:00,SC,282,544.8,CHAPECO,Velocidade Incompatível,Colisão com objeto estático,Sem Vítimas,Pleno dia,Decrescente,Chuva,Simples,Reta,Não,1,0,0,0,1,0,0,1,-26.98819777,-52.73250446,SPRF-SC,DEL07-SC,UOP01-DEL07-SC,2017
9658.0,2017-02-05,domingo,21:45:00,SC,282,229.8,LAGES,Ingestão de Álcool,Saída de leito carroçável,Sem Vítimas,Plena Noite,Decrescente,Céu Claro,Simples,Reta,Não,1,0,0,0,0,1,0,1,-27.78838387,-50.42311488,SPRF-SC,DEL05-SC,UOP02-DEL05-SC,2017
10273.0,2017-02-08,quarta-feira,13:45:00,SC,282,70.0,RANCHO QUEIMADO,Falta de Atenção à Condução,Capotamento,Com Vítimas Feridas,Pleno dia,Decrescente,Garoa/Chuvisco,Simples,Curva;Declive,Não,3,0,1,0,2,0,1,1,-27.6928,-49.0914,SPRF-SC,DEL01-SC,UOP03-DEL01-SC,2017
10283.0,2017-02-04,sábado,19:40:00,SC,282,235.0,LAGES,Condutor Dormindo,Saída de leito carroçável,Com Vítimas Feridas,Anoitecer,Crescente,Céu Claro,Simples,Curva,Não,2,0,1,0,1,0,1,1,-27.7837,-50.4729,SPRF-SC,DEL05-SC,UOP02-DEL05-SC,2017
10512.0,2017-02-09,quinta-feira,12:20:00,SC,282,21.0,PALHOCA,Falta de Atenção à Condução,Colisão frontal,Com Vítimas Feridas,Pleno dia,Decrescente,Céu Claro,Simples,Reta,Sim,3,0,0,1,2,0,1,3,-27.6889,-48.7187,SPRF-SC,DEL01-SC,UOP02-DEL01-SC,2017
10514.0,2017-02-09,quinta-feira,12:45:00,SC,282,5.0,SAO JOSE,Falta de Atenção à Condução,Colisão lateral,Com Vítimas Feridas,Pleno dia,Decrescente,Céu Claro,Dupla,Reta,Sim,3,0,1,0,2,0,1,2,-27.5876052,-48.61442685,SPRF-SC,DEL01-SC,UOP01-DEL01-SC,2017
10590.0,2017-02-09,quinta-feira,16:50:00,SC,282,629.2,IRACEMINHA,Pista Escorregadia,Saída de leito carroçável,Sem Vítimas,Pleno dia,Crescente,Chuva,Simples,Declive;Curva,Não,1,0,0,0,1,0,0,1,-26.82041331,-53.37948918,SPRF-SC,DEL07-SC,UOP03-DEL07-SC,2017
10658.0,2017-02-10,sexta-feira,00:50:00,SC,282,577.6,PINHALZINHO,Ingestão de Álcool,Colisão com objeto estático,Sem Vítimas,Plena Noite,Crescente,Nublado,Simples,Interseção de Vias,Sim,1,0,0,0,1,0,0,1,-26.85311262,-52.97990828,SPRF-SC,DEL07-SC,UOP02-DEL07-SC,2017
10751.0,2017-02-10,sexta-feira,08:30:00,SC,282,421.5,VARGEM BONITA,Falta de Atenção à Condução,Colisão lateral,Com Vítimas Feridas,Pleno dia,Crescente,Céu Claro,Simples,Curva,Não,3,0,1,0,2,0,1,3,-26.98082859,-51.75611973,SPRF-SC,DEL07-SC,UOP05-DEL07-SC,2017
10820.0,2017-02-10,sexta-feira,14:45:00,SC,282,4.4,FLORIANOPOLIS,Desobediência às normas de trânsito pelo condutor,Colisão lateral,Sem Vítimas,Pleno dia,Decrescente,Céu Claro,Simples,Reta,Sim,1,0,0,0,1,0,0,1,-27.59224074,-48.60584915,SPRF-SC,DEL01-SC,UOP01-DEL01-SC,2017
10916.0,2017-02-10,sexta-feira,18:20:00,SC,282,280.6,SAO JOSE DO CERRITO,Falta de Atenção do Pedestre,Atropelamento de Pedestre,Com Vítimas Fatais,Pleno dia,Decrescente,Céu Claro,Simples,Reta,Sim,4,1,0,0,1,2,0,2,-27.5763412,-50.77952474,SPRF-SC,DEL05-SC,UOP02-DEL05-SC,2017
10966.0,2017-02-11,sábado,00:05:00,SC,282,31.2,AGUAS MORNAS,Condutor Dormindo,Colisão transversal,Sem Vítimas,Plena Noite,Crescente,Nublado,Simples,Reta,Não,3,0,0,0,3,0,0,3,-27.69761999,-48.7952385,SPRF-SC,DEL01-SC,UOP03-DEL01-SC,2017
11126.0,2017-02-11,sábado,13:40:00,SC,282,603.1,MARAVILHA,Velocidade Incompatível,Saída de leito carroçável,Sem Vítimas,Pleno dia,Crescente,Chuva,Simples,Reta,Não,1,0,0,0,1,0,0,1,-26.79866634,-53.19127713,SPRF-SC,DEL07-SC,UOP02-DEL07-SC,2017
11152.0,2017-02-11,sábado,14:45:00,SC,282,603.0,MARAVILHA,Velocidade Incompatível,Colisão frontal,Com Vítimas Feridas,Pleno dia,Decrescente,Chuva,Simples,Curva,Não,8,0,6,2,0,0,8,2,-26.7995,-53.1909,SPRF-SC,DEL07-SC,UOP02-DEL07-SC,2017
11155.0,2017-02-11,sábado,16:10:00,SC,282,15.9,PALHOCA,Falta de Atenção à Condução,Colisão transversal,Sem Vítimas,Pleno dia,Crescente,Nublado,Simples,Reta,Sim,2,0,0,0,2,0,0,2,-27.65907061,-48.68243326,SPRF-SC,DEL01-SC,UOP02-DEL01-SC,2017
11187.0,2017-02-11,sábado,16:20:00,SC,282,499.8,XANXERE,Falta de Atenção à Condução,Colisão frontal,Com Vítimas Feridas,Pleno dia,Crescente,Chuva,Simples,Reta,Sim,4,0,2,0,2,0,2,2,-26.8846373,-52.39164093,SPRF-SC,DEL07-SC,UOP01-DEL07-SC,2017
11248.0,2017-02-11,sábado,21:30:00,SC,282,67.6,RANCHO QUEIMADO,Velocidade Incompatível,Saída de leito carroçável,Com Vítimas Feridas,Plena Noite,Crescente,Chuva,Simples,Curva,Não,2,0,1,0,1,0,1,1,-27.69159386,-49.07178517,SPRF-SC,DEL01-SC,UOP03-DEL01-SC,2017
11323.0,2017-02-12,domingo,02:00:00,SC,282,85.9,RANCHO QUEIMADO,Velocidade Incompatível,Capotamento,Com Vítimas Feridas,Pleno dia,Crescente,Chuva,Simples,Curva,Não,1,0,1,0,0,0,1,1,-27.66153497,-49.17304874,SPRF-SC,DEL01-SC,UOP03-DEL01-SC,2017
11351.0,2017-02-12,domingo,06:15:00,SC,282,608.4,MARAVILHA,Ingestão de Álcool,Tombamento,Com Vítimas Feridas,Amanhecer,Crescente,Nublado,Simples,Reta,Não,1,0,1,0,0,0,1,1,-26.76179883,-53.22145086,SPRF-SC,DEL07-SC,UOP02-DEL07-SC,2017
11376.0,2017-02-12,domingo,08:20:00,SC,282,89.0,ALFREDO WAGNER,Pista Escorregadia,Capotamento,Sem Vítimas,Pleno dia,Crescente,Garoa/Chuvisco,Simples,Curva,Não,3,0,0,0,3,0,0,1,-27.678,-49.2155,SPRF-SC,DEL01-SC,UOP03-DEL01-SC,2017
11384.0,2017-02-12,domingo,08:10:00,SC,282,72.1,RANCHO QUEIMADO,Pista Escorregadia,Saída de leito carroçável,Sem Vítimas,Pleno dia,Crescente,Chuva,Simples,Curva,Não,1,0,0,0,1,0,0,1,-27.68697187,-49.10216922,SPRF-SC,DEL01-SC,UOP03-DEL01-SC,2017
11391.0,2017-02-12,domingo,09:00:00,SC,282,38.7,AGUAS MORNAS,Pista Escorregadia,Capotamento,Com Vítimas Feridas,Pleno dia,Crescente,Garoa/Chuvisco,Simples,Curva,Não,4,0,1,0,3,0,1,1,-27.71331814,-48.85865808,SPRF-SC,DEL01-SC,UOP03-DEL01-SC,2017
11397.0,2017-02-12,domingo,04:50:00,SC,282,672.0,PARAISO,Velocidade Incompatível,Queda de ocupante de veículo,Com Vítimas Feridas,Plena Noite,Crescente,Nublado,Simples,Curva,Não,2,0,0,2,0,0,2,1,-26.6102,-53.6903,SPRF-SC,DEL07-SC,UOP03-DEL07-SC,2017
11434.0,2017-02-12,domingo,14:40:00,SC,282,82.0,ALFREDO WAGNER,Velocidade Incompatível,Colisão frontal,Com Vítimas Feridas,Pleno dia,Decrescente,Céu Claro,Simples,Curva,Não,7,0,6,0,1,0,6,3,-27.6619,-49.1783,SPRF-SC,DEL01-SC,UOP03-DEL01-SC,2017
11445.0,2017-02-12,domingo,16:00:00,SC,282,590.5,SAUDADES,Defeito na Via,Tombamento,Com Vítimas Fatais,Pleno dia,Decrescente,Nublado,Simples,Curva,Não,1,1,0,0,0,0,0,1,-26.8277,-53.0776,SPRF-SC,DEL07-SC,UOP02-DEL07-SC,2017
11529.0,2017-02-12,domingo,18:35:00,SC,282,512.2,XANXERE,Ultrapassagem Indevida,Capotamento,Sem Vítimas,Pleno dia,Crescente,Nublado,Simples,Reta,Não,3,0,0,0,3,0,0,3,-26.91080301,-52.47207642,SPRF-SC,DEL07-SC,UOP01-DEL07-SC,2017
11643.0,2017-02-13,segunda-feira,01:00:00,SC,282,511.1,XANXERE,Ingestão de Álcool,Saída de leito carroçável,Sem Vítimas,Plena Noite,Decrescente,Céu Claro,Simples,Curva,Não,1,0,0,0,1,0,0,1,-26.90342887,-52.4627021,SPRF-SC,DEL07-SC,UOP01-DEL07-SC,2017