id,data_inversa,dia_semana,horario,uf,br,km,municipio,causa_acidente,tipo_acidente,classificacao_acidente,fase_dia,sentido_via,condicao_metereologica,tipo_pista,tracado_via,uso_solo,pessoas,mortos,feridos_leves,feridos_graves,ilesos,ignorados,feridos,veiculos,latitude,longitude,regional,delegacia,uop,ano_arquivo
23070.0,2017-03-26,domingo,15:00:00,SC,282,226.3,LAGES,Velocidade Incompatível,Saída de leito carroçável,Com Vítimas Feridas,Pleno dia,Crescente,Céu Claro,Simples,Curva,Não,3,0,3,0,0,0,3,1,-27.79618589,-50.39222717,SPRF-SC,DEL05-SC,UOP02-DEL05-SC,2017
23088.0,2017-03-26,domingo,21:45:00,SC,282,502.5,XANXERE,Falta de Atenção à Condução,Colisão traseira,Sem Vítimas,Plena Noite,Crescente,Ignorado,Dupla,Rotatória,Sim,2,0,0,0,2,0,0,2,-26.88468906,-52.39199638,SPRF-SC,DEL07-SC,UOP01-DEL07-SC,2017
23122.0,2017-03-26,domingo,19:10:00,SC,282,138.0,FLORIANOPOLIS,Falta de Atenção à Condução,Colisão lateral,Com Vítimas Feridas,Plena Noite,Decrescente,Céu Claro,Simples,Declive,Não,2,0,1,0,1,0,1,2,-27.5953778,-48.5480499,SPRF-SC,DEL05-SC,UOP01-DEL05-SC,2017
23185.0,2017-03-27,segunda-feira,06:40:00,SC,282,619.0,IRACEMINHA,Desobediência às normas de trânsito pelo condutor,Colisão frontal,Com Vítimas Feridas,Pleno dia,Crescente,Céu Claro,Simples,Declive,Não,4,0,1,2,1,0,3,2,-26.79534402,-53.30066442,SPRF-SC,DEL07-SC,UOP02-DEL07-SC,2017
23375.0,2017-03-27,segunda-feira,18:30:00,SC,282,37.5,AGUAS MORNAS,Velocidade Incompatível,Colisão com objeto estático,Com Vítimas Feridas,Plena Noite,Crescente,Nublado,Simples,Curva,Não,1,0,0,1,0,0,1,1,-27.70832029,-48.84775078,SPRF-SC,DEL01-SC,UOP03-DEL01-SC,2017
23462.0,2017-03-28,terça-feira,09:00:00,SC,282,408.0,CATANDUVAS,Velocidade Incompatível,Capotamento,Com Vítimas Feridas,Pleno dia,Decrescente,Céu Claro,Simples,Curva,Não,1,0,1,0,0,0,1,1,-27.0616,-51.673,SPRF-SC,DEL07-SC,UOP05-DEL07-SC,2017
23489.0,2017-03-28,terça-feira,11:04:00,SC,282,4.9,SAO JOSE,Não guardar distância de segurança,Colisão traseira,Com Vítimas Feridas,Pleno dia,Decrescente,Chuva,Dupla,Reta,Sim,3,0,2,0,1,0,2,2,-27.58947426,-48.61039184,SPRF-SC,DEL01-SC,UOP01-DEL01-SC,2017
23975.0,2017-03-30,quinta-feira,10:20:00,SC,282,3.0,FLORIANOPOLIS,Não guardar distância de segurança,Colisão traseira,Com Vítimas Feridas,Pleno dia,Decrescente,Céu Claro,Dupla,Reta,Sim,2,0,1,0,1,0,1,2,-27.60060276,-48.59847978,SPRF-SC,DEL01-SC,UOP01-DEL01-SC,2017
24078.0,2017-03-30,quinta-feira,18:45:00,SC,282,605.0,MARAVILHA,Falta de Atenção à Condução,Colisão traseira,Sem Vítimas,Plena Noite,Crescente,Céu Claro,Simples,Reta,Sim,3,0,0,0,3,0,0,3,-26.78894654,-53.19489956,SPRF-SC,DEL07-SC,UOP02-DEL07-SC,2017
24124.0,2017-03-30,quinta-feira,22:40:00,SC,282,645.0,SAO MIGUEL DO OESTE,Desobediência às normas de trânsito pelo condutor,Colisão transversal,Sem Vítimas,Plena Noite,Decrescente,Céu Claro,Simples,Rotatória,Sim,2,0,0,0,2,0,0,2,-26.76121196,-53.50070357,SPRF-SC,DEL07-SC,UOP03-DEL07-SC,2017
24216.0,2017-03-31,sexta-feira,09:40:00,SC,282,16.0,PALHOCA,Falta de Atenção à Condução,Colisão transversal,Com Vítimas Feridas,Pleno dia,Crescente,Céu Claro,Simples,Reta,Sim,2,0,1,0,1,0,1,2,-27.6594,-48.6826,SPRF-SC,DEL01-SC,UOP02-DEL01-SC,2017
24303.0,2017-03-31,sexta-feira,14:45:00,SC,282,26.0,SANTO AMARO DA IMPERATRIZ,Desobediência às normas de trânsito pelo condutor,Colisão frontal,Com Vítimas Feridas,Pleno dia,Decrescente,Céu Claro,Simples,Retorno Regulamentado,Sim,2,0,1,0,1,0,1,2,-27.67595166,-48.76759565,SPRF-SC,DEL01-SC,UOP03-DEL01-SC,2017
24357.0,2017-03-31,sexta-feira,19:10:00,SC,282,4.8,FLORIANOPOLIS,Ingestão de Álcool,Colisão traseira,Sem Vítimas,Plena Noite,Decrescente,Céu Claro,Dupla,Reta,Sim,2,0,0,0,2,0,0,2,-27.58994379,-48.60949274,SPRF-SC,DEL01-SC,UOP01-DEL01-SC,2017
24493.0,2017-04-01,sábado,09:10:00,SC,282,49.0,AGUAS MORNAS,Pista Escorregadia,Saída de leito carroçável,Com Vítimas Feridas,Pleno dia,Decrescente,Garoa/Chuvisco,Simples,Curva,Não,5,0,2,0,3,0,2,2,-27.712,-48.9445,SPRF-SC,DEL01-SC,UOP03-DEL01-SC,2017
24495.0,2017-04-01,sábado,08:40:00,SC,282,46.1,AGUAS MORNAS,Velocidade Incompatível,Saída de leito carroçável,Sem Vítimas,Pleno dia,Decrescente,Chuva,Simples,Curva,Não,2,0,0,0,2,0,0,1,-27.72081999,-48.92743934,SPRF-SC,DEL01-SC,UOP03-DEL01-SC,2017
24653.0,2017-04-01,sábado,15:45:00,SC,282,532.9,CORDILHEIRA ALTA,Falta de Atenção à Condução,Saída de leito carroçável,Sem Vítimas,Pleno dia,Decrescente,Céu Claro,Simples,Curva,Não,1,0,0,0,1,0,0,1,-26.99518598,-52.62649775,SPRF-SC,DEL07-SC,UOP01-DEL07-SC,2017
24692.0,2017-04-01,sábado,19:15:00,SC,282,280.0,PINHALZINHO,Falta de Atenção à Condução,Saída de leito carroçável,Com Vítimas Feridas,Plena Noite,Crescente,Céu Claro,Simples,Reta,Sim,1,0,1,0,0,0,1,1,-26.83659201,-52.98903733,SPRF-SC,DEL05-SC,UOP02-DEL05-SC,2017
24952.0,2017-04-02,domingo,19:15:00,SC,282,330.0,CAMPOS NOVOS,Desobediência às normas de trânsito pelo condutor,Colisão frontal,Com Vítimas Feridas,Anoitecer,Decrescente,Céu Claro,Simples,Reta,Não,3,0,1,0,2,0,1,2,-27.3925,-51.1362,SPRF-SC,DEL07-SC,UOP06-DEL07-SC,2017
25014.0,2017-04-02,domingo,21:00:00,SC,282,577.7,PINHALZINHO,Ingestão de Álcool,Colisão transversal,Sem Vítimas,Plena Noite,Decrescente,Céu Claro,Simples,Rotatória,Sim,3,0,0,0,3,0,0,2,-26.85254139,-52.98032284,SPRF-SC,DEL07-SC,UOP02-DEL07-SC,2017
25017.0,2017-04-02,domingo,19:50:00,SC,282,580.9,PINHALZINHO,Ultrapassagem Indevida,Colisão frontal,Com Vítimas Feridas,Plena Noite,Decrescente,Céu Claro,Simples,Aclive;Reta,Não,3,0,0,1,2,0,1,2,-26.82974801,-52.99670136,SPRF-SC,DEL07-SC,UOP02-DEL07-SC,2017
25222.0,2017-04-03,segunda-feira,10:30:00,SC,282,47.4,AGUAS MORNAS,Pista Escorregadia,Capotamento,Sem Vítimas,Pleno dia,Decrescente,Chuva,Simples,Curva,Não,1,0,0,0,1,0,0,1,-27.71779766,-48.93879962,SPRF-SC,DEL01-SC,UOP03-DEL01-SC,2017
25229.0,2017-04-03,segunda-feira,19:50:00,SC,282,496.1,XANXERE,Deficiência ou não Acionamento do Sistema de Iluminação/Sinalização do Veículo,Colisão traseira,Com Vítimas Feridas,Plena Noite,Crescente,Ignorado,Simples,Reta,Não,3,0,1,1,1,0,2,2,-26.88008993,-52.3555692,SPRF-SC,DEL07-SC,UOP01-DEL07-SC,2017
25242.0,2017-04-03,segunda-feira,21:30:00,SC,282,46.2,AGUAS MORNAS,Velocidade Incompatível,Saída de leito carroçável,Sem Vítimas,Plena Noite,Decrescente,Chuva,Simples,Curva,Não,1,0,0,0,1,0,0,1,-27.72083997,-48.92837871,SPRF-SC,DEL01-SC,UOP03-DEL01-SC,2017
25332.0,2017-03-06,segunda-feira,05:40:00,SC,282,18.0,PALHOCA,Falta de Atenção à Condução,Colisão transversal,Com Vítimas Feridas,Amanhecer,Decrescente,Ignorado,Simples,Reta,Não,2,0,1,0,0,1,1,2,-27.6735,-48.6949,SPRF-SC,DEL01-SC,UOP02-DEL01-SC,2017
25376.0,2017-04-04,terça-feira,14:48:00,SC,282,5.0,SAO JOSE,Não guardar distância de segurança,Colisão traseira,Com Vítimas Feridas,Pleno dia,Crescente,Sol,Dupla,Reta,Sim,1,0,1,0,0,0,1,1,-27.59083821,-48.60753492,SPRF-SC,DEL01-SC,UOP01-DEL01-SC,2017
25428.0,2017-04-04,terça-feira,18:18:00,SC,282,17.3,PALHOCA,Falta de Atenção à Condução,Colisão transversal,Com Vítimas Feridas,Plena Noite,Decrescente,Nublado,Simples,Reta,Sim,2,0,1,0,1,0,1,2,-27.66859676,-48.69055713,SPRF-SC,DEL01-SC,UOP02-DEL01-SC,2017
25532.0,2017-04-05,quarta-feira,08:30:00,SC,282,446.1,PONTE SERRADA,Pista Escorregadia,Saída de leito carroçável,Sem Vítimas,Pleno dia,Crescente,Chuva,Simples,Curva,Não,1,0,0,0,1,0,0,1,-26.91235036,-51.90525055,SPRF-SC,DEL07-SC,UOP04-DEL07-SC,2017
25538.0,2017-01-03,terça-feira,11:00:00,SC,282,204.3,LAGES,Falta de Atenção à Condução,Engavetamento,Sem Vítimas,Pleno dia,Crescente,Céu Claro,Simples,Aclive,Não,3,0,0,0,3,0,0,3,-27.7676,-50.1656,SPRF-SC,DEL05-SC,UOP01-DEL05-SC,2017
26112.0,2017-04-05,quarta-feira,15:30:00,SC,282,584.7,PINHALZINHO,Velocidade Incompatível,Tombamento,Sem Vítimas,Pleno dia,Decrescente,Chuva,Simples,Curva,Não,1,0,0,0,1,0,0,1,-26.83203638,-53.0241394,SPRF-SC,DEL07-SC,UOP02-DEL07-SC,2017
26119.0,2017-04-05,quarta-feira,11:50:00,SC,282,487.4,FAXINAL DOS GUEDES,Velocidade Incompatível,Saída de leito carroçável,Sem Vítimas,Pleno dia,Crescente,Chuva,Simples,Curva,Sim,2,0,0,0,2,0,0,1,-26.86791292,-52.27339983,SPRF-SC,DEL07-SC,UOP01-DEL07-SC,2017
26198.0,2017-04-06,quinta-feira,04:50:00,SC,282,525.9,XAXIM,Velocidade Incompatível,Saída de leito carroçável,Sem Vítimas,Plena Noite,Crescente,Nevoeiro/Neblina,Simples,Curva,Não,1,0,0,0,1,0,0,1,-26.96793034,-52.5723505,SPRF-SC,DEL07-SC,UOP01-DEL07-SC,2017
26353.0,2017-04-06,quinta-feira,16:00:00,SC,282,1.0,FLORIANOPOLIS,Desobediência às normas de trânsito pelo condutor,Colisão lateral,Com Vítimas Feridas,Pleno dia,Decrescente,Céu Claro,Dupla,Reta,Sim,2,0,2,0,0,0,2,2,-27.6018,-48.5789,SPRF-SC,DEL01-SC,UOP01-DEL01-SC,2017
26448.0,2017-04-06,quinta-feira,22:15:00,SC,282,4.5,SAO JOSE,Falta de Atenção do Pedestre,Atropelamento de Pedestre,Com Vítimas Fatais,Plena Noite,Crescente,Céu Claro,Dupla,Declive,Sim,2,1,0,1,0,0,1,2,-27.59135237,-48.60679546,SPRF-SC,DEL01-SC,UOP01-DEL01-SC,2017
26461.0,2017-04-07,sexta-feira,00:05:00,SC,282,24.8,SANTO AMARO DA IMPERATRIZ,Sinalização da via insuficiente ou inadequada,Colisão com objeto estático,Sem Vítimas,Plena Noite,Crescente,Nublado,Simples,Desvio Temporário;Viaduto;Interseção de Vias;Em Obras,Sim,1,0,0,0,1,0,0,1,-27.67827408,-48.75242114,SPRF-SC,DEL01-SC,UOP03-DEL01-SC,2017
26531.0,2017-01-09,segunda-feira,17:03:00,SC,282,296.0,VARGEM,Falta de Atenção à Condução,Capotamento,Sem Vítimas,Anoitecer,Crescente,Ignorado,Dupla,Curva,Não,1,0,0,0,1,0,0,1,-27.5258,-50.8884,SPRF-SC,DEL07-SC,UOP06-DEL07-SC,2017
26544.0,2017-04-07,sexta-feira,09:00:00,SC,282,87.0,ALFREDO WAGNER,Velocidade Incompatível,Saída de leito carroçável,Com Vítimas Feridas,Pleno dia,Crescente,Nublado,Simples,Curva,Não,1,0,1,0,0,0,1,1,-27.6643,-49.2059,SPRF-SC,DEL01-SC,UOP03-DEL01-SC,2017
26628.0,2017-04-07,sexta-feira,16:30:00,SC,282,3.5,FLORIANOPOLIS,Não guardar distância de segurança,Colisão lateral,Com Vítimas Feridas,Pleno dia,Crescente,Nublado,Dupla,Reta,Sim,2,0,1,0,1,0,1,2,-27.59700614,-48.60094749,SPRF-SC,DEL01-SC,UOP01-DEL01-SC,2017
26674.0,2017-04-07,sexta-feira,17:00:00,SC,282,2.0,FLORIANOPOLIS,Falta de Atenção à Condução,Colisão lateral,Sem Vítimas,Anoitecer,Crescente,Céu Claro,Dupla,Reta,Sim,2,0,0,0,2,0,0,2,-27.6033,-48.5885,SPRF-SC,DEL01-SC,UOP01-DEL01-SC,2017
26696.0,2017-04-07,sexta-feira,18:00:00,SC,282,3.0,FLORIANOPOLIS,Falta de Atenção à Condução,Colisão traseira,Com Vítimas Feridas,Anoitecer,Crescente,Céu Claro,Múltipla,Declive,Sim,2,0,0,1,1,0,1,2,-27.6003,-48.5996,SPRF-SC,DEL01-SC,UOP01-DEL01-SC,2017
26748.0,2017-04-07,sexta-feira,22:45:00,SC,282,224.1,LAGES,Desobediência às normas de trânsito pelo condutor,Colisão transversal,Sem Vítimas,Plena Noite,Decrescente,Nublado,Simples,Rotatória;Interseção de Vias,Sim,2,0,0,0,2,0,0,2,-27.79986828,-50.3633666,SPRF-SC,DEL05-SC,UOP02-DEL05-SC,2017
26883.0,2017-04-08,sábado,09:20:00,SC,282,40.8,AGUAS MORNAS,Ultrapassagem Indevida,Colisão transversal,Com Vítimas Feridas,Pleno dia,Crescente,Chuva,Simples,Reta,Sim,2,0,1,0,1,0,1,2,-27.71631474,-48.8795954,SPRF-SC,DEL01-SC,UOP03-DEL01-SC,2017
26926.0,2017-04-08,sábado,07:30:00,SC,282,18.5,PALHOCA,Falta de Atenção à Condução,Saída de leito carroçável,Sem Vítimas,Pleno dia,Decrescente,Chuva,Simples,Reta,Sim,1,0,0,0,0,1,0,1,-27.67634614,-48.69884466,SPRF-SC,DEL01-SC,UOP02-DEL01-SC,2017
26948.0,2017-04-08,sábado,11:30:00,SC,282,45.6,AGUAS MORNAS,Pista Escorregadia,Saída de leito carroçável,Com Vítimas Feridas,Pleno dia,Decrescente,Chuva,Simples,Curva,Não,2,0,2,0,0,0,2,1,-27.71928277,-48.92211914,SPRF-SC,DEL01-SC,UOP03-DEL01-SC,2017
27042.0,2017-04-08,sábado,18:00:00,SC,282,527.0,XAXIM,Ingestão de Álcool,Tombamento,Com Vítimas Feridas,Anoitecer,Crescente,Nublado,Simples,Curva,Não,2,0,2,0,0,0,2,1,-26.97375706,-52.58464068,SPRF-SC,DEL07-SC,UOP01-DEL07-SC,2017
27070.0,2017-04-08,sábado,17:20:00,SC,282,326.1,CAMPOS NOVOS,Falta de Atenção à Condução,Colisão frontal,Sem Vítimas,Pleno dia,Crescente,Céu Claro,Simples,Reta,Não,1,0,0,0,1,0,0,1,-27.3825805,-51.10192418,SPRF-SC,DEL07-SC,UOP06-DEL07-SC,2017
27082.0,2017-04-08,sábado,20:00:00,SC,282,49.0,AGUAS MORNAS,Velocidade Incompatível,Saída de leito carroçável,Sem Vítimas,Plena Noite,Crescente,Chuva,Simples,Curva,Não,1,0,0,0,1,0,0,1,-27.71239682,-48.94418836,SPRF-SC,DEL01-SC,UOP03-DEL01-SC,2017
27145.0,2017-04-08,sábado,23:10:00,SC,282,599.7,CUNHA PORA,Ingestão de Álcool,Saída de leito carroçável,Com Vítimas Feridas,Pleno dia,Crescente,Chuva,Simples,Reta,Não,1,0,1,0,0,0,1,1,-26.81437456,-53.16468284,SPRF-SC,DEL07-SC,UOP02-DEL07-SC,2017
27194.0,2017-04-09,domingo,03:50:00,SC,480,125.7,CHAPECO,Ingestão de Álcool,Colisão frontal,Sem Vítimas,Plena Noite,Decrescente,Nublado,Simples,Reta,Sim,2,0,0,0,2,0,0,2,-27.0968,-52.6186,SPRF-SC,DEL07-SC,UOP01-DEL07-SC,2017
27236.0,2017-04-09,domingo,08:40:00,SC,282,69.0,RANCHO QUEIMADO,Falta de Atenção à Condução,Saída de leito carroçável,Com Vítimas Feridas,Pleno dia,Decrescente,Chuva,Simples,Curva,Não,2,0,0,1,1,0,1,1,-27.6902,-49.0846,SPRF-SC,DEL01-SC,UOP03-DEL01-SC,2017
27249.0,2017-04-09,domingo,06:55:00,SC,282,540.2,CHAPECO,Sinalização da via insuficiente ou inadequada,Colisão frontal,Com Vítimas Fatais,Pleno dia,Crescente,Nublado,Simples,Curva,Não,6,1,0,3,2,0,3,2,-27.00028851,-52.6688835,SPRF-SC,DEL07-SC,UOP01-DEL07-SC,2017
27282.0,2017-04-09,domingo,11:20:00,SC,282,0.9,FLORIANOPOLIS,Não guardar distância de segurança,Colisão traseira,Sem Vítimas,Pleno dia,Crescente,Sol,Dupla,Reta,Sim,6,0,0,0,6,0,0,6,-27.60142572,-48.57818179,SPRF-SC,DEL01-SC,UOP01-DEL01-SC,2017
27303.0,2017-04-09,domingo,13:10:00,SC,282,372.0,ERVAL VELHO,Falta de Atenção à Condução,Saída de leito carroçável,Com Vítimas Feridas,Pleno dia,Crescente,Céu Claro,Simples,Reta,Não,3,0,1,0,2,0,1,1,-27.25955093,-51.44280553,SPRF-SC,DEL07-SC,UOP05-DEL07-SC,2017
27308.0,2017-03-29,quarta-feira,22:06:00,SC,282,4.0,FLORIANOPOLIS,Falta de Atenção do Pedestre,Atropelamento de Pedestre,Com Vítimas Feridas,Plena Noite,Decrescente,Céu Claro,Múltipla,Reta,Sim,2,0,0,1,1,0,1,2,-27.60296166,-48.58060384,SPRF-SC,DEL01-SC,UOP01-DEL01-SC,2017
27524.0,2017-04-10,segunda-feira,10:00:00,SC,282,498.9,XANXERE,Sinalização da via insuficiente ou inadequada,Capotamento,Sem Vítimas,Pleno dia,Crescente,Sol,Simples,Curva,Não,1,0,0,0,1,0,0,1,-26.88060283,-52.35745251,SPRF-SC,DEL07-SC,UOP01-DEL07-SC,2017
27611.0,2017-04-10,segunda-feira,08:10:00,SC,282,220.0,LAGES,Não guardar distância de segurança,Colisão traseira,Sem Vítimas,Pleno dia,Crescente,Nublado,Simples,Rotatória,Sim,2,0,0,0,2,0,0,2,-27.79463887,-50.32748845,SPRF-SC,DEL05-SC,UOP01-DEL05-SC,2017
27652.0,2017-04-10,segunda-feira,17:30:00,SC,282,17.0,PALHOCA,Falta de Atenção à Condução,Colisão transversal,Sem Vítimas,Anoitecer,Crescente,Chuva,Simples,Interseção de Vias,Não,2,0,0,0,2,0,0,2,-27.6665,-48.6887,SPRF-SC,DEL01-SC,UOP02-DEL01-SC,2017
27673.0,2017-04-10,segunda-feira,12:30:00,SC,282,216.5,LAGES,Velocidade Incompatível,Colisão traseira,Sem Vítimas,Pleno dia,Decrescente,Céu Claro,Simples,Declive,Sim,2,0,0,0,2,0,0,2,-27.79589803,-50.2876446,SPRF-SC,DEL05-SC,UOP01-DEL05-SC,2017
27696.0,2017-04-10,segunda-feira,18:20:00,SC,282,460.1,PONTE SERRADA,Falta de Atenção à Condução,Saída de leito carroçável,Com Vítimas Feridas,Anoitecer,Decrescente,Chuva,Simples,Reta,Sim,2,0,1,0,1,0,1,1,-26.87715781,-52.01570392,SPRF-SC,DEL07-SC,UOP04-DEL07-SC,2017
27756.0,2017-04-11,terça-feira,06:30:00,SC,282,3.0,FLORIANOPOLIS,Desobediência às normas de trânsito pelo condutor,Colisão lateral,Com Vítimas Feridas,Pleno dia,Decrescente,Céu Claro,Dupla,Reta,Sim,2,0,1,0,1,0,1,2,-27.6003,-48.5996,SPRF-SC,DEL01-SC,UOP01-DEL01-SC,2017
27896.0,2017-04-11,terça-feira,10:15:00,SC,282,289.2,SAO JOSE DO CERRITO,Pista Escorregadia,Saída de leito carroçável,Sem Vítimas,Pleno dia,Decrescente,Chuva,Simples,Curva,Não,1,0,0,0,1,0,0,1,-27.5612,-50.837,SPRF-SC,DEL05-SC,UOP02-DEL05-SC,2017
27950.0,2017-04-11,terça-feira,15:00:00,SC,282,301.0,VARGEM,Pista Escorregadia,Saída de leito carroçável,Sem Vítimas,Pleno dia,Decrescente,Garoa/Chuvisco,Simples,Curva;Declive,Não,2,0,0,0,2,0,0,1,-27.5107,-50.9253,SPRF-SC,DEL07-SC,UOP06-DEL07-SC,2017
28037.0,2017-04-12,quarta-feira,08:05:00,SC,282,5.4,SAO JOSE,Não guardar distância de segurança,Colisão lateral,Com Vítimas Feridas,Pleno dia,Decrescente,Céu Claro,Dupla,Reta,Não,3,0,0,1,1,1,1,3,-27.58859889,-48.61241964,SPRF-SC,DEL01-SC,UOP01-DEL01-SC,2017
28108.0,2017-04-12,quarta-feira,13:15:00,SC,282,5.3,SAO JOSE,Não guardar distância de segurança,Queda de ocupante de veículo,Com Vítimas Feridas,Pleno dia,Decrescente,Céu Claro,Dupla,Reta,Não,3,0,1,0,2,0,1,3,-27.58790949,-48.61397624,SPRF-SC,DEL01-SC,UOP01-DEL01-SC,2017
28135.0,2017-04-12,quarta-feira,09:00:00,SC,282,16.8,PALHOCA,Ultrapassagem Indevida,Colisão transversal,Com Vítimas Feridas,Pleno dia,Crescente,Céu Claro,Simples,Reta,Sim,2,0,1,0,1,0,1,2,-27.66507239,-48.68747346,SPRF-SC,DEL01-SC,UOP02-DEL01-SC,2017
28163.0,2017-04-12,quarta-feira,17:15:00,SC,282,5.2,SAO JOSE,Falta de Atenção à Condução,Queda de ocupante de veículo,Com Vítimas Feridas,Anoitecer,Decrescente,Céu Claro,Dupla,Reta,Não,2,0,1,0,0,1,1,2,-27.58832788,-48.6131072,SPRF-SC,DEL01-SC,UOP01-DEL01-SC,2017
28204.0,2017-04-12,quarta-feira,18:50:00,SC,282,498.7,XANXERE,Falta de Atenção à Condução,Colisão transversal,Com Vítimas Feridas,Plena Noite,Crescente,Nublado,Dupla,Rotatória,Sim,2,0,0,1,1,0,1,2,-26.8825192,-52.38084522,SPRF-SC,DEL07-SC,UOP01-DEL07-SC,2017
28285.0,2017-04-13,quinta-feira,03:40:00,SC,282,21.6,SANTO AMARO DA IMPERATRIZ,Ultrapassagem Indevida,Colisão lateral,Sem Vítimas,Plena Noite,Crescente,Céu Claro,Simples,Curva,Sim,3,0,0,0,3,0,0,3,-27.68870108,-48.72445643,SPRF-SC,DEL01-SC,UOP02-DEL01-SC,2017
28340.0,2017-04-09,domingo,08:00:00,SC,282,529.9,CORDILHEIRA ALTA,Pista Escorregadia,Saída de leito carroçável,Sem Vítimas,Pleno dia,Decrescente,Garoa/Chuvisco,Simples,Curva,Não,3,0,0,0,3,0,0,1,-26.98364908,-52.602759,SPRF-SC,DEL07-SC,UOP01-DEL07-SC,2017
28437.0,2017-04-13,quinta-feira,12:00:00,SC,282,205.1,LAGES,Ultrapassagem Indevida,Saída de leito carroçável,Sem Vítimas,Pleno dia,Crescente,Céu Claro,Simples,Reta,Não,1,0,0,0,1,0,0,1,-27.76934983,-50.17624894,SPRF-SC,DEL05-SC,UOP01-DEL05-SC,2017
28467.0,2017-04-13,quinta-feira,10:30:00,SC,282,26.0,SANTO AMARO DA IMPERATRIZ,Falta de Atenção à Condução,Colisão transversal,Com Vítimas Feridas,Pleno dia,Crescente,Céu Claro,Simples,Reta,Sim,3,0,2,0,1,0,2,2,-27.6795,-48.7638,SPRF-SC,DEL01-SC,UOP03-DEL01-SC,2017
28484.0,2017-04-13,quinta-feira,13:30:00,SC,480,128.1,CHAPECO,Desobediência às normas de trânsito pelo condutor,Colisão transversal,Sem Vítimas,Pleno dia,Crescente,Sol,Simples,Interseção de Vias,Sim,2,0,0,0,2,0,0,2,-27.03895105,-52.63430834,SPRF-SC,DEL07-SC,UOP01-DEL07-SC,2017
28553.0,2017-04-13,quinta-feira,11:40:00,SC,480,124.1,CHAPECO,Falta de Atenção à Condução,Colisão traseira,Sem Vítimas,Pleno dia,Decrescente,Céu Claro,Múltipla,Reta;Aclive,Sim,2,0,0,0,2,0,0,2,-27.00094333,-52.64528275,SPRF-SC,DEL07-SC,UOP01-DEL07-SC,2017
28662.0,2017-04-13,quinta-feira,22:30:00,SC,282,2.9,SAO JOSE,Falta de Atenção à Condução,Colisão lateral,Com Vítimas Feridas,Plena Noite,Crescente,Céu Claro,Dupla,Curva,Sim,2,0,1,0,1,0,1,2,-27.60060276,-48.59847978,SPRF-SC,DEL01-SC,UOP01-DEL01-SC,2017
28735.0,2017-04-14,sexta-feira,01:25:00,SC,282,506.9,XANXERE,Falta de Atenção à Condução,Colisão com objeto estático,Sem Vítimas,Plena Noite,Crescente,Céu Claro,Dupla,Rotatória,Não,1,0,0,0,1,0,0,1,-26.88500484,-52.43404001,SPRF-SC,DEL07-SC,UOP01-DEL07-SC,2017
28753.0,2017-04-14,sexta-feira,06:30:00,SC,282,439.0,PONTE SERRADA,Defeito Mecânico no Veículo,Saída de leito carroçável,Com Vítimas Feridas,Pleno dia,Crescente,Céu Claro,Simples,Reta,Não,2,0,1,0,1,0,1,1,-26.88601918,-52.00304925,SPRF-SC,DEL07-SC,UOP04-DEL07-SC,2017
28779.0,2017-04-14,sexta-feira,08:20:00,SC,282,176.0,BOCAINA DO SUL,Falta de Atenção à Condução,Colisão traseira,Sem Vítimas,Pleno dia,Crescente,Nublado,Simples,Reta,Não,6,0,0,0,6,0,0,2,-27.7408,-49.8949,SPRF-SC,DEL05-SC,UOP01-DEL05-SC,2017
28821.0,2017-04-14,sexta-feira,12:25:00,SC,282,178.0,BOCAINA DO SUL,Velocidade Incompatível,Colisão traseira,Sem Vítimas,Pleno dia,Crescente,Garoa/Chuvisco,Simples,Curva,Não,2,0,0,0,2,0,0,2,-27.74112023,-49.92154148,SPRF-SC,DEL05-SC,UOP01-DEL05-SC,2017
28864.0,2017-04-14,sexta-feira,15:30:00,SC,282,522.7,XAXIM,Falta de Atenção à Condução,Colisão lateral,Sem Vítimas,Pleno dia,Crescente,Sol,Simples,Rotatória,Sim,2,0,0,0,2,0,0,2,-26.95947665,-52.54558504,SPRF-SC,DEL07-SC,UOP01-DEL07-SC,2017
28873.0,2017-04-14,sexta-feira,16:00:00,SC,282,544.7,CHAPECO,Falta de Atenção à Condução,Colisão lateral,Sem Vítimas,Pleno dia,Decrescente,Sol,Simples,Reta,Não,2,0,0,0,2,0,0,2,-26.99104296,-52.7272749,SPRF-SC,DEL07-SC,UOP01-DEL07-SC,2017
28967.0,2017-04-15,sábado,05:00:00,SC,282,25.1,SANTO AMARO DA IMPERATRIZ,Desobediência às normas de trânsito pelo condutor,Colisão frontal,Com Vítimas Fatais,Plena Noite,Decrescente,Céu Claro,Simples,Curva,Sim,2,1,0,0,1,0,0,2,-27.6782,-48.7543,SPRF-SC,DEL01-SC,UOP03-DEL01-SC,2017
28968.0,2017-04-15,sábado,05:50:00,SC,282,17.0,PALHOCA,Falta de Atenção à Condução,Colisão traseira,Com Vítimas Feridas,Amanhecer,Decrescente,Nublado,Simples,Reta,Sim,2,0,0,2,0,0,2,2,-27.6665,-48.6887,SPRF-SC,DEL01-SC,UOP02-DEL01-SC,2017
29056.0,2017-04-15,sábado,14:00:00,SC,480,128.3,CHAPECO,Desobediência às normas de trânsito pelo condutor,Colisão frontal,Com Vítimas Feridas,Pleno dia,Decrescente,Nublado,Múltipla,Interseção de Vias,Sim,3,0,1,0,2,0,1,2,-27.04131491,-52.63579845,SPRF-SC,DEL07-SC,UOP01-DEL07-SC,2017
29096.0,2017-04-15,sábado,14:30:00,SC,282,307.2,VARGEM,Velocidade Incompatível,Capotamento,Sem Vítimas,Pleno dia,Crescente,Nublado,Simples,Curva,Não,1,0,0,0,1,0,0,1,-27.49406116,-50.96713848,SPRF-SC,DEL07-SC,UOP06-DEL07-SC,2017