id,data_inversa,dia_semana,horario,uf,br,km,municipio,causa_acidente,tipo_acidente,classificacao_acidente,fase_dia,sentido_via,condicao_metereologica,tipo_pista,tracado_via,uso_solo,pessoas,mortos,feridos_leves,feridos_graves,ilesos,ignorados,feridos,veiculos,latitude,longitude,regional,delegacia,uop,ano_arquivo
34160.0,2017-05-03,quarta-feira,11:45:00,SC,282,308.4,VARGEM,Velocidade Incompatível,Saída de leito carroçável,Com Vítimas Feridas,Pleno dia,Crescente,Céu Claro,Simples,Curva,Não,1,0,1,0,0,0,1,1,-27.48910147,-50.97545588,SPRF-SC,DEL07-SC,UOP06-DEL07-SC,2017
34186.0,2017-05-03,quarta-feira,13:00:00,SC,282,562.0,NOVA ERECHIM,Falta de Atenção à Condução,Saída de leito carroçável,Com Vítimas Feridas,Pleno dia,Crescente,Nublado,Simples,Curva,Não,1,0,1,0,0,0,1,1,-26.9168,-52.864,SPRF-SC,DEL07-SC,UOP02-DEL07-SC,2017
34271.0,2017-05-04,quinta-feira,05:20:00,SC,282,16.2,PALHOCA,Falta de Atenção à Condução,Colisão transversal,Com Vítimas Feridas,Plena Noite,Crescente,Céu Claro,Simples,Reta,Sim,1,0,1,0,0,0,1,1,-27.6594,-48.6826,SPRF-SC,DEL01-SC,UOP02-DEL01-SC,2017
34329.0,2017-05-04,quinta-feira,11:10:00,SC,282,0.5,FLORIANOPOLIS,Falta de Atenção à Condução,Colisão traseira,Sem Vítimas,Pleno dia,Decrescente,Nublado,Dupla,Reta,Sim,2,0,0,0,2,0,0,2,-27.59994762,-48.57534544,SPRF-SC,DEL01-SC,UOP01-DEL01-SC,2017
34362.0,2017-05-04,quinta-feira,12:00:00,SC,282,221.8,LAGES,Falta de Atenção à Condução,Colisão traseira,Com Vítimas Feridas,Pleno dia,Crescente,Chuva,Simples,Reta,Sim,1,0,1,0,0,0,1,1,-27.79583803,-50.34153158,SPRF-SC,DEL05-SC,UOP01-DEL05-SC,2017
34394.0,2017-05-04,quinta-feira,16:15:00,SC,282,72.0,RANCHO QUEIMADO,Falta de Atenção à Condução,Capotamento,Com Vítimas Feridas,Pleno dia,Decrescente,Nublado,Simples,Curva;Declive,Não,1,0,1,0,0,0,1,1,-27.68350592,-49.10532922,SPRF-SC,DEL01-SC,UOP03-DEL01-SC,2017
34488.0,2017-05-05,sexta-feira,00:40:00,SC,282,6.0,SAO JOSE,Ingestão de Álcool,Queda de ocupante de veículo,Com Vítimas Feridas,Plena Noite,Crescente,Nublado,Múltipla,Curva,Sim,1,0,1,0,0,0,1,1,-27.58496737,-48.61768446,SPRF-SC,DEL01-SC,UOP01-DEL01-SC,2017
34516.0,2017-05-05,sexta-feira,04:30:00,SC,282,80.0,RANCHO QUEIMADO,Falta de Atenção à Condução,Colisão com objeto estático,Sem Vítimas,Amanhecer,Decrescente,Nevoeiro/Neblina,Simples,Curva,Não,1,0,0,0,1,0,0,1,-27.66309022,-49.15967815,SPRF-SC,DEL01-SC,UOP03-DEL01-SC,2017
34566.0,2017-04-07,sexta-feira,16:30:00,SC,282,5.0,SAO JOSE,Falta de Atenção à Condução,Colisão lateral,Com Vítimas Feridas,Pleno dia,Crescente,Nublado,Dupla,Reta,Sim,1,0,1,0,0,0,1,1,-27.589,-48.6113,SPRF-SC,DEL01-SC,UOP01-DEL01-SC,2017
34645.0,2017-05-05,sexta-feira,14:40:00,SC,282,175.1,BOCAINA DO SUL,Pista Escorregadia,Saída de leito carroçável,Com Vítimas Feridas,Pleno dia,Crescente,Chuva,Simples,Curva,Não,2,0,1,0,1,0,1,1,-27.7433,-49.8857,SPRF-SC,DEL05-SC,UOP01-DEL05-SC,2017
34721.0,2017-05-05,sexta-feira,19:00:00,SC,282,2.1,FLORIANOPOLIS,Carga excessiva e/ou mal acondicionada,Derramamento de carga,Com Vítimas Feridas,Plena Noite,Decrescente,Nublado,Dupla,Reta,Sim,2,0,1,0,1,0,1,2,-27.60300031,-48.58960886,SPRF-SC,DEL01-SC,UOP01-DEL01-SC,2017
34769.0,2017-05-05,sexta-feira,22:20:00,SC,282,504.0,XANXERE,Ingestão de Álcool,Colisão lateral,Com Vítimas Feridas,Plena Noite,Decrescente,Céu Claro,Dupla,Interseção de Vias,Sim,4,0,1,1,2,0,2,4,-26.8854,-52.4313,SPRF-SC,DEL07-SC,UOP01-DEL07-SC,2017
34837.0,2017-05-06,sábado,05:10:00,SC,282,500.2,XANXERE,Ingestão de Álcool,Colisão com objeto estático,Sem Vítimas,Plena Noite,Crescente,Céu Claro,Dupla,Rotatória,Sim,1,0,0,0,1,0,0,1,-26.88543546,-52.39516139,SPRF-SC,DEL07-SC,UOP01-DEL07-SC,2017
34875.0,2017-05-06,sábado,09:35:00,SC,282,3.9,FLORIANOPOLIS,Falta de Atenção à Condução,Colisão traseira,Com Vítimas Feridas,Pleno dia,Crescente,Céu Claro,Múltipla,Reta,Sim,2,0,1,0,1,0,1,2,-27.594,-48.601,SPRF-SC,DEL01-SC,UOP01-DEL01-SC,2017
34894.0,2017-05-06,sábado,07:20:00,SC,282,557.7,NOVA ITABERABA,Falta de Atenção à Condução,Colisão frontal,Com Vítimas Fatais,Pleno dia,Crescente,Nevoeiro/Neblina,Simples,Curva,Não,3,1,2,0,0,0,2,2,-26.93079863,-52.82740474,SPRF-SC,DEL07-SC,UOP01-DEL07-SC,2017
34918.0,2017-05-06,sábado,10:00:00,SC,282,591.0,SAUDADES,Ultrapassagem Indevida,Colisão frontal,Com Vítimas Feridas,Pleno dia,Crescente,Céu Claro,Simples,Reta,Não,2,0,1,1,0,0,2,2,-26.82866639,-53.11511993,SPRF-SC,DEL07-SC,UOP02-DEL07-SC,2017
34957.0,2017-05-06,sábado,14:20:00,SC,282,2.0,FLORIANOPOLIS,Não guardar distância de segurança,Colisão traseira,Com Vítimas Feridas,Pleno dia,Crescente,Céu Claro,Dupla,Reta,Sim,3,0,2,0,1,0,2,2,-27.6033,-48.5885,SPRF-SC,DEL01-SC,UOP01-DEL01-SC,2017
34992.0,2017-05-06,sábado,15:30:00,SC,282,605.0,MARAVILHA,Falta de Atenção à Condução,Queda de ocupante de veículo,Com Vítimas Feridas,Pleno dia,Crescente,Céu Claro,Simples,Reta,Sim,2,0,0,1,1,0,1,2,-26.78065569,-53.19776684,SPRF-SC,DEL07-SC,UOP02-DEL07-SC,2017
35049.0,2017-05-06,sábado,12:00:00,SC,282,411.5,CATANDUVAS,Falta de Atenção à Condução,Capotamento,Com Vítimas Fatais,Pleno dia,Crescente,Céu Claro,Simples,Curva,Não,1,1,0,0,0,0,0,1,-27.06081213,-51.67601019,SPRF-SC,DEL07-SC,UOP05-DEL07-SC,2017
35101.0,2017-05-06,sábado,22:18:00,SC,282,608.7,MARAVILHA,Desobediência às normas de trânsito pelo condutor,Colisão frontal,Com Vítimas Feridas,Plena Noite,Crescente,Céu Claro,Simples,Reta,Não,3,0,0,1,1,1,1,3,-26.76019485,-53.22393249,SPRF-SC,DEL07-SC,UOP02-DEL07-SC,2017
35107.0,2017-05-06,sábado,23:40:00,SC,282,6.0,SAO JOSE,Falta de Atenção à Condução,Colisão lateral,Sem Vítimas,Plena Noite,Decrescente,Ignorado,Dupla,Curva,Não,2,0,0,0,2,0,0,2,-27.5845,-48.617,SPRF-SC,DEL01-SC,UOP01-DEL01-SC,2017
35154.0,2017-05-07,domingo,02:30:00,SC,282,594.0,SAUDADES,Falta de Atenção à Condução,Saída de leito carroçável,Com Vítimas Feridas,Plena Noite,Decrescente,Nevoeiro/Neblina,Simples,Reta,Não,3,0,1,2,0,0,3,1,-26.8288,-53.1133,SPRF-SC,DEL07-SC,UOP02-DEL07-SC,2017
35181.0,2017-05-07,domingo,05:00:00,SC,282,5.0,SAO JOSE,Ingestão de Álcool,Saída de leito carroçável,Sem Vítimas,Plena Noite,Decrescente,Céu Claro,Simples,Curva,Sim,1,0,0,0,1,0,0,1,-27.589,-48.6113,SPRF-SC,DEL01-SC,UOP01-DEL01-SC,2017
35309.0,2017-05-07,domingo,16:45:00,SC,282,545.2,CHAPECO,Defeito Mecânico no Veículo,Danos eventuais,Sem Vítimas,Pleno dia,Decrescente,Céu Claro,Simples,Curva,Não,2,0,0,0,2,0,0,2,-26.98578287,-52.73445907,SPRF-SC,DEL07-SC,UOP01-DEL07-SC,2017
35318.0,2017-05-07,domingo,18:30:00,SC,282,218.0,LAGES,Ingestão de Álcool,Colisão traseira,Sem Vítimas,Plena Noite,Crescente,Nublado,Simples,Rotatória,Sim,2,0,0,0,2,0,0,2,-27.7978,-50.3026,SPRF-SC,DEL05-SC,UOP01-DEL05-SC,2017
35416.0,2017-05-08,segunda-feira,02:20:00,SC,282,488.2,FAXINAL DOS GUEDES,Velocidade Incompatível,Colisão com objeto estático,Com Vítimas Fatais,Plena Noite,Crescente,Céu Claro,Simples,Rotatória,Sim,1,1,0,0,0,0,0,1,-26.85707841,-52.26247787,SPRF-SC,DEL07-SC,UOP01-DEL07-SC,2017
35502.0,2017-02-23,quinta-feira,12:50:00,SC,282,407.8,CATANDUVAS,Falta de Atenção à Condução,Saída de leito carroçável,Com Vítimas Feridas,Pleno dia,Decrescente,Nublado,Simples,Curva;Aclive,Não,2,0,2,0,0,0,2,1,-27.0837353,-51.66200638,SPRF-SC,DEL07-SC,UOP05-DEL07-SC,2017
35546.0,2017-05-08,segunda-feira,13:20:00,SC,282,17.0,PALHOCA,Falta de Atenção à Condução,Colisão transversal,Sem Vítimas,Pleno dia,Decrescente,Céu Claro,Simples,Reta,Sim,2,0,0,0,2,0,0,2,-27.6665,-48.6887,SPRF-SC,DEL01-SC,UOP02-DEL01-SC,2017
35731.0,2017-05-09,terça-feira,08:40:00,SC,282,1.0,FLORIANOPOLIS,Falta de Atenção à Condução,Colisão traseira,Com Vítimas Feridas,Pleno dia,Decrescente,Céu Claro,Dupla,Reta,Sim,2,0,1,0,1,0,1,2,-27.6018,-48.5789,SPRF-SC,DEL01-SC,UOP01-DEL01-SC,2017
35756.0,2017-05-09,terça-feira,11:00:00,SC,282,90.9,ALFREDO WAGNER,Velocidade Incompatível,Saída de leito carroçável,Sem Vítimas,Pleno dia,Crescente,Céu Claro,Simples,Curva,Não,1,0,0,0,1,0,0,1,-27.6893205,-49.22805092,SPRF-SC,DEL01-SC,UOP03-DEL01-SC,2017
35810.0,2017-05-09,terça-feira,16:05:00,SC,282,4.0,FLORIANOPOLIS,Falta de Atenção à Condução,Colisão traseira,Com Vítimas Feridas,Pleno dia,Crescente,Céu Claro,Dupla,Reta,Sim,2,0,1,0,1,0,1,2,-27.5937,-48.6023,SPRF-SC,DEL01-SC,UOP01-DEL01-SC,2017
35833.0,2017-05-09,terça-feira,17:00:00,SC,282,133.1,BOM RETIRO,Desobediência às normas de trânsito pelo condutor,Colisão lateral,Com Vítimas Feridas,Pleno dia,Decrescente,Céu Claro,Simples,Curva,Não,1,0,0,1,0,0,1,1,-27.8087598,-49.52740876,SPRF-SC,DEL05-SC,UOP01-DEL05-SC,2017
35934.0,2017-05-10,quarta-feira,06:15:00,SC,282,499.7,XANXERE,Animais na Pista,Atropelamento de Animal,Sem Vítimas,Amanhecer,Crescente,Céu Claro,Múltipla,Aclive;Reta,Sim,1,0,0,0,1,0,0,1,-26.88422016,-52.38944292,SPRF-SC,DEL07-SC,UOP01-DEL07-SC,2017
35964.0,2017-04-21,sexta-feira,06:30:00,SC,282,391.0,JOACABA,Condutor Dormindo,Saída de leito carroçável,Sem Vítimas,Amanhecer,Crescente,Céu Claro,Simples,Reta,Sim,1,0,0,0,1,0,0,1,-27.17727293,-51.54619396,SPRF-SC,DEL07-SC,UOP05-DEL07-SC,2017
35974.0,2017-05-10,quarta-feira,10:30:00,SC,282,50.7,AGUAS MORNAS,Falta de Atenção à Condução,Tombamento,Com Vítimas Feridas,Pleno dia,Decrescente,Céu Claro,Simples,Curva,Não,1,0,1,0,0,0,1,1,-27.72122026,-48.93619537,SPRF-SC,DEL01-SC,UOP03-DEL01-SC,2017
36026.0,2017-05-10,quarta-feira,16:15:00,SC,282,4.6,SAO JOSE,Falta de Atenção à Condução,Queda de ocupante de veículo,Com Vítimas Feridas,Pleno dia,Crescente,Céu Claro,Múltipla,Reta,Sim,3,0,1,0,0,2,1,3,-27.591,-48.606,SPRF-SC,DEL01-SC,UOP01-DEL01-SC,2017
36033.0,2017-05-10,quarta-feira,16:37:00,SC,282,1.9,FLORIANOPOLIS,Não guardar distância de segurança,Colisão traseira,Com Vítimas Feridas,Pleno dia,Crescente,Nublado,Múltipla,Reta,Sim,2,0,0,1,1,0,1,2,-27.60314877,-48.58753213,SPRF-SC,DEL01-SC,UOP01-DEL01-SC,2017
36051.0,2017-05-10,quarta-feira,14:55:00,SC,480,128.1,CHAPECO,Falta de Atenção à Condução,Colisão traseira,Sem Vítimas,Pleno dia,Decrescente,Nublado,Simples,Reta,Não,2,0,0,0,2,0,0,2,-27.05033536,-52.63543367,SPRF-SC,DEL07-SC,UOP01-DEL07-SC,2017
36072.0,2017-05-10,quarta-feira,16:20:00,SC,282,572.0,NOVA ERECHIM,Ultrapassagem Indevida,Saída de leito carroçável,Sem Vítimas,Pleno dia,Decrescente,Céu Claro,Simples,Reta,Não,1,0,0,0,1,0,0,1,-26.8832,-52.9392,SPRF-SC,DEL07-SC,UOP02-DEL07-SC,2017
36073.0,2017-05-10,quarta-feira,16:45:00,SC,282,572.7,NOVA ERECHIM,Restrição de Visibilidade,Saída de leito carroçável,Com Vítimas Feridas,Pleno dia,Crescente,Céu Claro,Simples,Reta,Não,1,0,1,0,0,0,1,1,-26.88061316,-52.94556222,SPRF-SC,DEL07-SC,UOP02-DEL07-SC,2017
36175.0,2017-05-11,quinta-feira,06:50:00,SC,282,495.4,XANXERE,Velocidade Incompatível,Tombamento,Sem Vítimas,Pleno dia,Crescente,Céu Claro,Simples,Reta,Não,1,0,0,0,1,0,0,1,-26.87523923,-52.32703447,SPRF-SC,DEL07-SC,UOP01-DEL07-SC,2017
36214.0,2017-05-11,quinta-feira,08:55:00,SC,282,0.8,FLORIANOPOLIS,Não guardar distância de segurança,Engavetamento,Sem Vítimas,Pleno dia,Decrescente,Sol,Dupla,Declive,Sim,3,0,0,0,3,0,0,3,-27.6010562,-48.5774727,SPRF-SC,DEL01-SC,UOP01-DEL01-SC,2017
36354.0,2017-05-11,quinta-feira,18:40:00,SC,282,493.5,FAXINAL DOS GUEDES,Condutor Dormindo,Saída de leito carroçável,Sem Vítimas,Plena Noite,Crescente,Céu Claro,Simples,Reta,Não,1,0,0,0,1,0,0,1,-26.87040127,-52.30673432,SPRF-SC,DEL07-SC,UOP01-DEL07-SC,2017
36362.0,2017-05-11,quinta-feira,17:00:00,SC,282,424.1,VARGEM BONITA,Pista Escorregadia,Saída de leito carroçável,Com Vítimas Feridas,Anoitecer,Crescente,Céu Claro,Simples,Curva,Não,2,0,2,0,0,0,2,1,-26.99436628,-51.75343752,SPRF-SC,DEL07-SC,UOP05-DEL07-SC,2017
36402.0,2017-05-12,sexta-feira,01:20:00,SC,282,468.0,PONTE SERRADA,Animais na Pista,Atropelamento de Animal,Sem Vítimas,Plena Noite,Crescente,Nevoeiro/Neblina,Simples,Declive;Reta,Não,3,0,0,0,3,0,0,1,-26.85634684,-52.05524029,SPRF-SC,DEL07-SC,UOP04-DEL07-SC,2017
36447.0,2017-05-12,sexta-feira,08:05:00,SC,282,4.0,FLORIANOPOLIS,Falta de Atenção à Condução,Colisão lateral,Com Vítimas Feridas,Pleno dia,Decrescente,Céu Claro,Dupla,Reta,Sim,2,0,1,0,1,0,1,2,-27.5937,-48.6023,SPRF-SC,DEL01-SC,UOP01-DEL01-SC,2017
36579.0,2017-05-12,sexta-feira,15:48:00,SC,282,334.0,CAMPOS NOVOS,Falta de Atenção à Condução,Saída de leito carroçável,Com Vítimas Feridas,Pleno dia,Decrescente,Sol,Simples,Reta,Não,2,0,1,0,0,1,1,1,-27.39332602,-51.17341995,SPRF-SC,DEL07-SC,UOP06-DEL07-SC,2017
36757.0,2017-05-05,sexta-feira,19:30:00,SC,282,69.9,RANCHO QUEIMADO,Falta de Atenção à Condução,Colisão traseira,Sem Vítimas,Plena Noite,Crescente,Céu Claro,Simples,Curva,Não,3,0,0,0,3,0,0,3,-27.69244949,-49.09128463,SPRF-SC,DEL01-SC,UOP03-DEL01-SC,2017
36799.0,2017-05-13,sábado,07:30:00,SC,282,584.8,PINHALZINHO,Ultrapassagem Indevida,Saída de leito carroçável,Com Vítimas Feridas,Pleno dia,Decrescente,Céu Claro,Simples,Curva,Não,1,0,0,1,0,0,1,1,-26.83267956,-53.02853353,SPRF-SC,DEL07-SC,UOP02-DEL07-SC,2017
36807.0,2017-05-13,sábado,06:00:00,SC,282,222.8,LAGES,Ingestão de Álcool,Saída de leito carroçável,Sem Vítimas,Amanhecer,Crescente,Nublado,Simples,Aclive,Não,1,0,0,0,1,0,0,1,-27.79725923,-50.35109391,SPRF-SC,DEL05-SC,UOP01-DEL05-SC,2017
36881.0,2017-05-13,sábado,15:40:00,SC,282,3.0,FLORIANOPOLIS,Não guardar distância de segurança,Colisão traseira,Sem Vítimas,Pleno dia,Decrescente,Céu Claro,Dupla,Reta,Não,4,0,0,0,4,0,0,4,-27.60253158,-48.59492004,SPRF-SC,DEL01-SC,UOP01-DEL01-SC,2017
36912.0,2017-05-13,sábado,17:20:00,SC,282,17.0,PALHOCA,Ingestão de Álcool,Colisão lateral,Sem Vítimas,Plena Noite,Crescente,Céu Claro,Simples,Reta,Sim,2,0,0,0,2,0,0,2,-27.6665,-48.6887,SPRF-SC,DEL01-SC,UOP02-DEL01-SC,2017
37001.0,2017-05-13,sábado,21:50:00,SC,282,568.0,NOVA ERECHIM,Sinalização da via insuficiente ou inadequada,Saída de leito carroçável,Sem Vítimas,Plena Noite,Decrescente,Céu Claro,Simples,Curva,Não,2,0,0,0,2,0,0,1,-26.9043,-52.9088,SPRF-SC,DEL07-SC,UOP02-DEL07-SC,2017
37013.0,2017-05-13,sábado,22:30:00,SC,282,135.1,BOM RETIRO,Desobediência às normas de trânsito pelo condutor,Colisão frontal,Sem Vítimas,Plena Noite,Decrescente,Chuva,Simples,Reta,Não,3,0,0,0,3,0,0,2,-27.81562143,-49.54409122,SPRF-SC,DEL05-SC,UOP01-DEL05-SC,2017
37015.0,2017-05-13,sábado,21:30:00,SC,282,516.1,XAXIM,Velocidade Incompatível,Colisão frontal,Com Vítimas Feridas,Plena Noite,Crescente,Nublado,Simples,Curva,Não,3,0,3,0,0,0,3,2,-26.93003645,-52.49956608,SPRF-SC,DEL07-SC,UOP01-DEL07-SC,2017
37039.0,2017-05-14,domingo,02:50:00,SC,282,214.0,LAGES,Ingestão de Álcool,Saída de leito carroçável,Com Vítimas Feridas,Plena Noite,Decrescente,Céu Claro,Simples,Reta,Sim,1,0,1,0,0,0,1,1,-27.7862,-50.2648,SPRF-SC,DEL05-SC,UOP01-DEL05-SC,2017
37077.0,2017-05-14,domingo,05:30:00,SC,282,46.3,AGUAS MORNAS,Velocidade Incompatível,Saída de leito carroçável,Sem Vítimas,Amanhecer,Decrescente,Céu Claro,Simples,Declive;Curva,Não,1,0,0,0,1,0,0,1,-27.72171412,-48.92796747,SPRF-SC,DEL01-SC,UOP03-DEL01-SC,2017
37078.0,2017-05-13,sábado,22:30:00,SC,480,128.7,CHAPECO,Ingestão de Álcool,Tombamento,Sem Vítimas,Plena Noite,Decrescente,Chuva,Dupla,Reta,Sim,1,0,0,0,1,0,0,1,-27.04290119,-52.63583869,SPRF-SC,DEL07-SC,UOP01-DEL07-SC,2017
37156.0,2017-05-14,domingo,10:25:00,SC,282,326.2,CAMPOS NOVOS,Desobediência às normas de trânsito pelo condutor,Colisão lateral,Sem Vítimas,Pleno dia,Decrescente,Chuva,Simples,Reta,Não,2,0,0,0,2,0,0,2,-27.38135118,-51.09716416,SPRF-SC,DEL07-SC,UOP06-DEL07-SC,2017
37293.0,2017-05-14,domingo,16:30:00,SC,282,516.0,XAXIM,Velocidade Incompatível,Tombamento,Com Vítimas Feridas,Pleno dia,Decrescente,Nublado,Simples,Curva,Não,2,0,2,0,0,0,2,2,-26.9446,-52.5095,SPRF-SC,DEL07-SC,UOP01-DEL07-SC,2017
37298.0,2017-05-14,domingo,19:56:00,SC,282,3.5,FLORIANOPOLIS,Ingestão de Álcool,Colisão traseira,Sem Vítimas,Plena Noite,Crescente,Céu Claro,Dupla,Curva,Sim,4,0,0,0,4,0,0,4,-27.59700614,-48.60094749,SPRF-SC,DEL01-SC,UOP01-DEL01-SC,2017
37306.0,2017-05-14,domingo,17:05:00,SC,282,97.0,ALFREDO WAGNER,Velocidade Incompatível,Capotamento,Sem Vítimas,Amanhecer,Crescente,Nublado,Simples,Curva,Não,1,0,0,0,1,0,0,1,-27.70815106,-49.27145004,SPRF-SC,DEL01-SC,UOP03-DEL01-SC,2017
37307.0,2017-05-14,domingo,17:20:00,SC,282,544.6,CHAPECO,Ultrapassagem Indevida,Colisão frontal,Com Vítimas Feridas,Pleno dia,Decrescente,Nublado,Simples,Reta,Não,3,0,2,0,1,0,2,2,-26.99129686,-52.75411606,SPRF-SC,DEL07-SC,UOP01-DEL07-SC,2017
37336.0,2017-05-14,domingo,22:25:00,SC,282,500.4,XANXERE,Velocidade Incompatível,Capotamento,Sem Vítimas,Plena Noite,Decrescente,Céu Claro,Dupla,Rotatória,Não,1,0,0,0,1,0,0,1,-26.88119623,-52.37043142,SPRF-SC,DEL07-SC,UOP01-DEL07-SC,2017
37347.0,2017-05-14,domingo,22:50:00,SC,282,645.3,SAO MIGUEL DO OESTE,Falta de Atenção à Condução,Colisão transversal,Com Vítimas Feridas,Plena Noite,Crescente,Nublado,Simples,Curva,Não,1,0,1,0,0,0,1,1,-26.76736099,-53.49155617,SPRF-SC,DEL07-SC,UOP03-DEL07-SC,2017
37349.0,2017-05-14,domingo,23:30:00,SC,282,193.5,LAGES,Animais na Pista,Atropelamento de Animal,Sem Vítimas,Plena Noite,Crescente,Ignorado,Simples,Reta,Não,2,0,0,0,2,0,0,1,-27.73504759,-50.06219342,SPRF-SC,DEL05-SC,UOP01-DEL05-SC,2017
37401.0,2017-05-15,segunda-feira,07:58:00,SC,282,4.0,FLORIANOPOLIS,Não guardar distância de segurança,Colisão traseira,Com Vítimas Feridas,Pleno dia,Decrescente,Céu Claro,Dupla,Reta,Sim,2,0,1,0,1,0,1,2,-27.5937,-48.6023,SPRF-SC,DEL01-SC,UOP01-DEL01-SC,2017
37504.0,2017-05-15,segunda-feira,13:30:00,SC,282,85.9,ALFREDO WAGNER,Ultrapassagem Indevida,Colisão frontal,Com Vítimas Feridas,Pleno dia,Decrescente,Céu Claro,Simples,Curva,Não,3,0,0,3,0,0,3,2,-27.66637627,-49.19557965,SPRF-SC,DEL01-SC,UOP03-DEL01-SC,2017
37550.0,2017-05-15,segunda-feira,18:00:00,SC,282,22.7,SANTO AMARO DA IMPERATRIZ,Falta de Atenção à Condução,Colisão transversal,Com Vítimas Feridas,Plena Noite,Decrescente,Céu Claro,Simples,Reta,Sim,2,0,1,0,1,0,1,2,-27.68916184,-48.73498678,SPRF-SC,DEL01-SC,UOP02-DEL01-SC,2017
37669.0,2017-01-04,quarta-feira,08:00:00,SC,282,222.0,LAGES,Falta de Atenção à Condução,Saída de leito carroçável,Sem Vítimas,Amanhecer,Crescente,Sol,Simples,Aclive;Curva,Não,1,0,0,0,1,0,0,1,-27.7750779,-50.1857146,SPRF-SC,DEL05-SC,UOP01-DEL05-SC,2017
37720.0,2017-05-16,terça-feira,12:21:00,SC,282,16.5,PALHOCA,Falta de Atenção à Condução,Colisão traseira,Com Vítimas Feridas,Pleno dia,Crescente,Céu Claro,Simples,Reta,Não,2,0,1,0,1,0,1,2,-27.66294524,-48.68564591,SPRF-SC,DEL01-SC,UOP02-DEL01-SC,2017
37866.0,2017-05-16,terça-feira,19:40:00,SC,282,389.2,JOACABA,Ingestão de Álcool,Colisão lateral,Sem Vítimas,Plena Noite,Decrescente,Céu Claro,Simples,Declive;Reta,Não,3,0,0,0,3,0,0,2,-27.1796951,-51.53381824,SPRF-SC,DEL07-SC,UOP05-DEL07-SC,2017
37894.0,2017-05-17,quarta-feira,01:20:00,SC,282,100.0,FLORIANOPOLIS,Animais na Pista,Saída de leito carroçável,Com Vítimas Feridas,Plena Noite,Decrescente,Nublado,Múltipla,Reta,Sim,3,0,3,0,0,0,3,1,-27.602,-48.597,SPRF-SC,DEL01-SC,UOP03-DEL01-SC,2017
38075.0,2017-05-17,quarta-feira,14:40:00,SC,282,565.0,NOVA ERECHIM,Falta de Atenção à Condução,Colisão traseira,Sem Vítimas,Pleno dia,Crescente,Céu Claro,Simples,Reta,Não,2,0,0,0,2,0,0,2,-26.899,-52.8804,SPRF-SC,DEL07-SC,UOP02-DEL07-SC,2017
38259.0,2017-05-18,quinta-feira,12:25:00,SC,282,54.3,AGUAS MORNAS,Velocidade Incompatível,Colisão com objeto estático,Com Vítimas Feridas,Pleno dia,Decrescente,Chuva,Simples,Aclive;Curva,Não,3,0,3,0,0,0,3,1,-27.68768043,-48.97797203,SPRF-SC,DEL01-SC,UOP03-DEL01-SC,2017
38263.0,2017-05-18,quinta-feira,12:40:00,SC,282,4.0,FLORIANOPOLIS,Falta de Atenção à Condução,Queda de ocupante de veículo,Sem Vítimas,Pleno dia,Decrescente,Céu Claro,Dupla,Reta,Não,2,0,0,0,2,0,0,2,-27.5937,-48.6023,SPRF-SC,DEL01-SC,UOP01-DEL01-SC,2017
38293.0,2017-05-18,quinta-feira,13:48:00,SC,282,425.4,VARGEM BONITA,Pista Escorregadia,Capotamento,Sem Vítimas,Pleno dia,Crescente,Chuva,Simples,Curva,Não,1,0,0,0,1,0,0,1,-26.97522087,-51.77967489,SPRF-SC,DEL07-SC,UOP05-DEL07-SC,2017
38309.0,2017-05-18,quinta-feira,16:20:00,SC,282,44.1,AGUAS MORNAS,Falta de Atenção à Condução,Capotamento,Com Vítimas Feridas,Pleno dia,Crescente,Chuva,Simples,Curva,Não,2,0,1,0,1,0,1,1,-27.72243592,-48.90661061,SPRF-SC,DEL01-SC,UOP03-DEL01-SC,2017
38362.0,2017-05-18,quinta-feira,19:30:00,SC,282,2.8,FLORIANOPOLIS,Não guardar distância de segurança,Colisão traseira,Com Vítimas Feridas,Plena Noite,Crescente,Nublado,Dupla,Reta,Sim,2,0,1,0,0,1,1,2,-27.60090246,-48.59737091,SPRF-SC,DEL01-SC,UOP01-DEL01-SC,2017
38382.0,2017-05-18,quinta-feira,15:40:00,SC,282,395.1,JOACABA,Falta de Atenção à Condução,Saída de leito carroçável,Sem Vítimas,Pleno dia,Decrescente,Chuva,Simples,Curva,Não,1,0,0,0,1,0,0,1,-27.15902058,-51.58623934,SPRF-SC,DEL07-SC,UOP05-DEL07-SC,2017
38486.0,2017-05-19,sexta-feira,07:40:00,SC,282,17.3,PALHOCA,Não guardar distância de segurança,Tombamento,Com Vítimas Feridas,Pleno dia,Crescente,Chuva,Simples,Reta,Sim,2,0,1,0,1,0,1,2,-27.66859676,-48.69055713,SPRF-SC,DEL01-SC,UOP02-DEL01-SC,2017
38609.0,2017-05-19,sexta-feira,08:30:00,SC,282,111.8,ALFREDO WAGNER,Velocidade Incompatível,Saída de leito carroçável,Sem Vítimas,Pleno dia,Decrescente,Nublado,Simples,Curva,Não,1,0,0,0,1,0,0,1,-27.73372983,-49.37528569,SPRF-SC,DEL01-SC,UOP03-DEL01-SC,2017
38649.0,2017-05-19,sexta-feira,15:00:00,SC,282,2.0,FLORIANOPOLIS,Não guardar distância de segurança,Colisão traseira,Com Vítimas Feridas,Pleno dia,Crescente,Chuva,Dupla,Reta,Sim,2,0,1,0,1,0,1,2,-27.6033,-48.5885,SPRF-SC,DEL01-SC,UOP01-DEL01-SC,2017
38672.0,2017-05-19,sexta-feira,14:50:00,SC,282,45.7,AGUAS MORNAS,Velocidade Incompatível,Colisão frontal,Com Vítimas Feridas,Pleno dia,Decrescente,Chuva,Simples,Curva,Não,3,0,1,2,0,0,3,2,-27.72020316,-48.9181729,SPRF-SC,DEL01-SC,UOP03-DEL01-SC,2017
38840.0,2017-05-19,sexta-feira,16:00:00,SC,282,51.9,AGUAS MORNAS,Velocidade Incompatível,Capotamento,Sem Vítimas,Pleno dia,Decrescente,Chuva,Simples,Curva,Não,1,0,0,0,1,0,0,1,-27.69739566,-48.96412182,SPRF-SC,DEL01-SC,UOP03-DEL01-SC,2017