id,data_inversa,dia_semana,horario,uf,br,km,municipio,causa_acidente,tipo_acidente,classificacao_acidente,fase_dia,sentido_via,condicao_metereologica,tipo_pista,tracado_via,uso_solo,pessoas,mortos,feridos_leves,feridos_graves,ilesos,ignorados,feridos,veiculos,latitude,longitude,regional,delegacia,uop,ano_arquivo
38845.0,2017-05-19,sexta-feira,16:15:00,SC,282,46.9,AGUAS MORNAS,Velocidade Incompatível,Colisão lateral,Com Vítimas Feridas,Pleno dia,Decrescente,Nublado,Simples,Curva,Não,2,0,0,1,1,0,1,2,-27.722186,-48.934728,SPRF-SC,DEL01-SC,UOP03-DEL01-SC,2017
38985.0,2017-05-20,sábado,08:35:00,SC,282,426.4,VARGEM BONITA,Falta de Atenção à Condução,Colisão com objeto estático,Com Vítimas Feridas,Pleno dia,Decrescente,Céu Claro,Simples,Curva,Não,3,0,2,0,1,0,2,1,-26.98082859,-51.75606206,SPRF-SC,DEL07-SC,UOP05-DEL07-SC,2017
39044.0,2017-05-20,sábado,11:00:00,SC,282,111.0,ALFREDO WAGNER,Velocidade Incompatível,Saída de leito carroçável,Com Vítimas Feridas,Pleno dia,Crescente,Nublado,Simples,Curva,Não,2,0,2,0,0,0,2,1,-27.7336,-49.3672,SPRF-SC,DEL01-SC,UOP03-DEL01-SC,2017
39207.0,2017-05-20,sábado,22:20:00,SC,282,409.0,CATANDUVAS,Ingestão de Álcool,Saída de leito carroçável,Com Vítimas Feridas,Plena Noite,Decrescente,Garoa/Chuvisco,Simples,Curva,Não,2,0,2,0,0,0,2,1,-27.07910232,-51.66346014,SPRF-SC,DEL07-SC,UOP05-DEL07-SC,2017
39322.0,2017-05-21,domingo,10:55:00,SC,282,71.9,RANCHO QUEIMADO,Velocidade Incompatível,Capotamento,Sem Vítimas,Pleno dia,Decrescente,Chuva,Simples,Curva,Não,1,0,0,0,1,0,0,1,-27.6835,-49.1052,SPRF-SC,DEL01-SC,UOP03-DEL01-SC,2017
39344.0,2017-05-21,domingo,12:00:00,SC,282,22.8,SANTO AMARO DA IMPERATRIZ,Desobediência às normas de trânsito pelo condutor,Colisão transversal,Com Vítimas Feridas,Pleno dia,Decrescente,Chuva,Simples,Reta,Sim,3,0,1,2,0,0,3,2,-27.68766109,-48.7360322,SPRF-SC,DEL01-SC,UOP02-DEL01-SC,2017
39512.0,2017-05-21,domingo,19:20:00,SC,282,570.0,NOVA ERECHIM,Ingestão de Álcool,Colisão frontal,Sem Vítimas,Plena Noite,Crescente,Céu Claro,Simples,Curva,Não,2,0,0,0,2,0,0,2,-26.8943,-52.9241,SPRF-SC,DEL07-SC,UOP02-DEL07-SC,2017
39554.0,2017-05-22,segunda-feira,01:30:00,SC,282,346.1,CAMPOS NOVOS,Ingestão de Álcool,Saída de leito carroçável,Com Vítimas Feridas,Plena Noite,Decrescente,Nevoeiro/Neblina,Simples,Reta,Não,2,0,1,0,1,0,1,1,-27.36038116,-51.27642274,SPRF-SC,DEL07-SC,UOP06-DEL07-SC,2017
39723.0,2017-05-22,segunda-feira,16:00:00,SC,282,84.0,ALFREDO WAGNER,Defeito Mecânico no Veículo,Capotamento,Com Vítimas Feridas,Pleno dia,Decrescente,Céu Claro,Simples,Curva,Não,2,0,1,0,1,0,1,1,-27.66346081,-49.20055389,SPRF-SC,DEL01-SC,UOP03-DEL01-SC,2017
39773.0,2017-05-22,segunda-feira,11:40:00,SC,282,532.2,CORDILHEIRA ALTA,Não guardar distância de segurança,Colisão traseira,Sem Vítimas,Pleno dia,Crescente,Sol,Simples,Reta,Sim,2,0,0,0,2,0,0,2,-26.99704303,-52.61901855,SPRF-SC,DEL07-SC,UOP01-DEL07-SC,2017
39842.0,2017-05-23,terça-feira,06:35:00,SC,282,4.0,SAO JOSE,Falta de Atenção à Condução,Colisão lateral,Sem Vítimas,Pleno dia,Decrescente,Céu Claro,Dupla,Reta,Sim,4,0,0,0,4,0,0,4,-27.59787445,-48.57161164,SPRF-SC,DEL01-SC,UOP01-DEL01-SC,2017
39855.0,2017-05-23,terça-feira,07:20:00,SC,282,505.2,XANXERE,Desobediência às normas de trânsito pelo condutor,Colisão frontal,Com Vítimas Feridas,Pleno dia,Crescente,Chuva,Simples,Reta,Sim,3,0,0,2,1,0,2,2,-26.88581822,-52.42194057,SPRF-SC,DEL07-SC,UOP01-DEL07-SC,2017
39951.0,2017-05-23,terça-feira,14:40:00,SC,282,326.0,CAMPOS NOVOS,Ultrapassagem Indevida,Colisão frontal,Com Vítimas Feridas,Pleno dia,Decrescente,Garoa/Chuvisco,Simples,Reta,Não,3,0,1,1,1,0,2,3,-27.3741,-51.0708,SPRF-SC,DEL07-SC,UOP06-DEL07-SC,2017
39968.0,2017-05-23,terça-feira,13:00:00,SC,480,129.4,CHAPECO,Falta de Atenção à Condução,Colisão transversal,Sem Vítimas,Pleno dia,Crescente,Chuva,Simples,Interseção de Vias,Sim,2,0,0,0,2,0,0,2,-27.05056946,-52.6354149,SPRF-SC,DEL07-SC,UOP01-DEL07-SC,2017
40031.0,2017-05-23,terça-feira,17:45:00,SC,282,641.8,SAO MIGUEL DO OESTE,Falta de Atenção à Condução,Colisão lateral,Com Vítimas Feridas,Anoitecer,Crescente,Garoa/Chuvisco,Simples,Aclive;Reta,Não,3,0,1,0,2,0,1,2,-26.76964686,-53.46499226,SPRF-SC,DEL07-SC,UOP03-DEL07-SC,2017
40157.0,2017-05-16,terça-feira,22:00:00,SC,282,16.5,PALHOCA,Falta de Atenção à Condução,Colisão transversal,Com Vítimas Feridas,Plena Noite,Crescente,Ignorado,Simples,Reta,Não,2,0,2,0,0,0,2,2,-27.6665,-48.6887,SPRF-SC,DEL01-SC,UOP02-DEL01-SC,2017
40359.0,2017-05-25,quinta-feira,08:50:00,SC,282,1.0,FLORIANOPOLIS,Falta de Atenção à Condução,Colisão lateral,Com Vítimas Feridas,Pleno dia,Decrescente,Nublado,Dupla,Reta,Sim,2,0,1,0,1,0,1,2,-27.6018,-48.5789,SPRF-SC,DEL01-SC,UOP01-DEL01-SC,2017
40638.0,2017-05-26,sexta-feira,08:35:00,SC,282,16.9,PALHOCA,Falta de Atenção à Condução,Colisão lateral,Com Vítimas Feridas,Pleno dia,Crescente,Nublado,Simples,Reta,Sim,2,0,1,0,0,1,1,2,-27.66578144,-48.68808264,SPRF-SC,DEL01-SC,UOP02-DEL01-SC,2017
40651.0,2017-05-26,sexta-feira,12:00:00,SC,282,5.1,SAO JOSE,Velocidade Incompatível,Queda de ocupante de veículo,Com Vítimas Feridas,Pleno dia,Decrescente,Céu Claro,Dupla,Reta,Sim,2,0,0,1,0,1,1,2,-27.58854523,-48.61217457,SPRF-SC,DEL01-SC,UOP01-DEL01-SC,2017
40714.0,2017-05-26,sexta-feira,20:00:00,SC,282,42.0,AGUAS MORNAS,Ingestão de Álcool,Colisão transversal,Com Vítimas Feridas,Plena Noite,Crescente,Chuva,Simples,Reta,Não,4,0,2,0,2,0,2,2,-27.70997476,-48.85345459,SPRF-SC,DEL01-SC,UOP03-DEL01-SC,2017
40790.0,2017-05-26,sexta-feira,22:20:00,SC,282,223.5,LAGES,Falta de Atenção à Condução,Colisão lateral,Sem Vítimas,Plena Noite,Crescente,Chuva,Simples,Aclive;Reta,Sim,2,0,0,0,1,1,0,2,-27.79882431,-50.35976876,SPRF-SC,DEL05-SC,UOP02-DEL05-SC,2017
40797.0,2017-05-26,sexta-feira,18:30:00,SC,282,527.3,CORDILHEIRA ALTA,Falta de Atenção à Condução,Tombamento,Com Vítimas Feridas,Plena Noite,Decrescente,Chuva,Simples,Reta,Não,4,0,3,0,1,0,3,1,-26.97421212,-52.58651018,SPRF-SC,DEL07-SC,UOP01-DEL07-SC,2017
40817.0,2017-05-27,sábado,00:15:00,SC,282,4.5,SAO JOSE,Ingestão de Álcool,Atropelamento de Pedestre,Com Vítimas Feridas,Plena Noite,Decrescente,Chuva,Dupla,Reta,Sim,3,0,0,1,1,1,1,2,-27.59135237,-48.60679546,SPRF-SC,DEL01-SC,UOP01-DEL01-SC,2017
40852.0,2017-05-27,sábado,03:00:00,SC,282,220.0,TRES BARRAS,Pista Escorregadia,Saída de leito carroçável,Com Vítimas Feridas,Plena Noite,Crescente,Chuva,Simples,Reta,Não,1,0,1,0,0,0,1,1,-26.17912333,-50.21965024,SPRF-SC,DEL05-SC,UOP01-DEL05-SC,2017
40903.0,2017-05-19,sexta-feira,07:55:00,SC,282,486.9,FAXINAL DOS GUEDES,Falta de Atenção à Condução,Colisão frontal,Com Vítimas Feridas,Pleno dia,Crescente,Céu Claro,Simples,Em Obras;Curva,Não,3,0,3,0,0,0,3,2,-26.85567617,-52.2484687,SPRF-SC,DEL07-SC,UOP01-DEL07-SC,2017
40904.0,2017-05-27,sábado,07:08:00,SC,282,519.2,XAXIM,Ultrapassagem Indevida,Atropelamento de Pedestre,Com Vítimas Feridas,Pleno dia,Decrescente,Nublado,Simples,Reta,Sim,2,0,0,1,1,0,1,2,-26.94829355,-52.51884341,SPRF-SC,DEL07-SC,UOP01-DEL07-SC,2017
40941.0,2017-05-27,sábado,10:00:00,SC,282,69.8,RANCHO QUEIMADO,Não guardar distância de segurança,Colisão lateral,Com Vítimas Feridas,Pleno dia,Crescente,Chuva,Simples,Declive,Não,5,0,2,0,3,0,2,3,-27.69400208,-49.08893108,SPRF-SC,DEL01-SC,UOP03-DEL01-SC,2017
41032.0,2017-05-27,sábado,16:30:00,SC,282,619.0,IRACEMINHA,Ultrapassagem Indevida,Colisão frontal,Com Vítimas Feridas,Pleno dia,Decrescente,Chuva,Simples,Curva,Não,2,0,0,2,0,0,2,2,-26.797,-53.305,SPRF-SC,DEL07-SC,UOP02-DEL07-SC,2017
41053.0,2017-05-27,sábado,18:30:00,SC,282,0.0,FLORIANOPOLIS,Restrição de Visibilidade,Colisão lateral,Com Vítimas Feridas,Plena Noite,Decrescente,Chuva,Dupla,Reta,Sim,2,0,1,0,1,0,1,2,-27.5981,-48.5718,SPRF-SC,DEL01-SC,UOP01-DEL01-SC,2017
41113.0,2017-05-27,sábado,20:40:00,SC,282,489.4,FAXINAL DOS GUEDES,Pista Escorregadia,Colisão frontal,Com Vítimas Feridas,Plena Noite,Crescente,Chuva,Simples,Reta,Não,2,0,2,0,0,0,2,2,-26.86365676,-52.2706008,SPRF-SC,DEL07-SC,UOP01-DEL07-SC,2017
41266.0,2017-05-28,domingo,02:30:00,SC,282,47.9,AGUAS MORNAS,Ingestão de Álcool,Queda de ocupante de veículo,Com Vítimas Feridas,Pleno dia,Decrescente,Chuva,Simples,Curva,Não,1,0,1,0,0,0,1,1,-27.71795311,-48.93877029,SPRF-SC,DEL01-SC,UOP03-DEL01-SC,2017
41340.0,2017-05-28,domingo,15:30:00,SC,282,97.1,ALFREDO WAGNER,Velocidade Incompatível,Saída de leito carroçável,Sem Vítimas,Pleno dia,Crescente,Chuva,Simples,Reta,Não,1,0,0,0,1,0,0,1,-27.70709798,-49.27424741,SPRF-SC,DEL01-SC,UOP03-DEL01-SC,2017
41342.0,2017-05-28,domingo,17:25:00,SC,282,18.0,PALHOCA,Falta de Atenção à Condução,Engavetamento,Com Vítimas Feridas,Anoitecer,Decrescente,Chuva,Simples,Reta,Não,5,0,1,0,4,0,1,4,-27.6735,-48.6949,SPRF-SC,DEL01-SC,UOP02-DEL01-SC,2017
41348.0,2017-05-24,quarta-feira,05:40:00,SC,282,17.0,PALHOCA,Falta de Atenção à Condução,Colisão transversal,Com Vítimas Feridas,Amanhecer,Decrescente,Chuva,Simples,Reta,Sim,2,0,1,0,1,0,1,2,-27.6665,-48.6887,SPRF-SC,DEL01-SC,UOP02-DEL01-SC,2017
41374.0,2017-05-28,domingo,17:40:00,SC,282,144.0,BOM RETIRO,Defeito na Via,Saída de leito carroçável,Sem Vítimas,Anoitecer,Crescente,Chuva,Simples,Reta,Não,1,0,0,0,1,0,0,1,-27.8075,-49.6181,SPRF-SC,DEL05-SC,UOP01-DEL05-SC,2017
41390.0,2017-05-28,domingo,17:50:00,SC,282,644.9,SAO MIGUEL DO OESTE,Ingestão de Álcool,Colisão frontal,Sem Vítimas,Anoitecer,Decrescente,Nublado,Simples,Declive;Curva,Não,3,0,0,0,3,0,0,2,-26.7650773,-53.48567247,SPRF-SC,DEL07-SC,UOP03-DEL07-SC,2017
41392.0,2017-05-28,domingo,19:00:00,SC,282,46.1,AGUAS MORNAS,Falta de Atenção à Condução,Saída de leito carroçável,Com Vítimas Feridas,Plena Noite,Decrescente,Chuva,Simples,Curva,Não,3,0,3,0,0,0,3,1,-27.72181859,-48.93488646,SPRF-SC,DEL01-SC,UOP03-DEL01-SC,2017
41400.0,2017-05-28,domingo,19:00:00,SC,282,507.2,XANXERE,Velocidade Incompatível,Capotamento,Sem Vítimas,Plena Noite,Crescente,Chuva,Dupla,Rotatória,Sim,1,0,0,0,1,0,0,1,-26.8858565,-52.43817329,SPRF-SC,DEL07-SC,UOP01-DEL07-SC,2017
41419.0,2017-05-28,domingo,21:06:00,SC,282,17.0,PALHOCA,Falta de Atenção à Condução,Colisão transversal,Com Vítimas Feridas,Plena Noite,Crescente,Chuva,Simples,Reta,Não,2,0,0,1,1,0,1,2,-27.6665,-48.6887,SPRF-SC,DEL01-SC,UOP02-DEL01-SC,2017
41504.0,2017-05-29,segunda-feira,07:00:00,SC,282,400.8,JOACABA,Falta de Atenção à Condução,Colisão frontal,Sem Vítimas,Pleno dia,Crescente,Chuva,Simples,Curva;Declive,Não,3,0,0,0,3,0,0,2,-27.17370506,-51.5525709,SPRF-SC,DEL07-SC,UOP05-DEL07-SC,2017
41534.0,2017-05-29,segunda-feira,09:10:00,SC,282,45.9,AGUAS MORNAS,Velocidade Incompatível,Colisão lateral,Com Vítimas Feridas,Pleno dia,Crescente,Nublado,Simples,Curva,Não,3,0,0,1,2,0,1,3,-27.71921819,-48.92142458,SPRF-SC,DEL01-SC,UOP03-DEL01-SC,2017
41568.0,2017-05-15,segunda-feira,18:30:00,SC,282,0.1,FLORIANOPOLIS,Não guardar distância de segurança,Colisão traseira,Com Vítimas Feridas,Anoitecer,Crescente,Ignorado,Dupla,Curva,Sim,3,0,2,0,1,0,2,2,-27.59846952,-48.57250909,SPRF-SC,DEL01-SC,UOP01-DEL01-SC,2017
41631.0,2017-05-29,segunda-feira,13:30:00,SC,282,301.0,VARGEM,Pista Escorregadia,Saída de leito carroçável,Sem Vítimas,Pleno dia,Decrescente,Chuva,Simples,Curva,Não,1,0,0,0,1,0,0,1,-27.5107,-50.9253,SPRF-SC,DEL07-SC,UOP06-DEL07-SC,2017
41723.0,2017-05-29,segunda-feira,20:40:00,SC,282,485.1,FAXINAL DOS GUEDES,Restrição de Visibilidade,Saída de leito carroçável,Com Vítimas Feridas,Plena Noite,Crescente,Nevoeiro/Neblina,Simples,Reta;Em Obras,Sim,4,0,0,1,3,0,1,1,-26.85584846,-52.25752115,SPRF-SC,DEL07-SC,UOP01-DEL07-SC,2017
41806.0,2017-05-30,terça-feira,13:30:00,SC,282,4.5,SAO JOSE,Não guardar distância de segurança,Colisão lateral,Com Vítimas Feridas,Pleno dia,Decrescente,Chuva,Dupla,Reta,Sim,3,0,2,0,1,0,2,2,-27.59135237,-48.60679546,SPRF-SC,DEL01-SC,UOP01-DEL01-SC,2017
41835.0,2017-05-30,terça-feira,15:25:00,SC,282,254.0,SAO JOSE DO CERRITO,Falta de Atenção à Condução,Colisão traseira,Sem Vítimas,Pleno dia,Crescente,Chuva,Múltipla,Curva;Aclive,Não,3,0,0,0,3,0,0,2,-27.6751,-50.565,SPRF-SC,DEL05-SC,UOP02-DEL05-SC,2017
41991.0,2017-05-31,quarta-feira,08:10:00,SC,282,543.0,CHAPECO,Falta de Atenção à Condução,Capotamento,Sem Vítimas,Pleno dia,Crescente,Chuva,Simples,Curva,Não,1,0,0,0,1,0,0,1,-26.9988,-52.7192,SPRF-SC,DEL07-SC,UOP01-DEL07-SC,2017
42024.0,2017-05-31,quarta-feira,15:20:00,SC,282,15.8,PALHOCA,Falta de Atenção à Condução,Colisão traseira,Sem Vítimas,Pleno dia,Decrescente,Chuva,Simples,Reta,Sim,3,0,0,0,3,0,0,3,-27.65889955,-48.6831075,SPRF-SC,DEL01-SC,UOP02-DEL01-SC,2017
42126.0,2017-05-31,quarta-feira,08:20:00,SC,282,522.0,XAXIM,Pista Escorregadia,Colisão frontal,Com Vítimas Feridas,Plena Noite,Decrescente,Chuva,Simples,Reta,Não,2,0,2,0,0,0,2,2,-26.95514935,-52.54156977,SPRF-SC,DEL07-SC,UOP01-DEL07-SC,2017
42186.0,2017-06-01,quinta-feira,07:00:00,SC,282,17.9,PALHOCA,Ultrapassagem Indevida,Colisão lateral,Com Vítimas Feridas,Pleno dia,Decrescente,Chuva,Simples,Reta,Sim,2,0,2,0,0,0,2,2,-27.67252575,-48.69395602,SPRF-SC,DEL01-SC,UOP02-DEL01-SC,2017
42247.0,2017-06-01,quinta-feira,10:45:00,SC,282,1.8,FLORIANOPOLIS,Falta de Atenção à Condução,Queda de ocupante de veículo,Com Vítimas Feridas,Pleno dia,Crescente,Céu Claro,Dupla,Reta,Sim,1,0,1,0,0,0,1,1,-27.6033,-48.5885,SPRF-SC,DEL01-SC,UOP01-DEL01-SC,2017
42305.0,2017-06-01,quinta-feira,12:30:00,SC,282,424.8,VARGEM BONITA,Falta de Atenção à Condução,Colisão com objeto estático,Com Vítimas Feridas,Pleno dia,Crescente,Garoa/Chuvisco,Simples,Curva,Não,1,0,0,1,0,0,1,1,-26.99251164,-51.75209977,SPRF-SC,DEL07-SC,UOP05-DEL07-SC,2017
42348.0,2017-06-01,quinta-feira,18:30:00,SC,282,17.3,PALHOCA,Ultrapassagem Indevida,Colisão lateral,Com Vítimas Feridas,Anoitecer,Decrescente,Chuva,Simples,Reta,Sim,2,0,1,0,1,0,1,2,-27.66853499,-48.69041551,SPRF-SC,DEL01-SC,UOP02-DEL01-SC,2017
42380.0,2017-05-29,segunda-feira,06:30:00,SC,282,180.0,BOCAINA DO SUL,Pista Escorregadia,Capotamento,Com Vítimas Feridas,Pleno dia,Crescente,Chuva,Simples,Rotatória,Sim,1,0,1,0,0,0,1,1,-27.7399,-49.9344,SPRF-SC,DEL05-SC,UOP01-DEL05-SC,2017
42386.0,2017-06-01,quinta-feira,18:55:00,SC,282,505.1,XANXERE,Restrição de Visibilidade,Atropelamento de Pedestre,Com Vítimas Feridas,Plena Noite,Crescente,Chuva,Simples,Reta,Sim,2,0,0,1,1,0,1,2,-26.88556509,-52.41773264,SPRF-SC,DEL07-SC,UOP01-DEL07-SC,2017
42411.0,2017-06-01,quinta-feira,18:40:00,SC,282,329.8,CAMPOS NOVOS,Restrição de Visibilidade,Atropelamento de Pedestre,Com Vítimas Fatais,Plena Noite,Crescente,Nublado,Simples,Reta,Não,2,1,0,0,0,1,0,2,-27.39594162,-51.1568451,SPRF-SC,DEL07-SC,UOP06-DEL07-SC,2017
42436.0,2017-06-02,sexta-feira,00:00:00,SC,282,128.3,BOM RETIRO,Ingestão de Álcool,Colisão frontal,Com Vítimas Feridas,Plena Noite,Crescente,Nublado,Simples,Reta,Sim,3,0,2,0,1,0,2,2,-27.80234949,-49.48521683,SPRF-SC,DEL05-SC,UOP01-DEL05-SC,2017
42631.0,2017-06-02,sexta-feira,16:21:00,SC,480,131.0,CHAPECO,Velocidade Incompatível,Engavetamento,Sem Vítimas,Pleno dia,Crescente,Nublado,Dupla,Reta,Sim,4,0,0,0,4,0,0,4,-27.06302783,-52.63251275,SPRF-SC,DEL07-SC,UOP01-DEL07-SC,2017
42733.0,2017-06-02,sexta-feira,20:10:00,SC,480,123.5,CHAPECO,Falta de Atenção do Pedestre,Atropelamento de Pedestre,Com Vítimas Feridas,Plena Noite,Crescente,Ignorado,Dupla,Interseção de Vias,Sim,2,0,0,1,1,0,1,2,-27.00014034,-52.64608741,SPRF-SC,DEL07-SC,UOP01-DEL07-SC,2017
42750.0,2017-06-02,sexta-feira,23:30:00,SC,282,603.0,MARAVILHA,Velocidade Incompatível,Capotamento,Sem Vítimas,Plena Noite,Decrescente,Céu Claro,Simples,Curva,Não,1,0,0,0,0,1,0,1,-26.8027658,-53.18875194,SPRF-SC,DEL07-SC,UOP02-DEL07-SC,2017
42941.0,2017-06-03,sábado,15:15:00,SC,282,474.3,VARGEAO,Falta de Atenção à Condução,Colisão frontal,Com Vítimas Fatais,Pleno dia,Decrescente,Sol,Simples,Reta,Não,3,1,1,0,0,1,1,3,-26.86884128,-52.13814139,SPRF-SC,DEL07-SC,UOP01-DEL07-SC,2017
43075.0,2017-06-04,domingo,04:35:00,SC,282,500.4,XANXERE,Ingestão de Álcool,Saída de leito carroçável,Com Vítimas Feridas,Plena Noite,Crescente,Nublado,Dupla,Rotatória,Sim,1,0,1,0,0,0,1,1,-26.88134583,-52.37054944,SPRF-SC,DEL07-SC,UOP01-DEL07-SC,2017
43160.0,2017-06-04,domingo,11:20:00,SC,282,46.0,AGUAS MORNAS,Velocidade Incompatível,Saída de leito carroçável,Sem Vítimas,Pleno dia,Decrescente,Chuva,Simples,Declive;Curva,Não,1,0,0,0,1,0,0,1,-27.72084511,-48.92613173,SPRF-SC,DEL01-SC,UOP03-DEL01-SC,2017
43225.0,2017-06-04,domingo,16:50:00,SC,282,55.0,AGUAS MORNAS,Velocidade Incompatível,Saída de leito carroçável,Com Vítimas Feridas,Anoitecer,Crescente,Chuva,Simples,Curva,Não,4,0,1,0,3,0,1,3,-27.68914759,-48.98317695,SPRF-SC,DEL01-SC,UOP03-DEL01-SC,2017
43246.0,2017-06-04,domingo,17:20:00,SC,282,500.2,XANXERE,Velocidade Incompatível,Saída de leito carroçável,Sem Vítimas,Pleno dia,Crescente,Chuva,Dupla,Rotatória,Não,1,0,0,0,1,0,0,1,-26.88219146,-52.38049507,SPRF-SC,DEL07-SC,UOP01-DEL07-SC,2017
43335.0,2017-06-04,domingo,22:20:00,SC,282,593.0,SAUDADES,Ingestão de Álcool,Saída de leito carroçável,Com Vítimas Feridas,Plena Noite,Crescente,Chuva,Simples,Curva;Declive,Não,3,0,0,1,0,2,1,3,-26.8245,-53.1055,SPRF-SC,DEL07-SC,UOP02-DEL07-SC,2017
43358.0,2017-06-05,segunda-feira,00:55:00,SC,282,498.0,XANXERE,Ingestão de Álcool,Saída de leito carroçável,Com Vítimas Feridas,Plena Noite,Decrescente,Chuva,Simples,Reta,Não,1,0,1,0,0,0,1,1,-26.87904306,-52.34896034,SPRF-SC,DEL07-SC,UOP01-DEL07-SC,2017
43447.0,2017-06-01,quinta-feira,17:15:00,SC,282,670.0,PARAISO,Ultrapassagem Indevida,Saída de leito carroçável,Com Vítimas Feridas,Pleno dia,Decrescente,Céu Claro,Simples,Reta,Não,2,0,1,0,1,0,1,1,-26.614,-53.6725,SPRF-SC,DEL07-SC,UOP03-DEL07-SC,2017
43593.0,2017-06-05,segunda-feira,19:20:00,SC,282,57.6,RANCHO QUEIMADO,Falta de Atenção à Condução,Queda de ocupante de veículo,Com Vítimas Feridas,Plena Noite,Crescente,Chuva,Simples,Curva,Não,1,0,1,0,0,0,1,1,-27.68513749,-49.0018816,SPRF-SC,DEL01-SC,UOP03-DEL01-SC,2017
43636.0,2017-06-05,segunda-feira,23:00:00,SC,282,2.0,FLORIANOPOLIS,Defeito na Via,Queda de ocupante de veículo,Com Vítimas Feridas,Plena Noite,Crescente,Chuva,Simples,Interseção de Vias,Sim,2,0,0,1,1,0,1,2,-27.60322263,-48.58838797,SPRF-SC,DEL01-SC,UOP01-DEL01-SC,2017
43924.0,2017-06-07,quarta-feira,04:40:00,SC,282,4.5,SAO JOSE,Objeto estático sobre o leito carroçável,Saída de leito carroçável,Com Vítimas Feridas,Plena Noite,Decrescente,Nublado,Dupla,Reta,Sim,1,0,1,0,0,0,1,1,-27.5937,-48.6023,SPRF-SC,DEL01-SC,UOP01-DEL01-SC,2017
44009.0,2017-06-07,quarta-feira,13:18:00,SC,282,17.9,PALHOCA,Falta de Atenção à Condução,Colisão transversal,Com Vítimas Feridas,Pleno dia,Crescente,Nublado,Simples,Reta,Sim,4,0,2,1,1,0,3,2,-27.6727903,-48.69427141,SPRF-SC,DEL01-SC,UOP02-DEL01-SC,2017
44143.0,2017-06-07,quarta-feira,22:20:00,SC,282,527.9,CORDILHEIRA ALTA,Velocidade Incompatível,Saída de leito carroçável,Com Vítimas Feridas,Plena Noite,Decrescente,Chuva,Simples,Curva,Não,1,0,1,0,0,0,1,1,-26.99734894,-52.61352539,SPRF-SC,DEL07-SC,UOP01-DEL07-SC,2017
44229.0,2017-06-08,quinta-feira,11:20:00,SC,282,84.0,ALFREDO WAGNER,Velocidade Incompatível,Colisão com objeto estático,Sem Vítimas,Pleno dia,Crescente,Chuva,Simples,Curva,Não,1,0,0,0,1,0,0,1,-27.66732379,-49.18260097,SPRF-SC,DEL01-SC,UOP03-DEL01-SC,2017
44362.0,2017-06-08,quinta-feira,21:35:00,SC,282,16.9,PALHOCA,Falta de Atenção do Pedestre,Atropelamento de Pedestre,Com Vítimas Feridas,Plena Noite,Decrescente,Nublado,Simples,Reta,Sim,3,0,1,0,1,1,1,2,-27.6654525,-48.68783569,SPRF-SC,DEL01-SC,UOP02-DEL01-SC,2017
44488.0,2017-06-09,sexta-feira,08:40:00,SC,282,510.3,XANXERE,Velocidade Incompatível,Tombamento,Com Vítimas Feridas,Pleno dia,Decrescente,Chuva,Simples,Curva,Não,1,0,1,0,0,0,1,1,-26.89656387,-52.4635148,SPRF-SC,DEL07-SC,UOP01-DEL07-SC,2017
44504.0,2017-06-09,sexta-feira,06:36:00,SC,282,419.0,VARGEM BONITA,Animais na Pista,Capotamento,Sem Vítimas,Amanhecer,Crescente,Chuva,Simples,Curva,Não,1,0,0,0,1,0,0,1,-27.02721231,-51.72800408,SPRF-SC,DEL07-SC,UOP05-DEL07-SC,2017
44509.0,2017-06-09,sexta-feira,11:30:00,SC,282,16.5,PALHOCA,Não guardar distância de segurança,Colisão transversal,Com Vítimas Feridas,Pleno dia,Decrescente,Céu Claro,Simples,Reta,Sim,3,0,1,0,2,0,1,2,-27.66201643,-48.68478656,SPRF-SC,DEL01-SC,UOP02-DEL01-SC,2017
44546.0,2017-06-09,sexta-feira,14:40:00,SC,282,1.5,FLORIANOPOLIS,Não guardar distância de segurança,Colisão traseira,Com Vítimas Feridas,Pleno dia,Crescente,Nublado,Dupla,Reta,Sim,2,0,0,1,1,0,1,2,-27.60254932,-48.58369563,SPRF-SC,DEL01-SC,UOP01-DEL01-SC,2017
44550.0,2017-06-09,sexta-feira,14:50:00,SC,282,1.0,FLORIANOPOLIS,Falta de Atenção à Condução,Queda de ocupante de veículo,Com Vítimas Feridas,Pleno dia,Crescente,Chuva,Dupla,Aclive,Sim,1,0,1,0,0,0,1,1,-27.6018,-48.5789,SPRF-SC,DEL01-SC,UOP01-DEL01-SC,2017
44600.0,2017-06-09,sexta-feira,15:00:00,SC,282,522.5,XAXIM,Falta de Atenção à Condução,Colisão transversal,Sem Vítimas,Pleno dia,Crescente,Sol,Simples,Rotatória,Sim,2,0,0,0,2,0,0,2,-26.95931408,-52.54537582,SPRF-SC,DEL07-SC,UOP01-DEL07-SC,2017
44741.0,2017-06-10,sábado,03:40:00,SC,282,2.0,FLORIANOPOLIS,Velocidade Incompatível,Colisão com objeto estático,Com Vítimas Feridas,Plena Noite,Crescente,Nublado,Múltipla,Curva,Sim,1,0,1,0,0,0,1,1,-27.59898657,-48.57474804,SPRF-SC,DEL01-SC,UOP01-DEL01-SC,2017
44781.0,2017-05-16,terça-feira,19:00:00,SC,282,645.1,SAO MIGUEL DO OESTE,Restrição de Visibilidade,Colisão frontal,Com Vítimas Feridas,Plena Noite,Crescente,Céu Claro,Simples,Curva,Não,3,0,2,1,0,0,3,2,-26.76617892,-53.49151516,SPRF-SC,DEL07-SC,UOP03-DEL07-SC,2017
44955.0,2017-06-10,sábado,14:00:00,SC,282,5.5,SAO JOSE,Ingestão de Álcool,Colisão traseira,Com Vítimas Feridas,Pleno dia,Decrescente,Céu Claro,Dupla,Reta,Não,1,0,1,0,0,0,1,1,-27.58779728,-48.61414146,SPRF-SC,DEL01-SC,UOP01-DEL01-SC,2017