id,data_inversa,dia_semana,horario,uf,br,km,municipio,causa_acidente,tipo_acidente,classificacao_acidente,fase_dia,sentido_via,condicao_metereologica,tipo_pista,tracado_via,uso_solo,pessoas,mortos,feridos_leves,feridos_graves,ilesos,ignorados,feridos,veiculos,latitude,longitude,regional,delegacia,uop,ano_arquivo
45027.0,2017-06-10,sábado,21:00:00,SC,282,20.3,PALHOCA,Velocidade Incompatível,Colisão com objeto estático,Sem Vítimas,Plena Noite,Decrescente,Nublado,Simples,Declive;Curva,Sim,1,0,0,0,1,0,0,1,-27.68588856,-48.71330742,SPRF-SC,DEL01-SC,UOP02-DEL01-SC,2017
45030.0,2017-06-10,sábado,20:30:00,SC,480,126.2,CHAPECO,Ingestão de Álcool,Colisão com objeto estático,Com Vítimas Feridas,Plena Noite,Crescente,Céu Claro,Dupla,Interseção de Vias,Sim,1,0,1,0,0,0,1,1,-27.0968,-52.6186,SPRF-SC,DEL07-SC,UOP01-DEL07-SC,2017
45035.0,2017-06-10,sábado,16:30:00,SC,282,512.2,XANXERE,Ingestão de Álcool,Colisão traseira,Sem Vítimas,Pleno dia,Crescente,Sol,Simples,Reta,Não,2,0,0,0,2,0,0,2,-26.9102056,-52.47137368,SPRF-SC,DEL07-SC,UOP01-DEL07-SC,2017
45056.0,2017-06-11,domingo,01:00:00,SC,282,4.0,FLORIANOPOLIS,Defeito Mecânico no Veículo,Incêndio,Sem Vítimas,Plena Noite,Decrescente,Céu Claro,Dupla,Interseção de Vias,Sim,1,0,0,0,0,1,0,1,-27.59436019,-48.60178614,SPRF-SC,DEL01-SC,UOP01-DEL01-SC,2017
45155.0,2017-06-11,domingo,11:30:00,SC,282,19.0,PALHOCA,Falta de Atenção à Condução,Colisão traseira,Sem Vítimas,Pleno dia,Crescente,Céu Claro,Simples,Viaduto,Sim,2,0,0,0,2,0,0,2,-27.6792,-48.7028,SPRF-SC,DEL01-SC,UOP02-DEL01-SC,2017
45269.0,2017-06-11,domingo,19:00:00,SC,282,516.0,XAXIM,Velocidade Incompatível,Saída de leito carroçável,Com Vítimas Feridas,Plena Noite,Decrescente,Céu Claro,Simples,Curva,Não,1,0,1,0,0,0,1,1,-26.92924903,-52.49938667,SPRF-SC,DEL07-SC,UOP01-DEL07-SC,2017
45317.0,2017-06-11,domingo,20:05:00,SC,282,444.2,PONTE SERRADA,Falta de Atenção à Condução,Capotamento,Com Vítimas Feridas,Plena Noite,Crescente,Céu Claro,Simples,Reta,Não,5,0,3,0,2,0,3,1,-26.90917833,-51.91355809,SPRF-SC,DEL07-SC,UOP04-DEL07-SC,2017
45410.0,2017-06-12,segunda-feira,09:00:00,SC,282,3.0,FLORIANOPOLIS,Não guardar distância de segurança,Colisão traseira,Sem Vítimas,Pleno dia,Decrescente,Céu Claro,Dupla,Reta,Sim,1,0,0,0,1,0,0,1,-27.6012439,-48.5491014,SPRF-SC,DEL01-SC,UOP01-DEL01-SC,2017
45427.0,2017-06-12,segunda-feira,07:20:00,SC,282,402.0,JOACABA,Falta de Atenção à Condução,Colisão transversal,Sem Vítimas,Pleno dia,Crescente,Nublado,Simples,Curva,Não,1,0,0,0,1,0,0,1,-27.1018,-51.6474,SPRF-SC,DEL07-SC,UOP05-DEL07-SC,2017
45472.0,2017-06-12,segunda-feira,11:50:00,SC,282,508.9,XANXERE,Velocidade Incompatível,Colisão traseira,Sem Vítimas,Pleno dia,Crescente,Céu Claro,Simples,Aclive,Não,2,0,0,0,2,0,0,2,-26.89446665,-52.46163189,SPRF-SC,DEL07-SC,UOP01-DEL07-SC,2017
45526.0,2017-06-12,segunda-feira,17:00:00,SC,282,0.0,FLORIANOPOLIS,Falta de Atenção à Condução,Colisão traseira,Com Vítimas Feridas,Pleno dia,Crescente,Céu Claro,Dupla,Declive,Sim,2,0,1,0,1,0,1,2,-27.5981,-48.5718,SPRF-SC,DEL01-SC,UOP01-DEL01-SC,2017
45799.0,2017-06-13,terça-feira,18:00:00,SC,282,17.1,PALHOCA,Ultrapassagem Indevida,Colisão transversal,Com Vítimas Feridas,Anoitecer,Decrescente,Nublado,Simples,Interseção de Vias,Sim,2,0,1,0,1,0,1,2,-27.6674321,-48.68953934,SPRF-SC,DEL01-SC,UOP02-DEL01-SC,2017
45868.0,2017-06-13,terça-feira,19:45:00,SC,282,561.0,NOVA ITABERABA,Velocidade Incompatível,Colisão frontal,Com Vítimas Feridas,Plena Noite,Crescente,Céu Claro,Simples,Em Obras;Curva,Não,2,0,1,0,1,0,1,2,-26.92686332,-52.85641074,SPRF-SC,DEL07-SC,UOP02-DEL07-SC,2017
45869.0,2017-06-13,terça-feira,13:30:00,SC,282,530.1,CORDILHEIRA ALTA,Falta de Atenção à Condução,Colisão transversal,Com Vítimas Feridas,Pleno dia,Decrescente,Sol,Simples,Interseção de Vias,Sim,2,0,1,0,1,0,1,2,-26.98659856,-52.60514617,SPRF-SC,DEL07-SC,UOP01-DEL07-SC,2017
45893.0,2017-06-14,quarta-feira,01:20:00,SC,282,1.7,FLORIANOPOLIS,Velocidade Incompatível,Colisão frontal,Com Vítimas Fatais,Plena Noite,Crescente,Céu Claro,Dupla,Reta,Sim,2,2,0,0,0,0,0,2,-27.60148216,-48.5784924,SPRF-SC,DEL01-SC,UOP01-DEL01-SC,2017
45923.0,2017-06-14,quarta-feira,02:05:00,SC,282,467.4,PONTE SERRADA,Não guardar distância de segurança,Colisão traseira,Com Vítimas Feridas,Plena Noite,Decrescente,Céu Claro,Simples,Em Obras;Reta,Não,3,0,3,0,0,0,3,2,-26.85240738,-52.0702064,SPRF-SC,DEL07-SC,UOP04-DEL07-SC,2017
45944.0,2017-06-14,quarta-feira,08:00:00,SC,282,5.0,SAO JOSE,Falta de Atenção à Condução,Colisão lateral,Com Vítimas Feridas,Pleno dia,Decrescente,Céu Claro,Dupla,Reta,Não,4,0,1,0,3,0,1,4,-27.58863605,-48.6123392,SPRF-SC,DEL01-SC,UOP01-DEL01-SC,2017
45981.0,2017-06-14,quarta-feira,09:40:00,SC,282,4.5,SAO JOSE,Desobediência às normas de trânsito pelo condutor,Colisão transversal,Com Vítimas Feridas,Pleno dia,Decrescente,Céu Claro,Múltipla,Interseção de Vias,Sim,2,0,1,0,1,0,1,2,-27.59221222,-48.60580087,SPRF-SC,DEL01-SC,UOP01-DEL01-SC,2017
46203.0,2017-06-14,quarta-feira,20:15:00,SC,282,212.8,LAGES,Falta de Atenção à Condução,Colisão transversal,Com Vítimas Feridas,Plena Noite,Decrescente,Céu Claro,Simples,Interseção de Vias,Não,3,0,2,0,1,0,2,2,-27.78278872,-50.25314659,SPRF-SC,DEL05-SC,UOP01-DEL05-SC,2017
46355.0,2017-06-15,quinta-feira,12:40:00,SC,282,195.0,LAGES,Mal Súbito,Saída de leito carroçável,Sem Vítimas,Pleno dia,Decrescente,Nublado,Simples,Reta,Não,1,0,0,0,1,0,0,1,-27.7467561,-50.0847791,SPRF-SC,DEL05-SC,UOP01-DEL05-SC,2017
46508.0,2017-06-16,sexta-feira,08:05:00,SC,282,6.0,SAO JOSE,Velocidade Incompatível,Colisão lateral,Com Vítimas Feridas,Pleno dia,Decrescente,Céu Claro,Dupla,Curva,Sim,2,0,1,0,1,0,1,2,-27.58766225,-48.61566067,SPRF-SC,DEL01-SC,UOP01-DEL01-SC,2017
46584.0,2017-06-16,sexta-feira,10:00:00,SC,282,398.4,JOACABA,Falta de Atenção à Condução,Saída de leito carroçável,Com Vítimas Feridas,Pleno dia,Crescente,Céu Claro,Simples,Reta;Aclive,Não,3,0,2,1,0,0,3,1,-27.12427284,-51.63074255,SPRF-SC,DEL07-SC,UOP05-DEL07-SC,2017
46597.0,2017-06-16,sexta-feira,15:30:00,SC,282,58.4,RANCHO QUEIMADO,Defeito Mecânico no Veículo,Incêndio,Sem Vítimas,Pleno dia,Crescente,Sol,Simples,Curva,Não,1,0,0,0,1,0,0,1,-27.67950732,-49.00683832,SPRF-SC,DEL01-SC,UOP03-DEL01-SC,2017
46669.0,2017-06-16,sexta-feira,19:30:00,SC,282,4.0,SAO JOSE,Falta de Atenção do Pedestre,Atropelamento de Pedestre,Com Vítimas Feridas,Plena Noite,Crescente,Céu Claro,Dupla,Curva,Sim,2,0,1,1,0,0,2,2,-27.5937,-48.6023,SPRF-SC,DEL01-SC,UOP01-DEL01-SC,2017
46725.0,2017-06-17,sábado,00:30:00,SC,282,440.0,IRANI,Não guardar distância de segurança,Colisão traseira,Sem Vítimas,Plena Noite,Crescente,Céu Claro,Simples,Reta,Não,2,0,0,0,2,0,0,2,-26.920519,-51.949571,SPRF-SC,DEL07-SC,UOP04-DEL07-SC,2017
46755.0,2017-06-17,sábado,05:30:00,SC,282,2.0,SAO JOSE,Falta de Atenção à Condução,Colisão com objeto estático,Sem Vítimas,Amanhecer,Decrescente,Céu Claro,Dupla,Curva,Sim,1,0,0,0,1,0,0,1,-27.6033,-48.5885,SPRF-SC,DEL01-SC,UOP01-DEL01-SC,2017
46814.0,2017-06-17,sábado,12:05:00,SC,282,4.8,SAO JOSE,Não guardar distância de segurança,Colisão lateral,Com Vítimas Feridas,Pleno dia,Decrescente,Céu Claro,Dupla,Reta,Sim,3,0,2,0,1,0,2,2,-27.58994379,-48.60949274,SPRF-SC,DEL01-SC,UOP01-DEL01-SC,2017
46834.0,2017-06-17,sábado,11:20:00,SC,282,181.6,BOCAINA DO SUL,Falta de Atenção à Condução,Capotamento,Com Vítimas Feridas,Pleno dia,Crescente,Céu Claro,Simples,Reta,Não,1,0,1,0,0,0,1,1,-27.73848516,-49.94861126,SPRF-SC,DEL05-SC,UOP01-DEL05-SC,2017
46867.0,2017-06-17,sábado,14:00:00,SC,282,623.4,IRACEMINHA,Defeito na Via,Colisão frontal,Sem Vítimas,Pleno dia,Crescente,Sol,Simples,Reta,Não,2,0,0,0,2,0,0,2,-26.7990801,-53.34217679,SPRF-SC,DEL07-SC,UOP02-DEL07-SC,2017
46924.0,2017-06-17,sábado,19:30:00,SC,282,183.8,BOCAINA DO SUL,Velocidade Incompatível,Saída de leito carroçável,Com Vítimas Feridas,Plena Noite,Crescente,Nublado,Simples,Curva,Não,1,0,1,0,0,0,1,1,-27.73344116,-49.9701903,SPRF-SC,DEL05-SC,UOP01-DEL05-SC,2017
46927.0,2017-06-17,sábado,18:00:00,SC,282,602.3,MARAVILHA,Não guardar distância de segurança,Engavetamento,Com Vítimas Feridas,Anoitecer,Crescente,Céu Claro,Simples,Reta,Não,4,0,1,0,3,0,1,3,-26.80335192,-53.18571742,SPRF-SC,DEL07-SC,UOP02-DEL07-SC,2017
47148.0,2017-04-27,quinta-feira,16:30:00,SC,282,596.0,CUNHA PORA,Desobediência às normas de trânsito pelo condutor,Colisão frontal,Sem Vítimas,Pleno dia,Crescente,Céu Claro,Simples,Reta,Não,2,0,0,0,2,0,0,2,-26.82946102,-53.13399196,SPRF-SC,DEL07-SC,UOP02-DEL07-SC,2017
47150.0,2017-06-18,domingo,14:35:00,SC,282,4.0,SAO JOSE,Falta de Atenção à Condução,Colisão lateral,Com Vítimas Feridas,Pleno dia,Decrescente,Céu Claro,Dupla,Reta,Não,2,0,1,0,1,0,1,2,-27.59144677,-48.60638727,SPRF-SC,DEL01-SC,UOP01-DEL01-SC,2017
47240.0,2017-06-18,domingo,18:30:00,SC,282,27.9,SANTO AMARO DA IMPERATRIZ,Falta de Atenção à Condução,Colisão traseira,Com Vítimas Feridas,Plena Noite,Decrescente,Nublado,Simples,Reta,Não,2,0,1,0,1,0,1,2,-27.67518997,-48.77971315,SPRF-SC,DEL01-SC,UOP03-DEL01-SC,2017
47274.0,2017-06-18,domingo,18:40:00,SC,282,486.2,FAXINAL DOS GUEDES,Ingestão de Álcool,Queda de ocupante de veículo,Com Vítimas Feridas,Plena Noite,Crescente,Nublado,Simples,Declive;Em Obras;Curva,Não,1,0,0,1,0,0,1,1,-26.85535551,-52.24960327,SPRF-SC,DEL07-SC,UOP01-DEL07-SC,2017
47276.0,2017-06-18,domingo,18:50:00,SC,282,578.0,PINHALZINHO,Ingestão de Álcool,Colisão com objeto estático,Sem Vítimas,Plena Noite,Decrescente,Garoa/Chuvisco,Simples,Reta,Sim,1,0,0,0,1,0,0,1,-26.84354163,-52.98221648,SPRF-SC,DEL07-SC,UOP02-DEL07-SC,2017
47294.0,2017-06-18,domingo,19:40:00,SC,282,522.8,XAXIM,Ingestão de Álcool,Saída de leito carroçável,Sem Vítimas,Plena Noite,Crescente,Céu Claro,Simples,Reta,Não,1,0,0,0,1,0,0,1,-26.96075807,-52.54665792,SPRF-SC,DEL07-SC,UOP01-DEL07-SC,2017
47441.0,2017-06-19,segunda-feira,11:15:00,SC,282,70.0,RANCHO QUEIMADO,Pista Escorregadia,Colisão frontal,Com Vítimas Feridas,Pleno dia,Crescente,Chuva,Simples,Aclive;Curva,Não,6,0,3,1,2,0,4,2,-27.68404492,-49.02978516,SPRF-SC,DEL01-SC,UOP03-DEL01-SC,2017
47442.0,2017-06-19,segunda-feira,11:30:00,SC,282,72.0,RANCHO QUEIMADO,Velocidade Incompatível,Capotamento,Sem Vítimas,Pleno dia,Decrescente,Chuva,Simples,Curva,Não,1,0,0,0,1,0,0,1,-27.6835,-49.1052,SPRF-SC,DEL01-SC,UOP03-DEL01-SC,2017
47609.0,2017-06-20,terça-feira,04:15:00,SC,282,140.0,BOM RETIRO,Animais na Pista,Atropelamento de Animal,Sem Vítimas,Plena Noite,Crescente,Garoa/Chuvisco,Simples,Reta,Sim,11,0,0,0,11,0,0,1,-27.8233,-49.5894,SPRF-SC,DEL05-SC,UOP01-DEL05-SC,2017
47612.0,2017-06-20,terça-feira,05:30:00,SC,282,175.0,BOCAINA DO SUL,Velocidade Incompatível,Capotamento,Com Vítimas Feridas,Plena Noite,Crescente,Nublado,Simples,Curva,Não,1,0,1,0,0,0,1,1,-27.7433,-49.8857,SPRF-SC,DEL05-SC,UOP01-DEL05-SC,2017
47733.0,2017-06-20,terça-feira,13:25:00,SC,282,425.0,VARGEM BONITA,Velocidade Incompatível,Colisão frontal,Com Vítimas Feridas,Pleno dia,Decrescente,Nublado,Simples,Curva,Não,2,0,1,1,0,0,2,2,-26.99324298,-51.75318003,SPRF-SC,DEL07-SC,UOP05-DEL07-SC,2017
47851.0,2017-06-20,terça-feira,17:50:00,SC,282,32.8,AGUAS MORNAS,Velocidade Incompatível,Colisão com objeto estático,Sem Vítimas,Plena Noite,Decrescente,Nublado,Simples,Curva,Não,1,0,0,0,1,0,0,1,-27.70658767,-48.80761117,SPRF-SC,DEL01-SC,UOP03-DEL01-SC,2017
47875.0,2017-06-21,quarta-feira,09:05:00,SC,282,107.0,ALFREDO WAGNER,Falta de Atenção à Condução,Saída de leito carroçável,Com Vítimas Feridas,Pleno dia,Crescente,Nublado,Simples,Reta,Não,3,0,2,0,1,0,2,1,-27.70638052,-49.351161,SPRF-SC,DEL01-SC,UOP03-DEL01-SC,2017
47984.0,2017-06-21,quarta-feira,21:25:00,SC,282,509.7,XANXERE,Mal Súbito,Capotamento,Sem Vítimas,Plena Noite,Crescente,Céu Claro,Simples,Reta,Não,1,0,0,0,1,0,0,1,-26.89348285,-52.46061802,SPRF-SC,DEL07-SC,UOP01-DEL07-SC,2017
47992.0,2017-06-21,quarta-feira,19:25:00,SC,282,217.4,LAGES,Falta de Atenção do Pedestre,Atropelamento de Pedestre,Com Vítimas Feridas,Plena Noite,Crescente,Nublado,Dupla,Interseção de Vias,Sim,3,0,1,0,1,1,1,2,-27.79769989,-50.29744451,SPRF-SC,DEL05-SC,UOP01-DEL05-SC,2017
48122.0,2017-06-22,quinta-feira,10:15:00,SC,282,189.0,BOCAINA DO SUL,Não guardar distância de segurança,Saída de leito carroçável,Sem Vítimas,Pleno dia,Crescente,Nublado,Simples,Reta,Não,1,0,0,0,1,0,0,1,-27.7373,-50.0204,SPRF-SC,DEL05-SC,UOP01-DEL05-SC,2017
48173.0,2017-06-22,quinta-feira,14:15:00,SC,282,16.0,PALHOCA,Desobediência às normas de trânsito pelo condutor,Colisão transversal,Sem Vítimas,Pleno dia,Crescente,Céu Claro,Simples,Reta,Sim,2,0,0,0,2,0,0,2,-27.6594,-48.6826,SPRF-SC,DEL01-SC,UOP02-DEL01-SC,2017
48358.0,2017-06-20,terça-feira,22:30:00,SC,282,573.0,NOVA ERECHIM,Falta de Atenção à Condução,Colisão transversal,Com Vítimas Feridas,Plena Noite,Decrescente,Céu Claro,Simples,Reta,Sim,2,0,0,1,1,0,1,2,-26.8795,-52.9483,SPRF-SC,DEL07-SC,UOP02-DEL07-SC,2017
48362.0,2017-06-23,sexta-feira,09:40:00,SC,282,95.1,ALFREDO WAGNER,Velocidade Incompatível,Saída de leito carroçável,Sem Vítimas,Pleno dia,Decrescente,Garoa/Chuvisco,Simples,Curva,Não,1,0,0,0,1,0,0,1,-27.71149449,-49.25625801,SPRF-SC,DEL01-SC,UOP03-DEL01-SC,2017
48381.0,2017-06-23,sexta-feira,09:00:00,SC,282,108.0,ALFREDO WAGNER,Pista Escorregadia,Tombamento,Com Vítimas Feridas,Pleno dia,Decrescente,Chuva,Simples,Declive;Curva,Não,1,0,1,0,0,0,1,1,-27.7404261,-49.38184547,SPRF-SC,DEL01-SC,UOP03-DEL01-SC,2017
48461.0,2017-06-23,sexta-feira,03:20:00,SC,282,599.0,MARAVILHA,Falta de Atenção à Condução,Saída de leito carroçável,Com Vítimas Feridas,Plena Noite,Crescente,Céu Claro,Simples,Curva,Não,3,0,1,0,2,0,1,1,-26.8178,-53.1593,SPRF-SC,DEL07-SC,UOP02-DEL07-SC,2017
48553.0,2017-06-23,sexta-feira,19:30:00,SC,282,377.4,ERVAL VELHO,Falta de Atenção à Condução,Colisão transversal,Sem Vítimas,Plena Noite,Crescente,Céu Claro,Simples,Curva,Não,2,0,0,0,2,0,0,2,-27.21856161,-51.46658063,SPRF-SC,DEL07-SC,UOP05-DEL07-SC,2017
48653.0,2017-06-24,sábado,04:15:00,SC,282,526.5,XAXIM,Velocidade Incompatível,Saída de leito carroçável,Sem Vítimas,Pleno dia,Decrescente,Céu Claro,Simples,Reta,Não,1,0,0,0,1,0,0,1,-26.98189848,-52.5952949,SPRF-SC,DEL07-SC,UOP01-DEL07-SC,2017
48725.0,2017-06-24,sábado,10:00:00,SC,282,567.0,NOVA ERECHIM,Falta de Atenção à Condução,Colisão transversal,Sem Vítimas,Pleno dia,Crescente,Nublado,Simples,Interseção de Vias,Sim,2,0,0,0,2,0,0,2,-26.9054,-52.8988,SPRF-SC,DEL07-SC,UOP02-DEL07-SC,2017
48858.0,2017-06-24,sábado,18:15:00,SC,282,504.8,XANXERE,Falta de Atenção à Condução,Colisão com objeto em movimento,Com Vítimas Feridas,Anoitecer,Crescente,Céu Claro,Múltipla,Viaduto,Sim,2,0,1,0,1,0,1,2,-26.88556942,-52.41446793,SPRF-SC,DEL07-SC,UOP01-DEL07-SC,2017
49023.0,2017-06-25,domingo,07:00:00,SC,282,22.0,PALHOCA,Falta de Atenção à Condução,Colisão com objeto estático,Com Vítimas Feridas,Pleno dia,Decrescente,Nublado,Simples,Reta,Não,1,0,0,1,0,0,1,1,-27.6887,-48.7286,SPRF-SC,DEL01-SC,UOP02-DEL01-SC,2017
49082.0,2017-06-25,domingo,07:45:00,SC,282,385.0,JOACABA,Falta de Atenção à Condução,Saída de leito carroçável,Sem Vítimas,Pleno dia,Crescente,Céu Claro,Simples,Curva,Não,1,0,0,0,1,0,0,1,-27.20053722,-51.5156126,SPRF-SC,DEL07-SC,UOP05-DEL07-SC,2017
49187.0,2017-06-25,domingo,20:50:00,SC,282,222.0,LAGES,Ingestão de Álcool,Saída de leito carroçável,Com Vítimas Feridas,Plena Noite,Crescente,Céu Claro,Simples,Curva,Sim,2,0,1,1,0,0,2,1,-27.79724514,-50.35212636,SPRF-SC,DEL05-SC,UOP01-DEL05-SC,2017
49203.0,2017-06-25,domingo,16:30:00,SC,282,411.9,CATANDUVAS,Falta de Atenção à Condução,Colisão lateral,Com Vítimas Feridas,Pleno dia,Decrescente,Céu Claro,Simples,Curva,Não,4,0,1,1,2,0,2,2,-27.046,-51.7061,SPRF-SC,DEL07-SC,UOP05-DEL07-SC,2017
49219.0,2017-06-25,domingo,18:30:00,SC,282,267.0,SAO JOSE DO CERRITO,Velocidade Incompatível,Saída de leito carroçável,Com Vítimas Feridas,Plena Noite,Crescente,Céu Claro,Simples,Aclive;Curva,Não,1,0,1,0,0,0,1,1,-27.6251,-50.6544,SPRF-SC,DEL05-SC,UOP02-DEL05-SC,2017
49412.0,2017-06-26,segunda-feira,16:40:00,SC,282,20.8,PALHOCA,Ultrapassagem Indevida,Colisão frontal,Com Vítimas Feridas,Pleno dia,Crescente,Sol,Dupla,Curva;Declive,Não,3,0,1,0,1,1,1,3,-27.68905734,-48.71547103,SPRF-SC,DEL01-SC,UOP02-DEL01-SC,2017
49778.0,2017-06-28,quarta-feira,08:00:00,SC,282,4.0,FLORIANOPOLIS,Não guardar distância de segurança,Colisão traseira,Com Vítimas Feridas,Pleno dia,Decrescente,Céu Claro,Dupla,Reta,Sim,3,0,0,1,2,0,1,3,-27.60205794,-48.57922554,SPRF-SC,DEL01-SC,UOP01-DEL01-SC,2017
49845.0,2017-06-28,quarta-feira,08:40:00,SC,282,48.1,AGUAS MORNAS,Não guardar distância de segurança,Engavetamento,Com Vítimas Feridas,Pleno dia,Crescente,Céu Claro,Simples,Aclive,Não,3,0,1,0,2,0,1,3,-27.71598707,-48.94289017,SPRF-SC,DEL01-SC,UOP03-DEL01-SC,2017
49846.0,2017-06-28,quarta-feira,09:32:00,SC,282,645.1,SAO MIGUEL DO OESTE,Falta de Atenção à Condução,Colisão traseira,Sem Vítimas,Pleno dia,Crescente,Céu Claro,Simples,Reta;Aclive,Não,3,0,0,0,3,0,0,2,-26.76574,-53.495403,SPRF-SC,DEL07-SC,UOP03-DEL07-SC,2017
49903.0,2017-06-28,quarta-feira,18:30:00,SC,282,224.4,LAGES,Falta de Atenção à Condução,Colisão lateral,Sem Vítimas,Anoitecer,Decrescente,Céu Claro,Simples,Reta,Sim,2,0,0,0,2,0,0,2,-27.7979026,-50.36591631,SPRF-SC,DEL05-SC,UOP02-DEL05-SC,2017
49991.0,2017-06-29,quinta-feira,01:00:00,SC,282,392.0,JOACABA,Velocidade Incompatível,Capotamento,Sem Vítimas,Plena Noite,Crescente,Nublado,Simples,Reta,Não,2,0,0,0,0,2,0,2,-27.1586,-51.5868,SPRF-SC,DEL07-SC,UOP05-DEL07-SC,2017
50081.0,2017-06-29,quinta-feira,09:15:00,SC,282,46.1,AGUAS MORNAS,Velocidade Incompatível,Colisão traseira,Sem Vítimas,Pleno dia,Crescente,Céu Claro,Simples,Reta,Não,2,0,0,0,2,0,0,2,-27.72137222,-48.92778397,SPRF-SC,DEL01-SC,UOP03-DEL01-SC,2017
50140.0,2017-06-29,quinta-feira,12:40:00,SC,282,386.0,JOACABA,Não guardar distância de segurança,Colisão traseira,Com Vítimas Feridas,Pleno dia,Decrescente,Céu Claro,Simples,Curva;Declive;Em Obras,Não,4,0,1,0,3,0,1,2,-27.19681597,-51.51489258,SPRF-SC,DEL07-SC,UOP05-DEL07-SC,2017
50146.0,2017-06-29,quinta-feira,16:00:00,SC,282,5.9,SAO JOSE,Avarias e/ou desgaste excessivo no pneu,Queda de ocupante de veículo,Com Vítimas Feridas,Pleno dia,Crescente,Céu Claro,Dupla,Curva,Sim,1,0,1,0,0,0,1,1,-27.58496378,-48.61759186,SPRF-SC,DEL01-SC,UOP01-DEL01-SC,2017
50150.0,2017-06-29,quinta-feira,13:50:00,SC,282,452.5,PONTE SERRADA,Falta de Atenção à Condução,Colisão com objeto estático,Sem Vítimas,Pleno dia,Decrescente,Sol,Simples,Reta,Não,1,0,0,0,1,0,0,1,-26.91621138,-51.95814938,SPRF-SC,DEL07-SC,UOP04-DEL07-SC,2017
50332.0,2017-06-23,sexta-feira,04:30:00,SC,282,55.0,AGUAS MORNAS,Velocidade Incompatível,Saída de leito carroçável,Sem Vítimas,Plena Noite,Decrescente,Nublado,Simples,Curva,Não,1,0,0,0,1,0,0,1,-27.68918654,-48.98281968,SPRF-SC,DEL01-SC,UOP03-DEL01-SC,2017
50450.0,2017-06-30,sexta-feira,18:25:00,SC,282,1.8,FLORIANOPOLIS,Falta de Atenção à Condução,Colisão lateral,Com Vítimas Feridas,Plena Noite,Crescente,Nublado,Dupla,Reta,Sim,2,0,1,0,1,0,1,2,-27.60299891,-48.586573,SPRF-SC,DEL01-SC,UOP01-DEL01-SC,2017
50481.0,2017-06-30,sexta-feira,17:10:00,SC,282,216.7,LAGES,Desobediência às normas de trânsito pelo condutor,Colisão transversal,Com Vítimas Feridas,Anoitecer,Decrescente,Nublado,Simples,Reta,Sim,2,0,1,0,1,0,1,2,-27.79657722,-50.28950241,SPRF-SC,DEL05-SC,UOP01-DEL05-SC,2017
50663.0,2017-07-01,sábado,10:20:00,SC,282,504.4,XANXERE,Falta de Atenção à Condução,Colisão transversal,Com Vítimas Feridas,Pleno dia,Crescente,Nublado,Dupla,Reta,Sim,3,0,1,0,2,0,1,3,-26.88454552,-52.41055727,SPRF-SC,DEL07-SC,UOP01-DEL07-SC,2017
50736.0,2017-07-01,sábado,16:50:00,SC,282,3.0,FLORIANOPOLIS,Falta de Atenção à Condução,Colisão traseira,Sem Vítimas,Pleno dia,Crescente,Nublado,Múltipla,Reta,Sim,2,0,0,0,2,0,0,2,-27.595,-48.601,SPRF-SC,DEL01-SC,UOP01-DEL01-SC,2017
50798.0,2017-07-01,sábado,19:20:00,SC,282,330.0,CAMPOS NOVOS,Ingestão de Álcool,Colisão lateral,Com Vítimas Feridas,Plena Noite,Decrescente,Céu Claro,Simples,Reta,Não,3,0,1,0,2,0,1,2,-27.3925,-51.1362,SPRF-SC,DEL07-SC,UOP06-DEL07-SC,2017
50823.0,2017-07-01,sábado,15:30:00,SC,282,550.7,NOVA ITABERABA,Falta de Atenção à Condução,Engavetamento,Sem Vítimas,Pleno dia,Crescente,Nublado,Simples,Reta,Não,3,0,0,0,3,0,0,3,-26.95478507,-52.77541313,SPRF-SC,DEL07-SC,UOP01-DEL07-SC,2017
50904.0,2017-07-02,domingo,03:10:00,SC,282,541.5,CHAPECO,Velocidade Incompatível,Saída de leito carroçável,Com Vítimas Feridas,Plena Noite,Decrescente,Céu Claro,Simples,Reta,Não,2,0,1,0,1,0,1,1,-26.99734894,-52.70154476,SPRF-SC,DEL07-SC,UOP01-DEL07-SC,2017
51013.0,2017-07-02,domingo,15:30:00,SC,282,18.0,PALHOCA,Falta de Atenção à Condução,Colisão traseira,Sem Vítimas,Pleno dia,Decrescente,Céu Claro,Simples,Reta,Não,3,0,0,0,3,0,0,3,-27.6735,-48.6949,SPRF-SC,DEL01-SC,UOP02-DEL01-SC,2017
51046.0,2017-07-02,domingo,17:15:00,SC,282,5.0,SAO JOSE,Não guardar distância de segurança,Colisão lateral,Com Vítimas Feridas,Anoitecer,Decrescente,Céu Claro,Dupla,Reta,Sim,3,0,1,0,2,0,1,3,-27.60209597,-48.59682972,SPRF-SC,DEL01-SC,UOP01-DEL01-SC,2017
51071.0,2017-07-02,domingo,18:00:00,SC,282,514.1,XAXIM,Velocidade Incompatível,Saída de leito carroçável,Sem Vítimas,Anoitecer,Crescente,Céu Claro,Simples,Reta,Não,1,0,0,0,1,0,0,1,-26.91594746,-52.48947322,SPRF-SC,DEL07-SC,UOP01-DEL07-SC,2017
51072.0,2017-07-02,domingo,17:00:00,SC,282,506.9,XANXERE,Falta de Atenção à Condução,Colisão traseira,Sem Vítimas,Pleno dia,Crescente,Céu Claro,Dupla,Interseção de Vias,Sim,2,0,0,0,2,0,0,2,-26.88523929,-52.43534356,SPRF-SC,DEL07-SC,UOP01-DEL07-SC,2017
51078.0,2017-07-02,domingo,17:40:00,SC,282,46.0,AGUAS MORNAS,Velocidade Incompatível,Saída de leito carroçável,Com Vítimas Feridas,Anoitecer,Decrescente,Céu Claro,Simples,Curva,Não,2,0,1,0,1,0,1,1,-27.7208,-48.9265,SPRF-SC,DEL01-SC,UOP03-DEL01-SC,2017