id,data_inversa,dia_semana,horario,uf,br,km,municipio,causa_acidente,tipo_acidente,classificacao_acidente,fase_dia,sentido_via,condicao_metereologica,tipo_pista,tracado_via,uso_solo,pessoas,mortos,feridos_leves,feridos_graves,ilesos,ignorados,feridos,veiculos,latitude,longitude,regional,delegacia,uop,ano_arquivo
56256.0,2017-07-22,sábado,15:10:00,SC,282,4.5,SAO JOSE,Falta de Atenção à Condução,Engavetamento,Com Vítimas Feridas,Pleno dia,Decrescente,Céu Claro,Múltipla,Reta,Sim,4,0,2,0,2,0,2,3,-27.5937,-48.6023,SPRF-SC,DEL01-SC,UOP01-DEL01-SC,2017
56262.0,2017-07-22,sábado,13:30:00,SC,282,437.1,IRANI,Desobediência às normas de trânsito pelo condutor,Colisão transversal,Com Vítimas Feridas,Pleno dia,Decrescente,Céu Claro,Simples,Interseção de Vias,Não,4,0,3,0,1,0,3,2,-26.96889571,-51.8547821,SPRF-SC,DEL07-SC,UOP04-DEL07-SC,2017
56284.0,2017-07-22,sábado,16:00:00,SC,282,610.0,IRACEMINHA,Defeito na Via,Queda de ocupante de veículo,Com Vítimas Feridas,Pleno dia,Decrescente,Sol,Simples,Reta;Declive,Não,3,0,0,1,0,2,1,2,-26.755,-53.2353,SPRF-SC,DEL07-SC,UOP02-DEL07-SC,2017
56303.0,2017-07-22,sábado,17:30:00,SC,282,5.0,SAO JOSE,Falta de Atenção à Condução,Colisão lateral,Com Vítimas Feridas,Anoitecer,Crescente,Céu Claro,Dupla,Reta,Sim,2,0,2,0,0,0,2,1,-27.589,-48.6113,SPRF-SC,DEL01-SC,UOP01-DEL01-SC,2017
56357.0,2017-07-22,sábado,20:50:00,SC,282,527.1,CORDILHEIRA ALTA,Velocidade Incompatível,Saída de leito carroçável,Sem Vítimas,Plena Noite,Decrescente,Céu Claro,Simples,Reta,Não,1,0,0,0,1,0,0,1,-26.97407826,-52.58555532,SPRF-SC,DEL07-SC,UOP01-DEL07-SC,2017
56379.0,2017-07-22,sábado,21:35:00,SC,480,126.9,CHAPECO,Desobediência às normas de trânsito pelo condutor,Colisão frontal,Sem Vítimas,Plena Noite,Crescente,Céu Claro,Simples,Reta,Não,2,0,0,0,2,0,0,2,-27.02821294,-52.63362318,SPRF-SC,DEL07-SC,UOP01-DEL07-SC,2017
56439.0,2017-07-23,domingo,00:05:00,SC,282,661.3,PARAISO,Velocidade Incompatível,Capotamento,Com Vítimas Feridas,Plena Noite,Crescente,Céu Claro,Simples,Curva,Não,3,0,2,1,0,0,3,1,-26.65567295,-53.60875826,SPRF-SC,DEL07-SC,UOP03-DEL07-SC,2017
56440.0,2017-07-23,domingo,00:40:00,SC,282,661.3,PARAISO,Falta de Atenção à Condução,Colisão transversal,Sem Vítimas,Plena Noite,Crescente,Céu Claro,Simples,Curva,Não,2,0,0,0,2,0,0,2,-26.65567295,-53.60875826,SPRF-SC,DEL07-SC,UOP03-DEL07-SC,2017
56441.0,2017-07-23,domingo,02:10:00,SC,282,679.9,PARAISO,Velocidade Incompatível,Saída de leito carroçável,Com Vítimas Feridas,Plena Noite,Crescente,Céu Claro,Simples,Curva,Não,4,0,0,1,2,1,1,1,-26.619,-53.6732,SPRF-SC,DEL07-SC,UOP03-DEL07-SC,2017
56469.0,2017-07-23,domingo,07:15:00,SC,282,193.0,LAGES,Velocidade Incompatível,Saída de leito carroçável,Com Vítimas Feridas,Pleno dia,Crescente,Céu Claro,Simples,Reta,Não,3,0,3,0,0,0,3,1,-27.7433,-50.0585,SPRF-SC,DEL05-SC,UOP01-DEL05-SC,2017
56649.0,2017-07-23,domingo,17:50:00,SC,282,26.0,SANTO AMARO DA IMPERATRIZ,Desobediência às normas de trânsito pelo condutor,Colisão transversal,Com Vítimas Feridas,Pleno dia,Decrescente,Céu Claro,Simples,Curva,Sim,3,0,1,0,2,0,1,2,-27.68162793,-48.75549602,SPRF-SC,DEL01-SC,UOP03-DEL01-SC,2017
56677.0,2017-07-23,domingo,19:50:00,SC,282,87.0,ALFREDO WAGNER,Avarias e/ou desgaste excessivo no pneu,Queda de ocupante de veículo,Com Vítimas Feridas,Plena Noite,Decrescente,Céu Claro,Simples,Curva,Não,2,0,1,1,0,0,2,1,-27.66431603,-49.20581102,SPRF-SC,DEL01-SC,UOP03-DEL01-SC,2017
56689.0,2017-07-23,domingo,21:00:00,SC,282,636.0,DESCANSO,Avarias e/ou desgaste excessivo no pneu,Colisão com objeto estático,Sem Vítimas,Plena Noite,Decrescente,Céu Claro,Simples,Reta;Declive,Não,1,0,0,0,1,0,0,1,-26.8093,-53.4395,SPRF-SC,DEL07-SC,UOP03-DEL07-SC,2017
56750.0,2017-07-24,segunda-feira,06:30:00,SC,282,94.3,ALFREDO WAGNER,Ultrapassagem Indevida,Colisão lateral,Sem Vítimas,Amanhecer,Crescente,Céu Claro,Simples,Reta,Não,2,0,0,0,2,0,0,2,-27.71132352,-49.24710631,SPRF-SC,DEL01-SC,UOP03-DEL01-SC,2017
56756.0,2017-07-24,segunda-feira,09:00:00,SC,282,6.0,SAO JOSE,Não guardar distância de segurança,Colisão lateral,Com Vítimas Feridas,Pleno dia,Decrescente,Céu Claro,Simples,Curva;Aclive,Sim,1,0,1,0,0,0,1,1,-27.5845,-48.617,SPRF-SC,DEL01-SC,UOP01-DEL01-SC,2017
56808.0,2017-07-24,segunda-feira,07:00:00,SC,282,471.4,PONTE SERRADA,Desobediência às normas de trânsito pelo condutor,Colisão transversal,Com Vítimas Feridas,Amanhecer,Decrescente,Céu Claro,Simples,Interseção de Vias;Reta,Não,3,0,1,2,0,0,3,2,-26.85735599,-52.11298764,SPRF-SC,DEL07-SC,UOP01-DEL07-SC,2017
57111.0,2017-07-25,terça-feira,19:50:00,SC,282,533.6,CORDILHEIRA ALTA,Falta de Atenção à Condução,Colisão frontal,Com Vítimas Feridas,Plena Noite,Crescente,Céu Claro,Simples,Curva,Não,2,0,1,0,1,0,1,2,-26.99675624,-52.63035893,SPRF-SC,DEL07-SC,UOP01-DEL07-SC,2017
57200.0,2017-07-26,quarta-feira,10:30:00,SC,282,185.0,LAGES,Falta de Atenção à Condução,Colisão traseira,Sem Vítimas,Pleno dia,Crescente,Céu Claro,Simples,Reta,Não,2,0,0,0,2,0,0,2,-27.7344,-49.982,SPRF-SC,DEL05-SC,UOP01-DEL05-SC,2017
57290.0,2017-07-26,quarta-feira,18:40:00,SC,282,3.0,FLORIANOPOLIS,Não guardar distância de segurança,Colisão lateral,Com Vítimas Feridas,Plena Noite,Decrescente,Céu Claro,Dupla,Reta,Sim,2,0,1,0,1,0,1,2,-27.6003,-48.5996,SPRF-SC,DEL01-SC,UOP01-DEL01-SC,2017
57354.0,2017-07-27,quinta-feira,01:20:00,SC,282,51.7,AGUAS MORNAS,Falta de Atenção à Condução,Saída de leito carroçável,Sem Vítimas,Plena Noite,Decrescente,Nublado,Simples,Curva;Declive,Não,1,0,0,0,1,0,0,1,-27.69933606,-48.96331787,SPRF-SC,DEL01-SC,UOP03-DEL01-SC,2017
57357.0,2017-07-27,quinta-feira,03:15:00,SC,282,186.0,LAGES,Ingestão de Álcool,Saída de leito carroçável,Sem Vítimas,Plena Noite,Crescente,Nevoeiro/Neblina,Simples,Curva,Não,1,0,0,0,1,0,0,1,-27.7372,-50.0303,SPRF-SC,DEL05-SC,UOP01-DEL05-SC,2017
57446.0,2017-07-27,quinta-feira,07:20:00,SC,282,576.8,PINHALZINHO,Desobediência às normas de trânsito pelo condutor,Colisão transversal,Com Vítimas Feridas,Pleno dia,Crescente,Céu Claro,Simples,Curva,Sim,3,0,1,1,1,0,2,2,-26.86235702,-52.97638535,SPRF-SC,DEL07-SC,UOP02-DEL07-SC,2017
57463.0,2017-07-27,quinta-feira,12:00:00,SC,282,341.0,CAMPOS NOVOS,Falta de Atenção à Condução,Colisão transversal,Com Vítimas Feridas,Pleno dia,Crescente,Céu Claro,Simples,Reta,Sim,2,0,1,0,1,0,1,2,-27.38878239,-51.20957136,SPRF-SC,DEL07-SC,UOP06-DEL07-SC,2017
57516.0,2017-07-27,quinta-feira,16:45:00,SC,282,5.0,SAO JOSE,Não guardar distância de segurança,Colisão traseira,Com Vítimas Feridas,Pleno dia,Crescente,Céu Claro,Dupla,Reta,Sim,3,0,2,0,1,0,2,2,-27.589,-48.6113,SPRF-SC,DEL01-SC,UOP01-DEL01-SC,2017
57623.0,2017-07-28,sexta-feira,02:40:00,SC,282,527.3,XAXIM,Ingestão de Álcool,Saída de leito carroçável,Com Vítimas Feridas,Plena Noite,Crescente,Céu Claro,Simples,Curva,Não,1,0,1,0,0,0,1,1,-26.98434907,-52.60242785,SPRF-SC,DEL07-SC,UOP01-DEL07-SC,2017
57686.0,2017-07-28,sexta-feira,10:25:00,SC,282,508.8,XANXERE,Falta de Atenção à Condução,Colisão traseira,Sem Vítimas,Pleno dia,Decrescente,Céu Claro,Simples,Reta,Não,2,0,0,0,2,0,0,2,-26.90435215,-52.46315002,SPRF-SC,DEL07-SC,UOP01-DEL07-SC,2017
57840.0,2017-07-28,sexta-feira,20:50:00,SC,282,578.0,PINHALZINHO,Ingestão de Álcool,Saída de leito carroçável,Com Vítimas Feridas,Plena Noite,Decrescente,Céu Claro,Simples,Reta,Sim,1,0,1,0,0,0,1,1,-26.8460897,-52.98084855,SPRF-SC,DEL07-SC,UOP02-DEL07-SC,2017
57895.0,2017-07-29,sábado,04:30:00,SC,282,513.5,XAXIM,Ingestão de Álcool,Saída de leito carroçável,Com Vítimas Feridas,Plena Noite,Crescente,Céu Claro,Simples,Reta,Não,1,0,1,0,0,0,1,1,-26.91508646,-52.48299837,SPRF-SC,DEL07-SC,UOP01-DEL07-SC,2017
57942.0,2017-07-29,sábado,08:00:00,SC,282,142.5,BOM RETIRO,Falta de Atenção à Condução,Saída de leito carroçável,Com Vítimas Feridas,Pleno dia,Crescente,Céu Claro,Simples,Curva,Não,2,0,2,0,0,0,2,1,-27.8137032,-49.6118143,SPRF-SC,DEL05-SC,UOP01-DEL05-SC,2017
58054.0,2017-07-29,sábado,13:15:00,SC,282,492.2,FAXINAL DOS GUEDES,Não guardar distância de segurança,Engavetamento,Sem Vítimas,Pleno dia,Decrescente,Sol,Simples,Reta,Não,3,0,0,0,3,0,0,3,-26.87239582,-52.29371756,SPRF-SC,DEL07-SC,UOP01-DEL07-SC,2017
58091.0,2017-07-29,sábado,18:30:00,SC,282,217.0,LAGES,Ingestão de Álcool,Atropelamento de Pedestre,Com Vítimas Feridas,Anoitecer,Crescente,Céu Claro,Dupla,Reta,Sim,2,0,0,1,1,0,1,2,-27.79413584,-50.28648376,SPRF-SC,DEL05-SC,UOP01-DEL05-SC,2017
58180.0,2017-07-29,sábado,21:45:00,SC,282,328.0,CAMPOS NOVOS,Falta de Atenção à Condução,Capotamento,Sem Vítimas,Plena Noite,Crescente,Céu Claro,Simples,Reta,Não,1,0,0,0,1,0,0,1,-27.39438444,-51.14801407,SPRF-SC,DEL07-SC,UOP06-DEL07-SC,2017
58235.0,2017-07-30,domingo,04:30:00,SC,282,82.5,RANCHO QUEIMADO,Falta de Atenção à Condução,Saída de leito carroçável,Sem Vítimas,Plena Noite,Decrescente,Céu Claro,Simples,Curva,Não,1,0,0,0,1,0,0,1,-27.66384673,-49.1767526,SPRF-SC,DEL01-SC,UOP03-DEL01-SC,2017
58291.0,2017-07-30,domingo,08:50:00,SC,282,498.0,XANXERE,Velocidade Incompatível,Colisão traseira,Sem Vítimas,Pleno dia,Decrescente,Céu Claro,Simples,Reta,Não,2,0,0,0,2,0,0,2,-26.87908134,-52.34826565,SPRF-SC,DEL07-SC,UOP01-DEL07-SC,2017
58315.0,2017-07-30,domingo,12:40:00,SC,282,18.0,PALHOCA,Falta de Atenção à Condução,Tombamento,Com Vítimas Feridas,Pleno dia,Crescente,Céu Claro,Simples,Reta,Sim,2,0,1,0,1,0,1,1,-27.6735,-48.6949,SPRF-SC,DEL01-SC,UOP02-DEL01-SC,2017
58332.0,2017-07-30,domingo,13:45:00,SC,282,4.0,SAO JOSE,Não guardar distância de segurança,Colisão traseira,Com Vítimas Feridas,Pleno dia,Decrescente,Sol,Dupla,Reta,Sim,4,0,3,0,1,0,3,3,-27.593,-48.604,SPRF-SC,DEL01-SC,UOP01-DEL01-SC,2017
58396.0,2017-07-30,domingo,16:40:00,SC,282,5.0,SAO JOSE,Falta de Atenção à Condução,Colisão traseira,Com Vítimas Feridas,Pleno dia,Crescente,Céu Claro,Múltipla,Reta,Sim,2,0,1,0,0,1,1,2,-27.59276095,-48.60409818,SPRF-SC,DEL01-SC,UOP01-DEL01-SC,2017
58468.0,2017-07-30,domingo,20:28:00,SC,282,511.1,XANXERE,Ingestão de Álcool,Saída de leito carroçável,Sem Vítimas,Plena Noite,Decrescente,Céu Claro,Simples,Curva,Não,2,0,0,0,2,0,0,1,-26.90412253,-52.46279061,SPRF-SC,DEL07-SC,UOP01-DEL07-SC,2017
58477.0,2017-07-30,domingo,19:00:00,SC,282,104.1,ALFREDO WAGNER,Falta de Atenção à Condução,Colisão frontal,Com Vítimas Feridas,Plena Noite,Crescente,Céu Claro,Simples,Interseção de Vias,Sim,5,0,2,1,2,0,3,2,-27.69597801,-49.33308184,SPRF-SC,DEL01-SC,UOP03-DEL01-SC,2017
58499.0,2017-07-30,domingo,23:00:00,SC,282,491.9,FAXINAL DOS GUEDES,Ingestão de Álcool,Saída de leito carroçável,Com Vítimas Feridas,Plena Noite,Crescente,Céu Claro,Simples,Em Obras;Curva,Não,1,0,1,0,0,0,1,1,-26.87241148,-52.29168299,SPRF-SC,DEL07-SC,UOP01-DEL07-SC,2017
58504.0,2017-07-31,segunda-feira,00:50:00,SC,282,22.5,SANTO AMARO DA IMPERATRIZ,Ingestão de Álcool,Saída de leito carroçável,Com Vítimas Feridas,Plena Noite,Crescente,Céu Claro,Simples,Curva,Sim,2,0,0,2,0,0,2,1,-27.6897383,-48.73331304,SPRF-SC,DEL01-SC,UOP02-DEL01-SC,2017
58537.0,2017-07-31,segunda-feira,06:10:00,SC,282,16.1,PALHOCA,Desobediência às normas de trânsito pelo condutor,Colisão transversal,Com Vítimas Feridas,Pleno dia,Decrescente,Nublado,Simples,Reta,Sim,3,0,0,1,2,0,1,2,-27.66041999,-48.68350983,SPRF-SC,DEL01-SC,UOP02-DEL01-SC,2017
58587.0,2017-07-31,segunda-feira,09:50:00,SC,282,5.1,SAO JOSE,Não guardar distância de segurança,Colisão traseira,Com Vítimas Feridas,Pleno dia,Decrescente,Céu Claro,Dupla,Reta,Sim,3,0,1,0,2,0,1,2,-27.58849904,-48.61260758,SPRF-SC,DEL01-SC,UOP01-DEL01-SC,2017
58727.0,2017-07-31,segunda-feira,18:10:00,SC,282,462.1,PONTE SERRADA,Desobediência às normas de trânsito pelo condutor,Colisão transversal,Com Vítimas Feridas,Anoitecer,Crescente,Céu Claro,Simples,Em Obras,Sim,7,0,5,0,2,0,5,4,-26.86184463,-52.02620506,SPRF-SC,DEL07-SC,UOP04-DEL07-SC,2017
58845.0,2017-08-01,terça-feira,11:30:00,SC,282,341.6,CAMPOS NOVOS,Falta de Atenção à Condução,Colisão transversal,Com Vítimas Feridas,Pleno dia,Decrescente,Céu Claro,Simples,Reta;Declive,Não,3,0,1,0,2,0,1,2,-27.38962069,-51.21202826,SPRF-SC,DEL07-SC,UOP06-DEL07-SC,2017
58932.0,2017-08-01,terça-feira,22:35:00,SC,282,520.1,XAXIM,Falta de Atenção à Condução,Saída de leito carroçável,Sem Vítimas,Plena Noite,Decrescente,Céu Claro,Simples,Curva,Sim,1,0,0,0,1,0,0,1,-26.95078148,-52.52585176,SPRF-SC,DEL07-SC,UOP01-DEL07-SC,2017
59055.0,2017-08-02,quarta-feira,13:55:00,SC,282,593.0,SAUDADES,Desobediência às normas de trânsito pelo condutor,Saída de leito carroçável,Com Vítimas Feridas,Pleno dia,Crescente,Chuva,Simples,Declive;Curva,Não,2,0,2,0,0,0,2,1,-26.8245,-53.1055,SPRF-SC,DEL07-SC,UOP02-DEL07-SC,2017
59195.0,2017-08-03,quinta-feira,08:25:00,SC,282,53.8,AGUAS MORNAS,Velocidade Incompatível,Capotamento,Com Vítimas Feridas,Pleno dia,Crescente,Chuva,Simples,Curva,Não,1,0,1,0,0,0,1,1,-27.68728512,-48.9742337,SPRF-SC,DEL01-SC,UOP03-DEL01-SC,2017
59305.0,2017-08-03,quinta-feira,16:00:00,SC,282,589.0,SAUDADES,Falta de Atenção à Condução,Saída de leito carroçável,Com Vítimas Feridas,Pleno dia,Crescente,Sol,Simples,Reta,Não,1,0,0,1,0,0,1,1,-26.8254,-53.0679,SPRF-SC,DEL07-SC,UOP02-DEL07-SC,2017
59438.0,2017-08-04,sexta-feira,07:05:00,SC,282,449.0,IRANI,Pista Escorregadia,Saída de leito carroçável,Com Vítimas Feridas,Amanhecer,Decrescente,Céu Claro,Simples,Reta,Não,1,0,1,0,0,0,1,1,-26.91849406,-51.95569861,SPRF-SC,DEL07-SC,UOP04-DEL07-SC,2017
59496.0,2017-08-01,terça-feira,20:15:00,SC,282,4.5,SAO JOSE,Desobediência às normas de trânsito pelo condutor,Colisão traseira,Com Vítimas Feridas,Plena Noite,Crescente,Céu Claro,Dupla,Reta,Sim,1,0,1,0,0,0,1,1,-27.59135237,-48.60679546,SPRF-SC,DEL01-SC,UOP01-DEL01-SC,2017
59501.0,2017-08-04,sexta-feira,14:25:00,SC,282,16.0,PALHOCA,Desobediência às normas de trânsito pelo condutor,Colisão transversal,Com Vítimas Feridas,Pleno dia,Decrescente,Nublado,Simples,Reta,Sim,3,0,0,1,1,1,1,3,-27.6594,-48.6826,SPRF-SC,DEL01-SC,UOP02-DEL01-SC,2017
59572.0,2017-08-04,sexta-feira,16:50:00,SC,282,501.9,XANXERE,Falta de Atenção do Pedestre,Atropelamento de Pedestre,Com Vítimas Feridas,Pleno dia,Decrescente,Céu Claro,Simples,Reta,Sim,2,0,0,1,1,0,1,2,-26.88388524,-52.38697529,SPRF-SC,DEL07-SC,UOP01-DEL07-SC,2017
59584.0,2017-08-04,sexta-feira,19:30:00,SC,282,1.0,FLORIANOPOLIS,Ultrapassagem Indevida,Colisão lateral,Sem Vítimas,Plena Noite,Decrescente,Céu Claro,Dupla,Reta,Sim,2,0,0,0,2,0,0,2,-27.6021838,-48.57821629,SPRF-SC,DEL01-SC,UOP01-DEL01-SC,2017
59660.0,2017-08-05,sábado,01:40:00,SC,282,446.1,PONTE SERRADA,Condutor Dormindo,Tombamento,Sem Vítimas,Pleno dia,Crescente,Céu Claro,Simples,Curva,Não,1,0,0,0,1,0,0,1,-26.91208976,-51.90501332,SPRF-SC,DEL07-SC,UOP04-DEL07-SC,2017
59758.0,2017-08-05,sábado,10:30:00,SC,282,520.0,XAXIM,Falta de Atenção à Condução,Colisão frontal,Com Vítimas Feridas,Pleno dia,Crescente,Sol,Simples,Reta,Não,4,0,3,1,0,0,4,2,-26.95022894,-52.52617925,SPRF-SC,DEL07-SC,UOP01-DEL07-SC,2017
59804.0,2017-08-05,sábado,15:20:00,SC,282,542.0,CHAPECO,Não guardar distância de segurança,Colisão traseira,Com Vítimas Feridas,Pleno dia,Crescente,Sol,Simples,Reta,Não,2,0,1,0,1,0,1,2,-27.00004474,-52.7059114,SPRF-SC,DEL07-SC,UOP01-DEL07-SC,2017
59915.0,2017-08-05,sábado,22:40:00,SC,282,25.6,SANTO AMARO DA IMPERATRIZ,Velocidade Incompatível,Colisão frontal,Com Vítimas Fatais,Plena Noite,Crescente,Céu Claro,Simples,Reta,Não,2,1,0,0,1,0,0,2,-27.67998609,-48.75929216,SPRF-SC,DEL01-SC,UOP03-DEL01-SC,2017
59972.0,2017-08-06,domingo,04:40:00,SC,282,525.7,XAXIM,Ingestão de Álcool,Colisão com objeto estático,Com Vítimas Feridas,Pleno dia,Decrescente,Céu Claro,Simples,Curva,Não,1,0,1,0,0,0,1,1,-26.96784388,-52.57162929,SPRF-SC,DEL07-SC,UOP01-DEL07-SC,2017
59976.0,2017-08-06,domingo,05:00:00,SC,282,514.3,XANXERE,Ingestão de Álcool,Saída de leito carroçável,Sem Vítimas,Plena Noite,Crescente,Chuva,Simples,Curva,Não,1,0,0,0,0,1,0,1,-26.93425593,-52.49956906,SPRF-SC,DEL07-SC,UOP01-DEL07-SC,2017
59978.0,2017-08-06,domingo,05:20:00,SC,282,528.2,CORDILHEIRA ALTA,Ingestão de Álcool,Saída de leito carroçável,Com Vítimas Feridas,Plena Noite,Crescente,Céu Claro,Simples,Reta,Não,1,0,1,0,0,0,1,1,-26.97950915,-52.58985758,SPRF-SC,DEL07-SC,UOP01-DEL07-SC,2017
60105.0,2017-08-06,domingo,19:00:00,SC,282,221.0,LAGES,Falta de Atenção à Condução,Colisão traseira,Com Vítimas Fatais,Plena Noite,Crescente,Céu Claro,Simples,Reta,Sim,2,1,0,0,0,1,0,2,-27.7928622,-50.3337084,SPRF-SC,DEL05-SC,UOP01-DEL05-SC,2017
60219.0,2017-07-06,quinta-feira,20:00:00,SC,282,39.4,AGUAS MORNAS,Ingestão de Álcool,Colisão traseira,Com Vítimas Feridas,Plena Noite,Decrescente,Céu Claro,Simples,Reta,Não,4,0,2,0,2,0,2,2,-27.71392602,-48.86547089,SPRF-SC,DEL01-SC,UOP03-DEL01-SC,2017
60220.0,2017-08-07,segunda-feira,07:10:00,SC,282,605.0,MARAVILHA,Falta de Atenção à Condução,Colisão transversal,Com Vítimas Feridas,Amanhecer,Crescente,Céu Claro,Simples,Reta,Sim,3,0,2,0,1,0,2,2,-26.7823,-53.1968,SPRF-SC,DEL07-SC,UOP02-DEL07-SC,2017
60243.0,2017-08-06,domingo,22:30:00,SC,282,258.3,SAO JOSE DO CERRITO,Ingestão de Álcool,Saída de leito carroçável,Com Vítimas Feridas,Plena Noite,Decrescente,Céu Claro,Simples,Curva,Não,2,0,2,0,0,0,2,1,-27.57828598,-50.79231083,SPRF-SC,DEL05-SC,UOP02-DEL05-SC,2017
60262.0,2017-08-07,segunda-feira,10:10:00,SC,282,526.5,CORDILHEIRA ALTA,Velocidade Incompatível,Saída de leito carroçável,Sem Vítimas,Pleno dia,Decrescente,Céu Claro,Simples,Reta,Não,1,0,0,0,1,0,0,1,-26.97407391,-52.58537536,SPRF-SC,DEL07-SC,UOP01-DEL07-SC,2017
60350.0,2017-08-07,segunda-feira,18:30:00,SC,282,245.0,LAGES,Falta de Atenção à Condução,Colisão transversal,Sem Vítimas,Plena Noite,Crescente,Nublado,Simples,Reta,Sim,3,0,0,0,3,0,0,2,-27.728,-50.5222,SPRF-SC,DEL05-SC,UOP02-DEL05-SC,2017
60479.0,2017-08-08,terça-feira,09:50:00,SC,282,3.0,FLORIANOPOLIS,Não guardar distância de segurança,Colisão traseira,Com Vítimas Feridas,Pleno dia,Decrescente,Céu Claro,Múltipla,Reta,Sim,2,0,1,0,1,0,1,2,-27.6003,-48.5996,SPRF-SC,DEL01-SC,UOP01-DEL01-SC,2017
60600.0,2017-08-08,terça-feira,15:50:00,SC,480,125.9,CHAPECO,Ingestão de Álcool,Colisão lateral,Sem Vítimas,Pleno dia,Crescente,Nublado,Simples,Reta,Não,2,0,0,0,2,0,0,2,-27.01857901,-52.63624907,SPRF-SC,DEL07-SC,UOP01-DEL07-SC,2017
60660.0,2017-08-09,quarta-feira,07:15:00,SC,282,4.0,FLORIANOPOLIS,Falta de Atenção à Condução,Colisão traseira,Com Vítimas Feridas,Pleno dia,Decrescente,Céu Claro,Dupla,Reta,Sim,2,0,1,0,1,0,1,2,-27.59547838,-48.60136617,SPRF-SC,DEL01-SC,UOP01-DEL01-SC,2017
60827.0,2017-08-09,quarta-feira,19:30:00,SC,282,387.6,JOACABA,Desobediência às normas de trânsito pelo condutor,Colisão transversal,Com Vítimas Feridas,Plena Noite,Crescente,Céu Claro,Dupla,Interseção de Vias;Rotatória,Não,2,0,1,0,1,0,1,2,-27.18026774,-51.52220428,SPRF-SC,DEL07-SC,UOP05-DEL07-SC,2017
60833.0,2017-08-09,quarta-feira,19:30:00,SC,282,223.0,LAGES,Falta de Atenção à Condução,Saída de leito carroçável,Com Vítimas Feridas,Plena Noite,Crescente,Céu Claro,Dupla,Curva;Aclive,Não,2,0,2,0,0,0,2,1,-27.7975,-50.353,SPRF-SC,DEL05-SC,UOP01-DEL05-SC,2017
60838.0,2017-08-09,quarta-feira,19:45:00,SC,282,477.4,FAXINAL DOS GUEDES,Ingestão de Álcool,Colisão transversal,Com Vítimas Feridas,Plena Noite,Decrescente,Céu Claro,Simples,Interseção de Vias,Não,2,0,1,0,1,0,1,2,-26.87813393,-52.18853474,SPRF-SC,DEL07-SC,UOP01-DEL07-SC,2017
60997.0,2017-08-10,quinta-feira,18:00:00,SC,282,194.2,LAGES,Falta de Atenção à Condução,Colisão transversal,Com Vítimas Feridas,Plena Noite,Decrescente,Nublado,Simples,Reta,Não,4,0,2,0,2,0,2,2,-27.74253946,-50.07039756,SPRF-SC,DEL05-SC,UOP01-DEL05-SC,2017
61036.0,2017-08-10,quinta-feira,16:30:00,SC,282,406.8,CATANDUVAS,Falta de Atenção à Condução,Colisão transversal,Sem Vítimas,Pleno dia,Decrescente,Céu Claro,Simples,Rotatória,Não,2,0,0,0,2,0,0,2,-27.06730408,-51.66312218,SPRF-SC,DEL07-SC,UOP05-DEL07-SC,2017
61071.0,2017-08-10,quinta-feira,21:30:00,SC,282,325.7,CAMPOS NOVOS,Ingestão de Álcool,Saída de leito carroçável,Com Vítimas Feridas,Plena Noite,Decrescente,Céu Claro,Simples,Declive,Não,1,0,0,1,0,0,1,1,-27.37466367,-51.06780052,SPRF-SC,DEL07-SC,UOP06-DEL07-SC,2017
61167.0,2017-08-11,sexta-feira,09:40:00,SC,282,49.0,AGUAS MORNAS,Velocidade Incompatível,Colisão com objeto estático,Com Vítimas Feridas,Pleno dia,Crescente,Chuva,Simples,Curva,Não,1,0,1,0,0,0,1,1,-27.71246711,-48.94457245,SPRF-SC,DEL01-SC,UOP03-DEL01-SC,2017
61177.0,2017-08-11,sexta-feira,08:00:00,SC,282,75.0,RANCHO QUEIMADO,Falta de Atenção à Condução,Saída de leito carroçável,Com Vítimas Feridas,Pleno dia,Decrescente,Chuva,Simples,Curva,Não,1,0,1,0,0,0,1,1,-27.69154636,-49.12980426,SPRF-SC,DEL01-SC,UOP03-DEL01-SC,2017
61185.0,2017-08-11,sexta-feira,10:25:00,SC,282,369.8,ERVAL VELHO,Falta de Atenção à Condução,Colisão lateral,Sem Vítimas,Pleno dia,Decrescente,Céu Claro,Simples,Reta,Não,2,0,0,0,2,0,0,2,-27.27794784,-51.44059837,SPRF-SC,DEL07-SC,UOP05-DEL07-SC,2017
61225.0,2017-08-11,sexta-feira,14:40:00,SC,282,46.0,AGUAS MORNAS,Velocidade Incompatível,Colisão frontal,Com Vítimas Feridas,Pleno dia,Decrescente,Chuva,Simples,Curva,Não,2,0,2,0,0,0,2,2,-27.72170652,-48.926651,SPRF-SC,DEL01-SC,UOP03-DEL01-SC,2017
61291.0,2017-08-11,sexta-feira,18:20:00,SC,282,2.9,FLORIANOPOLIS,Falta de Atenção à Condução,Colisão lateral,Com Vítimas Feridas,Plena Noite,Decrescente,Chuva,Dupla,Curva,Não,3,0,0,1,1,1,1,3,-27.60175369,-48.59811902,SPRF-SC,DEL01-SC,UOP01-DEL01-SC,2017
61343.0,2017-08-11,sexta-feira,21:55:00,SC,282,80.0,RANCHO QUEIMADO,Falta de Atenção à Condução,Colisão frontal,Com Vítimas Feridas,Plena Noite,Crescente,Chuva,Simples,Curva,Não,3,0,2,1,0,0,3,2,-27.6632337,-49.15945923,SPRF-SC,DEL01-SC,UOP03-DEL01-SC,2017
61431.0,2017-08-12,sábado,04:50:00,SC,282,590.2,SAUDADES,Ingestão de Álcool,Colisão frontal,Com Vítimas Feridas,Plena Noite,Decrescente,Ignorado,Simples,Curva,Não,4,0,2,0,2,0,2,2,-26.82762682,-53.07979747,SPRF-SC,DEL07-SC,UOP02-DEL07-SC,2017