id,data_inversa,dia_semana,horario,uf,br,km,municipio,causa_acidente,tipo_acidente,classificacao_acidente,fase_dia,sentido_via,condicao_metereologica,tipo_pista,tracado_via,uso_solo,pessoas,mortos,feridos_leves,feridos_graves,ilesos,ignorados,feridos,veiculos,latitude,longitude,regional,delegacia,uop,ano_arquivo
61503.0,2017-08-12,sábado,11:15:00,SC,282,171.1,BOCAINA DO SUL,Velocidade Incompatível,Saída de leito carroçável,Sem Vítimas,Pleno dia,Crescente,Garoa/Chuvisco,Simples,Curva,Não,1,0,0,0,1,0,0,1,-27.74292914,-49.88784313,SPRF-SC,DEL05-SC,UOP01-DEL05-SC,2017
61546.0,2017-08-12,sábado,08:35:00,SC,282,51.1,AGUAS MORNAS,Velocidade Incompatível,Saída de leito carroçável,Com Vítimas Feridas,Pleno dia,Crescente,Chuva,Simples,Curva,Não,2,0,1,0,1,0,1,1,-27.70110767,-48.9615145,SPRF-SC,DEL01-SC,UOP03-DEL01-SC,2017
61732.0,2017-08-12,sábado,14:40:00,SC,282,72.0,RANCHO QUEIMADO,Velocidade Incompatível,Saída de leito carroçável,Com Vítimas Feridas,Pleno dia,Decrescente,Chuva,Simples,Curva,Não,2,0,1,0,1,0,1,1,-27.6835,-49.1052,SPRF-SC,DEL01-SC,UOP03-DEL01-SC,2017
61741.0,2017-08-13,domingo,06:40:00,SC,282,137.0,RIO DO SUL,Condutor Dormindo,Colisão com objeto estático,Com Vítimas Feridas,Amanhecer,Crescente,Garoa/Chuvisco,Simples,Curva,Sim,4,0,2,1,1,0,3,1,-27.19004047,-49.61945057,SPRF-SC,DEL05-SC,UOP01-DEL05-SC,2017
61744.0,2017-08-12,sábado,15:35:00,SC,282,52.0,AGUAS MORNAS,Falta de Atenção à Condução,Saída de leito carroçável,Com Vítimas Feridas,Pleno dia,Decrescente,Chuva,Simples,Curva,Não,2,0,1,0,1,0,1,1,-27.69632475,-48.96442294,SPRF-SC,DEL01-SC,UOP03-DEL01-SC,2017
61745.0,2017-08-12,sábado,10:30:00,SC,282,48.4,AGUAS MORNAS,Falta de Atenção à Condução,Colisão com objeto estático,Com Vítimas Feridas,Pleno dia,Crescente,Chuva,Simples,Curva,Não,2,0,1,0,1,0,1,1,-27.71602981,-48.94244492,SPRF-SC,DEL01-SC,UOP03-DEL01-SC,2017
61790.0,2017-08-13,domingo,09:45:00,SC,282,629.0,IRACEMINHA,Velocidade Incompatível,Saída de leito carroçável,Sem Vítimas,Pleno dia,Crescente,Chuva,Simples,Curva;Declive,Não,1,0,0,0,1,0,0,1,-26.8205,-53.3816,SPRF-SC,DEL07-SC,UOP02-DEL07-SC,2017
61801.0,2017-08-13,domingo,12:20:00,SC,282,203.0,LAGES,Velocidade Incompatível,Saída de leito carroçável,Sem Vítimas,Pleno dia,Crescente,Chuva,Simples,Curva,Não,2,0,0,0,2,0,0,1,-27.76686942,-50.16276863,SPRF-SC,DEL05-SC,UOP01-DEL05-SC,2017
61814.0,2017-08-13,domingo,12:50:00,SC,282,55.0,AGUAS MORNAS,Pista Escorregadia,Saída de leito carroçável,Sem Vítimas,Pleno dia,Decrescente,Garoa/Chuvisco,Simples,Curva,Não,2,0,0,0,2,0,0,1,-27.68908584,-48.98330569,SPRF-SC,DEL01-SC,UOP03-DEL01-SC,2017
61935.0,2017-08-13,domingo,17:35:00,SC,282,559.3,NOVA ITABERABA,Não guardar distância de segurança,Engavetamento,Sem Vítimas,Anoitecer,Decrescente,Nevoeiro/Neblina,Simples,Reta;Aclive,Não,7,0,0,0,7,0,0,4,-26.92779985,-52.84523606,SPRF-SC,DEL07-SC,UOP01-DEL07-SC,2017
61960.0,2017-08-13,domingo,15:00:00,SC,282,26.7,SANTO AMARO DA IMPERATRIZ,Ingestão de Álcool,Colisão transversal,Com Vítimas Feridas,Pleno dia,Crescente,Chuva,Simples,Reta,Sim,2,0,1,1,0,0,2,2,-27.67509661,-48.76883245,SPRF-SC,DEL01-SC,UOP03-DEL01-SC,2017
61994.0,2017-08-13,domingo,19:55:00,SC,480,126.4,CHAPECO,Falta de Atenção à Condução,Colisão traseira,Com Vítimas Feridas,Plena Noite,Decrescente,Chuva,Dupla,Reta,Sim,6,0,4,0,2,0,4,2,-27.02380705,-52.63462901,SPRF-SC,DEL07-SC,UOP01-DEL07-SC,2017
62033.0,2017-08-10,quinta-feira,07:50:00,SC,282,38.7,AGUAS MORNAS,Velocidade Incompatível,Colisão frontal,Com Vítimas Feridas,Pleno dia,Crescente,Nublado,Simples,Curva,Não,3,0,2,1,0,0,3,2,-27.71328015,-48.85786414,SPRF-SC,DEL01-SC,UOP03-DEL01-SC,2017
62055.0,2017-08-14,segunda-feira,07:10:00,SC,282,17.0,PALHOCA,Falta de Atenção à Condução,Colisão lateral,Com Vítimas Feridas,Pleno dia,Decrescente,Céu Claro,Simples,Reta,Sim,3,0,2,0,1,0,2,2,-27.66794206,-48.68964062,SPRF-SC,DEL01-SC,UOP02-DEL01-SC,2017
62062.0,2017-08-13,domingo,18:30:00,SC,282,522.0,XAXIM,Falta de Atenção à Condução,Saída de leito carroçável,Com Vítimas Feridas,Plena Noite,Decrescente,Chuva,Simples,Reta,Sim,1,0,1,0,0,0,1,1,-26.95480507,-52.54089385,SPRF-SC,DEL07-SC,UOP01-DEL07-SC,2017
62084.0,2017-08-14,segunda-feira,08:00:00,SC,282,520.5,XAXIM,Falta de Atenção à Condução,Saída de leito carroçável,Sem Vítimas,Pleno dia,Crescente,Nublado,Simples,Declive;Curva,Sim,1,0,0,0,1,0,0,1,-26.94885361,-52.5278023,SPRF-SC,DEL07-SC,UOP01-DEL07-SC,2017
62088.0,2017-08-14,segunda-feira,09:15:00,SC,282,4.0,FLORIANOPOLIS,Não guardar distância de segurança,Colisão lateral,Com Vítimas Feridas,Pleno dia,Decrescente,Sol,Dupla,Reta,Sim,2,0,1,0,1,0,1,2,-27.5937,-48.6023,SPRF-SC,DEL01-SC,UOP01-DEL01-SC,2017
62147.0,2017-08-14,segunda-feira,14:30:00,SC,282,590.0,SAUDADES,Defeito Mecânico no Veículo,Saída de leito carroçável,Sem Vítimas,Pleno dia,Crescente,Céu Claro,Simples,Aclive,Não,1,0,0,0,1,0,0,1,-26.8277,-53.0776,SPRF-SC,DEL07-SC,UOP02-DEL07-SC,2017
62184.0,2017-08-14,segunda-feira,17:15:00,SC,480,128.8,CHAPECO,Falta de Atenção à Condução,Capotamento,Sem Vítimas,Pleno dia,Decrescente,Sol,Simples,Reta,Não,1,0,0,0,0,1,0,1,-27.0443475,-52.6334679,SPRF-SC,DEL07-SC,UOP01-DEL07-SC,2017
62194.0,2017-08-14,segunda-feira,17:30:00,SC,480,128.2,CHAPECO,Desobediência às normas de trânsito pelo condutor,Colisão frontal,Com Vítimas Feridas,Pleno dia,Crescente,Sol,Simples,Interseção de Vias,Não,2,0,0,1,1,0,1,2,-27.04006307,-52.63517082,SPRF-SC,DEL07-SC,UOP01-DEL07-SC,2017
62206.0,2017-08-14,segunda-feira,18:45:00,SC,282,388.9,JOACABA,Não guardar distância de segurança,Colisão lateral,Com Vítimas Feridas,Anoitecer,Crescente,Céu Claro,Simples,Curva;Aclive,Sim,2,0,0,1,1,0,1,2,-27.17036054,-51.55986786,SPRF-SC,DEL07-SC,UOP05-DEL07-SC,2017
62251.0,2017-08-15,terça-feira,06:50:00,SC,282,5.0,SAO JOSE,Falta de Atenção à Condução,Colisão lateral,Com Vítimas Feridas,Pleno dia,Decrescente,Céu Claro,Múltipla,Reta,Sim,2,0,1,0,1,0,1,2,-27.589,-48.6113,SPRF-SC,DEL01-SC,UOP01-DEL01-SC,2017
62298.0,2017-07-18,terça-feira,12:20:00,SC,480,129.0,CHAPECO,Ultrapassagem Indevida,Colisão lateral,Com Vítimas Feridas,Pleno dia,Crescente,Céu Claro,Simples,Reta,Sim,2,0,1,0,1,0,1,2,-27.04945628,-52.63494819,SPRF-SC,DEL07-SC,UOP01-DEL07-SC,2017
62334.0,2017-08-15,terça-feira,10:55:00,SC,282,501.3,XANXERE,Falta de Atenção à Condução,Colisão lateral,Com Vítimas Feridas,Pleno dia,Crescente,Céu Claro,Dupla,Rotatória,Sim,4,0,2,1,1,0,3,2,-26.88239242,-52.38141507,SPRF-SC,DEL07-SC,UOP01-DEL07-SC,2017
62496.0,2017-08-16,quarta-feira,07:00:00,SC,282,209.0,FLORIANOPOLIS,Falta de Atenção à Condução,Colisão lateral,Com Vítimas Feridas,Pleno dia,Crescente,Céu Claro,Dupla,Reta,Sim,3,0,2,0,1,0,2,2,-27.606513,-48.5534411,SPRF-SC,DEL05-SC,UOP01-DEL05-SC,2017
62632.0,2017-08-16,quarta-feira,14:40:00,SC,282,351.1,CAMPOS NOVOS,Falta de Atenção à Condução,Saída de leito carroçável,Com Vítimas Feridas,Pleno dia,Decrescente,Céu Claro,Simples,Reta;Aclive,Não,2,0,1,1,0,0,2,1,-27.35985709,-51.29585266,SPRF-SC,DEL07-SC,UOP06-DEL07-SC,2017
62696.0,2017-08-16,quarta-feira,14:30:00,SC,282,441.5,IRANI,Defeito Mecânico no Veículo,Saída de leito carroçável,Com Vítimas Feridas,Pleno dia,Crescente,Céu Claro,Simples,Reta,Não,8,0,7,0,1,0,7,1,-26.91685067,-51.89549604,SPRF-SC,DEL07-SC,UOP04-DEL07-SC,2017
62729.0,2017-08-16,quarta-feira,22:05:00,SC,282,507.0,XANXERE,Falta de Atenção à Condução,Capotamento,Sem Vítimas,Plena Noite,Crescente,Céu Claro,Dupla,Reta,Sim,1,0,0,0,1,0,0,1,-26.88517709,-52.4332273,SPRF-SC,DEL07-SC,UOP01-DEL07-SC,2017
62799.0,2017-08-17,quinta-feira,08:00:00,SC,282,500.2,XANXERE,Falta de Atenção à Condução,Tombamento,Sem Vítimas,Pleno dia,Crescente,Céu Claro,Dupla,Declive;Rotatória,Não,1,0,0,0,1,0,0,1,-26.88115317,-52.37053993,SPRF-SC,DEL07-SC,UOP01-DEL07-SC,2017
62869.0,2017-08-17,quinta-feira,14:45:00,SC,282,192.0,LAGES,Animais na Pista,Atropelamento de Animal,Sem Vítimas,Pleno dia,Crescente,Céu Claro,Simples,Reta,Não,1,0,0,0,1,0,0,1,-27.7409,-50.049,SPRF-SC,DEL05-SC,UOP01-DEL05-SC,2017
63019.0,2017-08-17,quinta-feira,21:41:00,SC,282,521.6,XAXIM,Pista Escorregadia,Saída de leito carroçável,Sem Vítimas,Plena Noite,Crescente,Céu Claro,Simples,Rotatória,Não,1,0,0,0,1,0,0,1,-26.95296412,-52.53875077,SPRF-SC,DEL07-SC,UOP01-DEL07-SC,2017
63056.0,2017-08-18,sexta-feira,11:20:00,SC,282,1.0,FLORIANOPOLIS,Não guardar distância de segurança,Colisão traseira,Com Vítimas Feridas,Pleno dia,Crescente,Céu Claro,Dupla,Reta,Sim,2,0,1,0,1,0,1,2,-27.6018,-48.5789,SPRF-SC,DEL01-SC,UOP01-DEL01-SC,2017
63090.0,2017-08-18,sexta-feira,13:55:00,SC,282,6.0,SAO JOSE,Falta de Atenção à Condução,Colisão lateral,Com Vítimas Feridas,Pleno dia,Decrescente,Sol,Dupla,Curva,Sim,2,0,1,0,1,0,1,2,-27.5845,-48.617,SPRF-SC,DEL01-SC,UOP01-DEL01-SC,2017
63155.0,2017-08-02,quarta-feira,17:30:00,SC,282,264.5,SAO JOSE DO CERRITO,Falta de Atenção à Condução,Colisão traseira,Com Vítimas Fatais,Anoitecer,Crescente,Chuva,Simples,Reta,Não,2,1,0,1,0,0,1,2,-27.61418916,-50.70682347,SPRF-SC,DEL05-SC,UOP02-DEL05-SC,2017
63208.0,2017-08-18,sexta-feira,19:50:00,SC,282,217.5,LAGES,Não guardar distância de segurança,Colisão traseira,Sem Vítimas,Plena Noite,Crescente,Céu Claro,Simples,Rotatória,Não,4,0,0,0,3,1,0,3,-27.79753358,-50.29737353,SPRF-SC,DEL05-SC,UOP01-DEL05-SC,2017
63261.0,2017-08-18,sexta-feira,21:55:00,SC,282,613.8,MARAVILHA,Ultrapassagem Indevida,Saída de leito carroçável,Com Vítimas Feridas,Plena Noite,Decrescente,Nublado,Simples,Curva,Não,2,0,2,0,0,0,2,1,-26.77021693,-53.26749232,SPRF-SC,DEL07-SC,UOP02-DEL07-SC,2017
63297.0,2017-08-19,sábado,04:00:00,SC,282,602.5,MARAVILHA,Velocidade Incompatível,Saída de leito carroçável,Com Vítimas Feridas,Plena Noite,Crescente,Nublado,Simples,Reta,Não,1,0,1,0,0,0,1,1,-26.80391357,-53.18614751,SPRF-SC,DEL07-SC,UOP02-DEL07-SC,2017
63387.0,2017-08-19,sábado,08:40:00,SC,282,72.0,RANCHO QUEIMADO,Falta de Atenção à Condução,Capotamento,Com Vítimas Feridas,Pleno dia,Decrescente,Chuva,Simples,Curva,Não,2,0,1,0,1,0,1,1,-27.6835,-49.1052,SPRF-SC,DEL01-SC,UOP03-DEL01-SC,2017
63400.0,2017-08-19,sábado,10:30:00,SC,282,307.8,VARGEM,Velocidade Incompatível,Capotamento,Sem Vítimas,Pleno dia,Crescente,Chuva,Simples,Curva,Não,1,0,0,0,1,0,0,1,-27.49124491,-50.97085353,SPRF-SC,DEL07-SC,UOP06-DEL07-SC,2017
63480.0,2017-08-19,sábado,18:40:00,SC,282,19.9,PALHOCA,Falta de Atenção à Condução,Colisão transversal,Com Vítimas Feridas,Plena Noite,Decrescente,Nublado,Simples,Reta,Sim,2,0,0,1,1,0,1,2,-27.68405343,-48.71017002,SPRF-SC,DEL01-SC,UOP02-DEL01-SC,2017
63523.0,2017-08-19,sábado,21:15:00,SC,282,0.1,FLORIANOPOLIS,Falta de Atenção à Condução,Colisão traseira,Sem Vítimas,Plena Noite,Decrescente,Nublado,Dupla,Reta,Sim,3,0,0,0,2,1,0,3,-27.59867085,-48.57384119,SPRF-SC,DEL01-SC,UOP01-DEL01-SC,2017
63527.0,2017-08-19,sábado,19:45:00,SC,282,372.0,ERVAL VELHO,Velocidade Incompatível,Saída de leito carroçável,Sem Vítimas,Plena Noite,Decrescente,Chuva,Simples,Declive,Não,1,0,0,0,1,0,0,1,-27.2309,-51.4545,SPRF-SC,DEL07-SC,UOP05-DEL07-SC,2017
63529.0,2017-08-19,sábado,21:00:00,SC,282,0.2,FLORIANOPOLIS,Ingestão de Álcool,Colisão com objeto estático,Com Vítimas Feridas,Plena Noite,Crescente,Nublado,Dupla,Curva,Sim,2,0,0,2,0,0,2,1,-27.59820134,-48.57114749,SPRF-SC,DEL01-SC,UOP01-DEL01-SC,2017
63822.0,2017-08-20,domingo,17:20:00,SC,282,633.0,DESCANSO,Pista Escorregadia,Colisão com objeto estático,Com Vítimas Feridas,Pleno dia,Decrescente,Sol,Simples,Curva,Não,2,0,1,0,1,0,1,1,-26.82543033,-53.41312677,SPRF-SC,DEL07-SC,UOP03-DEL07-SC,2017
63934.0,2017-08-21,segunda-feira,07:25:00,SC,282,3.2,FLORIANOPOLIS,Não guardar distância de segurança,Colisão lateral,Com Vítimas Feridas,Pleno dia,Decrescente,Céu Claro,Dupla,Reta,Sim,3,0,1,0,2,0,1,3,-27.6003,-48.5996,SPRF-SC,DEL01-SC,UOP01-DEL01-SC,2017
63993.0,2017-08-21,segunda-feira,10:30:00,SC,282,3.0,FLORIANOPOLIS,Não guardar distância de segurança,Colisão lateral,Com Vítimas Feridas,Pleno dia,Crescente,Chuva,Dupla,Reta,Sim,2,0,1,0,0,1,1,2,-27.6003,-48.5996,SPRF-SC,DEL01-SC,UOP01-DEL01-SC,2017
64146.0,2017-08-21,segunda-feira,23:55:00,SC,282,164.5,BOM RETIRO,Falta de Atenção do Pedestre,Atropelamento de Pedestre,Com Vítimas Fatais,Plena Noite,Decrescente,Ignorado,Simples,Reta,Não,2,1,0,0,1,0,0,2,-27.73279755,-49.79149414,SPRF-SC,DEL05-SC,UOP01-DEL05-SC,2017
64297.0,2017-08-22,terça-feira,13:45:00,SC,480,129.0,CHAPECO,Falta de Atenção à Condução,Queda de ocupante de veículo,Com Vítimas Feridas,Pleno dia,Decrescente,Céu Claro,Simples,Reta;Aclive,Sim,2,0,1,0,0,1,1,2,-27.09794827,-52.62107849,SPRF-SC,DEL07-SC,UOP01-DEL07-SC,2017
64370.0,2017-08-22,terça-feira,21:20:00,SC,282,27.7,SANTO AMARO DA IMPERATRIZ,Falta de Atenção à Condução,Colisão transversal,Sem Vítimas,Plena Noite,Decrescente,Céu Claro,Simples,Reta,Não,2,0,0,0,2,0,0,2,-27.67473821,-48.77757236,SPRF-SC,DEL01-SC,UOP03-DEL01-SC,2017
64412.0,2017-08-22,terça-feira,23:20:00,SC,282,46.0,AGUAS MORNAS,Pista Escorregadia,Capotamento,Sem Vítimas,Plena Noite,Decrescente,Garoa/Chuvisco,Simples,Declive;Curva,Não,3,0,0,0,3,0,0,1,-27.7208,-48.9265,SPRF-SC,DEL01-SC,UOP03-DEL01-SC,2017
64465.0,2017-08-23,quarta-feira,07:25:00,SC,282,590.7,SAUDADES,Ultrapassagem Indevida,Colisão frontal,Com Vítimas Feridas,Pleno dia,Crescente,Céu Claro,Simples,Reta,Não,2,0,0,2,0,0,2,2,-26.82694306,-53.08187664,SPRF-SC,DEL07-SC,UOP02-DEL07-SC,2017
64494.0,2017-08-23,quarta-feira,12:20:00,SC,282,3.5,FLORIANOPOLIS,Não guardar distância de segurança,Colisão traseira,Sem Vítimas,Pleno dia,Decrescente,Chuva,Dupla,Reta;Aclive,Sim,2,0,0,0,2,0,0,2,-27.59808363,-48.60062152,SPRF-SC,DEL01-SC,UOP01-DEL01-SC,2017
64517.0,2017-08-23,quarta-feira,14:15:00,SC,282,0.8,FLORIANOPOLIS,Não guardar distância de segurança,Colisão traseira,Com Vítimas Feridas,Pleno dia,Decrescente,Chuva,Dupla,Reta,Sim,3,0,1,0,2,0,1,2,-27.59819772,-48.57047349,SPRF-SC,DEL01-SC,UOP01-DEL01-SC,2017
64518.0,2017-08-23,quarta-feira,14:16:00,SC,282,0.8,FLORIANOPOLIS,Falta de Atenção do Pedestre,Colisão lateral,Sem Vítimas,Pleno dia,Decrescente,Chuva,Dupla,Reta;Declive,Sim,2,0,0,0,2,0,0,2,-27.60047013,-48.57680619,SPRF-SC,DEL01-SC,UOP01-DEL01-SC,2017
64532.0,2017-08-23,quarta-feira,13:20:00,SC,282,495.5,XANXERE,Falta de Atenção à Condução,Colisão traseira,Sem Vítimas,Pleno dia,Crescente,Céu Claro,Simples,Em Obras;Reta,Não,2,0,0,0,2,0,0,2,-26.87434646,-52.32452273,SPRF-SC,DEL07-SC,UOP01-DEL07-SC,2017
64537.0,2017-08-23,quarta-feira,16:00:00,SC,282,127.4,CHAPECO,Falta de Atenção à Condução,Colisão lateral,Sem Vítimas,Pleno dia,Crescente,Céu Claro,Dupla,Reta,Não,2,0,0,0,2,0,0,2,-27.03242211,-52.63359904,SPRF-SC,DEL05-SC,UOP01-DEL05-SC,2017
64600.0,2017-08-23,quarta-feira,18:55:00,SC,282,524.4,XAXIM,Falta de Atenção à Condução,Colisão traseira,Sem Vítimas,Plena Noite,Crescente,Céu Claro,Simples,Reta,Não,3,0,0,0,2,1,0,3,-26.96639998,-52.56908119,SPRF-SC,DEL07-SC,UOP01-DEL07-SC,2017
64638.0,2017-08-24,quinta-feira,04:10:00,SC,282,560.0,NOVA ITABERABA,Fenômenos da Natureza,Colisão com objeto estático,Com Vítimas Feridas,Plena Noite,Decrescente,Chuva,Simples,Reta;Aclive,Não,1,0,1,0,0,0,1,1,-26.9258,-52.8511,SPRF-SC,DEL07-SC,UOP01-DEL07-SC,2017
64676.0,2017-08-24,quinta-feira,10:20:00,SC,282,4.0,SAO JOSE,Não guardar distância de segurança,Colisão lateral,Com Vítimas Feridas,Pleno dia,Decrescente,Céu Claro,Dupla,Reta,Sim,2,0,1,0,1,0,1,2,-27.5937,-48.6023,SPRF-SC,DEL01-SC,UOP01-DEL01-SC,2017
64695.0,2017-08-24,quinta-feira,09:15:00,SC,282,426.2,VARGEM BONITA,Falta de Atenção à Condução,Colisão com objeto estático,Sem Vítimas,Pleno dia,Crescente,Nublado,Simples,Curva,Não,1,0,0,0,1,0,0,1,-26.98196609,-51.7544365,SPRF-SC,DEL07-SC,UOP05-DEL07-SC,2017
64726.0,2017-08-23,quarta-feira,00:30:00,SC,480,127.1,CHAPECO,Ingestão de Álcool,Colisão lateral,Com Vítimas Feridas,Plena Noite,Decrescente,Céu Claro,Simples,Reta,Sim,2,0,1,0,1,0,1,1,-27.03069297,-52.63355076,SPRF-SC,DEL07-SC,UOP01-DEL07-SC,2017
64819.0,2017-08-24,quinta-feira,19:00:00,SC,282,389.5,JOACABA,Falta de Atenção do Pedestre,Atropelamento de Pedestre,Com Vítimas Feridas,Plena Noite,Decrescente,Céu Claro,Simples,Reta;Interseção de Vias,Não,3,0,0,1,2,0,1,2,-27.17986689,-51.53755188,SPRF-SC,DEL07-SC,UOP05-DEL07-SC,2017
64998.0,2017-08-25,sexta-feira,14:00:00,SC,480,123.6,CHAPECO,Velocidade Incompatível,Colisão com objeto estático,Com Vítimas Feridas,Pleno dia,Crescente,Sol,Dupla,Viaduto,Sim,1,0,1,0,0,0,1,1,-26.99964803,-52.64633954,SPRF-SC,DEL07-SC,UOP01-DEL07-SC,2017
65046.0,2017-08-25,sexta-feira,18:50:00,SC,282,534.0,CORDILHEIRA ALTA,Falta de Atenção à Condução,Colisão traseira,Com Vítimas Feridas,Plena Noite,Decrescente,Céu Claro,Simples,Reta,Sim,2,0,1,0,1,0,1,2,-26.984915,-52.603783,SPRF-SC,DEL07-SC,UOP01-DEL07-SC,2017
65097.0,2017-08-25,sexta-feira,21:50:00,SC,480,130.1,CHAPECO,Falta de Atenção à Condução,Colisão com objeto estático,Sem Vítimas,Plena Noite,Decrescente,Céu Claro,Dupla,Reta;Aclive,Não,2,0,0,0,2,0,0,2,-27.05587723,-52.63642073,SPRF-SC,DEL07-SC,UOP01-DEL07-SC,2017
65098.0,2017-08-25,sexta-feira,20:44:00,SC,480,129.9,CHAPECO,Desobediência às normas de trânsito pelo condutor,Colisão frontal,Com Vítimas Fatais,Plena Noite,Decrescente,Céu Claro,Dupla,Declive,Sim,2,1,0,0,1,0,0,2,-27.05238461,-52.63557208,SPRF-SC,DEL07-SC,UOP01-DEL07-SC,2017
65106.0,2017-08-25,sexta-feira,21:30:00,SC,282,615.8,IRACEMINHA,Velocidade Incompatível,Tombamento,Com Vítimas Fatais,Plena Noite,Crescente,Céu Claro,Simples,Curva,Não,3,1,0,0,2,0,0,2,-26.783318,-53.279839,SPRF-SC,DEL07-SC,UOP02-DEL07-SC,2017
65157.0,2017-08-26,sábado,00:05:00,SC,282,342.0,CAMPOS NOVOS,Falta de Atenção à Condução,Capotamento,Sem Vítimas,Plena Noite,Crescente,Céu Claro,Simples,Reta,Sim,2,0,0,0,0,2,0,2,-27.39055358,-51.22274876,SPRF-SC,DEL07-SC,UOP06-DEL07-SC,2017
65230.0,2017-08-26,sábado,14:10:00,SC,282,218.0,LAGES,Não guardar distância de segurança,Colisão traseira,Sem Vítimas,Pleno dia,Crescente,Sol,Simples,Rotatória,Sim,2,0,0,0,2,0,0,2,-27.7978,-50.3026,SPRF-SC,DEL05-SC,UOP01-DEL05-SC,2017
65427.0,2017-08-27,domingo,02:40:00,SC,282,586.0,PINHALZINHO,Desobediência às normas de trânsito pelo condutor,Saída de leito carroçável,Sem Vítimas,Plena Noite,Crescente,Céu Claro,Simples,Curva;Declive,Não,1,0,0,0,1,0,0,1,-26.831,-53.0401,SPRF-SC,DEL07-SC,UOP02-DEL07-SC,2017
65469.0,2017-08-27,domingo,08:00:00,SC,282,210.4,LAGES,Velocidade Incompatível,Colisão frontal,Com Vítimas Feridas,Pleno dia,Decrescente,Nevoeiro/Neblina,Simples,Reta,Não,10,0,0,1,9,0,1,3,-27.77813926,-50.22935544,SPRF-SC,DEL05-SC,UOP01-DEL05-SC,2017
65502.0,2017-08-27,domingo,11:20:00,SC,282,500.4,XANXERE,Velocidade Incompatível,Saída de leito carroçável,Sem Vítimas,Pleno dia,Crescente,Garoa/Chuvisco,Dupla,Reta,Não,1,0,0,0,1,0,0,1,-26.88104312,-52.3717618,SPRF-SC,DEL07-SC,UOP01-DEL07-SC,2017
65514.0,2017-08-27,domingo,11:30:00,SC,282,503.0,XANXERE,Desobediência às normas de trânsito pelo condutor,Colisão frontal,Com Vítimas Feridas,Pleno dia,Crescente,Céu Claro,Simples,Curva,Não,5,0,2,0,3,0,2,2,-26.88544327,-52.39861071,SPRF-SC,DEL07-SC,UOP01-DEL07-SC,2017
65630.0,2017-08-27,domingo,16:55:00,SC,282,509.0,XANXERE,Velocidade Incompatível,Saída de leito carroçável,Com Vítimas Fatais,Pleno dia,Crescente,Nublado,Simples,Curva,Não,3,2,0,1,0,0,1,1,-26.88895208,-52.45539039,SPRF-SC,DEL07-SC,UOP01-DEL07-SC,2017
65634.0,2017-08-27,domingo,17:40:00,SC,282,501.2,XANXERE,Desobediência às normas de trânsito pelo condutor,Colisão lateral,Sem Vítimas,Anoitecer,Decrescente,Céu Claro,Dupla,Interseção de Vias,Sim,2,0,0,0,2,0,0,2,-26.88256749,-52.38024892,SPRF-SC,DEL07-SC,UOP01-DEL07-SC,2017
65895.0,2017-08-28,segunda-feira,18:30:00,SC,282,17.0,PALHOCA,Falta de Atenção à Condução,Colisão transversal,Com Vítimas Feridas,Plena Noite,Crescente,Nublado,Simples,Reta,Não,2,0,0,1,1,0,1,2,-27.6665,-48.6887,SPRF-SC,DEL01-SC,UOP02-DEL01-SC,2017
65910.0,2017-08-28,segunda-feira,18:50:00,SC,282,23.0,SANTO AMARO DA IMPERATRIZ,Desobediência às normas de trânsito pelo condutor,Colisão transversal,Sem Vítimas,Plena Noite,Crescente,Céu Claro,Simples,Interseção de Vias,Sim,2,0,0,0,2,0,0,2,-27.6874,-48.7379,SPRF-SC,DEL01-SC,UOP02-DEL01-SC,2017
65985.0,2017-08-29,terça-feira,08:20:00,SC,282,4.0,FLORIANOPOLIS,Não guardar distância de segurança,Colisão lateral,Com Vítimas Feridas,Pleno dia,Decrescente,Céu Claro,Dupla,Reta,Sim,2,0,1,0,1,0,1,2,-27.5937,-48.6023,SPRF-SC,DEL01-SC,UOP01-DEL01-SC,2017
66033.0,2017-06-12,segunda-feira,11:20:00,SC,282,529.9,CORDILHEIRA ALTA,Falta de Atenção à Condução,Colisão traseira,Sem Vítimas,Pleno dia,Decrescente,Céu Claro,Simples,Em Obras,Sim,2,0,0,0,2,0,0,2,-26.98572854,-52.60453194,SPRF-SC,DEL07-SC,UOP01-DEL07-SC,2017
66104.0,2017-08-29,terça-feira,14:30:00,SC,282,479.5,VARGEAO,Condutor Dormindo,Saída de leito carroçável,Sem Vítimas,Pleno dia,Crescente,Céu Claro,Simples,Curva,Não,1,0,0,0,1,0,0,1,-26.87966509,-52.18306839,SPRF-SC,DEL07-SC,UOP01-DEL07-SC,2017
66105.0,2017-08-29,terça-feira,17:10:00,SC,282,501.3,XANXERE,Falta de Atenção à Condução,Colisão frontal,Sem Vítimas,Pleno dia,Crescente,Sol,Múltipla,Rotatória,Sim,2,0,0,0,2,0,0,2,-26.88273125,-52.38090008,SPRF-SC,DEL07-SC,UOP01-DEL07-SC,2017
66170.0,2017-08-30,quarta-feira,02:00:00,SC,282,517.4,XAXIM,Ingestão de Álcool,Colisão com objeto estático,Com Vítimas Feridas,Plena Noite,Crescente,Céu Claro,Simples,Declive,Sim,1,0,1,0,0,0,1,1,-26.94055007,-52.50196964,SPRF-SC,DEL07-SC,UOP01-DEL07-SC,2017
66223.0,2017-08-30,quarta-feira,09:40:00,SC,282,16.0,PALHOCA,Falta de Atenção à Condução,Colisão traseira,Sem Vítimas,Pleno dia,Crescente,Céu Claro,Simples,Reta,Sim,2,0,0,0,2,0,0,2,-27.6594,-48.6826,SPRF-SC,DEL01-SC,UOP02-DEL01-SC,2017
66275.0,2017-08-30,quarta-feira,11:15:00,SC,282,264.4,SAO JOSE DO CERRITO,Animais na Pista,Atropelamento de Animal,Com Vítimas Feridas,Pleno dia,Crescente,Céu Claro,Simples,Reta,Não,1,0,1,0,0,0,1,1,-27.6244816,-50.63005545,SPRF-SC,DEL05-SC,UOP02-DEL05-SC,2017