id,data_inversa,dia_semana,horario,uf,br,km,municipio,causa_acidente,tipo_acidente,classificacao_acidente,fase_dia,sentido_via,condicao_metereologica,tipo_pista,tracado_via,uso_solo,pessoas,mortos,feridos_leves,feridos_graves,ilesos,ignorados,feridos,veiculos,latitude,longitude,regional,delegacia,uop,ano_arquivo
66411.0,2017-08-31,quinta-feira,06:50:00,SC,282,15.9,PALHOCA,Falta de Atenção à Condução,Colisão transversal,Sem Vítimas,Pleno dia,Crescente,Céu Claro,Simples,Reta,Sim,2,0,0,0,2,0,0,2,-27.66011591,-48.68247986,SPRF-SC,DEL01-SC,UOP02-DEL01-SC,2017
66836.0,2017-09-01,sexta-feira,16:30:00,SC,282,408.5,CATANDUVAS,Não guardar distância de segurança,Colisão traseira,Com Vítimas Feridas,Pleno dia,Decrescente,Céu Claro,Simples,Curva,Sim,3,0,1,0,2,0,1,3,-27.08072627,-51.66411459,SPRF-SC,DEL07-SC,UOP05-DEL07-SC,2017
66893.0,2017-09-02,sábado,00:00:00,SC,282,210.5,LAGES,Falta de Atenção à Condução,Colisão traseira,Sem Vítimas,Plena Noite,Crescente,Céu Claro,Simples,Reta,Não,2,0,0,0,2,0,0,2,-27.77829909,-50.23034438,SPRF-SC,DEL05-SC,UOP01-DEL05-SC,2017
66941.0,2017-09-02,sábado,05:50:00,SC,282,5.5,SAO JOSE,Falta de Atenção à Condução,Capotamento,Com Vítimas Feridas,Amanhecer,Decrescente,Nublado,Dupla,Viaduto,Sim,2,0,2,0,0,0,2,1,-27.5876092,-48.61531193,SPRF-SC,DEL01-SC,UOP01-DEL01-SC,2017
66961.0,2017-09-02,sábado,06:50:00,SC,282,72.0,RANCHO QUEIMADO,Velocidade Incompatível,Capotamento,Sem Vítimas,Pleno dia,Crescente,Garoa/Chuvisco,Simples,Curva,Não,1,0,0,0,1,0,0,1,-27.68322406,-49.10580754,SPRF-SC,DEL01-SC,UOP03-DEL01-SC,2017
67005.0,2017-09-02,sábado,11:00:00,SC,282,80.0,RANCHO QUEIMADO,Velocidade Incompatível,Capotamento,Sem Vítimas,Pleno dia,Decrescente,Nevoeiro/Neblina,Simples,Curva,Não,1,0,0,0,1,0,0,1,-27.6637,-49.1593,SPRF-SC,DEL01-SC,UOP03-DEL01-SC,2017
67042.0,2017-09-02,sábado,11:50:00,SC,282,354.0,CAMPOS NOVOS,Ultrapassagem Indevida,Saída de leito carroçável,Com Vítimas Feridas,Pleno dia,Crescente,Céu Claro,Simples,Curva,Não,1,0,1,0,0,0,1,1,-27.35887563,-51.32264256,SPRF-SC,DEL07-SC,UOP06-DEL07-SC,2017
67054.0,2017-09-02,sábado,12:45:00,SC,282,676.0,PARAISO,Falta de Atenção à Condução,Colisão transversal,Sem Vítimas,Pleno dia,Decrescente,Sol,Simples,Reta,Não,2,0,0,0,2,0,0,2,-26.61093699,-53.72601986,SPRF-SC,DEL07-SC,UOP03-DEL07-SC,2017
67055.0,2017-09-02,sábado,14:30:00,SC,282,202.0,LAGES,Ultrapassagem Indevida,Colisão lateral,Sem Vítimas,Pleno dia,Decrescente,Nublado,Simples,Reta,Não,2,0,0,0,2,0,0,2,-27.7613,-50.1464,SPRF-SC,DEL05-SC,UOP01-DEL05-SC,2017
67180.0,2017-09-02,sábado,21:40:00,SC,282,616.5,IRACEMINHA,Defeito Mecânico no Veículo,Tombamento,Com Vítimas Feridas,Plena Noite,Crescente,Céu Claro,Simples,Reta,Não,2,0,0,2,0,0,2,1,-26.78409933,-53.28624554,SPRF-SC,DEL07-SC,UOP02-DEL07-SC,2017
67205.0,2017-09-02,sábado,23:40:00,SC,282,352.3,CAMPOS NOVOS,Velocidade Incompatível,Colisão traseira,Sem Vítimas,Plena Noite,Decrescente,Céu Claro,Simples,Reta,Não,2,0,0,0,2,0,0,2,-27.36277283,-51.30692482,SPRF-SC,DEL07-SC,UOP06-DEL07-SC,2017
67419.0,2017-09-03,domingo,15:00:00,SC,282,533.5,CORDILHEIRA ALTA,Ingestão de Álcool,Colisão frontal,Com Vítimas Feridas,Pleno dia,Decrescente,Sol,Simples,Curva,Sim,2,0,1,0,1,0,1,2,-26.99678492,-52.63085246,SPRF-SC,DEL07-SC,UOP01-DEL07-SC,2017
67521.0,2017-09-03,domingo,23:20:00,SC,282,531.9,CORDILHEIRA ALTA,Velocidade Incompatível,Capotamento,Com Vítimas Feridas,Plena Noite,Decrescente,Céu Claro,Simples,Reta,Sim,1,0,1,0,0,0,1,1,-26.99623046,-52.61282802,SPRF-SC,DEL07-SC,UOP01-DEL07-SC,2017
67745.0,2017-09-04,segunda-feira,21:10:00,SC,282,46.9,AGUAS MORNAS,Falta de Atenção à Condução,Saída de leito carroçável,Com Vítimas Feridas,Plena Noite,Decrescente,Céu Claro,Simples,Curva,Não,3,0,1,0,2,0,1,1,-27.7214482,-48.93550873,SPRF-SC,DEL01-SC,UOP03-DEL01-SC,2017
67768.0,2017-09-05,terça-feira,04:30:00,SC,282,5.5,SAO JOSE,Falta de Atenção à Condução,Colisão lateral,Com Vítimas Feridas,Plena Noite,Decrescente,Céu Claro,Dupla,Reta,Sim,3,0,1,1,0,1,2,2,-27.58732668,-48.61500717,SPRF-SC,DEL01-SC,UOP01-DEL01-SC,2017
67878.0,2017-09-05,terça-feira,14:20:00,SC,480,123.5,CHAPECO,Não guardar distância de segurança,Colisão traseira,Sem Vítimas,Pleno dia,Decrescente,Céu Claro,Dupla,Interseção de Vias,Não,2,0,0,0,2,0,0,2,-26.99896006,-52.64579773,SPRF-SC,DEL07-SC,UOP01-DEL07-SC,2017
67918.0,2017-09-05,terça-feira,17:05:00,SC,282,606.1,MARAVILHA,Falta de Atenção à Condução,Colisão transversal,Com Vítimas Feridas,Pleno dia,Decrescente,Céu Claro,Simples,Reta,Não,2,0,1,0,1,0,1,2,-26.77481084,-53.20327888,SPRF-SC,DEL07-SC,UOP02-DEL07-SC,2017
67956.0,2017-09-05,terça-feira,19:30:00,SC,282,5.0,SAO JOSE,Falta de Atenção à Condução,Saída de leito carroçável,Sem Vítimas,Plena Noite,Decrescente,Vento,Simples,Curva,Sim,2,0,0,0,2,0,0,1,-27.589,-48.6113,SPRF-SC,DEL01-SC,UOP01-DEL01-SC,2017
68166.0,2017-09-06,quarta-feira,16:05:00,SC,282,216.2,LAGES,Falta de Atenção à Condução,Colisão transversal,Com Vítimas Feridas,Pleno dia,Crescente,Céu Claro,Simples,Interseção de Vias,Sim,3,0,1,0,2,0,1,2,-27.79453963,-50.28392898,SPRF-SC,DEL05-SC,UOP01-DEL05-SC,2017
68269.0,2017-09-06,quarta-feira,23:30:00,SC,282,253.3,SAO JOSE DO CERRITO,Restrição de Visibilidade,Saída de leito carroçável,Com Vítimas Feridas,Plena Noite,Decrescente,Nevoeiro/Neblina,Simples,Declive,Não,1,0,1,0,0,0,1,1,-27.6833,-50.5644,SPRF-SC,DEL05-SC,UOP02-DEL05-SC,2017
68394.0,2017-09-07,quinta-feira,11:20:00,SC,282,653.6,SAO MIGUEL DO OESTE,Falta de Atenção à Condução,Saída de leito carroçável,Sem Vítimas,Pleno dia,Crescente,Céu Claro,Simples,Curva;Declive,Não,2,0,0,0,2,0,0,2,-26.68610544,-53.54897588,SPRF-SC,DEL07-SC,UOP03-DEL07-SC,2017
68418.0,2017-09-07,quinta-feira,15:00:00,SC,282,223.0,LAGES,Velocidade Incompatível,Colisão transversal,Com Vítimas Feridas,Pleno dia,Crescente,Céu Claro,Simples,Curva;Aclive,Sim,3,0,1,0,2,0,1,2,-27.79870695,-50.35938621,SPRF-SC,DEL05-SC,UOP01-DEL05-SC,2017
68445.0,2017-09-07,quinta-feira,15:30:00,SC,282,75.0,RANCHO QUEIMADO,Ingestão de Álcool,Colisão com objeto estático,Sem Vítimas,Pleno dia,Decrescente,Céu Claro,Simples,Curva,Não,1,0,0,0,1,0,0,1,-27.69059383,-49.12935448,SPRF-SC,DEL01-SC,UOP03-DEL01-SC,2017
68530.0,2017-09-07,quinta-feira,22:00:00,SC,282,526.3,XAXIM,Sinalização da via insuficiente ou inadequada,Colisão frontal,Com Vítimas Feridas,Plena Noite,Crescente,Céu Claro,Simples,Reta,Não,2,0,2,0,0,0,2,2,-26.97070294,-52.57996291,SPRF-SC,DEL07-SC,UOP01-DEL07-SC,2017
68532.0,2017-09-07,quinta-feira,23:00:00,SC,282,17.0,PALHOCA,Desobediência às normas de trânsito pelo condutor,Colisão lateral,Com Vítimas Feridas,Plena Noite,Decrescente,Céu Claro,Simples,Reta,Sim,3,0,1,1,1,0,2,3,-27.6665,-48.6887,SPRF-SC,DEL01-SC,UOP02-DEL01-SC,2017
68614.0,2017-09-08,sexta-feira,10:30:00,SC,282,17.5,PALHOCA,Falta de Atenção à Condução,Colisão traseira,Sem Vítimas,Pleno dia,Decrescente,Céu Claro,Simples,Reta,Sim,2,0,0,0,2,0,0,2,-27.66999461,-48.69179523,SPRF-SC,DEL01-SC,UOP02-DEL01-SC,2017
68626.0,2017-09-08,sexta-feira,06:00:00,SC,282,425.9,VARGEM BONITA,Condutor Dormindo,Capotamento,Com Vítimas Feridas,Amanhecer,Crescente,Céu Claro,Simples,Curva,Não,4,0,3,0,1,0,3,1,-26.97831756,-51.78276277,SPRF-SC,DEL07-SC,UOP05-DEL07-SC,2017
68674.0,2017-09-08,sexta-feira,16:10:00,SC,282,19.8,PALHOCA,Não guardar distância de segurança,Colisão lateral,Com Vítimas Feridas,Pleno dia,Crescente,Céu Claro,Simples,Reta,Sim,1,0,0,1,0,0,1,1,-27.68351415,-48.70935112,SPRF-SC,DEL01-SC,UOP02-DEL01-SC,2017
68681.0,2017-09-08,sexta-feira,16:40:00,SC,282,19.8,PALHOCA,Desobediência às normas de trânsito pelo condutor,Colisão transversal,Com Vítimas Feridas,Pleno dia,Crescente,Nublado,Simples,Declive,Sim,2,0,1,0,1,0,1,2,-27.68405343,-48.71017002,SPRF-SC,DEL01-SC,UOP02-DEL01-SC,2017
68779.0,2017-09-08,sexta-feira,22:30:00,SC,282,20.3,PALHOCA,Desobediência às normas de trânsito pelo condutor,Colisão transversal,Sem Vítimas,Plena Noite,Decrescente,Nublado,Simples,Reta;Aclive;Rotatória,Sim,3,0,0,0,3,0,0,2,-27.68674761,-48.71484571,SPRF-SC,DEL01-SC,UOP02-DEL01-SC,2017
68889.0,2017-09-09,sábado,11:20:00,SC,282,74.1,RANCHO QUEIMADO,Falta de Atenção à Condução,Colisão transversal,Com Vítimas Feridas,Pleno dia,Crescente,Nublado,Simples,Curva,Não,2,0,1,0,1,0,1,2,-27.68945935,-49.12109739,SPRF-SC,DEL01-SC,UOP03-DEL01-SC,2017
68897.0,2017-09-09,sábado,08:20:00,SC,282,527.2,XAXIM,Ingestão de Álcool,Saída de leito carroçável,Com Vítimas Feridas,Pleno dia,Crescente,Céu Claro,Simples,Reta,Não,1,0,1,0,0,0,1,1,-26.97241451,-52.58301258,SPRF-SC,DEL07-SC,UOP01-DEL07-SC,2017
68919.0,2017-09-09,sábado,14:40:00,SC,282,18.0,PALHOCA,Falta de Atenção à Condução,Colisão traseira,Sem Vítimas,Pleno dia,Decrescente,Céu Claro,Simples,Reta,Sim,2,0,0,0,2,0,0,2,-27.6735,-48.6949,SPRF-SC,DEL01-SC,UOP02-DEL01-SC,2017
68979.0,2017-09-09,sábado,15:40:00,SC,282,89.9,ALFREDO WAGNER,Ingestão de Álcool,Capotamento,Com Vítimas Feridas,Pleno dia,Decrescente,Céu Claro,Simples,Curva,Não,5,0,2,2,1,0,4,1,-27.68276446,-49.22161289,SPRF-SC,DEL01-SC,UOP03-DEL01-SC,2017
69040.0,2017-09-10,domingo,00:05:00,SC,282,578.9,PINHALZINHO,Ingestão de Álcool,Colisão frontal,Com Vítimas Feridas,Plena Noite,Crescente,Céu Claro,Simples,Reta,Sim,2,0,0,1,1,0,1,2,-26.84197118,-52.98288597,SPRF-SC,DEL07-SC,UOP02-DEL07-SC,2017
69047.0,2017-09-10,domingo,02:00:00,SC,282,147.0,RIO DO SUL,Ingestão de Álcool,Colisão traseira,Com Vítimas Feridas,Plena Noite,Crescente,Nublado,Simples,Reta,Não,3,0,1,0,2,0,1,2,-27.23333934,-49.67367411,SPRF-SC,DEL05-SC,UOP01-DEL05-SC,2017
69054.0,2017-09-10,domingo,02:20:00,SC,282,104.3,ALFREDO WAGNER,Falta de Atenção à Condução,Colisão com objeto estático,Com Vítimas Feridas,Plena Noite,Crescente,Nublado,Simples,Ponte,Sim,1,0,1,0,0,0,1,1,-27.69604601,-49.33506194,SPRF-SC,DEL01-SC,UOP03-DEL01-SC,2017
69077.0,2017-09-10,domingo,05:25:00,SC,282,515.7,XAXIM,Condutor Dormindo,Colisão frontal,Com Vítimas Fatais,Plena Noite,Decrescente,Céu Claro,Simples,Em Obras;Reta;Aclive,Não,5,1,4,0,0,0,4,2,-26.92673807,-52.49823332,SPRF-SC,DEL07-SC,UOP01-DEL07-SC,2017
69098.0,2017-09-10,domingo,05:45:00,SC,282,5.7,SAO JOSE,Ingestão de Álcool,Capotamento,Sem Vítimas,Amanhecer,Decrescente,Céu Claro,Dupla,Curva,Sim,1,0,0,0,1,0,0,1,-27.588,-48.616,SPRF-SC,DEL01-SC,UOP01-DEL01-SC,2017
69338.0,2017-09-10,domingo,21:45:00,SC,282,128.0,BOM RETIRO,Defeito na Via,Colisão lateral,Sem Vítimas,Plena Noite,Decrescente,Céu Claro,Simples,Reta,Não,2,0,0,0,2,0,0,2,-27.8019,-49.4824,SPRF-SC,DEL05-SC,UOP01-DEL05-SC,2017
69350.0,2017-09-11,segunda-feira,00:55:00,SC,282,577.5,PINHALZINHO,Ingestão de Álcool,Saída de leito carroçável,Com Vítimas Feridas,Plena Noite,Crescente,Céu Claro,Simples,Reta,Não,2,0,1,0,0,1,1,1,-26.857751,-52.9796278,SPRF-SC,DEL07-SC,UOP02-DEL07-SC,2017
69379.0,2017-09-11,segunda-feira,07:50:00,SC,282,6.0,SAO JOSE,Falta de Atenção à Condução,Saída de leito carroçável,Com Vítimas Feridas,Pleno dia,Decrescente,Nublado,Simples,Curva,Sim,2,0,2,0,0,0,2,1,-27.5845,-48.617,SPRF-SC,DEL01-SC,UOP01-DEL01-SC,2017
69451.0,2017-09-11,segunda-feira,13:20:00,SC,282,6.0,SAO JOSE,Velocidade Incompatível,Colisão lateral,Com Vítimas Feridas,Pleno dia,Crescente,Céu Claro,Dupla,Curva,Sim,3,0,0,1,2,0,1,3,-27.585,-48.618,SPRF-SC,DEL01-SC,UOP01-DEL01-SC,2017
69609.0,2017-09-12,terça-feira,07:50:00,SC,282,16.0,PALHOCA,Desobediência às normas de trânsito pelo condutor,Colisão transversal,Com Vítimas Feridas,Pleno dia,Crescente,Nublado,Simples,Reta,Sim,2,0,0,1,1,0,1,2,-27.6594,-48.6826,SPRF-SC,DEL01-SC,UOP02-DEL01-SC,2017
69647.0,2017-09-12,terça-feira,10:30:00,SC,282,0.7,FLORIANOPOLIS,Não guardar distância de segurança,Colisão traseira,Com Vítimas Feridas,Pleno dia,Decrescente,Céu Claro,Dupla,Declive,Sim,2,0,1,0,1,0,1,2,-27.60068667,-48.57676361,SPRF-SC,DEL01-SC,UOP01-DEL01-SC,2017
69783.0,2017-09-12,terça-feira,20:40:00,SC,282,398.4,JOACABA,Velocidade Incompatível,Tombamento,Sem Vítimas,Plena Noite,Crescente,Nublado,Simples,Curva,Não,1,0,0,0,1,0,0,1,-27.12434697,-51.62981697,SPRF-SC,DEL07-SC,UOP05-DEL07-SC,2017
69887.0,2017-09-13,quarta-feira,12:20:00,SC,282,4.5,SAO JOSE,Não guardar distância de segurança,Colisão traseira,Sem Vítimas,Pleno dia,Decrescente,Céu Claro,Dupla,Reta,Sim,3,0,0,0,3,0,0,3,-27.59135237,-48.60679546,SPRF-SC,DEL01-SC,UOP01-DEL01-SC,2017
69982.0,2017-09-13,quarta-feira,21:00:00,SC,282,22.0,SANTO AMARO DA IMPERATRIZ,Ultrapassagem Indevida,Colisão lateral,Sem Vítimas,Plena Noite,Decrescente,Céu Claro,Simples,Reta,Sim,2,0,0,0,2,0,0,2,-27.6887,-48.7286,SPRF-SC,DEL01-SC,UOP02-DEL01-SC,2017
70083.0,2017-09-14,quinta-feira,07:30:00,SC,282,503.0,XANXERE,Falta de Atenção do Pedestre,Atropelamento de Pedestre,Com Vítimas Feridas,Pleno dia,Decrescente,Sol,Dupla,Curva,Não,2,0,0,1,1,0,1,2,-26.88593784,-52.39736885,SPRF-SC,DEL07-SC,UOP01-DEL07-SC,2017
70294.0,2017-09-15,sexta-feira,09:10:00,SC,282,6.0,SAO JOSE,Falta de Atenção à Condução,Colisão com objeto estático,Sem Vítimas,Pleno dia,Crescente,Céu Claro,Dupla,Curva,Sim,1,0,0,0,1,0,0,1,-27.5845,-48.617,SPRF-SC,DEL01-SC,UOP01-DEL01-SC,2017
70305.0,2017-07-19,quarta-feira,16:40:00,SC,282,3.0,FLORIANOPOLIS,Falta de Atenção à Condução,Colisão transversal,Com Vítimas Feridas,Anoitecer,Crescente,Céu Claro,Múltipla,Reta,Sim,2,0,1,0,1,0,1,2,-27.60126792,-48.59838635,SPRF-SC,DEL01-SC,UOP01-DEL01-SC,2017
70313.0,2017-09-15,sexta-feira,09:10:00,SC,282,504.9,XANXERE,Falta de Atenção à Condução,Colisão frontal,Com Vítimas Feridas,Pleno dia,Crescente,Nublado,Simples,Reta,Sim,3,0,0,2,1,0,2,2,-26.88620923,-52.44047131,SPRF-SC,DEL07-SC,UOP01-DEL07-SC,2017
70428.0,2017-09-15,sexta-feira,18:00:00,SC,282,216.0,LAGES,Desobediência às normas de trânsito pelo condutor,Colisão transversal,Sem Vítimas,Plena Noite,Crescente,Céu Claro,Simples,Rotatória,Sim,2,0,0,0,2,0,0,2,-27.79450038,-50.28432995,SPRF-SC,DEL05-SC,UOP01-DEL05-SC,2017
70525.0,2017-09-16,sábado,01:05:00,SC,282,0.3,FLORIANOPOLIS,Não guardar distância de segurança,Colisão traseira,Sem Vítimas,Plena Noite,Decrescente,Chuva,Múltipla,Reta;Aclive,Sim,2,0,0,0,2,0,0,2,-27.59920857,-48.57392726,SPRF-SC,DEL01-SC,UOP01-DEL01-SC,2017
70566.0,2017-09-16,sábado,00:00:00,SC,282,501.3,XANXERE,Falta de Atenção à Condução,Colisão traseira,Sem Vítimas,Plena Noite,Crescente,Céu Claro,Dupla,Rotatória,Sim,2,0,0,0,2,0,0,2,-26.88242591,-52.38141239,SPRF-SC,DEL07-SC,UOP01-DEL07-SC,2017
70632.0,2017-09-16,sábado,08:50:00,SC,282,632.2,DESCANSO,Velocidade Incompatível,Saída de leito carroçável,Sem Vítimas,Pleno dia,Crescente,Chuva,Simples,Curva;Aclive,Não,2,0,0,0,2,0,0,1,-26.82315922,-53.41139837,SPRF-SC,DEL07-SC,UOP03-DEL07-SC,2017
70657.0,2017-09-16,sábado,12:40:00,SC,282,618.0,IRACEMINHA,Falta de Atenção à Condução,Colisão lateral,Sem Vítimas,Pleno dia,Decrescente,Nevoeiro/Neblina,Simples,Reta,Não,1,0,0,0,1,0,0,1,-26.7926,-53.296,SPRF-SC,DEL07-SC,UOP02-DEL07-SC,2017
70794.0,2017-09-16,sábado,21:00:00,SC,282,445.6,PONTE SERRADA,Pista Escorregadia,Saída de leito carroçável,Sem Vítimas,Plena Noite,Crescente,Chuva,Simples,Curva;Declive,Não,1,0,0,0,1,0,0,1,-26.91502906,-51.9045639,SPRF-SC,DEL07-SC,UOP04-DEL07-SC,2017
70811.0,2017-09-17,domingo,00:30:00,SC,282,67.8,RANCHO QUEIMADO,Velocidade Incompatível,Colisão com objeto estático,Com Vítimas Feridas,Plena Noite,Crescente,Nublado,Simples,Curva,Não,1,0,1,0,0,0,1,1,-27.69124797,-49.07279473,SPRF-SC,DEL01-SC,UOP03-DEL01-SC,2017
70857.0,2017-09-17,domingo,04:50:00,SC,282,35.2,AGUAS MORNAS,Pista Escorregadia,Colisão lateral,Sem Vítimas,Plena Noite,Crescente,Garoa/Chuvisco,Simples,Curva;Declive,Não,2,0,0,0,2,0,0,2,-27.70153597,-48.8324153,SPRF-SC,DEL01-SC,UOP03-DEL01-SC,2017
70871.0,2017-09-17,domingo,06:00:00,SC,282,603.0,MARAVILHA,Ingestão de Álcool,Saída de leito carroçável,Com Vítimas Feridas,Amanhecer,Decrescente,Garoa/Chuvisco,Simples,Reta,Não,3,0,1,2,0,0,3,1,-26.7995,-53.1909,SPRF-SC,DEL07-SC,UOP02-DEL07-SC,2017
70907.0,2017-09-17,domingo,09:30:00,SC,282,6.0,SAO JOSE,Falta de Atenção à Condução,Colisão traseira,Sem Vítimas,Pleno dia,Crescente,Céu Claro,Dupla,Curva,Não,2,0,0,0,2,0,0,2,-27.5845,-48.617,SPRF-SC,DEL01-SC,UOP01-DEL01-SC,2017
70910.0,2017-09-17,domingo,09:45:00,SC,282,35.0,AGUAS MORNAS,Velocidade Incompatível,Saída de leito carroçável,Com Vítimas Feridas,Pleno dia,Decrescente,Garoa/Chuvisco,Simples,Curva,Não,2,0,1,0,1,0,1,1,-27.7012,-48.8278,SPRF-SC,DEL01-SC,UOP03-DEL01-SC,2017
70938.0,2017-09-17,domingo,13:00:00,SC,282,383.0,HERVAL DOESTE,Defeito na Via,Tombamento,Com Vítimas Feridas,Pleno dia,Crescente,Nublado,Simples,Curva,Não,1,0,1,0,0,0,1,1,-27.19536057,-51.50577545,SPRF-SC,DEL07-SC,UOP05-DEL07-SC,2017
70963.0,2017-09-17,domingo,14:20:00,SC,282,87.0,ALFREDO WAGNER,Velocidade Incompatível,Saída de leito carroçável,Sem Vítimas,Pleno dia,Decrescente,Garoa/Chuvisco,Simples,Curva,Não,1,0,0,0,1,0,0,1,-27.66428752,-49.20565546,SPRF-SC,DEL01-SC,UOP03-DEL01-SC,2017
71014.0,2017-09-17,domingo,18:30:00,SC,282,21.0,PALHOCA,Falta de Atenção à Condução,Colisão frontal,Com Vítimas Feridas,Plena Noite,Decrescente,Nublado,Simples,Reta,Sim,3,0,2,0,1,0,2,2,-27.6889,-48.7187,SPRF-SC,DEL01-SC,UOP02-DEL01-SC,2017
71106.0,2017-09-18,segunda-feira,01:00:00,SC,282,580.8,PINHALZINHO,Não guardar distância de segurança,Colisão lateral,Com Vítimas Feridas,Plena Noite,Decrescente,Céu Claro,Simples,Reta;Declive,Sim,2,0,0,1,1,0,1,2,-26.83038734,-52.99601209,SPRF-SC,DEL07-SC,UOP02-DEL07-SC,2017
71181.0,2017-09-18,segunda-feira,08:45:00,SC,282,3.5,FLORIANOPOLIS,Falta de Atenção à Condução,Colisão lateral,Com Vítimas Feridas,Pleno dia,Decrescente,Céu Claro,Dupla,Reta,Não,3,0,1,0,2,0,1,2,-27.59700614,-48.60094749,SPRF-SC,DEL01-SC,UOP01-DEL01-SC,2017
71210.0,2017-09-18,segunda-feira,12:00:00,SC,282,2.0,FLORIANOPOLIS,Desobediência às normas de trânsito pelo condutor,Colisão lateral,Com Vítimas Feridas,Pleno dia,Crescente,Nublado,Dupla,Reta,Não,2,0,1,0,1,0,1,2,-27.60159681,-48.57866746,SPRF-SC,DEL01-SC,UOP01-DEL01-SC,2017
71213.0,2017-09-18,segunda-feira,12:15:00,SC,282,3.0,FLORIANOPOLIS,Não guardar distância de segurança,Colisão traseira,Sem Vítimas,Pleno dia,Crescente,Nublado,Dupla,Reta,Não,2,0,0,0,2,0,0,2,-27.6025101,-48.59456773,SPRF-SC,DEL01-SC,UOP01-DEL01-SC,2017
71280.0,2017-09-18,segunda-feira,17:30:00,SC,282,216.8,LAGES,Falta de Atenção à Condução,Colisão transversal,Sem Vítimas,Pleno dia,Crescente,Céu Claro,Simples,Reta,Sim,2,0,0,0,2,0,0,2,-27.79728175,-50.2902549,SPRF-SC,DEL05-SC,UOP01-DEL05-SC,2017
71402.0,2017-09-19,terça-feira,06:50:00,SC,282,396.3,JOACABA,Condutor Dormindo,Saída de leito carroçável,Com Vítimas Feridas,Pleno dia,Crescente,Céu Claro,Simples,Reta,Não,2,0,1,1,0,0,2,1,-27.15662682,-51.5975484,SPRF-SC,DEL07-SC,UOP05-DEL07-SC,2017
71589.0,2017-09-20,quarta-feira,07:00:00,SC,282,2.5,FLORIANOPOLIS,Falta de Atenção à Condução,Colisão traseira,Com Vítimas Feridas,Pleno dia,Decrescente,Sol,Dupla,Reta,Sim,2,0,1,0,1,0,1,2,-27.603,-48.588,SPRF-SC,DEL01-SC,UOP01-DEL01-SC,2017
71602.0,2017-09-20,quarta-feira,08:30:00,SC,282,3.7,FLORIANOPOLIS,Falta de Atenção à Condução,Colisão lateral,Com Vítimas Feridas,Pleno dia,Decrescente,Céu Claro,Dupla,Curva,Sim,2,0,1,0,1,0,1,2,-27.59564953,-48.6012733,SPRF-SC,DEL01-SC,UOP01-DEL01-SC,2017
71681.0,2017-09-20,quarta-feira,17:20:00,SC,282,4.5,SAO JOSE,Falta de Atenção à Condução,Colisão traseira,Com Vítimas Feridas,Pleno dia,Crescente,Céu Claro,Múltipla,Reta,Sim,1,0,1,0,0,0,1,1,-27.59012473,-48.60891755,SPRF-SC,DEL01-SC,UOP01-DEL01-SC,2017
71695.0,2017-09-20,quarta-feira,16:00:00,SC,282,301.0,VARGEM,Condutor Dormindo,Saída de leito carroçável,Com Vítimas Feridas,Pleno dia,Decrescente,Céu Claro,Simples,Curva,Não,1,0,1,0,0,0,1,1,-27.53506486,-50.87493896,SPRF-SC,DEL07-SC,UOP06-DEL07-SC,2017
71829.0,2017-09-21,quinta-feira,07:30:00,SC,282,528.3,CORDILHEIRA ALTA,Velocidade Incompatível,Saída de leito carroçável,Com Vítimas Feridas,Pleno dia,Crescente,Sol,Simples,Reta,Não,1,0,1,0,0,0,1,1,-26.97998721,-52.59026527,SPRF-SC,DEL07-SC,UOP01-DEL07-SC,2017
71925.0,2017-09-21,quinta-feira,11:50:00,SC,282,463.0,PONTE SERRADA,Falta de Atenção do Pedestre,Atropelamento de Pedestre,Com Vítimas Feridas,Pleno dia,Crescente,Sol,Simples,Curva,Sim,2,0,2,0,0,0,2,2,-26.85600606,-52.03236342,SPRF-SC,DEL07-SC,UOP04-DEL07-SC,2017
71958.0,2017-09-21,quinta-feira,17:50:00,SC,282,1.3,FLORIANOPOLIS,Falta de Atenção à Condução,Colisão lateral,Com Vítimas Feridas,Plena Noite,Crescente,Nublado,Dupla,Reta,Sim,2,0,1,0,1,0,1,2,-27.60351197,-48.58258357,SPRF-SC,DEL01-SC,UOP01-DEL01-SC,2017
71962.0,2017-09-21,quinta-feira,17:20:00,SC,282,2.0,FLORIANOPOLIS,Desobediência às normas de trânsito pelo condutor,Colisão traseira,Com Vítimas Feridas,Anoitecer,Crescente,Céu Claro,Múltipla,Reta,Sim,4,0,1,0,3,0,1,4,-27.6033,-48.5885,SPRF-SC,DEL01-SC,UOP01-DEL01-SC,2017
72066.0,2017-09-22,sexta-feira,06:30:00,SC,282,3.5,SAO JOSE,Ingestão de Álcool,Colisão traseira,Sem Vítimas,Pleno dia,Decrescente,Céu Claro,Múltipla,Reta,Não,2,0,0,0,2,0,0,2,-27.59700614,-48.60094749,SPRF-SC,DEL01-SC,UOP01-DEL01-SC,2017
72126.0,2017-09-22,sexta-feira,10:40:00,SC,282,226.0,LAGES,Velocidade Incompatível,Saída de leito carroçável,Sem Vítimas,Pleno dia,Decrescente,Céu Claro,Simples,Curva,Não,1,0,0,0,1,0,0,1,-27.79705904,-50.39450613,SPRF-SC,DEL05-SC,UOP02-DEL05-SC,2017
72138.0,2017-09-22,sexta-feira,13:00:00,SC,282,1.9,FLORIANOPOLIS,Falta de Atenção à Condução,Colisão traseira,Com Vítimas Feridas,Pleno dia,Crescente,Céu Claro,Dupla,Reta,Sim,4,0,1,0,1,2,1,4,-27.60314877,-48.58753213,SPRF-SC,DEL01-SC,UOP01-DEL01-SC,2017
72319.0,2017-09-23,sábado,01:00:00,SC,282,208.5,LAGES,Ultrapassagem Indevida,Colisão frontal,Com Vítimas Fatais,Plena Noite,Decrescente,Céu Claro,Simples,Reta,Não,4,1,2,0,1,0,2,3,-27.77489907,-50.2098445,SPRF-SC,DEL05-SC,UOP01-DEL05-SC,2017