id,data_inversa,dia_semana,horario,uf,br,km,municipio,causa_acidente,tipo_acidente,classificacao_acidente,fase_dia,sentido_via,condicao_metereologica,tipo_pista,tracado_via,uso_solo,pessoas,mortos,feridos_leves,feridos_graves,ilesos,ignorados,feridos,veiculos,latitude,longitude,regional,delegacia,uop,ano_arquivo
72321.0,2017-09-22,sexta-feira,23:30:00,SC,282,556.7,NOVA ITABERABA,Velocidade Incompatível,Saída de leito carroçável,Com Vítimas Feridas,Plena Noite,Decrescente,Nublado,Simples,Curva,Não,2,0,2,0,0,0,2,1,-26.93161646,-52.81610727,SPRF-SC,DEL07-SC,UOP01-DEL07-SC,2017
72322.0,2017-09-23,sábado,02:40:00,SC,282,29.0,SANTO AMARO DA IMPERATRIZ,Ingestão de Álcool,Tombamento,Com Vítimas Feridas,Plena Noite,Decrescente,Céu Claro,Simples,Reta,Não,1,0,1,0,0,0,1,1,-27.67714873,-48.7838083,SPRF-SC,DEL01-SC,UOP03-DEL01-SC,2017
72350.0,2017-09-23,sábado,01:40:00,SC,282,500.2,XANXERE,Ingestão de Álcool,Capotamento,Com Vítimas Feridas,Plena Noite,Crescente,Céu Claro,Dupla,Rotatória,Não,1,0,1,0,0,0,1,1,-26.88118666,-52.37068355,SPRF-SC,DEL07-SC,UOP01-DEL07-SC,2017
72423.0,2017-09-23,sábado,11:20:00,SC,282,70.7,RANCHO QUEIMADO,Mal Súbito,Colisão lateral,Com Vítimas Feridas,Pleno dia,Crescente,Céu Claro,Simples,Reta,Não,2,0,1,0,1,0,1,2,-27.68922996,-49.09356576,SPRF-SC,DEL01-SC,UOP03-DEL01-SC,2017
72441.0,2017-09-19,terça-feira,12:40:00,SC,282,495.3,XANXERE,Carga excessiva e/ou mal acondicionada,Saída de leito carroçável,Com Vítimas Feridas,Pleno dia,Decrescente,Céu Claro,Simples,Reta;Declive;Em Obras,Não,1,0,1,0,0,0,1,1,-26.88,-52.34787644,SPRF-SC,DEL07-SC,UOP01-DEL07-SC,2017
72464.0,2017-09-23,sábado,14:00:00,SC,282,162.8,BOM RETIRO,Objeto estático sobre o leito carroçável,Saída de leito carroçável,Com Vítimas Feridas,Pleno dia,Crescente,Céu Claro,Simples,Reta,Não,1,0,1,0,0,0,1,1,-27.72893187,-49.7753191,SPRF-SC,DEL05-SC,UOP01-DEL05-SC,2017
72849.0,2017-09-24,domingo,21:10:00,SC,282,642.1,SAO MIGUEL DO OESTE,Pista Escorregadia,Saída de leito carroçável,Com Vítimas Feridas,Plena Noite,Crescente,Chuva,Simples,Curva,Não,1,0,0,1,0,0,1,1,-26.768509,-53.46719,SPRF-SC,DEL07-SC,UOP03-DEL07-SC,2017
72873.0,2017-09-24,domingo,22:45:00,SC,282,347.6,CAMPOS NOVOS,Animais na Pista,Atropelamento de Animal,Sem Vítimas,Plena Noite,Crescente,Céu Claro,Simples,Reta,Não,1,0,0,0,1,0,0,1,-27.36001783,-51.29695187,SPRF-SC,DEL07-SC,UOP06-DEL07-SC,2017
72888.0,2017-09-25,segunda-feira,02:15:00,SC,282,80.0,RANCHO QUEIMADO,Velocidade Incompatível,Saída de leito carroçável,Sem Vítimas,Plena Noite,Decrescente,Garoa/Chuvisco,Simples,Curva,Não,1,0,0,0,1,0,0,1,-27.6637,-49.1593,SPRF-SC,DEL01-SC,UOP03-DEL01-SC,2017
73048.0,2017-09-25,segunda-feira,18:40:00,SC,282,2.5,FLORIANOPOLIS,Falta de Atenção à Condução,Engavetamento,Com Vítimas Feridas,Plena Noite,Crescente,Nublado,Dupla,Reta,Sim,3,0,1,0,2,0,1,3,-27.60180153,-48.59404432,SPRF-SC,DEL01-SC,UOP01-DEL01-SC,2017
73261.0,2017-09-26,terça-feira,17:50:00,SC,282,2.3,FLORIANOPOLIS,Falta de Atenção à Condução,Colisão transversal,Com Vítimas Feridas,Anoitecer,Decrescente,Nublado,Dupla,Reta,Sim,2,0,2,0,0,0,2,2,-27.60325116,-48.59144032,SPRF-SC,DEL01-SC,UOP01-DEL01-SC,2017
73280.0,2017-09-26,terça-feira,18:00:00,SC,282,519.6,XAXIM,Falta de Atenção à Condução,Colisão lateral,Sem Vítimas,Anoitecer,Crescente,Sol,Simples,Reta,Sim,2,0,0,0,2,0,0,2,-26.94952122,-52.52141833,SPRF-SC,DEL07-SC,UOP01-DEL07-SC,2017
73330.0,2017-09-26,terça-feira,16:50:00,SC,282,505.0,XANXERE,Restrição de Visibilidade,Colisão transversal,Sem Vítimas,Pleno dia,Decrescente,Sol,Simples,Declive,Sim,2,0,0,0,2,0,0,2,-26.88605745,-52.41643131,SPRF-SC,DEL07-SC,UOP01-DEL07-SC,2017
73344.0,2017-09-27,quarta-feira,07:10:00,SC,282,2.0,FLORIANOPOLIS,Falta de Atenção à Condução,Colisão traseira,Com Vítimas Feridas,Pleno dia,Decrescente,Céu Claro,Dupla,Reta,Não,2,0,1,0,1,0,1,2,-27.60320362,-48.59134376,SPRF-SC,DEL01-SC,UOP01-DEL01-SC,2017
73371.0,2017-09-27,quarta-feira,09:18:00,SC,282,1.7,FLORIANOPOLIS,Falta de Atenção à Condução,Colisão traseira,Com Vítimas Feridas,Pleno dia,Decrescente,Céu Claro,Dupla,Reta,Sim,4,0,1,0,3,0,1,3,-27.60284904,-48.58561388,SPRF-SC,DEL01-SC,UOP01-DEL01-SC,2017
73493.0,2017-09-27,quarta-feira,18:40:00,SC,282,1.5,FLORIANOPOLIS,Falta de Atenção à Condução,Colisão lateral,Com Vítimas Feridas,Plena Noite,Crescente,Céu Claro,Dupla,Reta,Não,2,0,1,0,1,0,1,2,-27.604,-48.583,SPRF-SC,DEL01-SC,UOP01-DEL01-SC,2017
73516.0,2017-09-27,quarta-feira,16:20:00,SC,480,128.7,CHAPECO,Mal Súbito,Colisão com objeto estático,Com Vítimas Feridas,Pleno dia,Crescente,Sol,Dupla,Reta,Sim,1,0,1,0,0,0,1,1,-27.05265374,-52.6360656,SPRF-SC,DEL07-SC,UOP01-DEL07-SC,2017
73559.0,2017-09-27,quarta-feira,23:10:00,SC,282,69.0,RANCHO QUEIMADO,Velocidade Incompatível,Saída de leito carroçável,Com Vítimas Feridas,Plena Noite,Decrescente,Chuva,Simples,Curva,Não,2,0,0,1,1,0,1,1,-27.69415102,-49.09018095,SPRF-SC,DEL01-SC,UOP03-DEL01-SC,2017
73682.0,2017-09-28,quinta-feira,12:30:00,SC,282,524.1,XAXIM,Velocidade Incompatível,Saída de leito carroçável,Sem Vítimas,Pleno dia,Crescente,Céu Claro,Simples,Reta;Em Obras,Não,1,0,0,0,1,0,0,1,-26.96468831,-52.55758524,SPRF-SC,DEL07-SC,UOP01-DEL07-SC,2017
73731.0,2017-09-28,quinta-feira,18:20:00,SC,282,3.0,FLORIANOPOLIS,Falta de Atenção à Condução,Colisão lateral,Com Vítimas Feridas,Plena Noite,Crescente,Chuva,Dupla,Reta,Sim,2,0,1,0,1,0,1,2,-27.6003,-48.5996,SPRF-SC,DEL01-SC,UOP01-DEL01-SC,2017
73753.0,2017-09-28,quinta-feira,09:08:00,SC,282,420.0,VARGEM BONITA,Velocidade Incompatível,Saída de leito carroçável,Com Vítimas Feridas,Pleno dia,Decrescente,Garoa/Chuvisco,Simples,Curva,Não,2,0,2,0,0,0,2,1,-26.999,-51.7478,SPRF-SC,DEL07-SC,UOP05-DEL07-SC,2017
73821.0,2017-09-29,sexta-feira,02:35:00,SC,282,219.1,LAGES,Animais na Pista,Atropelamento de Animal,Com Vítimas Feridas,Plena Noite,Decrescente,Céu Claro,Simples,Reta,Sim,1,0,1,0,0,0,1,1,-27.79714018,-50.31339885,SPRF-SC,DEL05-SC,UOP01-DEL05-SC,2017
73883.0,2017-09-29,sexta-feira,09:20:00,SC,282,54.0,AGUAS MORNAS,Velocidade Incompatível,Saída de leito carroçável,Sem Vítimas,Pleno dia,Decrescente,Chuva,Múltipla,Curva,Não,2,0,0,0,2,0,0,1,-27.68659676,-48.97518304,SPRF-SC,DEL01-SC,UOP03-DEL01-SC,2017
73935.0,2017-09-29,sexta-feira,08:25:00,SC,282,480.1,FAXINAL DOS GUEDES,Falta de Atenção à Condução,Colisão transversal,Sem Vítimas,Pleno dia,Decrescente,Chuva,Simples,Interseção de Vias,Não,2,0,0,0,2,0,0,2,-26.87802867,-52.18859911,SPRF-SC,DEL07-SC,UOP01-DEL07-SC,2017
73968.0,2017-09-29,sexta-feira,14:10:00,SC,282,55.0,RANCHO QUEIMADO,Velocidade Incompatível,Saída de leito carroçável,Sem Vítimas,Pleno dia,Decrescente,Chuva,Simples,Curva,Não,1,0,0,0,1,0,0,1,-27.68920934,-48.98280144,SPRF-SC,DEL01-SC,UOP03-DEL01-SC,2017
73972.0,2017-09-29,sexta-feira,08:30:00,SC,282,137.9,BOM RETIRO,Falta de Atenção à Condução,Colisão com objeto estático,Sem Vítimas,Pleno dia,Decrescente,Chuva,Simples,Rotatória,Não,1,0,0,0,1,0,0,1,-27.82296579,-49.56987966,SPRF-SC,DEL05-SC,UOP01-DEL05-SC,2017
73973.0,2017-09-29,sexta-feira,11:30:00,SC,282,137.2,BOM RETIRO,Falta de Atenção à Condução,Colisão com objeto estático,Sem Vítimas,Pleno dia,Decrescente,Chuva,Simples,Rotatória,Não,1,0,0,0,1,0,0,1,-27.82043924,-49.56321792,SPRF-SC,DEL05-SC,UOP01-DEL05-SC,2017
73990.0,2017-09-29,sexta-feira,15:30:00,SC,282,75.0,RANCHO QUEIMADO,Velocidade Incompatível,Capotamento,Sem Vítimas,Pleno dia,Decrescente,Chuva,Simples,Reta,Não,1,0,0,0,1,0,0,1,-27.69076261,-49.12876097,SPRF-SC,DEL01-SC,UOP03-DEL01-SC,2017
74071.0,2017-09-29,sexta-feira,17:45:00,SC,282,48.0,AGUAS MORNAS,Velocidade Incompatível,Saída de leito carroçável,Com Vítimas Feridas,Amanhecer,Decrescente,Chuva,Simples,Curva,Não,2,0,1,0,1,0,1,1,-27.71407323,-48.93951595,SPRF-SC,DEL01-SC,UOP03-DEL01-SC,2017
74085.0,2017-09-29,sexta-feira,17:50:00,SC,282,533.7,CORDILHEIRA ALTA,Velocidade Incompatível,Capotamento,Sem Vítimas,Pleno dia,Crescente,Chuva,Simples,Reta,Não,1,0,0,0,1,0,0,1,-26.99580026,-52.62370706,SPRF-SC,DEL07-SC,UOP01-DEL07-SC,2017
74213.0,2017-09-30,sábado,04:30:00,SC,282,616.4,IRACEMINHA,Avarias e/ou desgaste excessivo no pneu,Saída de leito carroçável,Sem Vítimas,Plena Noite,Decrescente,Nublado,Simples,Curva,Sim,1,0,0,0,0,1,0,1,-26.7839595,-53.28531666,SPRF-SC,DEL07-SC,UOP02-DEL07-SC,2017
74258.0,2017-09-30,sábado,09:00:00,SC,282,155.0,AGRONOMICA,Avarias e/ou desgaste excessivo no pneu,Capotamento,Sem Vítimas,Pleno dia,Crescente,Céu Claro,Simples,Reta,Não,1,0,0,0,1,0,0,1,-27.25066181,-49.70043182,SPRF-SC,DEL05-SC,UOP01-DEL05-SC,2017
74262.0,2017-09-30,sábado,09:00:00,SC,282,80.0,RANCHO QUEIMADO,Pista Escorregadia,Saída de leito carroçável,Sem Vítimas,Pleno dia,Decrescente,Chuva,Simples,Curva,Não,1,0,0,0,1,0,0,1,-27.6637,-49.1593,SPRF-SC,DEL01-SC,UOP03-DEL01-SC,2017
74300.0,2017-09-30,sábado,08:00:00,SC,282,410.0,CATANDUVAS,Carga excessiva e/ou mal acondicionada,Colisão com objeto em movimento,Com Vítimas Feridas,Pleno dia,Crescente,Céu Claro,Simples,Curva,Não,2,0,1,0,1,0,1,1,-27.06023409,-51.67642593,SPRF-SC,DEL07-SC,UOP05-DEL07-SC,2017
74309.0,2017-09-30,sábado,11:00:00,SC,282,89.0,ALFREDO WAGNER,Falta de Atenção à Condução,Saída de leito carroçável,Com Vítimas Feridas,Pleno dia,Crescente,Chuva,Simples,Curva,Não,1,0,1,0,0,0,1,1,-27.67813178,-49.21609989,SPRF-SC,DEL01-SC,UOP03-DEL01-SC,2017
74312.0,2017-09-30,sábado,11:00:00,SC,282,1.5,FLORIANOPOLIS,Defeito Mecânico no Veículo,Incêndio,Sem Vítimas,Pleno dia,Decrescente,Chuva,Dupla,Reta,Sim,1,0,0,0,1,0,0,1,-27.60254932,-48.58369563,SPRF-SC,DEL01-SC,UOP01-DEL01-SC,2017
74333.0,2017-09-30,sábado,05:00:00,SC,282,514.4,XAXIM,Velocidade Incompatível,Saída de leito carroçável,Sem Vítimas,Plena Noite,Crescente,Céu Claro,Simples,Curva,Não,1,0,0,0,1,0,0,1,-26.91698065,-52.49340534,SPRF-SC,DEL07-SC,UOP01-DEL07-SC,2017
74405.0,2017-09-30,sábado,11:00:00,SC,282,73.0,RANCHO QUEIMADO,Falta de Atenção à Condução,Saída de leito carroçável,Sem Vítimas,Pleno dia,Decrescente,Chuva,Simples,Reta,Não,1,0,0,0,1,0,0,1,-27.68274741,-49.11500211,SPRF-SC,DEL01-SC,UOP03-DEL01-SC,2017
74429.0,2017-09-30,sábado,17:20:00,SC,282,606.0,MARAVILHA,Falta de Atenção à Condução,Colisão transversal,Sem Vítimas,Pleno dia,Decrescente,Sol,Simples,Reta,Sim,2,0,0,0,2,0,0,2,-26.7754,-53.2025,SPRF-SC,DEL07-SC,UOP02-DEL07-SC,2017
74496.0,2017-09-30,sábado,19:30:00,SC,282,628.1,IRACEMINHA,Ultrapassagem Indevida,Colisão frontal,Com Vítimas Feridas,Plena Noite,Decrescente,Nublado,Simples,Reta,Não,4,0,0,2,2,0,2,3,-26.81931134,-53.37428302,SPRF-SC,DEL07-SC,UOP02-DEL07-SC,2017
74570.0,2017-10-01,domingo,03:00:00,SC,282,500.9,XANXERE,Ingestão de Álcool,Colisão com objeto estático,Com Vítimas Feridas,Plena Noite,Crescente,Céu Claro,Simples,Reta,Sim,1,0,1,0,0,0,1,1,-26.88563641,-52.40049362,SPRF-SC,DEL07-SC,UOP01-DEL07-SC,2017
74685.0,2017-10-01,domingo,13:50:00,SC,282,4.3,SAO JOSE,Não guardar distância de segurança,Engavetamento,Com Vítimas Feridas,Pleno dia,Decrescente,Sol,Dupla,Reta,Sim,6,0,1,0,5,0,1,4,-27.592,-48.605,SPRF-SC,DEL01-SC,UOP01-DEL01-SC,2017
74814.0,2017-10-01,domingo,21:00:00,SC,282,503.8,XANXERE,Ingestão de Álcool,Colisão com objeto estático,Com Vítimas Feridas,Plena Noite,Crescente,Chuva,Dupla,Reta;Declive,Sim,2,0,2,0,0,0,2,1,-26.88283173,-52.40322679,SPRF-SC,DEL07-SC,UOP01-DEL07-SC,2017
74841.0,2017-10-02,segunda-feira,02:30:00,SC,282,47.8,AGUAS MORNAS,Velocidade Incompatível,Saída de leito carroçável,Sem Vítimas,Plena Noite,Decrescente,Chuva,Simples,Curva,Não,1,0,0,0,1,0,0,1,-27.71532882,-48.93861577,SPRF-SC,DEL01-SC,UOP03-DEL01-SC,2017
75100.0,2017-10-02,segunda-feira,21:40:00,SC,282,19.9,PALHOCA,Falta de Atenção à Condução,Colisão lateral,Sem Vítimas,Plena Noite,Crescente,Chuva,Simples,Reta,Sim,4,0,0,0,3,1,0,4,-27.68405343,-48.71017002,SPRF-SC,DEL01-SC,UOP02-DEL01-SC,2017
75299.0,2017-10-03,terça-feira,16:50:00,SC,282,587.3,SAUDADES,Condutor Dormindo,Colisão traseira,Sem Vítimas,Pleno dia,Decrescente,Sol,Simples,Reta,Não,3,0,0,0,3,0,0,2,-26.82703026,-53.05110723,SPRF-SC,DEL07-SC,UOP02-DEL07-SC,2017
75345.0,2017-10-03,terça-feira,19:30:00,SC,282,2.0,FLORIANOPOLIS,Avarias e/ou desgaste excessivo no pneu,Queda de ocupante de veículo,Com Vítimas Feridas,Plena Noite,Decrescente,Céu Claro,Dupla,Reta,Sim,2,0,1,0,1,0,1,1,-27.6033,-48.5885,SPRF-SC,DEL01-SC,UOP01-DEL01-SC,2017
75382.0,2017-10-03,terça-feira,23:45:00,SC,282,16.0,PALHOCA,Falta de Atenção à Condução,Colisão transversal,Com Vítimas Feridas,Pleno dia,Crescente,Céu Claro,Simples,Reta,Sim,3,0,1,0,1,1,1,3,-27.6665,-48.6887,SPRF-SC,DEL01-SC,UOP02-DEL01-SC,2017
75494.0,2017-10-04,quarta-feira,15:20:00,SC,282,5.0,FLORIANOPOLIS,Não guardar distância de segurança,Engavetamento,Sem Vítimas,Pleno dia,Decrescente,Céu Claro,Dupla,Reta,Não,3,0,0,0,3,0,0,3,-27.589,-48.6113,SPRF-SC,DEL01-SC,UOP01-DEL01-SC,2017
75549.0,2017-10-04,quarta-feira,18:30:00,SC,282,21.0,PALHOCA,Falta de Atenção à Condução,Atropelamento de Pedestre,Com Vítimas Feridas,Pleno dia,Decrescente,Nublado,Simples,Reta,Sim,2,0,0,1,1,0,1,2,-27.6889,-48.7187,SPRF-SC,DEL01-SC,UOP02-DEL01-SC,2017
75602.0,2017-10-05,quinta-feira,00:00:00,SC,282,19.0,SANTO AMARO DA IMPERATRIZ,Ingestão de Álcool,Capotamento,Com Vítimas Feridas,Plena Noite,Crescente,Céu Claro,Simples,Viaduto,Não,2,0,1,0,1,0,1,2,-27.6792,-48.7028,SPRF-SC,DEL01-SC,UOP02-DEL01-SC,2017
75685.0,2017-10-05,quinta-feira,11:15:00,SC,282,1.0,FLORIANOPOLIS,Não guardar distância de segurança,Queda de ocupante de veículo,Com Vítimas Feridas,Pleno dia,Decrescente,Céu Claro,Dupla,Reta,Sim,1,0,1,0,0,0,1,1,-27.6018,-48.5789,SPRF-SC,DEL01-SC,UOP01-DEL01-SC,2017
75702.0,2017-10-05,quinta-feira,13:03:00,SC,282,393.0,JOACABA,Ingestão de Álcool,Colisão traseira,Com Vítimas Feridas,Pleno dia,Decrescente,Céu Claro,Simples,Reta,Não,3,0,1,0,2,0,1,2,-27.1565,-51.5959,SPRF-SC,DEL07-SC,UOP05-DEL07-SC,2017
75723.0,2017-10-05,quinta-feira,12:00:00,SC,282,462.2,PONTE SERRADA,Falta de Atenção à Condução,Colisão transversal,Com Vítimas Feridas,Pleno dia,Crescente,Céu Claro,Simples,Interseção de Vias,Sim,5,0,1,3,1,0,4,2,-26.8568604,-52.05345852,SPRF-SC,DEL07-SC,UOP04-DEL07-SC,2017
75751.0,2017-10-05,quinta-feira,17:33:00,SC,282,2.0,FLORIANOPOLIS,Falta de Atenção à Condução,Colisão traseira,Com Vítimas Feridas,Pleno dia,Crescente,Céu Claro,Dupla,Reta,Sim,2,0,2,0,0,0,2,2,-27.6033,-48.5885,SPRF-SC,DEL01-SC,UOP01-DEL01-SC,2017
75769.0,2017-10-05,quinta-feira,17:40:00,SC,282,509.0,XANXERE,Velocidade Incompatível,Saída de leito carroçável,Sem Vítimas,Pleno dia,Crescente,Nublado,Simples,Curva,Não,1,0,0,0,1,0,0,1,-26.88827045,-52.45415926,SPRF-SC,DEL07-SC,UOP01-DEL07-SC,2017
75815.0,2017-10-05,quinta-feira,22:00:00,SC,282,5.8,SAO JOSE,Ingestão de Substâncias Psicoativas,Colisão com objeto estático,Com Vítimas Feridas,Plena Noite,Decrescente,Ignorado,Dupla,Reta,Sim,2,0,1,0,1,0,1,2,-27.58676948,-48.61636868,SPRF-SC,DEL01-SC,UOP01-DEL01-SC,2017
75856.0,2017-10-06,sexta-feira,05:55:00,SC,282,1.7,FLORIANOPOLIS,Não guardar distância de segurança,Tombamento,Com Vítimas Feridas,Amanhecer,Decrescente,Céu Claro,Dupla,Reta,Não,1,0,1,0,0,0,1,1,-27.604,-48.586,SPRF-SC,DEL01-SC,UOP01-DEL01-SC,2017
75901.0,2017-10-06,sexta-feira,08:30:00,SC,282,66.5,RANCHO QUEIMADO,Desobediência às normas de trânsito pelo condutor,Colisão lateral,Com Vítimas Feridas,Pleno dia,Decrescente,Sol,Simples,Reta;Declive,Não,2,0,1,0,1,0,1,2,-27.69979203,-49.06653464,SPRF-SC,DEL01-SC,UOP03-DEL01-SC,2017
76004.0,2017-10-03,terça-feira,00:40:00,SC,282,48.8,AGUAS MORNAS,Velocidade Incompatível,Saída de leito carroçável,Sem Vítimas,Plena Noite,Decrescente,Chuva,Simples,Curva;Declive,Não,1,0,0,0,1,0,0,1,-27.71468586,-48.94411325,SPRF-SC,DEL01-SC,UOP03-DEL01-SC,2017
76019.0,2017-10-06,sexta-feira,16:10:00,SC,282,232.8,LAGES,Não guardar distância de segurança,Colisão traseira,Sem Vítimas,Pleno dia,Decrescente,Chuva,Simples,Reta,Não,2,0,0,0,2,0,0,2,-27.78593528,-50.45202971,SPRF-SC,DEL05-SC,UOP02-DEL05-SC,2017
76054.0,2017-10-06,sexta-feira,19:00:00,SC,282,5.0,FLORIANOPOLIS,Falta de Atenção à Condução,Capotamento,Sem Vítimas,Plena Noite,Decrescente,Garoa/Chuvisco,Simples,Curva,Sim,2,0,0,0,2,0,0,1,-27.589,-48.6113,SPRF-SC,DEL01-SC,UOP01-DEL01-SC,2017
76288.0,2017-10-07,sábado,13:50:00,SC,282,0.3,FLORIANOPOLIS,Falta de Atenção à Condução,Queda de ocupante de veículo,Com Vítimas Feridas,Pleno dia,Crescente,Chuva,Múltipla,Reta,Sim,2,0,1,0,1,0,1,2,-27.59920857,-48.57392726,SPRF-SC,DEL01-SC,UOP01-DEL01-SC,2017
76392.0,2017-10-07,sábado,17:30:00,SC,282,509.1,XANXERE,Ingestão de Álcool,Saída de leito carroçável,Sem Vítimas,Pleno dia,Decrescente,Nublado,Simples,Reta,Não,1,0,0,0,1,0,0,1,-26.88911953,-52.45559961,SPRF-SC,DEL07-SC,UOP01-DEL07-SC,2017
76500.0,2017-10-08,domingo,03:00:00,SC,480,129.4,CHAPECO,Ingestão de Álcool,Colisão com objeto estático,Sem Vítimas,Plena Noite,Decrescente,Nublado,Simples,Curva,Sim,1,0,0,0,1,0,0,1,-27.05057424,-52.63524055,SPRF-SC,DEL07-SC,UOP01-DEL07-SC,2017
76571.0,2017-10-08,domingo,10:00:00,SC,282,55.0,RANCHO QUEIMADO,Pista Escorregadia,Saída de leito carroçável,Com Vítimas Feridas,Pleno dia,Crescente,Garoa/Chuvisco,Simples,Curva,Não,3,0,1,0,2,0,1,1,-27.6891,-48.9835,SPRF-SC,DEL01-SC,UOP03-DEL01-SC,2017
76585.0,2017-10-08,domingo,11:30:00,SC,282,48.3,AGUAS MORNAS,Velocidade Incompatível,Colisão transversal,Com Vítimas Feridas,Pleno dia,Decrescente,Chuva,Simples,Curva,Não,7,0,0,3,2,2,3,3,-27.71333071,-48.94085805,SPRF-SC,DEL01-SC,UOP03-DEL01-SC,2017
76644.0,2017-10-08,domingo,14:40:00,SC,282,136.3,PALMITOS,Defeito na Via,Colisão lateral,Sem Vítimas,Pleno dia,Decrescente,Sol,Simples,Curva,Não,1,0,0,0,1,0,0,1,-27.08425932,-53.22110206,SPRF-SC,DEL05-SC,UOP01-DEL05-SC,2017
76660.0,2017-10-08,domingo,17:15:00,SC,282,286.0,SAO JOSE DO CERRITO,Falta de Atenção à Condução,Colisão frontal,Com Vítimas Feridas,Pleno dia,Crescente,Nublado,Simples,Reta,Não,3,0,0,1,2,0,1,2,-27.56067238,-50.82816124,SPRF-SC,DEL05-SC,UOP02-DEL05-SC,2017
76674.0,2017-10-08,domingo,17:40:00,SC,282,78.6,RANCHO QUEIMADO,Falta de Atenção à Condução,Colisão lateral,Com Vítimas Feridas,Anoitecer,Crescente,Nublado,Simples,Reta,Não,2,0,1,0,1,0,1,2,-27.67282353,-49.15261487,SPRF-SC,DEL01-SC,UOP03-DEL01-SC,2017
76738.0,2017-10-08,domingo,17:45:00,SC,282,506.9,XANXERE,Velocidade Incompatível,Capotamento,Com Vítimas Feridas,Pleno dia,Crescente,Sol,Dupla,Rotatória,Sim,1,0,1,0,0,0,1,1,-26.8853302,-52.43551254,SPRF-SC,DEL07-SC,UOP01-DEL07-SC,2017
76823.0,2017-10-09,segunda-feira,06:30:00,SC,282,300.9,VARGEM,Pista Escorregadia,Saída de leito carroçável,Sem Vítimas,Pleno dia,Decrescente,Chuva,Simples,Curva,Não,3,0,0,0,3,0,0,3,-27.51115469,-50.92472076,SPRF-SC,DEL07-SC,UOP06-DEL07-SC,2017
76846.0,2017-10-09,segunda-feira,07:30:00,SC,282,86.9,ALFREDO WAGNER,Velocidade Incompatível,Saída de leito carroçável,Com Vítimas Feridas,Pleno dia,Decrescente,Nublado,Simples,Curva,Não,4,0,2,0,2,0,2,1,-27.66398398,-49.20558031,SPRF-SC,DEL01-SC,UOP03-DEL01-SC,2017
76891.0,2017-10-09,segunda-feira,10:50:00,SC,282,618.5,IRACEMINHA,Avarias e/ou desgaste excessivo no pneu,Colisão frontal,Sem Vítimas,Pleno dia,Crescente,Nublado,Simples,Curva,Não,2,0,0,0,2,0,0,2,-26.79479738,-53.30049463,SPRF-SC,DEL07-SC,UOP02-DEL07-SC,2017
76920.0,2017-10-09,segunda-feira,11:15:00,SC,282,367.3,ERVAL VELHO,Não guardar distância de segurança,Colisão com objeto estático,Com Vítimas Feridas,Pleno dia,Crescente,Céu Claro,Simples,Declive,Não,1,0,1,0,0,0,1,1,-27.28886473,-51.42173946,SPRF-SC,DEL07-SC,UOP05-DEL07-SC,2017
77063.0,2017-10-10,terça-feira,05:15:00,SC,282,551.6,NOVA ITABERABA,Velocidade Incompatível,Saída de leito carroçável,Sem Vítimas,Amanhecer,Crescente,Chuva,Simples,Curva,Não,1,0,0,0,1,0,0,1,-26.94931082,-52.78038025,SPRF-SC,DEL07-SC,UOP01-DEL07-SC,2017
77080.0,2017-10-10,terça-feira,09:00:00,SC,480,129.3,CHAPECO,Não guardar distância de segurança,Engavetamento,Sem Vítimas,Pleno dia,Crescente,Nublado,Dupla,Reta,Sim,5,0,0,0,5,0,0,5,-27.04775543,-52.6355195,SPRF-SC,DEL07-SC,UOP01-DEL07-SC,2017
77125.0,2017-10-10,terça-feira,12:30:00,SC,282,16.8,PALHOCA,Falta de Atenção à Condução,Colisão traseira,Com Vítimas Feridas,Pleno dia,Decrescente,Nublado,Simples,Reta,Sim,2,0,1,0,1,0,1,2,-27.66507239,-48.68747346,SPRF-SC,DEL01-SC,UOP02-DEL01-SC,2017
77126.0,2017-10-10,terça-feira,11:40:00,SC,282,397.0,JOACABA,Velocidade Incompatível,Saída de leito carroçável,Sem Vítimas,Pleno dia,Crescente,Nublado,Simples,Curva,Não,1,0,0,0,1,0,0,1,-27.1364,-51.6239,SPRF-SC,DEL07-SC,UOP05-DEL07-SC,2017
77187.0,2017-10-10,terça-feira,11:40:00,SC,282,579.0,PINHALZINHO,Falta de Atenção à Condução,Colisão traseira,Sem Vítimas,Pleno dia,Decrescente,Chuva,Simples,Reta,Sim,2,0,0,0,2,0,0,2,-26.8411,-52.9832,SPRF-SC,DEL07-SC,UOP02-DEL07-SC,2017
77204.0,2017-10-08,domingo,05:00:00,SC,282,602.7,MARAVILHA,Pista Escorregadia,Saída de leito carroçável,Sem Vítimas,Amanhecer,Decrescente,Chuva,Simples,Reta,Não,1,0,0,0,1,0,0,1,-26.80115425,-53.18867428,SPRF-SC,DEL07-SC,UOP02-DEL07-SC,2017
77324.0,2017-10-11,quarta-feira,09:10:00,SC,282,6.3,SAO JOSE,Desobediência às normas de trânsito pelo condutor,Colisão com objeto estático,Com Vítimas Feridas,Pleno dia,Crescente,Garoa/Chuvisco,Dupla,Declive,Sim,1,0,1,0,0,0,1,1,-27.58474121,-48.61756861,SPRF-SC,DEL01-SC,UOP01-DEL01-SC,2017
77336.0,2017-10-11,quarta-feira,07:30:00,SC,282,403.8,JOACABA,Ultrapassagem Indevida,Colisão com objeto estático,Com Vítimas Feridas,Pleno dia,Crescente,Céu Claro,Simples,Curva,Não,1,0,1,0,0,0,1,1,-27.10914163,-51.63524866,SPRF-SC,DEL07-SC,UOP05-DEL07-SC,2017
77416.0,2017-10-11,quarta-feira,11:15:00,SC,282,444.7,PONTE SERRADA,Falta de Atenção à Condução,Colisão transversal,Com Vítimas Feridas,Pleno dia,Decrescente,Céu Claro,Simples,Reta,Não,2,0,1,0,1,0,1,2,-26.9124269,-51.90507889,SPRF-SC,DEL07-SC,UOP04-DEL07-SC,2017