id,data_inversa,dia_semana,horario,uf,br,km,municipio,causa_acidente,tipo_acidente,classificacao_acidente,fase_dia,sentido_via,condicao_metereologica,tipo_pista,tracado_via,uso_solo,pessoas,mortos,feridos_leves,feridos_graves,ilesos,ignorados,feridos,veiculos,latitude,longitude,regional,delegacia,uop,ano_arquivo
77432.0,2017-10-11,quarta-feira,15:00:00,SC,282,3.5,FLORIANOPOLIS,Não guardar distância de segurança,Colisão lateral,Com Vítimas Feridas,Pleno dia,Decrescente,Nublado,Múltipla,Reta,Sim,3,0,1,0,2,0,1,2,-27.59861057,-48.60056515,SPRF-SC,DEL01-SC,UOP01-DEL01-SC,2017
77565.0,2017-10-12,quinta-feira,02:00:00,SC,282,501.7,XANXERE,Falta de Atenção à Condução,Colisão com objeto estático,Sem Vítimas,Plena Noite,Crescente,Nublado,Dupla,Interseção de Vias,Sim,1,0,0,0,1,0,0,1,-26.88317232,-52.38550544,SPRF-SC,DEL07-SC,UOP01-DEL07-SC,2017
77604.0,2017-10-12,quinta-feira,04:30:00,SC,282,527.3,CORDILHEIRA ALTA,Condutor Dormindo,Colisão com objeto estático,Sem Vítimas,Plena Noite,Crescente,Nublado,Simples,Curva,Não,1,0,0,0,1,0,0,1,-26.97382009,-52.58486867,SPRF-SC,DEL07-SC,UOP01-DEL07-SC,2017
77637.0,2017-10-12,quinta-feira,06:30:00,SC,282,468.5,PONTE SERRADA,Ingestão de Álcool,Colisão traseira,Sem Vítimas,Pleno dia,Decrescente,Céu Claro,Simples,Reta,Não,2,0,0,0,2,0,0,2,-26.85654714,-52.11094562,SPRF-SC,DEL07-SC,UOP04-DEL07-SC,2017
77652.0,2017-10-12,quinta-feira,10:30:00,SC,282,64.0,RANCHO QUEIMADO,Pista Escorregadia,Colisão frontal,Com Vítimas Feridas,Pleno dia,Crescente,Nublado,Simples,Curva,Não,4,0,1,2,1,0,3,3,-27.6963,-49.0525,SPRF-SC,DEL01-SC,UOP03-DEL01-SC,2017
77658.0,2017-10-12,quinta-feira,11:15:00,SC,282,2.0,FLORIANOPOLIS,Animais na Pista,Saída de leito carroçável,Com Vítimas Feridas,Pleno dia,Crescente,Nublado,Dupla,Reta,Sim,1,0,1,0,0,0,1,1,-27.6033,-48.5885,SPRF-SC,DEL01-SC,UOP01-DEL01-SC,2017
77683.0,2017-10-12,quinta-feira,13:00:00,SC,282,54.1,AGUAS MORNAS,Velocidade Incompatível,Colisão traseira,Com Vítimas Feridas,Pleno dia,Crescente,Garoa/Chuvisco,Simples,Curva;Declive,Não,4,0,2,2,0,0,4,2,-27.68676302,-48.97518396,SPRF-SC,DEL01-SC,UOP03-DEL01-SC,2017
77687.0,2017-10-12,quinta-feira,13:50:00,SC,282,54.0,AGUAS MORNAS,Pista Escorregadia,Saída de leito carroçável,Sem Vítimas,Pleno dia,Decrescente,Chuva,Simples,Curva,Não,2,0,0,0,2,0,0,2,-27.6865,-48.9752,SPRF-SC,DEL01-SC,UOP03-DEL01-SC,2017
77721.0,2017-10-12,quinta-feira,15:10:00,SC,282,54.0,AGUAS MORNAS,Velocidade Incompatível,Colisão frontal,Com Vítimas Feridas,Pleno dia,Decrescente,Nublado,Simples,Curva;Declive,Não,5,0,2,1,2,0,3,2,-27.6865,-48.9752,SPRF-SC,DEL01-SC,UOP03-DEL01-SC,2017
77735.0,2017-10-12,quinta-feira,15:05:00,SC,282,324.0,CAMPOS NOVOS,Falta de Atenção à Condução,Colisão frontal,Com Vítimas Feridas,Pleno dia,Crescente,Chuva,Simples,Reta,Não,2,0,1,0,1,0,1,2,-27.37579468,-51.0774615,SPRF-SC,DEL07-SC,UOP06-DEL07-SC,2017
77772.0,2017-10-12,quinta-feira,10:50:00,SC,282,428.0,VARGEM BONITA,Falta de Atenção à Condução,Colisão com objeto estático,Com Vítimas Feridas,Pleno dia,Crescente,Chuva,Simples,Reta,Não,1,0,1,0,0,0,1,1,-26.9791,-51.8001,SPRF-SC,DEL07-SC,UOP05-DEL07-SC,2017
77773.0,2017-10-12,quinta-feira,18:00:00,SC,282,86.9,ALFREDO WAGNER,Pista Escorregadia,Saída de leito carroçável,Sem Vítimas,Anoitecer,Decrescente,Garoa/Chuvisco,Simples,Curva,Não,1,0,0,0,1,0,0,1,-27.66400718,-49.20505183,SPRF-SC,DEL01-SC,UOP03-DEL01-SC,2017
77820.0,2017-10-12,quinta-feira,22:00:00,SC,282,512.4,XANXERE,Ingestão de Álcool,Saída de leito carroçável,Com Vítimas Feridas,Plena Noite,Crescente,Chuva,Simples,Reta,Não,4,0,2,2,0,0,4,1,-26.90916454,-52.46981263,SPRF-SC,DEL07-SC,UOP01-DEL07-SC,2017
77831.0,2017-10-12,quinta-feira,23:20:00,SC,282,218.0,LAGES,Desobediência às normas de trânsito pelo condutor,Colisão lateral,Sem Vítimas,Plena Noite,Decrescente,Garoa/Chuvisco,Simples,Rotatória,Sim,1,0,0,0,1,0,0,1,-27.7978,-50.3026,SPRF-SC,DEL05-SC,UOP01-DEL05-SC,2017
77924.0,2017-10-13,sexta-feira,11:30:00,SC,282,174.3,BOCAINA DO SUL,Animais na Pista,Atropelamento de Animal,Sem Vítimas,Pleno dia,Crescente,Nublado,Simples,Declive,Não,1,0,0,0,1,0,0,1,-27.7431796,-49.885198,SPRF-SC,DEL05-SC,UOP01-DEL05-SC,2017
77952.0,2017-10-13,sexta-feira,14:40:00,SC,282,300.8,VARGEM,Falta de Atenção à Condução,Saída de leito carroçável,Com Vítimas Feridas,Pleno dia,Decrescente,Chuva,Simples,Curva,Não,1,0,1,0,0,0,1,1,-27.51112614,-50.92341185,SPRF-SC,DEL07-SC,UOP06-DEL07-SC,2017
77982.0,2017-10-13,sexta-feira,15:50:00,SC,282,17.9,PALHOCA,Falta de Atenção à Condução,Colisão transversal,Com Vítimas Feridas,Pleno dia,Crescente,Nublado,Simples,Reta,Sim,3,0,0,2,0,1,2,3,-27.6727903,-48.69427141,SPRF-SC,DEL01-SC,UOP02-DEL01-SC,2017
77988.0,2017-10-13,sexta-feira,16:40:00,SC,282,1.7,FLORIANOPOLIS,Falta de Atenção à Condução,Colisão lateral,Com Vítimas Feridas,Pleno dia,Crescente,Nublado,Dupla,Reta,Sim,2,0,1,0,1,0,1,2,-27.60284904,-48.58561388,SPRF-SC,DEL01-SC,UOP01-DEL01-SC,2017
78062.0,2017-10-13,sexta-feira,21:45:00,SC,282,45.4,AGUAS MORNAS,Velocidade Incompatível,Capotamento,Com Vítimas Feridas,Plena Noite,Decrescente,Chuva,Simples,Curva,Não,3,0,2,0,1,0,2,1,-27.7191688,-48.92168999,SPRF-SC,DEL01-SC,UOP03-DEL01-SC,2017
78100.0,2017-10-14,sábado,02:30:00,SC,282,511.2,XANXERE,Condutor Dormindo,Saída de leito carroçável,Sem Vítimas,Plena Noite,Crescente,Garoa/Chuvisco,Simples,Reta,Não,3,0,0,0,3,0,0,1,-26.9060743,-52.46557474,SPRF-SC,DEL07-SC,UOP01-DEL07-SC,2017
78167.0,2017-10-14,sábado,10:40:00,SC,282,33.6,AGUAS MORNAS,Desobediência às normas de trânsito pelo condutor,Colisão traseira,Com Vítimas Feridas,Pleno dia,Decrescente,Nublado,Simples,Reta,Não,7,0,1,0,6,0,1,2,-27.70476003,-48.81433097,SPRF-SC,DEL01-SC,UOP03-DEL01-SC,2017
78179.0,2017-03-15,quarta-feira,07:15:00,SC,282,4.7,SAO JOSE,Não guardar distância de segurança,Colisão traseira,Sem Vítimas,Pleno dia,Decrescente,Céu Claro,Dupla,Reta,Sim,2,0,0,0,2,0,0,2,-27.59059682,-48.60824226,SPRF-SC,DEL01-SC,UOP01-DEL01-SC,2017
78279.0,2017-10-14,sábado,20:20:00,SC,282,4.7,SAO JOSE,Falta de Atenção à Condução,Colisão traseira,Sem Vítimas,Plena Noite,Decrescente,Garoa/Chuvisco,Dupla,Reta,Sim,5,0,0,0,5,0,0,5,-27.5884,-48.6128,SPRF-SC,DEL01-SC,UOP01-DEL01-SC,2017
78350.0,2017-10-14,sábado,14:30:00,SC,282,370.0,ERVAL VELHO,Ingestão de Álcool,Colisão traseira,Sem Vítimas,Pleno dia,Decrescente,Nublado,Simples,Reta,Sim,2,0,0,0,2,0,0,2,-27.2466,-51.4485,SPRF-SC,DEL07-SC,UOP05-DEL07-SC,2017
78497.0,2017-10-15,domingo,16:25:00,SC,282,204.0,LAGES,Não guardar distância de segurança,Colisão traseira,Sem Vítimas,Pleno dia,Crescente,Céu Claro,Simples,Reta,Não,2,0,0,0,2,0,0,2,-27.76898212,-50.17417413,SPRF-SC,DEL05-SC,UOP01-DEL05-SC,2017
78672.0,2017-10-16,segunda-feira,06:55:00,SC,282,4.0,FLORIANOPOLIS,Não guardar distância de segurança,Colisão lateral,Sem Vítimas,Pleno dia,Decrescente,Céu Claro,Dupla,Reta,Sim,2,0,0,0,2,0,0,2,-27.5937,-48.6023,SPRF-SC,DEL01-SC,UOP01-DEL01-SC,2017
78721.0,2017-10-16,segunda-feira,09:00:00,SC,282,485.0,FAXINAL DOS GUEDES,Falta de Atenção à Condução,Saída de leito carroçável,Com Vítimas Feridas,Pleno dia,Crescente,Céu Claro,Simples,Em Obras,Sim,1,0,1,0,0,0,1,1,-26.8556,-52.2564,SPRF-SC,DEL07-SC,UOP01-DEL07-SC,2017
78887.0,2017-10-04,quarta-feira,12:10:00,SC,282,251.0,SAO JOSE DO CERRITO,Falta de Atenção à Condução,Tombamento,Com Vítimas Feridas,Pleno dia,Crescente,Céu Claro,Simples,Reta,Não,1,0,1,0,0,0,1,1,-27.68499593,-50.56542546,SPRF-SC,DEL05-SC,UOP02-DEL05-SC,2017
78899.0,2017-10-16,segunda-feira,20:15:00,SC,282,23.5,SANTO AMARO DA IMPERATRIZ,Falta de Atenção à Condução,Colisão transversal,Sem Vítimas,Plena Noite,Crescente,Céu Claro,Simples,Interseção de Vias,Sim,2,0,0,0,2,0,0,2,-27.68444014,-48.74357966,SPRF-SC,DEL01-SC,UOP03-DEL01-SC,2017
78970.0,2017-10-17,terça-feira,09:05:00,SC,282,2.3,FLORIANOPOLIS,Não guardar distância de segurança,Colisão traseira,Sem Vítimas,Pleno dia,Decrescente,Céu Claro,Simples,Reta,Sim,3,0,0,0,2,1,0,2,-27.60240092,-48.59182659,SPRF-SC,DEL01-SC,UOP01-DEL01-SC,2017
79004.0,2017-10-17,terça-feira,11:20:00,SC,282,0.2,FLORIANOPOLIS,Desobediência às normas de trânsito pelo condutor,Colisão lateral,Com Vítimas Feridas,Pleno dia,Decrescente,Céu Claro,Dupla,Reta,Sim,2,0,2,0,0,0,2,2,-27.59883905,-48.57321818,SPRF-SC,DEL01-SC,UOP01-DEL01-SC,2017
79112.0,2017-10-17,terça-feira,18:10:00,SC,282,497.6,XANXERE,Falta de Atenção à Condução,Colisão transversal,Com Vítimas Feridas,Pleno dia,Decrescente,Sol,Simples,Reta,Não,3,0,2,0,1,0,2,2,-26.88034366,-52.34353155,SPRF-SC,DEL07-SC,UOP01-DEL07-SC,2017
79141.0,2017-10-17,terça-feira,21:50:00,SC,282,237.3,LAGES,Animais na Pista,Atropelamento de Animal,Sem Vítimas,Plena Noite,Crescente,Nublado,Simples,Curva,Não,1,0,0,0,1,0,0,1,-27.78541798,-50.47719687,SPRF-SC,DEL05-SC,UOP02-DEL05-SC,2017
79142.0,2017-10-17,terça-feira,22:05:00,SC,282,237.5,LAGES,Animais na Pista,Atropelamento de Animal,Com Vítimas Feridas,Plena Noite,Crescente,Nublado,Simples,Reta,Não,3,0,3,0,0,0,3,1,-27.77682282,-50.49762726,SPRF-SC,DEL05-SC,UOP02-DEL05-SC,2017
79187.0,2017-10-17,terça-feira,14:00:00,SC,282,656.2,SAO MIGUEL DO OESTE,Falta de Atenção à Condução,Tombamento,Com Vítimas Feridas,Pleno dia,Decrescente,Céu Claro,Dupla,Reta,Não,1,0,1,0,0,0,1,1,-26.67270104,-53.56949736,SPRF-SC,DEL07-SC,UOP03-DEL07-SC,2017
79259.0,2017-10-18,quarta-feira,13:40:00,SC,282,3.5,FLORIANOPOLIS,Falta de Atenção à Condução,Colisão lateral,Com Vítimas Feridas,Pleno dia,Decrescente,Céu Claro,Dupla,Reta,Sim,2,0,0,1,1,0,1,2,-27.59700614,-48.60094749,SPRF-SC,DEL01-SC,UOP01-DEL01-SC,2017
79638.0,2017-10-20,sexta-feira,07:40:00,SC,282,6.0,SAO JOSE,Falta de Atenção à Condução,Capotamento,Sem Vítimas,Pleno dia,Decrescente,Nublado,Simples,Curva,Sim,2,0,0,0,0,2,0,2,-27.58702356,-48.61558057,SPRF-SC,DEL01-SC,UOP01-DEL01-SC,2017
79703.0,2017-10-20,sexta-feira,11:55:00,SC,282,528.9,CORDILHEIRA ALTA,Falta de Atenção à Condução,Colisão traseira,Sem Vítimas,Pleno dia,Decrescente,Sol,Simples,Reta,Não,2,0,0,0,2,0,0,2,-26.98274079,-52.59876251,SPRF-SC,DEL07-SC,UOP01-DEL07-SC,2017
79729.0,2017-10-20,sexta-feira,14:25:00,SC,282,483.9,FAXINAL DOS GUEDES,Não guardar distância de segurança,Colisão traseira,Sem Vítimas,Pleno dia,Crescente,Sol,Simples,Desvio Temporário;Reta;Em Obras,Não,2,0,0,0,2,0,0,2,-26.85670583,-52.24641985,SPRF-SC,DEL07-SC,UOP01-DEL07-SC,2017
79825.0,2017-10-20,sexta-feira,22:00:00,SC,282,54.0,RANCHO QUEIMADO,Pista Escorregadia,Saída de leito carroçável,Com Vítimas Feridas,Plena Noite,Crescente,Chuva,Simples,Curva,Não,1,0,1,0,0,0,1,1,-27.68822873,-48.97680844,SPRF-SC,DEL01-SC,UOP03-DEL01-SC,2017
79860.0,2017-10-20,sexta-feira,23:45:00,SC,282,527.2,XAXIM,Ingestão de Álcool,Saída de leito carroçável,Com Vítimas Feridas,Plena Noite,Crescente,Nublado,Simples,Curva,Não,3,0,2,1,0,0,3,1,-26.97857215,-52.58846283,SPRF-SC,DEL07-SC,UOP01-DEL07-SC,2017
79900.0,2017-10-21,sábado,07:00:00,SC,282,522.0,XAXIM,Velocidade Incompatível,Capotamento,Com Vítimas Feridas,Pleno dia,Crescente,Chuva,Simples,Curva,Não,1,0,1,0,0,0,1,1,-26.95523669,-52.54167438,SPRF-SC,DEL07-SC,UOP01-DEL07-SC,2017
79901.0,2017-10-21,sábado,05:30:00,SC,282,633.1,DESCANSO,Pista Escorregadia,Saída de leito carroçável,Sem Vítimas,Plena Noite,Decrescente,Céu Claro,Simples,Curva;Declive,Não,4,0,0,0,4,0,0,1,-26.82609096,-53.41371417,SPRF-SC,DEL07-SC,UOP03-DEL07-SC,2017
79983.0,2017-10-21,sábado,12:20:00,SC,282,427.7,VARGEM BONITA,Velocidade Incompatível,Colisão frontal,Com Vítimas Feridas,Pleno dia,Decrescente,Chuva,Simples,Reta,Não,2,0,1,1,0,0,2,2,-26.97439847,-51.76713612,SPRF-SC,DEL07-SC,UOP05-DEL07-SC,2017
79996.0,2017-10-21,sábado,14:50:00,SC,282,30.0,AGUAS MORNAS,Desobediência às normas de trânsito pelo condutor,Tombamento,Com Vítimas Fatais,Pleno dia,Crescente,Nublado,Simples,Curva,Não,2,1,0,0,1,0,0,2,-27.6883,-48.792,SPRF-SC,DEL01-SC,UOP03-DEL01-SC,2017
80048.0,2017-10-21,sábado,15:30:00,SC,282,551.6,NOVA ITABERABA,Pista Escorregadia,Saída de leito carroçável,Sem Vítimas,Pleno dia,Crescente,Chuva,Simples,Curva,Não,1,0,0,0,1,0,0,1,-26.95661029,-52.773664,SPRF-SC,DEL07-SC,UOP01-DEL07-SC,2017
80382.0,2017-10-22,domingo,13:45:00,SC,282,291.8,SAO JOSE DO CERRITO,Ingestão de Álcool,Colisão frontal,Com Vítimas Feridas,Pleno dia,Crescente,Sol,Simples,Curva;Aclive,Sim,2,0,1,0,0,1,1,2,-27.54312542,-50.85523225,SPRF-SC,DEL05-SC,UOP02-DEL05-SC,2017
80412.0,2017-10-22,domingo,08:00:00,SC,282,411.0,CATANDUVAS,Velocidade Incompatível,Saída de leito carroçável,Sem Vítimas,Pleno dia,Crescente,Chuva,Simples,Curva,Não,1,0,0,0,1,0,0,1,-27.0498,-51.7011,SPRF-SC,DEL07-SC,UOP05-DEL07-SC,2017
80562.0,2017-10-23,segunda-feira,13:10:00,SC,282,16.0,PALHOCA,Não guardar distância de segurança,Colisão traseira,Com Vítimas Feridas,Pleno dia,Crescente,Céu Claro,Dupla,Reta,Sim,2,0,1,0,1,0,1,2,-27.6601455,-48.68317714,SPRF-SC,DEL01-SC,UOP02-DEL01-SC,2017
80566.0,2017-10-23,segunda-feira,13:35:00,SC,282,16.4,PALHOCA,Desobediência às normas de trânsito pelo condutor,Queda de ocupante de veículo,Com Vítimas Feridas,Pleno dia,Decrescente,Céu Claro,Simples,Interseção de Vias,Sim,2,0,1,0,1,0,1,2,-27.66182163,-48.68461397,SPRF-SC,DEL01-SC,UOP02-DEL01-SC,2017
80658.0,2017-10-23,segunda-feira,19:40:00,SC,282,3.3,SAO JOSE,Falta de Atenção à Condução,Colisão traseira,Sem Vítimas,Plena Noite,Crescente,Céu Claro,Dupla,Reta,Sim,2,0,0,0,2,0,0,2,-27.59832369,-48.60040849,SPRF-SC,DEL01-SC,UOP01-DEL01-SC,2017
80845.0,2017-10-24,terça-feira,18:15:00,SC,282,82.1,ALFREDO WAGNER,Velocidade Incompatível,Saída de leito carroçável,Sem Vítimas,Pleno dia,Crescente,Céu Claro,Simples,Curva,Não,1,0,0,0,1,0,0,1,-27.66228934,-49.17799052,SPRF-SC,DEL01-SC,UOP03-DEL01-SC,2017
80876.0,2017-10-24,terça-feira,20:35:00,SC,282,202.1,LAGES,Objeto estático sobre o leito carroçável,Danos eventuais,Sem Vítimas,Plena Noite,Crescente,Nublado,Simples,Reta,Não,1,0,0,0,1,0,0,1,-27.76161967,-50.14737898,SPRF-SC,DEL05-SC,UOP01-DEL05-SC,2017
80930.0,2017-10-25,quarta-feira,04:45:00,SC,282,522.7,XAXIM,Velocidade Incompatível,Saída de leito carroçável,Sem Vítimas,Plena Noite,Crescente,Nublado,Simples,Rotatória,Sim,1,0,0,0,1,0,0,1,-26.95929495,-52.5455904,SPRF-SC,DEL07-SC,UOP01-DEL07-SC,2017
81014.0,2017-10-25,quarta-feira,13:30:00,SC,282,86.9,ALFREDO WAGNER,Velocidade Incompatível,Saída de leito carroçável,Sem Vítimas,Pleno dia,Decrescente,Garoa/Chuvisco,Simples,Curva,Não,1,0,0,0,1,0,0,1,-27.66400245,-49.20537651,SPRF-SC,DEL01-SC,UOP03-DEL01-SC,2017
81023.0,2017-10-24,terça-feira,22:50:00,SC,282,554.7,NOVA ITABERABA,Falta de Atenção à Condução,Colisão com objeto estático,Com Vítimas Feridas,Plena Noite,Crescente,Nublado,Simples,Reta,Sim,1,0,0,1,0,0,1,1,-26.93676855,-52.80455324,SPRF-SC,DEL07-SC,UOP01-DEL07-SC,2017
81031.0,2017-10-25,quarta-feira,10:30:00,SC,282,301.0,VARGEM,Pista Escorregadia,Capotamento,Sem Vítimas,Pleno dia,Decrescente,Chuva,Simples,Curva,Não,1,0,0,0,1,0,0,1,-27.53202048,-50.88970184,SPRF-SC,DEL07-SC,UOP06-DEL07-SC,2017
81066.0,2017-10-25,quarta-feira,16:00:00,SC,282,45.6,AGUAS MORNAS,Ultrapassagem Indevida,Saída de leito carroçável,Com Vítimas Feridas,Pleno dia,Decrescente,Garoa/Chuvisco,Simples,Curva;Declive,Não,2,0,2,0,0,0,2,1,-27.71918305,-48.92213523,SPRF-SC,DEL01-SC,UOP03-DEL01-SC,2017
81188.0,2017-10-26,quinta-feira,09:00:00,SC,282,46.0,AGUAS MORNAS,Velocidade Incompatível,Saída de leito carroçável,Sem Vítimas,Pleno dia,Decrescente,Chuva,Simples,Curva;Declive,Não,1,0,0,0,1,0,0,1,-27.7208,-48.9265,SPRF-SC,DEL01-SC,UOP03-DEL01-SC,2017
81230.0,2017-10-26,quinta-feira,14:00:00,SC,282,6.0,SAO JOSE,Falta de Atenção à Condução,Colisão traseira,Com Vítimas Feridas,Pleno dia,Crescente,Céu Claro,Dupla,Curva,Sim,2,0,0,1,1,0,1,2,-27.585,-48.618,SPRF-SC,DEL01-SC,UOP01-DEL01-SC,2017
81238.0,2017-10-26,quinta-feira,14:30:00,SC,282,4.1,FLORIANOPOLIS,Não guardar distância de segurança,Colisão traseira,Com Vítimas Feridas,Pleno dia,Decrescente,Céu Claro,Dupla,Reta,Sim,2,0,1,0,1,0,1,2,-27.5923676,-48.60471707,SPRF-SC,DEL01-SC,UOP01-DEL01-SC,2017
81460.0,2017-10-27,sexta-feira,08:00:00,SC,282,112.4,ALFREDO WAGNER,Falta de Atenção à Condução,Saída de leito carroçável,Com Vítimas Feridas,Pleno dia,Crescente,Céu Claro,Simples,Reta,Não,4,0,3,0,1,0,3,1,-27.73713673,-49.37896279,SPRF-SC,DEL01-SC,UOP03-DEL01-SC,2017
81472.0,2017-10-27,sexta-feira,12:10:00,SC,282,1.0,FLORIANOPOLIS,Não guardar distância de segurança,Colisão traseira,Sem Vítimas,Pleno dia,Crescente,Céu Claro,Múltipla,Declive,Sim,2,0,0,0,2,0,0,2,-27.598,-48.571,SPRF-SC,DEL01-SC,UOP01-DEL01-SC,2017
81517.0,2017-10-27,sexta-feira,14:15:00,SC,282,212.3,LAGES,Ultrapassagem Indevida,Saída de leito carroçável,Sem Vítimas,Pleno dia,Decrescente,Céu Claro,Simples,Reta,Não,1,0,0,0,1,0,0,1,-27.78267007,-50.25252968,SPRF-SC,DEL05-SC,UOP01-DEL05-SC,2017
81535.0,2017-10-27,sexta-feira,15:30:00,SC,282,1.0,FLORIANOPOLIS,Não guardar distância de segurança,Colisão traseira,Sem Vítimas,Pleno dia,Decrescente,Nublado,Simples,Reta,Sim,7,0,0,0,7,0,0,6,-27.60125086,-48.57793799,SPRF-SC,DEL01-SC,UOP01-DEL01-SC,2017
81561.0,2017-10-27,sexta-feira,17:40:00,SC,282,19.0,PALHOCA,Não guardar distância de segurança,Colisão traseira,Com Vítimas Feridas,Pleno dia,Crescente,Nublado,Simples,Reta,Sim,4,0,0,2,2,0,2,4,-27.6792,-48.7028,SPRF-SC,DEL01-SC,UOP02-DEL01-SC,2017
81663.0,2017-10-27,sexta-feira,23:30:00,SC,282,255.9,SAO JOSE DO CERRITO,Ingestão de Álcool,Colisão com objeto estático,Com Vítimas Feridas,Plena Noite,Crescente,Chuva,Simples,Reta,Não,1,0,1,0,0,0,1,1,-27.6711335,-50.58209045,SPRF-SC,DEL05-SC,UOP02-DEL05-SC,2017
81828.0,2017-10-28,sábado,14:10:00,SC,282,0.5,FLORIANOPOLIS,Desobediência às normas de trânsito pelo condutor,Colisão lateral,Sem Vítimas,Pleno dia,Decrescente,Sol,Múltipla,Reta,Sim,2,0,0,0,2,0,0,2,-27.59994762,-48.57534544,SPRF-SC,DEL01-SC,UOP01-DEL01-SC,2017
81843.0,2017-10-28,sábado,15:15:00,SC,282,23.0,PALHOCA,Falta de Atenção à Condução,Colisão traseira,Sem Vítimas,Pleno dia,Crescente,Céu Claro,Simples,Reta,Sim,2,0,0,0,2,0,0,2,-27.6874,-48.7379,SPRF-SC,DEL01-SC,UOP02-DEL01-SC,2017
81864.0,2017-10-28,sábado,17:00:00,SC,282,17.0,PALHOCA,Falta de Atenção à Condução,Colisão transversal,Com Vítimas Feridas,Pleno dia,Crescente,Céu Claro,Simples,Reta,Sim,3,0,1,0,2,0,1,2,-27.6665,-48.6887,SPRF-SC,DEL01-SC,UOP02-DEL01-SC,2017
81967.0,2017-10-28,sábado,23:35:00,SC,282,16.0,PALHOCA,Falta de Atenção à Condução,Colisão com objeto estático,Com Vítimas Feridas,Plena Noite,Crescente,Ignorado,Dupla,Curva,Sim,1,0,1,0,0,0,1,1,-27.6594,-48.6826,SPRF-SC,DEL01-SC,UOP02-DEL01-SC,2017
82086.0,2017-10-29,domingo,10:45:00,SC,282,218.9,LAGES,Falta de Atenção à Condução,Colisão transversal,Com Vítimas Feridas,Pleno dia,Decrescente,Sol,Dupla,Interseção de Vias,Sim,2,0,0,1,1,0,1,2,-27.79735047,-50.31141074,SPRF-SC,DEL05-SC,UOP01-DEL05-SC,2017
82114.0,2017-10-29,domingo,14:50:00,SC,282,81.9,RANCHO QUEIMADO,Ultrapassagem Indevida,Colisão traseira,Sem Vítimas,Pleno dia,Crescente,Nublado,Simples,Declive;Reta,Não,2,0,0,0,2,0,0,2,-27.6619,-49.17730002,SPRF-SC,DEL01-SC,UOP03-DEL01-SC,2017
82221.0,2017-10-29,domingo,21:00:00,SC,282,221.5,LAGES,Falta de Atenção à Condução,Saída de leito carroçável,Com Vítimas Feridas,Plena Noite,Crescente,Chuva,Simples,Reta,Sim,1,0,1,0,0,0,1,1,-27.79514876,-50.33859472,SPRF-SC,DEL05-SC,UOP01-DEL05-SC,2017
82253.0,2017-10-29,domingo,23:10:00,SC,282,115.8,ALFREDO WAGNER,Falta de Atenção à Condução,Saída de leito carroçável,Com Vítimas Feridas,Plena Noite,Decrescente,Nublado,Simples,Curva,Não,1,0,1,0,0,0,1,1,-27.75986436,-49.39590161,SPRF-SC,DEL01-SC,UOP03-DEL01-SC,2017
82440.0,2017-10-30,segunda-feira,17:50:00,SC,282,2.1,FLORIANOPOLIS,Não guardar distância de segurança,Colisão lateral,Com Vítimas Feridas,Pleno dia,Crescente,Céu Claro,Dupla,Reta,Sim,3,0,2,0,1,0,2,2,-27.60300031,-48.58960886,SPRF-SC,DEL01-SC,UOP01-DEL01-SC,2017
82607.0,2017-10-31,terça-feira,12:38:00,SC,282,0.0,FLORIANOPOLIS,Desobediência às normas de trânsito pelo condutor,Colisão traseira,Com Vítimas Feridas,Pleno dia,Decrescente,Sol,Dupla,Reta,Sim,3,0,1,0,2,0,1,3,-27.5981,-48.5718,SPRF-SC,DEL01-SC,UOP01-DEL01-SC,2017
82643.0,2017-10-31,terça-feira,13:25:00,SC,282,456.8,PONTE SERRADA,Falta de Atenção à Condução,Colisão traseira,Sem Vítimas,Pleno dia,Decrescente,Céu Claro,Simples,Curva,Não,2,0,0,0,2,0,0,2,-26.88148481,-52.01199264,SPRF-SC,DEL07-SC,UOP04-DEL07-SC,2017
82653.0,2017-10-31,terça-feira,15:50:00,SC,282,4.0,SAO JOSE,Objeto estático sobre o leito carroçável,Colisão com objeto estático,Sem Vítimas,Pleno dia,Crescente,Céu Claro,Dupla,Reta,Sim,1,0,0,0,1,0,0,1,-27.5937,-48.6023,SPRF-SC,DEL01-SC,UOP01-DEL01-SC,2017
82790.0,2017-11-01,quarta-feira,08:20:00,SC,282,525.3,XAXIM,Não guardar distância de segurança,Colisão frontal,Com Vítimas Feridas,Pleno dia,Crescente,Céu Claro,Simples,Curva,Não,2,0,0,1,1,0,1,2,-26.97524477,-52.58859158,SPRF-SC,DEL07-SC,UOP01-DEL07-SC,2017
82856.0,2017-10-29,domingo,17:19:00,SC,282,392.3,JOACABA,Não guardar distância de segurança,Colisão traseira,Com Vítimas Feridas,Pleno dia,Decrescente,Céu Claro,Simples,Reta,Não,3,0,2,0,1,0,2,2,-27.15797058,-51.58952747,SPRF-SC,DEL07-SC,UOP05-DEL07-SC,2017
82864.0,2017-11-01,quarta-feira,15:24:00,SC,282,2.0,FLORIANOPOLIS,Não guardar distância de segurança,Colisão traseira,Com Vítimas Feridas,Pleno dia,Decrescente,Céu Claro,Dupla,Reta,Sim,3,0,1,0,2,0,1,2,-27.60344606,-48.58825553,SPRF-SC,DEL01-SC,UOP01-DEL01-SC,2017
82877.0,2017-11-01,quarta-feira,15:30:00,SC,282,348.0,CAMPOS NOVOS,Ultrapassagem Indevida,Capotamento,Com Vítimas Feridas,Pleno dia,Crescente,Céu Claro,Simples,Declive,Não,1,0,1,0,0,0,1,1,-27.3611,-51.301,SPRF-SC,DEL07-SC,UOP06-DEL07-SC,2017