id,data_inversa,dia_semana,horario,uf,br,km,municipio,causa_acidente,tipo_acidente,classificacao_acidente,fase_dia,sentido_via,condicao_metereologica,tipo_pista,tracado_via,uso_solo,pessoas,mortos,feridos_leves,feridos_graves,ilesos,ignorados,feridos,veiculos,latitude,longitude,regional,delegacia,uop,ano_arquivo
82945.0,2017-10-28,sábado,20:25:00,SC,282,507.1,XANXERE,Velocidade Incompatível,Capotamento,Com Vítimas Feridas,Plena Noite,Decrescente,Céu Claro,Dupla,Rotatória,Não,1,0,0,1,0,0,1,1,-26.89116916,-52.45775917,SPRF-SC,DEL07-SC,UOP01-DEL07-SC,2017
83074.0,2017-11-02,quinta-feira,12:10:00,SC,282,169.8,BOCAINA DO SUL,Falta de Atenção à Condução,Colisão traseira,Sem Vítimas,Pleno dia,Decrescente,Céu Claro,Simples,Reta,Não,2,0,0,0,2,0,0,2,-27.74042142,-49.83503084,SPRF-SC,DEL05-SC,UOP01-DEL05-SC,2017
83273.0,2017-10-21,sábado,15:30:00,SC,282,551.6,NOVA ITABERABA,Pista Escorregadia,Saída de leito carroçável,Com Vítimas Feridas,Pleno dia,Crescente,Chuva,Simples,Curva,Não,3,0,1,0,2,0,1,2,-26.94842641,-52.78045622,SPRF-SC,DEL07-SC,UOP01-DEL07-SC,2017
83319.0,2017-11-03,sexta-feira,15:45:00,SC,282,17.5,PALHOCA,Ultrapassagem Indevida,Colisão transversal,Com Vítimas Feridas,Pleno dia,Decrescente,Céu Claro,Simples,Reta,Não,2,0,1,0,1,0,1,2,-27.66999461,-48.69179523,SPRF-SC,DEL01-SC,UOP02-DEL01-SC,2017
83332.0,2017-11-03,sexta-feira,14:30:00,SC,282,490.8,FAXINAL DOS GUEDES,Velocidade Incompatível,Saída de leito carroçável,Sem Vítimas,Pleno dia,Decrescente,Chuva,Simples,Reta,Não,1,0,0,0,1,0,0,1,-26.87384658,-52.27869987,SPRF-SC,DEL07-SC,UOP01-DEL07-SC,2017
83334.0,2017-11-03,sexta-feira,13:10:00,SC,282,521.4,XAXIM,Desobediência às normas de trânsito pelo condutor,Colisão transversal,Sem Vítimas,Pleno dia,Crescente,Chuva,Simples,Interseção de Vias,Sim,2,0,0,0,2,0,0,2,-26.9527346,-52.53852546,SPRF-SC,DEL07-SC,UOP01-DEL07-SC,2017
83374.0,2017-11-03,sexta-feira,17:45:00,SC,282,633.1,DESCANSO,Pista Escorregadia,Saída de leito carroçável,Sem Vítimas,Pleno dia,Decrescente,Chuva,Simples,Curva,Não,1,0,0,0,1,0,0,1,-26.82571078,-53.41851886,SPRF-SC,DEL07-SC,UOP03-DEL07-SC,2017
83378.0,2017-11-03,sexta-feira,19:15:00,SC,282,4.0,FLORIANOPOLIS,Falta de Atenção à Condução,Colisão lateral,Sem Vítimas,Plena Noite,Crescente,Nublado,Dupla,Reta,Sim,2,0,0,0,2,0,0,2,-27.5937,-48.6023,SPRF-SC,DEL01-SC,UOP01-DEL01-SC,2017
83381.0,2017-11-03,sexta-feira,17:30:00,SC,282,40.4,AGUAS MORNAS,Falta de Atenção à Condução,Colisão transversal,Com Vítimas Feridas,Pleno dia,Crescente,Céu Claro,Simples,Curva,Sim,4,0,3,1,0,0,4,2,-27.71517975,-48.87486935,SPRF-SC,DEL01-SC,UOP03-DEL01-SC,2017
83444.0,2017-11-04,sábado,03:00:00,SC,480,129.5,CHAPECO,Ingestão de Álcool,Queda de ocupante de veículo,Sem Vítimas,Plena Noite,Crescente,Céu Claro,Múltipla,Viaduto,Não,1,0,0,0,1,0,0,1,-27.05408093,-52.63629198,SPRF-SC,DEL07-SC,UOP01-DEL07-SC,2017
83457.0,2017-11-04,sábado,05:50:00,SC,282,109.9,ALFREDO WAGNER,Falta de Atenção à Condução,Capotamento,Sem Vítimas,Amanhecer,Decrescente,Nublado,Simples,Curva,Não,1,0,0,0,1,0,0,1,-27.72628707,-49.36009677,SPRF-SC,DEL01-SC,UOP03-DEL01-SC,2017
83562.0,2017-11-04,sábado,15:30:00,SC,282,30.8,SANTO AMARO DA IMPERATRIZ,Velocidade Incompatível,Saída de leito carroçável,Com Vítimas Feridas,Pleno dia,Crescente,Chuva,Simples,Curva,Não,3,0,1,1,1,0,2,1,-27.69339884,-48.79389346,SPRF-SC,DEL01-SC,UOP03-DEL01-SC,2017
83563.0,2017-11-04,sábado,13:15:00,SC,282,48.9,AGUAS MORNAS,Velocidade Incompatível,Saída de leito carroçável,Sem Vítimas,Pleno dia,Crescente,Chuva,Simples,Curva,Não,1,0,0,0,1,0,0,1,-27.71219214,-48.94397416,SPRF-SC,DEL01-SC,UOP03-DEL01-SC,2017
83565.0,2017-11-04,sábado,15:05:00,SC,282,48.9,AGUAS MORNAS,Velocidade Incompatível,Saída de leito carroçável,Com Vítimas Feridas,Pleno dia,Crescente,Garoa/Chuvisco,Simples,Curva,Não,2,0,1,0,1,0,1,1,-27.71219214,-48.94397416,SPRF-SC,DEL01-SC,UOP03-DEL01-SC,2017
83683.0,2017-11-05,domingo,00:10:00,SC,282,581.8,PINHALZINHO,Falta de Atenção à Condução,Colisão frontal,Com Vítimas Feridas,Plena Noite,Decrescente,Céu Claro,Simples,Reta,Não,3,0,0,1,1,1,1,3,-26.82684731,-53.00274611,SPRF-SC,DEL07-SC,UOP02-DEL07-SC,2017
83691.0,2017-11-05,domingo,01:10:00,SC,282,124.5,CHAPECO,Velocidade Incompatível,Colisão com objeto estático,Sem Vítimas,Plena Noite,Crescente,Céu Claro,Dupla,Reta,Sim,1,0,0,0,1,0,0,1,-27.00700031,-52.64289021,SPRF-SC,DEL05-SC,UOP01-DEL05-SC,2017
83731.0,2017-11-05,domingo,04:20:00,SC,480,128.5,CHAPECO,Velocidade Incompatível,Capotamento,Com Vítimas Fatais,Plena Noite,Decrescente,Céu Claro,Dupla,Curva,Sim,1,1,0,0,0,0,0,1,-27.04236606,-52.63583064,SPRF-SC,DEL07-SC,UOP01-DEL07-SC,2017
83827.0,2017-11-05,domingo,10:40:00,SC,282,95.0,ALFREDO WAGNER,Falta de Atenção à Condução,Tombamento,Com Vítimas Feridas,Pleno dia,Crescente,Céu Claro,Simples,Reta,Não,1,0,1,0,0,0,1,1,-27.71234512,-49.26370378,SPRF-SC,DEL01-SC,UOP03-DEL01-SC,2017
83828.0,2017-11-05,domingo,14:05:00,SC,282,31.0,AGUAS MORNAS,Velocidade Incompatível,Colisão frontal,Com Vítimas Feridas,Pleno dia,Crescente,Nublado,Simples,Curva,Não,7,0,2,3,2,0,5,4,-27.6965,-48.7936,SPRF-SC,DEL01-SC,UOP03-DEL01-SC,2017
83976.0,2017-11-06,segunda-feira,06:50:00,SC,282,57.0,RANCHO QUEIMADO,Velocidade Incompatível,Saída de leito carroçável,Com Vítimas Feridas,Amanhecer,Decrescente,Nublado,Simples,Curva,Não,3,0,3,0,0,0,3,1,-27.68275853,-49.00605971,SPRF-SC,DEL01-SC,UOP03-DEL01-SC,2017
83985.0,2017-11-06,segunda-feira,06:50:00,SC,282,517.5,XAXIM,Velocidade Incompatível,Saída de leito carroçável,Com Vítimas Feridas,Pleno dia,Crescente,Céu Claro,Simples,Declive;Rotatória,Sim,1,0,0,1,0,0,1,1,-26.94884923,-52.52269588,SPRF-SC,DEL07-SC,UOP01-DEL07-SC,2017
84020.0,2017-11-06,segunda-feira,09:20:00,SC,282,4.7,SAO JOSE,Velocidade Incompatível,Colisão traseira,Com Vítimas Feridas,Amanhecer,Decrescente,Céu Claro,Dupla,Reta,Sim,2,0,1,0,1,0,1,2,-27.59041332,-48.60859365,SPRF-SC,DEL01-SC,UOP01-DEL01-SC,2017
84226.0,2017-11-07,terça-feira,07:40:00,SC,282,16.0,PALHOCA,Falta de Atenção à Condução,Colisão lateral,Com Vítimas Feridas,Pleno dia,Decrescente,Céu Claro,Simples,Reta,Não,2,0,0,1,1,0,1,2,-27.6594,-48.6826,SPRF-SC,DEL01-SC,UOP02-DEL01-SC,2017
84248.0,2017-11-07,terça-feira,09:30:00,SC,282,222.8,LAGES,Velocidade Incompatível,Saída de leito carroçável,Sem Vítimas,Pleno dia,Crescente,Nublado,Simples,Curva,Sim,2,0,0,0,2,0,0,1,-27.7975,-50.353,SPRF-SC,DEL05-SC,UOP01-DEL05-SC,2017
84276.0,2017-11-07,terça-feira,10:40:00,SC,282,80.0,RANCHO QUEIMADO,Velocidade Incompatível,Saída de leito carroçável,Sem Vítimas,Pleno dia,Decrescente,Nublado,Simples,Curva,Não,2,0,0,0,2,0,0,1,-27.6637,-49.1593,SPRF-SC,DEL01-SC,UOP03-DEL01-SC,2017
84315.0,2017-11-07,terça-feira,12:50:00,SC,282,578.0,PINHALZINHO,Falta de Atenção à Condução,Colisão traseira,Sem Vítimas,Pleno dia,Crescente,Sol,Simples,Reta,Sim,2,0,0,0,2,0,0,2,-26.8497,-52.9801,SPRF-SC,DEL07-SC,UOP02-DEL07-SC,2017
84450.0,2017-11-08,quarta-feira,05:55:00,SC,282,52.0,AGUAS MORNAS,Pista Escorregadia,Saída de leito carroçável,Sem Vítimas,Plena Noite,Decrescente,Chuva,Simples,Curva,Não,1,0,0,0,1,0,0,1,-27.69641499,-48.96426201,SPRF-SC,DEL01-SC,UOP03-DEL01-SC,2017
84492.0,2017-11-08,quarta-feira,10:30:00,SC,282,76.0,RANCHO QUEIMADO,Não guardar distância de segurança,Colisão traseira,Com Vítimas Feridas,Pleno dia,Decrescente,Chuva,Simples,Reta,Não,3,0,2,0,1,0,2,2,-27.6895,-49.1386,SPRF-SC,DEL01-SC,UOP03-DEL01-SC,2017
84738.0,2017-11-09,quinta-feira,14:00:00,SC,282,5.0,SAO JOSE,Falta de Atenção à Condução,Colisão lateral,Com Vítimas Feridas,Pleno dia,Decrescente,Céu Claro,Dupla,Curva,Sim,2,0,1,0,1,0,1,2,-27.589,-48.6113,SPRF-SC,DEL01-SC,UOP01-DEL01-SC,2017
84751.0,2017-11-09,quinta-feira,09:00:00,SC,282,18.0,PALHOCA,Falta de Atenção à Condução,Saída de leito carroçável,Sem Vítimas,Pleno dia,Decrescente,Céu Claro,Simples,Curva,Sim,1,0,0,0,0,1,0,1,-27.6735,-48.6949,SPRF-SC,DEL01-SC,UOP02-DEL01-SC,2017
84769.0,2017-11-09,quinta-feira,17:10:00,SC,282,4.5,SAO JOSE,Falta de Atenção à Condução,Danos eventuais,Com Vítimas Feridas,Pleno dia,Crescente,Céu Claro,Dupla,Reta,Sim,3,0,1,0,2,0,1,2,-27.59135237,-48.60679546,SPRF-SC,DEL01-SC,UOP01-DEL01-SC,2017
84772.0,2017-11-09,quinta-feira,15:34:00,SC,282,462.3,PONTE SERRADA,Falta de Atenção à Condução,Colisão transversal,Com Vítimas Feridas,Pleno dia,Crescente,Céu Claro,Simples,Reta,Não,2,0,2,0,0,0,2,2,-26.86133769,-52.02644348,SPRF-SC,DEL07-SC,UOP04-DEL07-SC,2017
84831.0,2017-11-09,quinta-feira,19:10:00,SC,282,388.0,JOACABA,Mal Súbito,Colisão com objeto estático,Sem Vítimas,Plena Noite,Decrescente,Nublado,Dupla,Declive,Sim,1,0,0,0,1,0,0,1,-27.1769559,-51.52534246,SPRF-SC,DEL07-SC,UOP05-DEL07-SC,2017
84840.0,2017-11-09,quinta-feira,17:50:00,SC,282,81.9,RANCHO QUEIMADO,Falta de Atenção à Condução,Colisão transversal,Sem Vítimas,Pleno dia,Crescente,Céu Claro,Simples,Reta,Não,2,0,0,0,2,0,0,2,-27.66189206,-49.1780408,SPRF-SC,DEL01-SC,UOP03-DEL01-SC,2017
84941.0,2017-11-05,domingo,06:00:00,SC,282,586.9,SAUDADES,Velocidade Incompatível,Saída de leito carroçável,Com Vítimas Feridas,Amanhecer,Decrescente,Ignorado,Simples,Curva,Não,2,0,2,0,0,0,2,1,-26.82767396,-53.04738132,SPRF-SC,DEL07-SC,UOP02-DEL07-SC,2017
84946.0,2017-11-10,sexta-feira,11:25:00,SC,282,5.0,SAO JOSE,Não guardar distância de segurança,Colisão traseira,Com Vítimas Feridas,Pleno dia,Decrescente,Nublado,Múltipla,Reta,Sim,3,0,2,0,1,0,2,3,-27.589,-48.6113,SPRF-SC,DEL01-SC,UOP01-DEL01-SC,2017
85044.0,2017-11-10,sexta-feira,13:30:00,SC,282,416.8,CATANDUVAS,Ultrapassagem Indevida,Saída de leito carroçável,Com Vítimas Feridas,Pleno dia,Crescente,Chuva,Simples,Reta,Não,1,0,1,0,0,0,1,1,-27.03840986,-51.71444893,SPRF-SC,DEL07-SC,UOP05-DEL07-SC,2017
85084.0,2017-11-10,sexta-feira,16:45:00,SC,282,590.0,SAUDADES,Falta de Atenção à Condução,Colisão traseira,Sem Vítimas,Pleno dia,Crescente,Sol,Simples,Reta,Não,2,0,0,0,2,0,0,2,-26.8277,-53.0776,SPRF-SC,DEL07-SC,UOP02-DEL07-SC,2017
85334.0,2017-11-11,sábado,10:20:00,SC,282,590.3,SAUDADES,Desobediência às normas de trânsito pelo condutor,Colisão transversal,Com Vítimas Fatais,Pleno dia,Crescente,Céu Claro,Simples,Aclive;Reta,Não,2,1,0,1,0,0,1,2,-26.82746213,-53.07648003,SPRF-SC,DEL07-SC,UOP02-DEL07-SC,2017
85506.0,2017-11-12,domingo,03:35:00,SC,282,16.0,PALHOCA,Ingestão de Álcool,Saída de leito carroçável,Com Vítimas Feridas,Plena Noite,Crescente,Céu Claro,Simples,Reta,Não,1,0,1,0,0,0,1,1,-27.6594,-48.6826,SPRF-SC,DEL01-SC,UOP02-DEL01-SC,2017
85660.0,2017-11-12,domingo,16:45:00,SC,282,600.5,CUNHA PORA,Defeito na Via,Queda de ocupante de veículo,Com Vítimas Feridas,Pleno dia,Crescente,Sol,Simples,Reta,Não,1,0,0,1,0,0,1,1,-26.81000325,-53.17039619,SPRF-SC,DEL07-SC,UOP02-DEL07-SC,2017
85673.0,2017-11-12,domingo,19:20:00,SC,282,17.0,PALHOCA,Falta de Atenção à Condução,Colisão traseira,Sem Vítimas,Pleno dia,Decrescente,Sol,Simples,Reta,Sim,4,0,0,0,4,0,0,3,-27.67775152,-48.69927317,SPRF-SC,DEL01-SC,UOP02-DEL01-SC,2017
85734.0,2017-11-13,segunda-feira,00:07:00,SC,282,4.5,SAO JOSE,Ingestão de Álcool,Saída de leito carroçável,Com Vítimas Feridas,Plena Noite,Decrescente,Nublado,Múltipla,Reta,Sim,1,0,1,0,0,0,1,1,-27.591152,-48.60711423,SPRF-SC,DEL01-SC,UOP01-DEL01-SC,2017
85753.0,2017-11-13,segunda-feira,03:00:00,SC,282,544.1,CHAPECO,Velocidade Incompatível,Saída de leito carroçável,Com Vítimas Feridas,Plena Noite,Decrescente,Céu Claro,Simples,Reta,Não,1,0,0,1,0,0,1,1,-26.99436628,-52.72328138,SPRF-SC,DEL07-SC,UOP01-DEL07-SC,2017
85894.0,2017-11-13,segunda-feira,16:30:00,SC,282,19.0,PALHOCA,Desobediência às normas de trânsito pelo condutor,Colisão lateral,Com Vítimas Feridas,Pleno dia,Decrescente,Céu Claro,Simples,Reta,Não,3,0,0,2,1,0,2,2,-27.6792,-48.7028,SPRF-SC,DEL01-SC,UOP02-DEL01-SC,2017
85930.0,2017-11-13,segunda-feira,19:20:00,SC,282,1.0,FLORIANOPOLIS,Não guardar distância de segurança,Colisão traseira,Com Vítimas Feridas,Anoitecer,Crescente,Céu Claro,Dupla,Reta,Sim,4,0,2,0,2,0,2,2,-27.6018,-48.5789,SPRF-SC,DEL01-SC,UOP01-DEL01-SC,2017
86052.0,2017-10-12,quinta-feira,15:10:00,SC,282,149.0,BOM RETIRO,Falta de Atenção à Condução,Saída de leito carroçável,Com Vítimas Feridas,Pleno dia,Crescente,Chuva,Simples,Reta,Não,1,0,1,0,0,0,1,1,-27.7782,-49.6518,SPRF-SC,DEL05-SC,UOP01-DEL05-SC,2017
86297.0,2017-11-15,quarta-feira,09:10:00,SC,282,276.9,SAO JOSE DO CERRITO,Falta de Atenção à Condução,Saída de leito carroçável,Com Vítimas Feridas,Pleno dia,Decrescente,Céu Claro,Simples,Curva,Não,3,0,1,0,2,0,1,1,-27.59450852,-50.73563576,SPRF-SC,DEL05-SC,UOP02-DEL05-SC,2017
86402.0,2017-11-15,quarta-feira,13:43:00,SC,282,325.0,CAMPOS NOVOS,Pista Escorregadia,Tombamento,Com Vítimas Feridas,Pleno dia,Decrescente,Céu Claro,Simples,Curva,Não,1,0,0,1,0,0,1,1,-27.378,-51.0637,SPRF-SC,DEL07-SC,UOP06-DEL07-SC,2017
86627.0,2017-11-16,quinta-feira,17:15:00,SC,282,500.3,XANXERE,Velocidade Incompatível,Saída de leito carroçável,Com Vítimas Feridas,Pleno dia,Crescente,Chuva,Dupla,Interseção de Vias,Não,2,0,1,0,1,0,1,1,-26.88103512,-52.37064315,SPRF-SC,DEL07-SC,UOP01-DEL07-SC,2017
86695.0,2017-11-17,sexta-feira,01:45:00,SC,282,638.0,DESCANSO,Velocidade Incompatível,Saída de leito carroçável,Com Vítimas Feridas,Plena Noite,Crescente,Nublado,Simples,Curva,Não,1,0,0,1,0,0,1,1,-26.7951,-53.4496,SPRF-SC,DEL07-SC,UOP03-DEL07-SC,2017
86708.0,2017-11-17,sexta-feira,07:10:00,SC,282,4.0,SAO JOSE,Falta de Atenção à Condução,Colisão traseira,Com Vítimas Feridas,Pleno dia,Decrescente,Céu Claro,Dupla,Reta,Sim,2,0,1,0,1,0,1,2,-27.5937,-48.6023,SPRF-SC,DEL01-SC,UOP01-DEL01-SC,2017
86894.0,2017-11-14,terça-feira,07:30:00,SC,282,519.5,XAXIM,Falta de Atenção à Condução,Capotamento,Sem Vítimas,Pleno dia,Decrescente,Sol,Simples,Reta,Não,1,0,0,0,1,0,0,1,-26.9475702,-52.5176847,SPRF-SC,DEL07-SC,UOP01-DEL07-SC,2017
86897.0,2017-11-17,sexta-feira,18:40:00,SC,282,576.0,PINHALZINHO,Falta de Atenção à Condução,Colisão transversal,Com Vítimas Feridas,Anoitecer,Decrescente,Nublado,Simples,Reta,Sim,2,0,1,0,1,0,1,2,-26.86581693,-52.96814561,SPRF-SC,DEL07-SC,UOP02-DEL07-SC,2017
86934.0,2017-11-17,sexta-feira,22:30:00,SC,282,57.0,RANCHO QUEIMADO,Pista Escorregadia,Colisão frontal,Sem Vítimas,Plena Noite,Crescente,Chuva,Simples,Curva,Não,3,0,0,0,3,0,0,3,-27.68318606,-49.00588805,SPRF-SC,DEL01-SC,UOP03-DEL01-SC,2017
87071.0,2017-11-18,sábado,09:10:00,SC,282,69.0,RANCHO QUEIMADO,Velocidade Incompatível,Capotamento,Com Vítimas Feridas,Pleno dia,Decrescente,Garoa/Chuvisco,Simples,Curva,Não,1,0,1,0,0,0,1,1,-27.6902,-49.0846,SPRF-SC,DEL01-SC,UOP03-DEL01-SC,2017
87116.0,2017-11-18,sábado,10:30:00,SC,282,30.0,AGUAS MORNAS,Velocidade Incompatível,Capotamento,Sem Vítimas,Pleno dia,Decrescente,Garoa/Chuvisco,Simples,Curva,Não,2,0,0,0,2,0,0,2,-27.6883,-48.792,SPRF-SC,DEL01-SC,UOP03-DEL01-SC,2017
87161.0,2017-11-18,sábado,11:30:00,SC,282,34.1,AGUAS MORNAS,Velocidade Incompatível,Saída de leito carroçável,Com Vítimas Feridas,Pleno dia,Crescente,Nublado,Simples,Curva,Não,4,0,4,0,0,0,4,1,-27.7034503,-48.81978894,SPRF-SC,DEL01-SC,UOP03-DEL01-SC,2017
87266.0,2017-11-18,sábado,15:10:00,SC,282,631.9,DESCANSO,Falta de Atenção à Condução,Saída de leito carroçável,Sem Vítimas,Pleno dia,Crescente,Chuva,Simples,Curva,Não,2,0,0,0,2,0,0,1,-26.82271219,-53.40888358,SPRF-SC,DEL07-SC,UOP03-DEL07-SC,2017
87340.0,2017-11-19,domingo,02:00:00,SC,282,361.0,ERVAL VELHO,Falta de Atenção à Condução,Saída de leito carroçável,Com Vítimas Feridas,Plena Noite,Decrescente,Nevoeiro/Neblina,Simples,Curva,Não,5,0,1,0,4,0,1,1,-27.29963851,-51.3966608,SPRF-SC,DEL07-SC,UOP05-DEL07-SC,2017
87342.0,2017-11-19,domingo,03:15:00,SC,282,1.8,FLORIANOPOLIS,Ingestão de Álcool,Saída de leito carroçável,Com Vítimas Feridas,Plena Noite,Crescente,Garoa/Chuvisco,Dupla,Reta,Sim,4,0,1,0,3,0,1,1,-27.60347934,-48.58682063,SPRF-SC,DEL01-SC,UOP01-DEL01-SC,2017
87363.0,2017-11-19,domingo,03:30:00,SC,282,529.4,CORDILHEIRA ALTA,Falta de Atenção à Condução,Colisão lateral,Com Vítimas Feridas,Plena Noite,Crescente,Céu Claro,Simples,Reta,Não,2,0,1,0,1,0,1,2,-26.98373512,-52.60077953,SPRF-SC,DEL07-SC,UOP01-DEL07-SC,2017
87410.0,2017-11-19,domingo,03:00:00,SC,282,37.5,AGUAS MORNAS,Velocidade Incompatível,Saída de leito carroçável,Sem Vítimas,Plena Noite,Decrescente,Nublado,Simples,Curva,Não,1,0,0,0,1,0,0,1,-27.7078756,-48.84928107,SPRF-SC,DEL01-SC,UOP03-DEL01-SC,2017
87416.0,2017-10-24,terça-feira,12:30:00,SC,282,4.0,FLORIANOPOLIS,Fenômenos da Natureza,Colisão com objeto em movimento,Com Vítimas Feridas,Pleno dia,Decrescente,Céu Claro,Dupla,Reta,Sim,1,0,1,0,0,0,1,1,-27.5937,-48.6023,SPRF-SC,DEL01-SC,UOP01-DEL01-SC,2017
87470.0,2017-11-19,domingo,14:50:00,SC,282,4.8,SAO JOSE,Não guardar distância de segurança,Colisão lateral,Sem Vítimas,Pleno dia,Decrescente,Nublado,Dupla,Reta;Aclive,Sim,3,0,0,0,3,0,0,3,-27.5919745,-48.60519469,SPRF-SC,DEL01-SC,UOP01-DEL01-SC,2017
87483.0,2017-11-19,domingo,15:20:00,SC,282,6.0,SAO JOSE,Falta de Atenção à Condução,Colisão traseira,Com Vítimas Feridas,Pleno dia,Decrescente,Céu Claro,Simples,Reta,Sim,2,0,1,0,1,0,1,2,-27.5845,-48.617,SPRF-SC,DEL01-SC,UOP01-DEL01-SC,2017
87484.0,2017-11-19,domingo,15:30:00,SC,282,6.0,SAO JOSE,Falta de Atenção à Condução,Colisão com objeto estático,Com Vítimas Feridas,Pleno dia,Crescente,Nublado,Dupla,Curva;Rotatória;Declive,Sim,1,0,1,0,0,0,1,1,-27.58466212,-48.6174953,SPRF-SC,DEL01-SC,UOP01-DEL01-SC,2017
87505.0,2017-11-19,domingo,13:45:00,SC,282,399.1,JOACABA,Falta de Atenção à Condução,Queda de ocupante de veículo,Com Vítimas Fatais,Pleno dia,Crescente,Céu Claro,Simples,Reta,Não,3,1,0,1,1,0,1,2,-27.11779105,-51.63230017,SPRF-SC,DEL07-SC,UOP05-DEL07-SC,2017
87558.0,2017-11-19,domingo,17:30:00,SC,282,3.7,FLORIANOPOLIS,Falta de Atenção à Condução,Colisão com objeto estático,Com Vítimas Feridas,Pleno dia,Crescente,Nublado,Dupla,Curva,Sim,2,0,1,0,0,1,1,2,-27.59497443,-48.6008817,SPRF-SC,DEL01-SC,UOP01-DEL01-SC,2017
87566.0,2017-11-19,domingo,19:20:00,SC,282,4.6,SAO JOSE,Falta de Atenção à Condução,Colisão traseira,Sem Vítimas,Anoitecer,Crescente,Céu Claro,Dupla,Reta,Sim,2,0,0,0,2,0,0,2,-27.58998243,-48.60976869,SPRF-SC,DEL01-SC,UOP01-DEL01-SC,2017
87624.0,2017-11-19,domingo,08:00:00,SC,282,527.5,CORDILHEIRA ALTA,Desobediência às normas de trânsito pelo condutor,Colisão frontal,Com Vítimas Fatais,Plena Noite,Decrescente,Céu Claro,Simples,Curva,Não,6,1,1,3,0,1,4,3,-26.9742718,-52.58720997,SPRF-SC,DEL07-SC,UOP01-DEL07-SC,2017
87635.0,2017-11-19,domingo,18:50:00,SC,282,533.1,CORDILHEIRA ALTA,Velocidade Incompatível,Colisão com objeto estático,Com Vítimas Feridas,Pleno dia,Decrescente,Sol,Simples,Curva,Não,1,0,1,0,0,0,1,1,-26.99492818,-52.62704087,SPRF-SC,DEL07-SC,UOP01-DEL07-SC,2017
87724.0,2017-11-16,quinta-feira,22:00:00,SC,282,47.9,AGUAS MORNAS,Velocidade Incompatível,Saída de leito carroçável,Com Vítimas Feridas,Plena Noite,Crescente,Chuva,Simples,Aclive,Não,1,0,1,0,0,0,1,1,-27.71616262,-48.93808897,SPRF-SC,DEL01-SC,UOP03-DEL01-SC,2017
87791.0,2017-11-20,segunda-feira,14:30:00,SC,282,3.0,FLORIANOPOLIS,Não guardar distância de segurança,Colisão traseira,Com Vítimas Feridas,Pleno dia,Decrescente,Céu Claro,Dupla,Reta,Sim,4,0,1,0,3,0,1,2,-27.597,-48.601,SPRF-SC,DEL01-SC,UOP01-DEL01-SC,2017
87810.0,2017-11-20,segunda-feira,15:30:00,SC,282,19.0,PALHOCA,Não guardar distância de segurança,Colisão lateral,Com Vítimas Feridas,Pleno dia,Crescente,Céu Claro,Simples,Reta,Sim,3,0,2,0,1,0,2,2,-27.6792,-48.7028,SPRF-SC,DEL01-SC,UOP02-DEL01-SC,2017
87859.0,2017-11-20,segunda-feira,12:35:00,SC,282,541.2,CHAPECO,Falta de Atenção à Condução,Saída de leito carroçável,Com Vítimas Feridas,Pleno dia,Crescente,Sol,Simples,Reta,Não,1,0,0,1,0,0,1,1,-26.99764529,-52.69976377,SPRF-SC,DEL07-SC,UOP01-DEL07-SC,2017
87905.0,2017-03-24,sexta-feira,13:50:00,SC,282,230.9,LAGES,Objeto estático sobre o leito carroçável,Saída de leito carroçável,Com Vítimas Feridas,Pleno dia,Decrescente,Sol,Simples,Curva,Não,3,0,2,0,1,0,2,1,-27.78767978,-50.43428912,SPRF-SC,DEL05-SC,UOP02-DEL05-SC,2017
87913.0,2017-11-17,sexta-feira,23:30:00,SC,480,130.1,CHAPECO,Velocidade Incompatível,Colisão com objeto estático,Sem Vítimas,Plena Noite,Crescente,Chuva,Dupla,Curva,Sim,1,0,0,0,1,0,0,1,-27.06085512,-52.63491869,SPRF-SC,DEL07-SC,UOP01-DEL07-SC,2017
88056.0,2017-11-21,terça-feira,13:05:00,SC,282,531.6,CORDILHEIRA ALTA,Falta de Atenção à Condução,Colisão traseira,Sem Vítimas,Pleno dia,Crescente,Nublado,Simples,Reta,Sim,2,0,0,0,2,0,0,2,-26.99678166,-52.63497028,SPRF-SC,DEL07-SC,UOP01-DEL07-SC,2017
88073.0,2017-11-21,terça-feira,14:00:00,SC,282,2.0,FLORIANOPOLIS,Não guardar distância de segurança,Colisão lateral,Com Vítimas Feridas,Pleno dia,Decrescente,Céu Claro,Dupla,Reta,Sim,2,0,1,0,1,0,1,2,-27.6033,-48.5885,SPRF-SC,DEL01-SC,UOP01-DEL01-SC,2017
88134.0,2017-11-21,terça-feira,19:00:00,SC,282,48.5,AGUAS MORNAS,Pista Escorregadia,Saída de leito carroçável,Com Vítimas Feridas,Anoitecer,Crescente,Nublado,Simples,Curva,Não,1,0,1,0,0,0,1,1,-27.71554067,-48.94378955,SPRF-SC,DEL01-SC,UOP03-DEL01-SC,2017
88143.0,2017-11-21,terça-feira,19:00:00,SC,282,547.7,CHAPECO,Animais na Pista,Atropelamento de Animal,Com Vítimas Feridas,Anoitecer,Crescente,Céu Claro,Simples,Reta,Não,1,0,1,0,0,0,1,1,-26.97029462,-52.75086294,SPRF-SC,DEL07-SC,UOP01-DEL07-SC,2017
88278.0,2017-11-22,quarta-feira,12:30:00,SC,282,618.0,IRACEMINHA,Falta de Atenção à Condução,Atropelamento de Pedestre,Com Vítimas Feridas,Pleno dia,Decrescente,Sol,Simples,Reta,Não,2,0,0,1,1,0,1,2,-26.7892578,-53.29393476,SPRF-SC,DEL07-SC,UOP02-DEL07-SC,2017
88455.0,2017-11-23,quinta-feira,05:00:00,SC,282,542.9,CHAPECO,Falta de Atenção à Condução,Saída de leito carroçável,Com Vítimas Feridas,Plena Noite,Decrescente,Céu Claro,Simples,Reta,Não,1,0,1,0,0,0,1,1,-26.99903186,-52.71822217,SPRF-SC,DEL07-SC,UOP01-DEL07-SC,2017