id,data_inversa,dia_semana,horario,uf,br,km,municipio,causa_acidente,tipo_acidente,classificacao_acidente,fase_dia,sentido_via,condicao_metereologica,tipo_pista,tracado_via,uso_solo,pessoas,mortos,feridos_leves,feridos_graves,ilesos,ignorados,feridos,veiculos,latitude,longitude,regional,delegacia,uop,ano_arquivo
97869.0,2017-12-24,domingo,20:00:00,SC,282,54.5,RANCHO QUEIMADO,Velocidade Incompatível,Saída de leito carroçável,Sem Vítimas,Anoitecer,Decrescente,Nevoeiro/Neblina,Simples,Curva,Não,1,0,0,0,1,0,0,1,-27.6892967,-48.9829222,SPRF-SC,DEL01-SC,UOP03-DEL01-SC,2017
97918.0,2017-12-24,domingo,19:35:00,SC,282,610.1,MARAVILHA,Falta de Atenção à Condução,Colisão frontal,Com Vítimas Feridas,Pleno dia,Decrescente,Nublado,Simples,Curva,Não,18,0,0,2,16,0,2,2,-26.75582275,-53.2310863,SPRF-SC,DEL07-SC,UOP02-DEL07-SC,2017
97922.0,2017-12-24,domingo,13:45:00,SC,282,420.0,VARGEM BONITA,Falta de Atenção à Condução,Saída de leito carroçável,Com Vítimas Feridas,Pleno dia,Decrescente,Chuva,Simples,Curva,Não,1,0,1,0,0,0,1,1,-27.014505,-51.736427,SPRF-SC,DEL07-SC,UOP05-DEL07-SC,2017
97944.0,2017-12-25,segunda-feira,06:50:00,SC,282,0.1,FLORIANOPOLIS,Velocidade Incompatível,Capotamento,Sem Vítimas,Pleno dia,Crescente,Nublado,Dupla,Curva,Sim,1,0,0,0,0,1,0,1,-27.59854581,-48.57300022,SPRF-SC,DEL01-SC,UOP01-DEL01-SC,2017
98083.0,2017-12-25,segunda-feira,16:00:00,SC,282,3.0,SAO JOSE,Defeito na Via,Danos eventuais,Sem Vítimas,Pleno dia,Crescente,Céu Claro,Dupla,Reta,Sim,1,0,0,0,1,0,0,1,-27.600384,-48.599705,SPRF-SC,DEL01-SC,UOP01-DEL01-SC,2017
98085.0,2017-12-25,segunda-feira,10:50:00,SC,282,45.8,AGUAS MORNAS,Velocidade Incompatível,Capotamento,Com Vítimas Feridas,Pleno dia,Decrescente,Chuva,Simples,Curva,Não,1,0,1,0,0,0,1,1,-27.72026213,-48.92348173,SPRF-SC,DEL01-SC,UOP03-DEL01-SC,2017
98124.0,2017-12-25,segunda-feira,16:40:00,SC,282,80.0,RANCHO QUEIMADO,Defeito Mecânico no Veículo,Capotamento,Com Vítimas Feridas,Pleno dia,Decrescente,Chuva,Simples,Curva,Não,3,0,3,0,0,0,3,1,-27.6634228,-49.15950168,SPRF-SC,DEL01-SC,UOP03-DEL01-SC,2017
98158.0,2017-12-25,segunda-feira,15:30:00,SC,282,488.1,FAXINAL DOS GUEDES,Falta de Atenção à Condução,Colisão traseira,Sem Vítimas,Pleno dia,Crescente,Céu Claro,Simples,Rotatória,Sim,2,0,0,0,2,0,0,2,-26.85708798,-52.26175368,SPRF-SC,DEL07-SC,UOP01-DEL07-SC,2017
98366.0,2017-12-26,terça-feira,12:20:00,SC,282,220.5,LAGES,Animais na Pista,Atropelamento de Animal,Sem Vítimas,Pleno dia,Decrescente,Nublado,Simples,Reta,Sim,1,0,0,0,1,0,0,1,-27.79440159,-50.33042908,SPRF-SC,DEL05-SC,UOP01-DEL05-SC,2017
98392.0,2017-12-26,terça-feira,13:15:00,SC,282,576.0,PINHALZINHO,Falta de Atenção à Condução,Colisão transversal,Com Vítimas Feridas,Pleno dia,Decrescente,Céu Claro,Simples,Reta,Sim,2,0,0,1,1,0,1,2,-26.856054,-52.98011,SPRF-SC,DEL07-SC,UOP02-DEL07-SC,2017
98420.0,2017-12-26,terça-feira,17:15:00,SC,282,3.8,FLORIANOPOLIS,Não guardar distância de segurança,Colisão lateral,Com Vítimas Feridas,Pleno dia,Decrescente,Nublado,Dupla,Reta,Sim,3,0,2,0,1,0,2,2,-27.59370304,-48.60241472,SPRF-SC,DEL01-SC,UOP01-DEL01-SC,2017
98503.0,2017-12-24,domingo,06:30:00,SC,282,415.0,CATANDUVAS,Pista Escorregadia,Saída de leito carroçável,Com Vítimas Feridas,Amanhecer,Decrescente,Chuva,Simples,Declive;Curva,Não,5,0,4,1,0,0,5,1,-27.039997,-51.708958,SPRF-SC,DEL07-SC,UOP05-DEL07-SC,2017
98516.0,2017-12-27,quarta-feira,01:00:00,SC,282,69.0,RANCHO QUEIMADO,Velocidade Incompatível,Saída de leito carroçável,Com Vítimas Feridas,Plena Noite,Decrescente,Chuva,Simples,Curva,Não,3,0,1,0,2,0,1,1,-27.6930559,-49.0878615,SPRF-SC,DEL01-SC,UOP03-DEL01-SC,2017
98556.0,2017-12-27,quarta-feira,06:00:00,SC,282,313.9,VARGEM,Condutor Dormindo,Saída de leito carroçável,Com Vítimas Feridas,Amanhecer,Crescente,Nublado,Simples,Curva,Não,3,0,1,0,2,0,1,1,-27.45147565,-50.99411302,SPRF-SC,DEL07-SC,UOP06-DEL07-SC,2017
98627.0,2017-12-27,quarta-feira,11:15:00,SC,282,237.3,LAGES,Não guardar distância de segurança,Colisão traseira,Sem Vítimas,Pleno dia,Decrescente,Nublado,Simples,Reta,Não,2,0,0,0,2,0,0,2,-27.78464439,-50.49427986,SPRF-SC,DEL05-SC,UOP02-DEL05-SC,2017
98639.0,2017-12-27,quarta-feira,13:50:00,SC,282,535.3,CHAPECO,Desobediência às normas de trânsito pelo condutor,Colisão transversal,Com Vítimas Feridas,Pleno dia,Decrescente,Sol,Simples,Rotatória,Sim,2,0,1,0,1,0,1,2,-26.99971016,-52.64648974,SPRF-SC,DEL07-SC,UOP01-DEL07-SC,2017
98789.0,2017-12-27,quarta-feira,20:10:00,SC,282,294.0,VARGEM,Velocidade Incompatível,Tombamento,Com Vítimas Feridas,Plena Noite,Crescente,Chuva,Simples,Curva,Não,2,0,1,1,0,0,2,1,-27.534777,-50.869865,SPRF-SC,DEL07-SC,UOP06-DEL07-SC,2017
98934.0,2017-12-28,quinta-feira,11:15:00,SC,282,524.8,XAXIM,Falta de Atenção à Condução,Saída de leito carroçável,Sem Vítimas,Pleno dia,Crescente,Sol,Simples,Reta,Não,3,0,0,0,3,0,0,2,-26.96434406,-52.56330371,SPRF-SC,DEL07-SC,UOP01-DEL07-SC,2017
99011.0,2017-12-22,sexta-feira,18:53:00,SC,282,0.5,FLORIANOPOLIS,Falta de Atenção à Condução,Colisão traseira,Com Vítimas Feridas,Pleno dia,Crescente,Céu Claro,Dupla,Reta,Sim,2,0,0,1,1,0,1,2,-27.59861798,-48.57432675,SPRF-SC,DEL01-SC,UOP01-DEL01-SC,2017
99132.0,2017-12-29,sexta-feira,09:20:00,SC,282,161.0,BOM RETIRO,Condutor Dormindo,Saída de leito carroçável,Sem Vítimas,Pleno dia,Decrescente,Nublado,Simples,Reta,Não,4,0,0,0,4,0,0,1,-27.731232,-49.763027,SPRF-SC,DEL05-SC,UOP01-DEL05-SC,2017
99185.0,2017-12-29,sexta-feira,12:30:00,SC,282,46.1,AGUAS MORNAS,Pista Escorregadia,Colisão frontal,Com Vítimas Feridas,Pleno dia,Decrescente,Chuva,Simples,Curva;Declive,Não,5,0,4,0,1,0,4,2,-27.72134373,-48.92769814,SPRF-SC,DEL01-SC,UOP03-DEL01-SC,2017
99213.0,2017-12-29,sexta-feira,12:20:00,SC,282,301.0,VARGEM,Pista Escorregadia,Saída de leito carroçável,Com Vítimas Feridas,Pleno dia,Decrescente,Chuva,Simples,Curva,Não,2,0,1,0,1,0,1,1,-27.510321,-50.922432,SPRF-SC,DEL07-SC,UOP06-DEL07-SC,2017
99260.0,2017-12-29,sexta-feira,14:15:00,SC,282,105.4,ALFREDO WAGNER,Restrição de Visibilidade,Colisão frontal,Com Vítimas Fatais,Pleno dia,Decrescente,Chuva,Simples,Declive;Curva,Não,9,1,2,4,1,1,6,4,-27.6938269,-49.3469508,SPRF-SC,DEL01-SC,UOP03-DEL01-SC,2017
99273.0,2017-12-29,sexta-feira,16:05:00,SC,282,332.4,CAMPOS NOVOS,Velocidade Incompatível,Tombamento,Com Vítimas Feridas,Pleno dia,Decrescente,Chuva,Simples,Reta,Não,2,0,2,0,0,0,2,1,-27.39132832,-51.12984318,SPRF-SC,DEL07-SC,UOP06-DEL07-SC,2017
99333.0,2017-12-29,sexta-feira,17:20:00,SC,282,70.3,RANCHO QUEIMADO,Velocidade Incompatível,Capotamento,Sem Vítimas,Pleno dia,Decrescente,Chuva,Simples,Curva,Não,1,0,0,0,1,0,0,1,-27.69012748,-49.09089354,SPRF-SC,DEL01-SC,UOP03-DEL01-SC,2017
99361.0,2017-12-29,sexta-feira,21:10:00,SC,282,413.1,CATANDUVAS,Pista Escorregadia,Capotamento,Sem Vítimas,Plena Noite,Decrescente,Céu Claro,Simples,Reta,Não,1,0,0,0,1,0,0,1,-27.05336909,-51.69885188,SPRF-SC,DEL07-SC,UOP05-DEL07-SC,2017
99362.0,2017-12-29,sexta-feira,20:00:00,SC,282,86.9,ALFREDO WAGNER,Pista Escorregadia,Saída de leito carroçável,Sem Vítimas,Plena Noite,Decrescente,Chuva,Simples,Curva,Não,1,0,0,0,1,0,0,1,-27.66404521,-49.20549452,SPRF-SC,DEL01-SC,UOP03-DEL01-SC,2017
99404.0,2017-12-30,sábado,02:40:00,SC,282,69.7,RANCHO QUEIMADO,Velocidade Incompatível,Saída de leito carroçável,Com Vítimas Feridas,Plena Noite,Decrescente,Chuva,Simples,Curva,Não,2,0,2,0,0,0,2,1,-27.69407582,-49.08916993,SPRF-SC,DEL01-SC,UOP03-DEL01-SC,2017
99434.0,2017-12-30,sábado,03:00:00,SC,282,545.5,CHAPECO,Desobediência às normas de trânsito pelo condutor,Colisão frontal,Com Vítimas Fatais,Plena Noite,Decrescente,Nublado,Simples,Curva,Não,5,3,0,2,0,0,2,2,-26.98753963,-52.73387099,SPRF-SC,DEL07-SC,UOP01-DEL07-SC,2017
99443.0,2017-12-30,sábado,06:30:00,SC,282,53.5,AGUAS MORNAS,Objeto estático sobre o leito carroçável,Colisão traseira,Com Vítimas Feridas,Pleno dia,Decrescente,Chuva,Simples,Curva,Não,4,0,2,0,2,0,2,2,-27.68703096,-48.97090196,SPRF-SC,DEL01-SC,UOP03-DEL01-SC,2017
99567.0,2017-12-30,sábado,11:50:00,SC,282,342.0,CAMPOS NOVOS,Falta de Atenção à Condução,Colisão traseira,Com Vítimas Feridas,Pleno dia,Decrescente,Nublado,Simples,Rotatória,Sim,5,0,1,0,4,0,1,2,-27.39085908,-51.21575654,SPRF-SC,DEL07-SC,UOP06-DEL07-SC,2017
99651.0,2017-12-30,sábado,17:20:00,SC,282,511.3,XANXERE,Defeito Mecânico no Veículo,Tombamento,Com Vítimas Feridas,Pleno dia,Crescente,Chuva,Simples,Reta,Não,2,0,2,0,0,0,2,1,-26.90664834,-52.466079,SPRF-SC,DEL07-SC,UOP01-DEL07-SC,2017
99662.0,2017-12-30,sábado,17:20:00,SC,282,329.0,CAMPOS NOVOS,Falta de Atenção à Condução,Saída de leito carroçável,Sem Vítimas,Pleno dia,Crescente,Nublado,Simples,Reta,Não,2,0,0,0,2,0,0,1,-27.39059235,-51.12609364,SPRF-SC,DEL07-SC,UOP06-DEL07-SC,2017
99671.0,2017-12-30,sábado,17:00:00,SC,282,234.4,LAGES,Defeito Mecânico no Veículo,Saída de leito carroçável,Com Vítimas Feridas,Pleno dia,Crescente,Chuva,Simples,Curva,Não,2,0,1,0,1,0,1,1,-27.78373317,-50.4675597,SPRF-SC,DEL05-SC,UOP02-DEL05-SC,2017
99697.0,2017-12-30,sábado,15:20:00,SC,282,373.0,ERVAL VELHO,Pista Escorregadia,Saída de leito carroçável,Sem Vítimas,Pleno dia,Decrescente,Chuva,Simples,Curva;Declive,Não,1,0,0,0,1,0,0,1,-27.243425,-51.44788,SPRF-SC,DEL07-SC,UOP05-DEL07-SC,2017
99709.0,2017-12-30,sábado,12:45:00,SC,282,457.0,PONTE SERRADA,Velocidade Incompatível,Saída de leito carroçável,Com Vítimas Feridas,Pleno dia,Crescente,Chuva,Simples,Reta,Não,1,0,1,0,0,0,1,1,-26.880604,-52.013371,SPRF-SC,DEL07-SC,UOP04-DEL07-SC,2017
99717.0,2017-12-30,sábado,20:35:00,SC,282,174.5,BOCAINA DO SUL,Velocidade Incompatível,Saída de leito carroçável,Com Vítimas Feridas,Plena Noite,Crescente,Nublado,Simples,Curva,Não,1,0,0,1,0,0,1,1,-27.74318887,-49.88720273,SPRF-SC,DEL05-SC,UOP01-DEL05-SC,2017
99803.0,2017-12-30,sábado,21:50:00,SC,282,98.6,ALFREDO WAGNER,Velocidade Incompatível,Saída de leito carroçável,Com Vítimas Feridas,Plena Noite,Crescente,Garoa/Chuvisco,Simples,Curva,Não,4,0,4,0,0,0,4,1,-27.6987946,-49.2834878,SPRF-SC,DEL01-SC,UOP03-DEL01-SC,2017
99882.0,2017-12-31,domingo,14:30:00,SC,282,222.0,LAGES,Velocidade Incompatível,Saída de leito carroçável,Sem Vítimas,Pleno dia,Decrescente,Nublado,Simples,Curva,Não,1,0,0,0,1,0,0,1,-27.794014,-50.33363,SPRF-SC,DEL05-SC,UOP01-DEL05-SC,2017
102881.0,2017-09-08,sexta-feira,18:47:00,SC,282,527.5,XAXIM,Sinalização da via insuficiente ou inadequada,Saída de leito carroçável,Com Vítimas Feridas,Anoitecer,Decrescente,Nublado,Simples,Reta,Não,1,0,0,1,0,0,1,1,-26.97074804,-52.57954127,SPRF-SC,DEL07-SC,UOP01-DEL07-SC,2017
104231.0,2017-11-10,sexta-feira,17:50:00,SC,282,168.1,BOCAINA DO SUL,Animais na Pista,Saída de leito carroçável,Sem Vítimas,Pleno dia,Crescente,Nublado,Simples,Curva;Aclive,Não,1,0,0,0,1,0,0,1,-27.74166623,-49.82679069,SPRF-SC,DEL05-SC,UOP01-DEL05-SC,2017
104733.0,2017-08-18,sexta-feira,18:30:00,SC,282,493.4,FAXINAL DOS GUEDES,Não guardar distância de segurança,Colisão traseira,Sem Vítimas,Anoitecer,Crescente,Céu Claro,Simples,Reta,Não,3,0,0,0,3,0,0,3,-26.87112862,-52.30292022,SPRF-SC,DEL07-SC,UOP01-DEL07-SC,2017
114702.0,2017-05-12,sexta-feira,18:30:00,SC,282,16.0,PALHOCA,Não guardar distância de segurança,Colisão traseira,Com Vítimas Feridas,Pleno dia,Crescente,Ignorado,Simples,Reta,Não,2,0,1,0,1,0,1,2,-27.6594,-48.6826,SPRF-SC,DEL01-SC,UOP02-DEL01-SC,2017
118314.0,2017-12-24,domingo,14:10:00,SC,282,396.8,JOACABA,Pista Escorregadia,Saída de leito carroçável,Com Vítimas Feridas,Pleno dia,Crescente,Chuva,Simples,Curva,Não,2,0,2,0,0,0,2,1,-27.15021387,-51.60609672,SPRF-SC,DEL07-SC,UOP05-DEL07-SC,2017
130341.0,2017-09-29,sexta-feira,12:39:00,SC,282,174.8,BOCAINA DO SUL,Velocidade Incompatível,Capotamento,Com Vítimas Feridas,Pleno dia,Crescente,Chuva,Simples,Curva,Não,1,0,1,0,0,0,1,1,-27.74266832,-49.8828725,SPRF-SC,DEL05-SC,UOP01-DEL05-SC,2017
135877.0,2017-05-16,terça-feira,18:30:00,SC,480,129.7,CHAPECO,Não guardar distância de segurança,Colisão traseira,Com Vítimas Feridas,Anoitecer,Decrescente,Céu Claro,Simples,Reta,Sim,2,0,1,0,1,0,1,2,-27.05246137,-52.63607472,SPRF-SC,DEL07-SC,UOP01-DEL07-SC,2017
154111.0,2017-11-18,sábado,02:20:00,SC,282,118.2,BOM RETIRO,Velocidade Incompatível,Colisão frontal,Com Vítimas Feridas,Plena Noite,Crescente,Chuva,Simples,Reta,Não,4,0,1,3,0,0,4,2,-27.776798,-49.411194,SPRF-SC,DEL05-SC,UOP01-DEL05-SC,2017
158484.0,2017-01-27,sexta-feira,13:55:00,SC,282,204.2,LAGES,Não guardar distância de segurança,Colisão traseira,Sem Vítimas,Pleno dia,Crescente,Sol,Simples,Reta,Não,2,0,0,0,2,0,0,2,-27.7676,-50.1656,SPRF-SC,DEL05-SC,UOP01-DEL05-SC,2017
159272.0,2017-11-25,sábado,23:30:00,SC,282,22.0,PALHOCA,Falta de Atenção à Condução,Colisão frontal,Com Vítimas Feridas,Plena Noite,Decrescente,Nublado,Simples,Curva,Sim,2,0,0,1,1,0,1,2,-27.688507,-48.72739,SPRF-SC,DEL01-SC,UOP02-DEL01-SC,2017
190479.0,2017-10-08,domingo,21:00:00,SC,282,628.1,IRACEMINHA,Falta de Atenção à Condução,Colisão frontal,Com Vítimas Feridas,Plena Noite,Decrescente,Nublado,Simples,Aclive,Não,3,0,2,1,0,0,3,2,-26.818754,-53.365486,SPRF-SC,DEL07-SC,UOP02-DEL07-SC,2017
239456.0,2017-11-24,sexta-feira,22:30:00,SC,282,24.0,SANTO AMARO DA IMPERATRIZ,Falta de Atenção à Condução,Colisão frontal,Sem Vítimas,Plena Noite,Crescente,Céu Claro,Simples,Curva,Sim,3,0,0,0,3,0,0,3,-27.68063984,-48.70476633,SPRF-SC,DEL01-SC,UOP03-DEL01-SC,2017
100182.0,2018-01-01,segunda-feira,19:30:00,SC,282,424.0,VARGEM BONITA,Velocidade Incompatível,Colisão lateral,Sem Vítimas,Anoitecer,Crescente,Chuva,Simples,Curva,Não,5,0,0,0,4,2,0,4,-26.98444677,-51.75464988,SPRF-SC,DEL07-SC,UOP05-DEL07-SC,2018
100388.0,2018-01-02,terça-feira,10:15:00,SC,282,278.2,SAO JOSE DO CERRITO,Falta de Atenção à Condução,Colisão frontal,Sem Vítimas,Pleno dia,Decrescente,Nublado,Simples,Reta,Não,3,0,0,0,2,1,0,3,-27.58563206,-50.74079004,SPRF-SC,DEL05-SC,UOP02-DEL05-SC,2018
100428.0,2018-01-02,terça-feira,15:55:00,SC,282,638.9,DESCANSO,Falta de Atenção à Condução,Colisão lateral,Com Vítimas Feridas,Pleno dia,Crescente,Chuva,Simples,Curva,Não,3,0,1,0,1,2,1,4,-26.79339593,-53.45092797,SPRF-SC,DEL07-SC,UOP03-DEL07-SC,2018
100432.0,2018-01-02,terça-feira,14:10:00,SC,282,404.0,JOACABA,Pista Escorregadia,Saída de leito carroçável,Sem Vítimas,Pleno dia,Crescente,Chuva,Simples,Curva,Não,2,0,0,0,1,1,0,2,-27.10956183,-51.63424015,SPRF-SC,DEL07-SC,UOP05-DEL07-SC,2018
100495.0,2018-01-02,terça-feira,20:05:00,SC,282,304.8,VARGEM,Velocidade Incompatível,Colisão frontal,Com Vítimas Fatais,Pleno dia,Crescente,Chuva,Simples,Curva,Não,7,4,2,1,0,0,3,2,-27.50096298,-50.95149994,SPRF-SC,DEL07-SC,UOP06-DEL07-SC,2018
100686.0,2018-01-03,quarta-feira,17:20:00,SC,282,220.0,LAGES,Falta de Atenção à Condução,Colisão traseira,Sem Vítimas,Pleno dia,Decrescente,Céu Claro,Simples,Declive,Sim,2,0,0,0,2,0,0,2,-27.794014,-50.33363,SPRF-SC,DEL05-SC,UOP01-DEL05-SC,2018
100753.0,2018-01-03,quarta-feira,21:55:00,SC,282,197.7,LAGES,Ultrapassagem Indevida,Saída de leito carroçável,Com Vítimas Feridas,Plena Noite,Crescente,Nublado,Simples,Reta,Não,2,0,1,0,1,0,1,2,-27.75416926,-50.11065723,SPRF-SC,DEL05-SC,UOP01-DEL05-SC,2018
100757.0,2018-01-03,quarta-feira,21:20:00,SC,282,491.3,FAXINAL DOS GUEDES,Ingestão de Álcool,Colisão traseira,Com Vítimas Feridas,Plena Noite,Decrescente,Céu Claro,Simples,Curva,Não,2,0,0,1,1,0,1,2,-26.87494236,-52.28419304,SPRF-SC,DEL07-SC,UOP01-DEL07-SC,2018
101994.0,2018-01-08,segunda-feira,12:50:00,SC,282,527.9,CORDILHEIRA ALTA,Velocidade Incompatível,Derramamento de carga,Sem Vítimas,Pleno dia,Decrescente,Sol,Simples,Curva,Não,2,0,0,0,1,1,0,2,-26.97800587,-52.58816827,SPRF-SC,DEL07-SC,UOP01-DEL07-SC,2018
102362.0,2018-01-10,quarta-feira,09:45:00,SC,282,55.2,AGUAS MORNAS,Velocidade Incompatível,Colisão frontal,Com Vítimas Feridas,Pleno dia,Decrescente,Chuva,Simples,Reta,Não,3,0,1,1,1,0,2,2,-27.68928534,-48.98447514,SPRF-SC,DEL01-SC,UOP03-DEL01-SC,2018
102498.0,2018-01-10,quarta-feira,08:00:00,SC,282,86.9,ALFREDO WAGNER,Velocidade Incompatível,Saída de leito carroçável,Sem Vítimas,Pleno dia,Crescente,Chuva,Simples,Curva;Declive,Não,2,0,0,0,1,2,0,3,-27.66383141,-49.20507962,SPRF-SC,DEL01-SC,UOP03-DEL01-SC,2018
102561.0,2018-01-11,quinta-feira,03:40:00,SC,282,34.6,AGUAS MORNAS,Velocidade Incompatível,Saída de leito carroçável,Sem Vítimas,Plena Noite,Crescente,Chuva,Simples,Reta,Não,1,0,0,0,1,0,0,1,-27.70404762,-48.82264137,SPRF-SC,DEL01-SC,UOP03-DEL01-SC,2018
102569.0,2018-01-11,quinta-feira,03:00:00,SC,282,75.0,RANCHO QUEIMADO,Velocidade Incompatível,Colisão com objeto estático,Sem Vítimas,Plena Noite,Decrescente,Chuva,Simples,Reta;Declive,Não,1,0,0,0,1,0,0,1,-27.690931,-49.129143,SPRF-SC,DEL01-SC,UOP03-DEL01-SC,2018
103814.0,2018-01-15,segunda-feira,18:00:00,SC,282,525.5,XAXIM,Carga excessiva e/ou mal acondicionada,Danos eventuais,Sem Vítimas,Pleno dia,Decrescente,Nublado,Simples,Curva,Não,2,0,0,0,2,0,0,2,-26.96637129,-52.56813169,SPRF-SC,DEL07-SC,UOP01-DEL07-SC,2018
103844.0,2018-01-15,segunda-feira,21:10:00,SC,282,603.9,MARAVILHA,Falta de Atenção do Pedestre,Saída de leito carroçável,Sem Vítimas,Plena Noite,Decrescente,Chuva,Simples,Aclive,Não,2,0,0,0,1,1,0,2,-26.79633059,-53.19256192,SPRF-SC,DEL07-SC,UOP02-DEL07-SC,2018
103854.0,2018-01-15,segunda-feira,23:15:00,SC,282,115.8,ALFREDO WAGNER,Velocidade Incompatível,Saída de leito carroçável,Com Vítimas Feridas,Plena Noite,Decrescente,Nublado,Simples,Curva,Não,5,0,3,1,1,0,4,2,-27.76147817,-49.39818512,SPRF-SC,DEL01-SC,UOP03-DEL01-SC,2018
104138.0,2018-01-17,quarta-feira,11:40:00,SC,282,529.9,CORDILHEIRA ALTA,Não guardar distância de segurança,Colisão lateral,Com Vítimas Feridas,Pleno dia,Decrescente,Nublado,Simples,Curva,Sim,2,0,1,0,1,0,1,2,-26.98588156,-52.60460115,SPRF-SC,DEL07-SC,UOP01-DEL07-SC,2018
104184.0,2018-01-17,quarta-feira,16:30:00,SC,282,217.5,LAGES,Falta de Atenção do Pedestre,Atropelamento de Pedestre,Com Vítimas Fatais,Pleno dia,Decrescente,Nublado,Múltipla,Reta,Sim,4,1,0,0,2,1,0,2,-27.7979753452,-50.3010132909,SPRF-SC,DEL05-SC,UOP01-DEL05-SC,2018
104356.0,2018-01-18,quinta-feira,12:01:00,SC,282,371.2,ERVAL VELHO,Velocidade Incompatível,Colisão frontal,Com Vítimas Feridas,Pleno dia,Crescente,Chuva,Simples,Curva;Declive,Não,5,0,0,2,1,2,2,4,-27.25835204,-51.4435311,SPRF-SC,DEL07-SC,UOP05-DEL07-SC,2018
104541.0,2018-01-15,segunda-feira,14:30:00,SC,282,131.0,CHAPECO,Falta de Atenção à Condução,Saída de leito carroçável,Sem Vítimas,Pleno dia,Decrescente,Chuva,Dupla,Reta,Sim,2,0,0,0,1,1,0,2,-27.06340609,-52.6319012,SPRF-SC,DEL05-SC,UOP01-DEL05-SC,2018
104688.0,2018-01-19,sexta-feira,16:20:00,SC,282,290.9,SAO JOSE DO CERRITO,Mal Súbito,Saída de leito carroçável,Sem Vítimas,Pleno dia,Crescente,Céu Claro,Simples,Reta,Não,1,0,0,0,1,0,0,1,-27.55094185,-50.84616154,SPRF-SC,DEL05-SC,UOP02-DEL05-SC,2018
104700.0,2018-01-19,sexta-feira,18:20:00,SC,282,54.2,AGUAS MORNAS,Falta de Atenção à Condução,Colisão lateral,Sem Vítimas,Pleno dia,Crescente,Céu Claro,Simples,Curva,Não,3,0,0,0,2,3,0,5,-27.68762692,-48.975631,SPRF-SC,DEL01-SC,UOP03-DEL01-SC,2018
104843.0,2018-01-20,sábado,10:45:00,SC,282,5.0,SAO JOSE,Falta de Atenção à Condução,Colisão lateral,Com Vítimas Feridas,Pleno dia,Crescente,Sol,Múltipla,Reta,Sim,4,0,2,0,2,0,2,3,-27.588425,-48.612919,SPRF-SC,DEL01-SC,UOP01-DEL01-SC,2018
105228.0,2018-01-21,domingo,16:40:00,SC,282,72.0,RANCHO QUEIMADO,Defeito Mecânico no Veículo,Capotamento,Com Vítimas Fatais,Pleno dia,Decrescente,Nublado,Simples,Curva,Não,2,1,1,0,0,0,1,1,-27.683439,-49.105259,SPRF-SC,DEL01-SC,UOP03-DEL01-SC,2018
106149.0,2018-01-25,quinta-feira,20:45:00,SC,282,54.9,AGUAS MORNAS,Sinalização da via insuficiente ou inadequada,Colisão lateral,Sem Vítimas,Plena Noite,Crescente,Garoa/Chuvisco,Simples,Curva,Não,4,0,0,0,3,2,0,5,-27.68965585,-48.98171782,SPRF-SC,DEL01-SC,UOP03-DEL01-SC,2018
106231.0,2018-01-26,sexta-feira,07:50:00,SC,282,643.7,SAO MIGUEL DO OESTE,Não guardar distância de segurança,Colisão lateral,Com Vítimas Feridas,Pleno dia,Crescente,Céu Claro,Simples,Curva,Não,4,0,0,1,2,1,1,4,-26.77013186,-53.47660072,SPRF-SC,DEL07-SC,UOP03-DEL07-SC,2018
106297.0,2018-01-26,sexta-feira,14:00:00,SC,282,52.0,AGUAS MORNAS,Velocidade Incompatível,Colisão frontal,Com Vítimas Feridas,Pleno dia,Decrescente,Chuva,Simples,Curva,Não,5,0,3,0,1,1,3,3,-27.69654323,-48.96430492,SPRF-SC,DEL01-SC,UOP03-DEL01-SC,2018
106326.0,2018-01-26,sexta-feira,16:40:00,SC,282,58.3,RANCHO QUEIMADO,Desobediência às normas de trânsito pelo condutor,Colisão transversal,Com Vítimas Feridas,Pleno dia,Decrescente,Chuva,Simples,Rotatória,Não,3,0,1,0,2,0,1,2,-27.68087649,-49.00598556,SPRF-SC,DEL01-SC,UOP03-DEL01-SC,2018
106614.0,2018-01-27,sábado,17:30:00,SC,282,535.2,CHAPECO,Desobediência às normas de trânsito pelo condutor,Colisão transversal,Sem Vítimas,Pleno dia,Decrescente,Sol,Simples,Rotatória,Sim,3,0,0,0,2,2,0,4,-26.99949985,-52.64613032,SPRF-SC,DEL07-SC,UOP01-DEL07-SC,2018
106661.0,2018-01-27,sábado,19:35:00,SC,282,535.2,CHAPECO,Desobediência às normas de trânsito pelo condutor,Colisão transversal,Sem Vítimas,Pleno dia,Decrescente,Céu Claro,Simples,Reta,Sim,3,0,0,0,2,2,0,4,-26.99958111,-52.6461786,SPRF-SC,DEL07-SC,UOP01-DEL07-SC,2018
106741.0,2018-01-27,sábado,23:50:00,SC,282,217.9,LAGES,Falta de Atenção à Condução,Colisão lateral,Sem Vítimas,Plena Noite,Crescente,Nublado,Dupla,Reta;Interseção de Vias,Sim,3,0,0,0,2,1,0,3,-27.79777085,-50.30193597,SPRF-SC,DEL05-SC,UOP01-DEL05-SC,2018
107807.0,2018-02-01,quinta-feira,10:15:00,SC,282,167.0,BOCAINA DO SUL,Falta de Atenção à Condução,Colisão traseira,Sem Vítimas,Pleno dia,Crescente,Céu Claro,Simples,Reta,Não,2,0,0,0,2,0,0,2,-27.748844,-49.817348,SPRF-SC,DEL05-SC,UOP01-DEL05-SC,2018
107990.0,2018-02-02,sexta-feira,03:50:00,SC,282,604.0,MARAVILHA,Condutor Dormindo,Colisão frontal,Com Vítimas Feridas,Plena Noite,Decrescente,Céu Claro,Simples,Reta,Sim,4,0,3,1,0,0,4,2,-26.795523,-53.192974,SPRF-SC,DEL07-SC,UOP02-DEL07-SC,2018