id,data_inversa,dia_semana,horario,uf,br,km,municipio,causa_acidente,tipo_acidente,classificacao_acidente,fase_dia,sentido_via,condicao_metereologica,tipo_pista,tracado_via,uso_solo,pessoas,mortos,feridos_leves,feridos_graves,ilesos,ignorados,feridos,veiculos,latitude,longitude,regional,delegacia,uop,ano_arquivo
108018.0,2018-02-02,sexta-feira,08:10:00,SC,282,502.7,XANXERE,Falta de Atenção à Condução,Colisão transversal,Com Vítimas Feridas,Pleno dia,Crescente,Sol,Dupla,Interseção de Vias,Sim,3,0,1,0,2,0,1,2,-26.88588198,-52.39727532,SPRF-SC,DEL07-SC,UOP01-DEL07-SC,2018
108034.0,2018-02-02,sexta-feira,09:40:00,SC,282,16.3,PALHOCA,Mal Súbito,Atropelamento de Pedestre,Com Vítimas Fatais,Pleno dia,Crescente,Céu Claro,Simples,Reta,Sim,3,1,0,0,1,1,0,2,-27.658611,-48.681847,SPRF-SC,DEL01-SC,UOP02-DEL01-SC,2018
108043.0,2018-02-02,sexta-feira,08:48:00,SC,282,315.0,VARGEM,Condutor Dormindo,Colisão traseira,Sem Vítimas,Pleno dia,Crescente,Céu Claro,Simples,Reta,Não,3,0,0,0,2,1,0,3,-27.445721,-51.002831,SPRF-SC,DEL07-SC,UOP06-DEL07-SC,2018
108095.0,2018-02-02,sexta-feira,08:30:00,SC,480,123.8,CHAPECO,Desobediência às normas de trânsito pelo condutor,Colisão traseira,Sem Vítimas,Pleno dia,Decrescente,Céu Claro,Múltipla,Aclive,Sim,4,0,0,0,3,2,0,5,-27.0968,-52.6186,SPRF-SC,DEL07-SC,UOP01-DEL07-SC,2018
108190.0,2018-02-02,sexta-feira,19:10:00,SC,282,450.5,PONTE SERRADA,Falta de Atenção à Condução,Colisão traseira,Com Vítimas Feridas,Pleno dia,Crescente,Céu Claro,Simples,Reta,Não,2,0,0,1,1,0,1,2,-26.91596252,-51.95829607,SPRF-SC,DEL07-SC,UOP04-DEL07-SC,2018
108937.0,2018-02-05,segunda-feira,16:10:00,SC,282,254.2,SAO JOSE DO CERRITO,Falta de Atenção à Condução,Saída de leito carroçável,Sem Vítimas,Pleno dia,Decrescente,Céu Claro,Simples,Reta,Não,1,0,0,0,1,0,0,1,-27.67562323,-50.56526184,SPRF-SC,DEL05-SC,UOP02-DEL05-SC,2018
108994.0,2018-02-05,segunda-feira,19:15:00,SC,282,501.3,XANXERE,Falta de Atenção à Condução,Colisão transversal,Com Vítimas Feridas,Pleno dia,Crescente,Sol,Dupla,Rotatória,Sim,3,0,2,0,1,0,2,2,-26.88243675,-52.38134265,SPRF-SC,DEL07-SC,UOP01-DEL07-SC,2018
109007.0,2018-02-05,segunda-feira,18:35:00,SC,282,412.5,CATANDUVAS,Falta de Atenção à Condução,Colisão transversal,Com Vítimas Feridas,Anoitecer,Crescente,Nublado,Simples,Reta,Não,2,0,0,1,1,0,1,2,-27.04999382,-51.70088615,SPRF-SC,DEL07-SC,UOP05-DEL07-SC,2018
109218.0,2018-02-06,terça-feira,18:50:00,SC,282,501.8,XANXERE,Falta de Atenção à Condução,Colisão transversal,Sem Vítimas,Pleno dia,Crescente,Sol,Simples,Reta,Não,2,0,0,0,2,0,0,2,-26.88655505,-52.37457275,SPRF-SC,DEL07-SC,UOP01-DEL07-SC,2018
109412.0,2018-02-07,quarta-feira,14:50:00,SC,282,632.3,DESCANSO,Falta de Atenção à Condução,Colisão lateral,Com Vítimas Feridas,Pleno dia,Crescente,Chuva,Simples,Reta,Não,4,0,0,1,2,2,1,4,-26.82286919,-53.408508,SPRF-SC,DEL07-SC,UOP03-DEL07-SC,2018
109417.0,2018-02-02,sexta-feira,15:05:00,SC,282,592.0,SAUDADES,Falta de Atenção à Condução,Colisão traseira,Com Vítimas Feridas,Pleno dia,Decrescente,Céu Claro,Simples,Reta,Não,3,0,1,0,1,1,1,3,-26.825869,-53.091843,SPRF-SC,DEL07-SC,UOP02-DEL07-SC,2018
109463.0,2018-02-07,quarta-feira,18:40:00,SC,282,416.9,XAXIM,Velocidade Incompatível,Saída de leito carroçável,Sem Vítimas,Pleno dia,Crescente,Chuva,Simples,Reta,Não,1,0,0,0,1,0,0,1,-26.92941643,-52.50297546,SPRF-SC,DEL07-SC,UOP05-DEL07-SC,2018
109663.0,2018-02-08,quinta-feira,14:40:00,SC,282,100.8,ALFREDO WAGNER,Velocidade Incompatível,Tombamento,Sem Vítimas,Pleno dia,Decrescente,Céu Claro,Simples,Curva,Não,2,0,0,0,1,1,0,2,-27.69852086,-49.30113573,SPRF-SC,DEL01-SC,UOP03-DEL01-SC,2018
109873.0,2018-02-09,sexta-feira,11:10:00,SC,282,394.0,JOACABA,Velocidade Incompatível,Colisão lateral,Sem Vítimas,Pleno dia,Decrescente,Chuva,Simples,Curva,Não,3,0,0,0,2,1,0,3,-27.16017,-51.58284,SPRF-SC,DEL07-SC,UOP05-DEL07-SC,2018
109958.0,2018-02-09,sexta-feira,13:30:00,SC,282,581.2,PINHALZINHO,Falta de Atenção à Condução,Colisão frontal,Com Vítimas Feridas,Pleno dia,Decrescente,Chuva,Simples,Reta,Sim,3,0,1,0,2,0,1,3,-26.82849931,-52.99837177,SPRF-SC,DEL07-SC,UOP02-DEL07-SC,2018
110000.0,2018-02-09,sexta-feira,16:55:00,SC,282,516.0,XAXIM,Não guardar distância de segurança,Saída de leito carroçável,Sem Vítimas,Pleno dia,Decrescente,Chuva,Simples,Curva,Não,2,0,0,0,1,1,0,2,-26.930862,-52.499157,SPRF-SC,DEL07-SC,UOP01-DEL07-SC,2018
110001.0,2018-02-09,sexta-feira,16:35:00,SC,282,304.0,VARGEM,Falta de Atenção à Condução,Colisão frontal,Com Vítimas Feridas,Pleno dia,Decrescente,Garoa/Chuvisco,Simples,Curva,Não,6,0,4,0,1,1,4,3,-27.50600661,-50.92667878,SPRF-SC,DEL07-SC,UOP06-DEL07-SC,2018
110138.0,2018-02-10,sábado,06:10:00,SC,282,335.7,CAMPOS NOVOS,Ingestão de Álcool,Colisão frontal,Com Vítimas Feridas,Pleno dia,Decrescente,Céu Claro,Simples,Reta,Não,2,0,1,0,1,0,1,2,-27.3941074,-51.18968815,SPRF-SC,DEL07-SC,UOP06-DEL07-SC,2018
110507.0,2018-02-11,domingo,08:10:00,SC,282,53.8,AGUAS MORNAS,Velocidade Incompatível,Colisão frontal,Com Vítimas Feridas,Pleno dia,Decrescente,Nublado,Simples,Curva,Não,3,0,2,0,1,0,2,2,-27.6854112,-48.97187407,SPRF-SC,DEL01-SC,UOP03-DEL01-SC,2018
110625.0,2018-02-11,domingo,18:50:00,SC,282,96.6,ALFREDO WAGNER,Desobediência às normas de trânsito pelo condutor,Colisão frontal,Com Vítimas Fatais,Pleno dia,Crescente,Nublado,Simples,Curva,Não,3,1,0,0,1,1,0,3,-27.71015593,-49.2680114,SPRF-SC,DEL01-SC,UOP03-DEL01-SC,2018
110822.0,2018-02-12,segunda-feira,15:00:00,SC,480,127.6,CHAPECO,Falta de Atenção à Condução,Colisão lateral,Com Vítimas Feridas,Pleno dia,Crescente,Nublado,Simples,Interseção de Vias,Sim,2,0,1,0,1,0,1,2,-27.0968,-52.6186,SPRF-SC,DEL07-SC,UOP01-DEL07-SC,2018
110842.0,2018-02-12,segunda-feira,17:00:00,SC,282,535.3,CHAPECO,Desobediência às normas de trânsito pelo condutor,Colisão transversal,Sem Vítimas,Pleno dia,Crescente,Nublado,Simples,Reta,Sim,2,0,0,0,1,1,0,2,-26.9996929,-52.64641539,SPRF-SC,DEL07-SC,UOP01-DEL07-SC,2018
110956.0,2018-02-13,terça-feira,08:40:00,SC,282,489.9,FAXINAL DOS GUEDES,Ingestão de Álcool,Colisão frontal,Com Vítimas Feridas,Pleno dia,Crescente,Sol,Simples,Reta,Sim,3,0,0,2,1,0,2,2,-26.87422495,-52.28196148,SPRF-SC,DEL07-SC,UOP01-DEL07-SC,2018
111370.0,2018-02-14,quarta-feira,23:16:00,SC,282,153.8,AGRONOMICA,Velocidade Incompatível,Colisão frontal,Sem Vítimas,Plena Noite,Crescente,Céu Claro,Simples,Reta,Sim,3,0,0,0,2,1,0,3,-27.268736,-49.730062,SPRF-SC,DEL05-SC,UOP01-DEL05-SC,2018
111384.0,2018-02-15,quinta-feira,04:30:00,SC,282,384.2,JOACABA,Falta de Atenção à Condução,Colisão traseira,Com Vítimas Feridas,Plena Noite,Crescente,Nublado,Simples,Curva;Aclive,Não,5,0,1,0,3,1,1,3,-27.20154904,-51.51553631,SPRF-SC,DEL07-SC,UOP05-DEL07-SC,2018
111508.0,2018-02-15,quinta-feira,15:30:00,SC,282,516.1,XAXIM,Falta de Atenção à Condução,Engavetamento,Sem Vítimas,Pleno dia,Crescente,Céu Claro,Simples,Em Obras,Não,3,0,0,0,3,0,0,3,-26.9317172,-52.49888018,SPRF-SC,DEL07-SC,UOP01-DEL07-SC,2018
111652.0,2018-02-16,sexta-feira,07:43:00,SC,282,436.1,VARGEM BONITA,Desobediência às normas de trânsito pelo condutor,Colisão transversal,Com Vítimas Feridas,Pleno dia,Decrescente,Céu Claro,Simples,Interseção de Vias,Não,5,0,2,0,2,1,2,3,-26.97348543,-51.85340881,SPRF-SC,DEL07-SC,UOP04-DEL07-SC,2018
111680.0,2018-02-16,sexta-feira,09:38:00,SC,282,436.1,VARGEM BONITA,Desobediência às normas de trânsito pelo condutor,Colisão transversal,Com Vítimas Feridas,Pleno dia,Decrescente,Céu Claro,Simples,Interseção de Vias,Não,3,0,1,0,1,3,1,5,-26.97103761,-51.85203552,SPRF-SC,DEL07-SC,UOP04-DEL07-SC,2018
111767.0,2018-02-16,sexta-feira,17:35:00,SC,282,446.0,PONTE SERRADA,Velocidade Incompatível,Tombamento,Com Vítimas Fatais,Pleno dia,Decrescente,Céu Claro,Simples,Curva,Não,2,1,0,0,0,1,0,2,-26.910217,-51.914951,SPRF-SC,DEL07-SC,UOP04-DEL07-SC,2018
111786.0,2018-02-16,sexta-feira,22:30:00,SC,282,495.3,XANXERE,Ingestão de Álcool,Colisão frontal,Com Vítimas Feridas,Plena Noite,Crescente,Céu Claro,Simples,Reta,Não,2,0,0,2,0,0,2,2,-26.87920575,-52.32307434,SPRF-SC,DEL07-SC,UOP01-DEL07-SC,2018
111833.0,2018-02-17,sábado,07:20:00,SC,282,389.0,JOACABA,Desobediência às normas de trânsito pelo condutor,Colisão transversal,Com Vítimas Feridas,Pleno dia,Crescente,Céu Claro,Simples,Curva,Sim,2,0,1,0,1,0,1,2,-27.18257739,-51.52313232,SPRF-SC,DEL07-SC,UOP05-DEL07-SC,2018
111879.0,2018-02-17,sábado,12:10:00,SC,282,20.0,PALHOCA,Falta de Atenção à Condução,Colisão traseira,Com Vítimas Feridas,Pleno dia,Crescente,Nublado,Simples,Aclive,Sim,5,0,3,0,2,0,3,5,-27.678635,-48.70192,SPRF-SC,DEL01-SC,UOP02-DEL01-SC,2018
112072.0,2018-02-18,domingo,07:30:00,SC,282,420.1,VARGEM BONITA,Velocidade Incompatível,Tombamento,Sem Vítimas,Pleno dia,Crescente,Nublado,Simples,Curva,Não,2,0,0,0,1,1,0,2,-27.0136179,-51.73652125,SPRF-SC,DEL07-SC,UOP05-DEL07-SC,2018
112148.0,2018-02-18,domingo,13:50:00,SC,282,633.6,DESCANSO,Defeito Mecânico no Veículo,Saída de leito carroçável,Com Vítimas Feridas,Pleno dia,Decrescente,Nublado,Simples,Curva;Declive,Não,2,0,1,0,0,1,1,2,-26.82653685,-53.41927181,SPRF-SC,DEL07-SC,UOP03-DEL07-SC,2018
112412.0,2018-02-19,segunda-feira,11:00:00,SC,282,413.4,CATANDUVAS,Falta de Atenção à Condução,Tombamento,Com Vítimas Feridas,Pleno dia,Decrescente,Nublado,Simples,Curva;Aclive,Não,1,0,1,0,0,0,1,1,-27.05071316,-51.70030771,SPRF-SC,DEL07-SC,UOP05-DEL07-SC,2018
112486.0,2018-02-20,terça-feira,06:20:00,SC,282,384.0,JOACABA,Falta de Atenção à Condução,Tombamento,Sem Vítimas,Pleno dia,Crescente,Céu Claro,Simples,Rotatória,Não,1,0,0,0,1,0,0,1,-27.20316167,-51.5104267,SPRF-SC,DEL07-SC,UOP05-DEL07-SC,2018
112682.0,2018-02-20,terça-feira,22:00:00,SC,282,82.9,ALFREDO WAGNER,Velocidade Incompatível,Saída de leito carroçável,Sem Vítimas,Plena Noite,Crescente,Garoa/Chuvisco,Simples,Curva,Não,1,0,0,0,1,0,0,1,-27.66559829,-49.17579063,SPRF-SC,DEL01-SC,UOP03-DEL01-SC,2018
113224.0,2018-02-22,quinta-feira,15:30:00,SC,282,292.9,SAO JOSE DO CERRITO,Não guardar distância de segurança,Colisão traseira,Sem Vítimas,Pleno dia,Crescente,Céu Claro,Simples,Ponte,Não,2,0,0,0,2,0,0,2,-27.537967,-50.862543,SPRF-SC,DEL07-SC,UOP06-DEL07-SC,2018
113447.0,2018-02-23,sexta-feira,14:00:00,SC,282,535.2,CHAPECO,Velocidade Incompatível,Colisão lateral,Sem Vítimas,Pleno dia,Decrescente,Céu Claro,Simples,Viaduto,Não,2,0,0,0,2,0,0,2,-27.01019643,-52.64511108,SPRF-SC,DEL07-SC,UOP01-DEL07-SC,2018
113649.0,2018-02-24,sábado,12:00:00,SC,282,643.1,SAO MIGUEL DO OESTE,Falta de Atenção à Condução,Colisão lateral,Com Vítimas Feridas,Pleno dia,Decrescente,Sol,Simples,Reta,Não,3,0,1,0,2,0,1,2,-26.768974,-53.469772,SPRF-SC,DEL07-SC,UOP03-DEL07-SC,2018
113735.0,2018-02-24,sábado,15:20:00,SC,282,72.0,RANCHO QUEIMADO,Falta de Atenção à Condução,Colisão transversal,Com Vítimas Fatais,Pleno dia,Crescente,Nublado,Simples,Curva,Não,7,1,2,1,1,3,3,5,-27.683439,-49.105259,SPRF-SC,DEL01-SC,UOP03-DEL01-SC,2018
113936.0,2018-02-03,sábado,06:40:00,SC,282,533.4,CHAPECO,Falta de Atenção à Condução,Colisão frontal,Com Vítimas Feridas,Pleno dia,Decrescente,Céu Claro,Simples,Curva,Não,2,0,0,1,1,0,1,2,-26.99599961,-52.62888089,SPRF-SC,DEL07-SC,UOP01-DEL07-SC,2018
113986.0,2018-02-25,domingo,13:50:00,SC,282,54.2,AGUAS MORNAS,Não guardar distância de segurança,Saída de leito carroçável,Com Vítimas Feridas,Pleno dia,Crescente,Chuva,Simples,Aclive,Não,4,0,3,0,1,0,3,4,-27.6873632,-48.97540794,SPRF-SC,DEL01-SC,UOP03-DEL01-SC,2018
114081.0,2018-02-25,domingo,13:00:00,SC,282,395.0,JOACABA,Velocidade Incompatível,Saída de leito carroçável,Sem Vítimas,Pleno dia,Decrescente,Céu Claro,Simples,Curva,Não,2,0,0,0,1,1,0,2,-27.156887,-51.592079,SPRF-SC,DEL07-SC,UOP05-DEL07-SC,2018
114575.0,2018-02-27,terça-feira,14:25:00,SC,282,629.0,IRACEMINHA,Desobediência às normas de trânsito pelo condutor,Colisão frontal,Sem Vítimas,Pleno dia,Crescente,Chuva,Simples,Reta,Não,6,0,0,0,6,0,0,3,-26.819656,-53.375282,SPRF-SC,DEL07-SC,UOP02-DEL07-SC,2018
115117.0,2018-03-01,quinta-feira,20:00:00,SC,282,409.8,CATANDUVAS,Falta de Atenção do Pedestre,Atropelamento de Pedestre,Com Vítimas Fatais,Plena Noite,Decrescente,Nublado,Simples,Rotatória,Sim,2,1,0,0,1,0,0,2,-27.065756,-51.664165,SPRF-SC,DEL07-SC,UOP05-DEL07-SC,2018
115250.0,2018-03-02,sexta-feira,14:00:00,SC,282,23.5,SANTO AMARO DA IMPERATRIZ,Não guardar distância de segurança,Colisão lateral,Sem Vítimas,Pleno dia,Decrescente,Nublado,Simples,Reta,Sim,2,0,0,0,2,0,0,2,-27.687958,-48.736794,SPRF-SC,DEL01-SC,UOP03-DEL01-SC,2018
115276.0,2018-03-02,sexta-feira,14:15:00,SC,282,55.0,AGUAS MORNAS,Não guardar distância de segurança,Colisão lateral,Com Vítimas Fatais,Pleno dia,Crescente,Nublado,Simples,Curva;Aclive,Não,2,1,0,0,1,0,0,2,-27.68955,-48.98188,SPRF-SC,DEL01-SC,UOP03-DEL01-SC,2018
115366.0,2018-03-02,sexta-feira,20:30:00,SC,282,643.6,SAO MIGUEL DO OESTE,Falta de Atenção à Condução,Colisão transversal,Sem Vítimas,Plena Noite,Decrescente,Nublado,Simples,Curva,Não,2,0,0,0,2,0,0,2,-26.768974,-53.469772,SPRF-SC,DEL07-SC,UOP03-DEL07-SC,2018
115575.0,2018-03-03,sábado,15:35:00,SC,282,407.5,CATANDUVAS,Falta de Atenção à Condução,Saída de leito carroçável,Com Vítimas Feridas,Pleno dia,Decrescente,Céu Claro,Simples,Curva;Aclive,Não,2,0,2,0,0,0,2,1,-27.083517,-51.662014,SPRF-SC,DEL07-SC,UOP05-DEL07-SC,2018
115626.0,2018-03-03,sábado,20:25:00,SC,282,514.5,XAXIM,Ingestão de Álcool,Colisão transversal,Sem Vítimas,Plena Noite,Crescente,Chuva,Simples,Curva,Não,2,0,0,0,2,0,0,2,-26.93431383,-52.50709534,SPRF-SC,DEL07-SC,UOP01-DEL07-SC,2018
115750.0,2018-03-04,domingo,07:00:00,SC,282,503.7,XANXERE,Velocidade Incompatível,Tombamento,Com Vítimas Feridas,Pleno dia,Decrescente,Sol,Dupla,Curva,Sim,2,0,0,1,0,1,1,2,-26.88043066,-52.40409851,SPRF-SC,DEL07-SC,UOP01-DEL07-SC,2018
115854.0,2018-03-04,domingo,17:27:00,SC,282,527.3,CORDILHEIRA ALTA,Não guardar distância de segurança,Engavetamento,Sem Vítimas,Pleno dia,Decrescente,Sol,Simples,Reta,Não,6,0,0,0,5,2,0,7,-26.973196,-52.583321,SPRF-SC,DEL07-SC,UOP01-DEL07-SC,2018
116415.0,2018-03-07,quarta-feira,07:55:00,SC,282,234.5,SAO JOSE DO CERRITO,Desobediência às normas de trânsito pelo condutor,Colisão frontal,Com Vítimas Feridas,Pleno dia,Decrescente,Céu Claro,Simples,Curva,Não,2,0,2,0,0,0,2,2,-27.783495,-50.463604,SPRF-SC,DEL05-SC,UOP02-DEL05-SC,2018
116421.0,2018-03-07,quarta-feira,08:25:00,SC,282,53.6,AGUAS MORNAS,Desobediência às normas de trânsito pelo condutor,Colisão frontal,Com Vítimas Fatais,Pleno dia,Crescente,Nublado,Simples,Curva,Não,6,1,2,2,0,1,4,4,-27.691511,-48.970215,SPRF-SC,DEL01-SC,UOP03-DEL01-SC,2018
116931.0,2018-03-09,sexta-feira,11:15:00,SC,282,41.3,AGUAS MORNAS,Falta de Atenção à Condução,Colisão transversal,Com Vítimas Feridas,Pleno dia,Decrescente,Sol,Simples,Interseção de Vias,Sim,4,0,1,1,1,2,2,4,-27.71848023,-48.88322711,SPRF-SC,DEL01-SC,UOP03-DEL01-SC,2018
117654.0,2018-03-11,domingo,22:55:00,SC,282,299.7,VARGEM,Defeito Mecânico no Veículo,Tombamento,Sem Vítimas,Plena Noite,Decrescente,Céu Claro,Simples,Reta,Não,1,0,0,0,1,0,0,1,-27.519346,-50.909714,SPRF-SC,DEL07-SC,UOP06-DEL07-SC,2018
117760.0,2018-03-12,segunda-feira,08:47:00,SC,282,523.7,XAXIM,Falta de Atenção à Condução,Colisão transversal,Sem Vítimas,Pleno dia,Crescente,Sol,Simples,Reta,Não,3,0,0,0,2,1,0,3,-26.96551068,-52.5537014,SPRF-SC,DEL07-SC,UOP01-DEL07-SC,2018
118181.0,2018-03-14,quarta-feira,08:00:00,SC,282,629.0,IRACEMINHA,Falta de Atenção à Condução,Saída de leito carroçável,Com Vítimas Feridas,Pleno dia,Crescente,Chuva,Simples,Curva,Não,3,0,1,0,2,0,1,1,-26.819656,-53.375282,SPRF-SC,DEL07-SC,UOP02-DEL07-SC,2018
118221.0,2018-03-14,quarta-feira,13:50:00,SC,282,394.0,JOACABA,Velocidade Incompatível,Saída de leito carroçável,Com Vítimas Feridas,Pleno dia,Decrescente,Chuva,Simples,Declive;Curva,Não,2,0,1,0,0,1,1,2,-27.15870556,-51.57566071,SPRF-SC,DEL07-SC,UOP05-DEL07-SC,2018
118457.0,2018-03-15,quinta-feira,15:40:00,SC,282,504.5,XANXERE,Desobediência às normas de trânsito pelo condutor,Colisão transversal,Sem Vítimas,Pleno dia,Decrescente,Chuva,Simples,Interseção de Vias,Sim,3,0,0,0,3,0,0,3,-26.88388077,-52.41645813,SPRF-SC,DEL07-SC,UOP01-DEL07-SC,2018
118477.0,2018-03-15,quinta-feira,20:20:00,SC,282,511.9,XANXERE,Condutor Dormindo,Saída de leito carroçável,Sem Vítimas,Plena Noite,Decrescente,Chuva,Simples,Aclive,Não,1,0,0,0,1,0,0,1,-26.90615084,-52.46589661,SPRF-SC,DEL07-SC,UOP01-DEL07-SC,2018
118528.0,2018-03-15,quinta-feira,17:20:00,SC,282,584.6,PINHALZINHO,Carga excessiva e/ou mal acondicionada,Tombamento,Com Vítimas Feridas,Pleno dia,Crescente,Nublado,Simples,Declive;Curva,Não,2,0,1,0,0,1,1,2,-26.831865,-53.016579,SPRF-SC,DEL07-SC,UOP02-DEL07-SC,2018
119384.0,2018-03-19,segunda-feira,08:00:00,SC,282,18.9,PALHOCA,Falta de Atenção à Condução,Colisão lateral,Com Vítimas Feridas,Pleno dia,Decrescente,Céu Claro,Simples,Reta,Sim,3,0,1,0,1,1,1,3,-27.672798,-48.694286,SPRF-SC,DEL01-SC,UOP02-DEL01-SC,2018
119387.0,2018-03-19,segunda-feira,06:10:00,SC,282,183.7,BOCAINA DO SUL,Ingestão de Álcool,Colisão frontal,Com Vítimas Fatais,Amanhecer,Crescente,Nevoeiro/Neblina,Simples,Curva,Não,4,1,2,0,0,1,2,3,-27.73362,-49.968296,SPRF-SC,DEL05-SC,UOP01-DEL05-SC,2018
119634.0,2018-03-20,terça-feira,11:45:00,SC,282,384.0,JOACABA,Defeito Mecânico no Veículo,Colisão lateral,Sem Vítimas,Pleno dia,Crescente,Céu Claro,Simples,Ponte,Não,3,0,0,0,2,1,0,3,-27.20299,-51.515095,SPRF-SC,DEL07-SC,UOP05-DEL07-SC,2018
119683.0,2018-03-20,terça-feira,16:00:00,SC,282,347.3,CAMPOS NOVOS,Não guardar distância de segurança,Colisão traseira,Sem Vítimas,Pleno dia,Decrescente,Chuva,Simples,Reta,Não,3,0,0,0,2,1,0,3,-27.365206,-51.263924,SPRF-SC,DEL07-SC,UOP06-DEL07-SC,2018
119750.0,2018-03-20,terça-feira,18:30:00,SC,282,497.7,XANXERE,Defeito Mecânico no Veículo,Capotamento,Sem Vítimas,Anoitecer,Decrescente,Chuva,Simples,Reta,Não,1,0,0,0,1,0,0,1,-26.87675587,-52.34916687,SPRF-SC,DEL07-SC,UOP01-DEL07-SC,2018
120010.0,2018-03-21,quarta-feira,09:50:00,SC,282,486.8,FAXINAL DOS GUEDES,Não guardar distância de segurança,Colisão traseira,Sem Vítimas,Pleno dia,Crescente,Sol,Simples,Reta,Não,2,0,0,0,2,0,0,2,-26.86695585,-52.2530365,SPRF-SC,DEL07-SC,UOP01-DEL07-SC,2018
120183.0,2018-03-22,quinta-feira,16:55:00,SC,282,495.9,XANXERE,Falta de Atenção à Condução,Atropelamento de Pedestre,Com Vítimas Feridas,Pleno dia,Crescente,Céu Claro,Simples,Reta;Em Obras,Não,2,0,0,1,0,1,1,2,-26.84980377,-52.38349915,SPRF-SC,DEL07-SC,UOP01-DEL07-SC,2018
120223.0,2018-03-23,sexta-feira,03:15:00,SC,282,69.0,RANCHO QUEIMADO,Defeito Mecânico no Veículo,Saída de leito carroçável,Com Vítimas Feridas,Plena Noite,Decrescente,Céu Claro,Simples,Reta,Não,2,0,2,0,0,0,2,1,-27.690144,-49.083813,SPRF-SC,DEL01-SC,UOP03-DEL01-SC,2018
120245.0,2018-03-23,sexta-feira,05:10:00,SC,282,591.9,SAUDADES,Condutor Dormindo,Saída de leito carroçável,Com Vítimas Feridas,Plena Noite,Crescente,Nevoeiro/Neblina,Simples,Interseção de Vias,Sim,2,0,1,0,0,1,1,2,-26.826925,-53.082031,SPRF-SC,DEL07-SC,UOP02-DEL07-SC,2018
120852.0,2018-03-25,domingo,08:30:00,SC,282,68.5,RANCHO QUEIMADO,Velocidade Incompatível,Colisão frontal,Com Vítimas Fatais,Pleno dia,Crescente,Chuva,Simples,Curva,Não,5,3,0,0,1,1,0,3,-27.690144,-49.083813,SPRF-SC,DEL01-SC,UOP03-DEL01-SC,2018
121294.0,2018-03-27,terça-feira,08:40:00,SC,282,219.0,LAGES,Velocidade Incompatível,Colisão traseira,Com Vítimas Feridas,Pleno dia,Crescente,Sol,Dupla,Reta,Não,3,0,2,0,1,0,2,2,-27.795521,-50.323608,SPRF-SC,DEL05-SC,UOP01-DEL05-SC,2018
121422.0,2018-03-27,terça-feira,13:45:00,SC,282,93.6,ALFREDO WAGNER,Velocidade Incompatível,Colisão frontal,Com Vítimas Fatais,Pleno dia,Decrescente,Chuva,Simples,Curva,Não,25,1,23,1,0,0,24,2,-27.70889194,-49.24168825,SPRF-SC,DEL01-SC,UOP03-DEL01-SC,2018
121538.0,2018-03-28,quarta-feira,12:50:00,SC,282,500.1,XANXERE,Desobediência às normas de trânsito pelo condutor,Colisão lateral,Sem Vítimas,Pleno dia,Decrescente,Nublado,Dupla,Rotatória;Interseção de Vias;Retorno Regulamentado;Reta;Declive,Não,2,0,0,0,2,0,0,2,-26.881372,-52.37252,SPRF-SC,DEL07-SC,UOP01-DEL07-SC,2018
121789.0,2018-03-29,quinta-feira,09:20:00,SC,282,494.4,XANXERE,Não guardar distância de segurança,Colisão traseira,Sem Vítimas,Pleno dia,Crescente,Nublado,Simples,Curva,Não,3,0,0,0,2,2,0,4,-26.87185597,-52.33268738,SPRF-SC,DEL07-SC,UOP01-DEL07-SC,2018
121886.0,2018-03-14,quarta-feira,06:30:00,SC,282,17.0,PALHOCA,Falta de Atenção à Condução,Colisão transversal,Com Vítimas Feridas,Pleno dia,Decrescente,Céu Claro,Simples,Reta,Sim,2,0,0,1,0,1,1,2,-27.665707,-48.688065,SPRF-SC,DEL01-SC,UOP02-DEL01-SC,2018
121935.0,2018-03-29,quinta-feira,16:25:00,SC,282,470.0,PONTE SERRADA,Ultrapassagem Indevida,Colisão frontal,Com Vítimas Feridas,Pleno dia,Crescente,Chuva,Simples,Reta,Não,3,0,0,1,1,1,1,3,-26.862293,-52.12109,SPRF-SC,DEL07-SC,UOP01-DEL07-SC,2018
121972.0,2018-03-29,quinta-feira,21:35:00,SC,282,61.8,RANCHO QUEIMADO,Falta de Atenção à Condução,Colisão com objeto estático,Sem Vítimas,Plena Noite,Decrescente,Chuva,Simples,Reta,Não,1,0,0,0,1,0,0,1,-27.68698628,-49.0345788,SPRF-SC,DEL01-SC,UOP03-DEL01-SC,2018
122089.0,2018-03-29,quinta-feira,19:00:00,SC,282,348.0,CAMPOS NOVOS,Defeito Mecânico no Veículo,Incêndio,Sem Vítimas,Plena Noite,Crescente,Nublado,Simples,Reta,Não,2,0,0,0,1,1,0,2,-27.361637,-51.273197,SPRF-SC,DEL07-SC,UOP06-DEL07-SC,2018
122764.0,2018-03-06,terça-feira,20:30:00,SC,282,223.0,LAGES,Defeito Mecânico no Veículo,Colisão com objeto estático,Sem Vítimas,Plena Noite,Decrescente,Ignorado,Simples,Rotatória,Sim,3,0,0,0,1,2,0,3,-27.800127,-50.362751,SPRF-SC,DEL05-SC,UOP01-DEL05-SC,2018
122879.0,2018-03-14,quarta-feira,16:25:00,SC,282,394.3,JOACABA,Velocidade Incompatível,Colisão traseira,Com Vítimas Feridas,Pleno dia,Decrescente,Chuva,Simples,Reta,Não,5,0,1,0,4,0,1,3,-27.15904921,-51.57757044,SPRF-SC,DEL07-SC,UOP05-DEL07-SC,2018