id,data_inversa,dia_semana,horario,uf,br,km,municipio,causa_acidente,tipo_acidente,classificacao_acidente,fase_dia,sentido_via,condicao_metereologica,tipo_pista,tracado_via,uso_solo,pessoas,mortos,feridos_leves,feridos_graves,ilesos,ignorados,feridos,veiculos,latitude,longitude,regional,delegacia,uop,ano_arquivo
144288.0,2018-07-03,terça-feira,09:20:00,SC,480,127.6,CHAPECO,Falta de Atenção do Pedestre,Atropelamento de Pedestre,Com Vítimas Fatais,Pleno dia,Decrescente,Nublado,Simples,Reta,Sim,2,1,0,0,1,0,0,2,-27.03711021,-52.63549805,SPRF-SC,DEL07-SC,UOP01-DEL07-SC,2018
144326.0,2018-07-03,terça-feira,20:30:00,SC,282,186.8,BOCAINA DO SUL,Falta de Atenção à Condução,Colisão frontal,Sem Vítimas,Plena Noite,Decrescente,Nublado,Simples,Curva,Não,3,0,0,0,3,0,0,2,-27.735537,-49.998207,SPRF-SC,DEL05-SC,UOP01-DEL05-SC,2018
144346.0,2018-07-04,quarta-feira,06:20:00,SC,282,512.3,XANXERE,Falta de Atenção à Condução,Tombamento,Sem Vítimas,Plena Noite,Decrescente,Céu Claro,Simples,Aclive,Não,2,0,0,0,1,1,0,2,-26.910799,-52.472099,SPRF-SC,DEL07-SC,UOP01-DEL07-SC,2018
144735.0,2018-07-06,sexta-feira,05:00:00,SC,282,43.7,AGUAS MORNAS,Defeito Mecânico no Veículo,Saída de leito carroçável,Sem Vítimas,Plena Noite,Decrescente,Céu Claro,Simples,Curva,Não,1,0,0,0,1,0,0,1,-27.719458,-48.897526,SPRF-SC,DEL01-SC,UOP03-DEL01-SC,2018
144899.0,2018-07-06,sexta-feira,10:20:00,SC,282,398.4,JOACABA,Falta de Atenção à Condução,Colisão lateral,Sem Vítimas,Pleno dia,Crescente,Céu Claro,Simples,Interseção de Vias,Não,2,0,0,0,2,0,0,2,-27.143419,-51.613823,SPRF-SC,DEL07-SC,UOP05-DEL07-SC,2018
145149.0,2018-07-07,sábado,14:32:00,SC,282,511.4,XANXERE,Falta de Atenção à Condução,Saída de leito carroçável,Sem Vítimas,Pleno dia,Decrescente,Nublado,Simples,Reta,Não,2,0,0,0,1,1,0,2,-26.90446696,-52.46279195,SPRF-SC,DEL07-SC,UOP01-DEL07-SC,2018
145526.0,2018-07-09,segunda-feira,13:30:00,SC,282,217.0,LAGES,Desobediência às normas de trânsito pelo condutor,Colisão transversal,Sem Vítimas,Pleno dia,Decrescente,Nublado,Simples,Reta,Sim,2,0,0,0,2,0,0,2,-27.797916,-50.302944,SPRF-SC,DEL05-SC,UOP01-DEL05-SC,2018
145606.0,2018-07-09,segunda-feira,21:35:00,SC,282,209.4,LAGES,Restrição de Visibilidade,Colisão traseira,Com Vítimas Feridas,Plena Noite,Crescente,Garoa/Chuvisco,Simples,Reta,Não,3,0,2,0,1,0,2,2,-27.77610138,-50.21644592,SPRF-SC,DEL05-SC,UOP01-DEL05-SC,2018
146816.0,2018-07-15,domingo,07:35:00,SC,282,491.0,FAXINAL DOS GUEDES,Velocidade Incompatível,Colisão frontal,Com Vítimas Fatais,Pleno dia,Crescente,Céu Claro,Simples,Reta,Não,4,3,0,0,1,0,0,2,-26.872433,-52.291599,SPRF-SC,DEL07-SC,UOP01-DEL07-SC,2018
146900.0,2018-07-15,domingo,20:30:00,SC,282,492.3,FAXINAL DOS GUEDES,Ingestão de Álcool,Colisão frontal,Sem Vítimas,Plena Noite,Decrescente,Céu Claro,Simples,Curva,Não,2,0,0,0,2,0,0,2,-26.87246847,-52.29164556,SPRF-SC,DEL07-SC,UOP01-DEL07-SC,2018
147198.0,2018-07-17,terça-feira,11:20:00,SC,282,519.5,XAXIM,Desobediência às normas de trânsito pelo condutor,Colisão frontal,Com Vítimas Fatais,Pleno dia,Crescente,Sol,Simples,Reta,Não,2,1,1,0,0,0,1,2,-26.94928213,-52.52098382,SPRF-SC,DEL07-SC,UOP01-DEL07-SC,2018
147279.0,2018-07-17,terça-feira,18:10:00,SC,282,410.0,CATANDUVAS,Falta de Atenção à Condução,Colisão lateral,Com Vítimas Feridas,Anoitecer,Crescente,Céu Claro,Simples,Interseção de Vias,Sim,2,0,1,0,1,0,1,2,-27.06702702,-51.6629988,SPRF-SC,DEL07-SC,UOP05-DEL07-SC,2018
147433.0,2018-07-18,quarta-feira,17:15:00,SC,282,526.2,XAXIM,Não guardar distância de segurança,Colisão traseira,Com Vítimas Feridas,Pleno dia,Crescente,Céu Claro,Simples,Curva,Não,4,0,2,0,1,2,2,4,-26.96963199,-52.57537901,SPRF-SC,DEL07-SC,UOP01-DEL07-SC,2018
147461.0,2018-07-18,quarta-feira,12:20:00,SC,282,384.0,JOACABA,Defeito Mecânico no Veículo,Colisão traseira,Com Vítimas Feridas,Pleno dia,Crescente,Sol,Simples,Reta,Não,3,0,1,0,2,0,1,3,-27.20265593,-51.50999285,SPRF-SC,DEL07-SC,UOP05-DEL07-SC,2018
147822.0,2018-07-20,sexta-feira,09:00:00,SC,282,530.8,CORDILHEIRA ALTA,Velocidade Incompatível,Colisão lateral,Com Vítimas Feridas,Pleno dia,Decrescente,Sol,Simples,Curva,Sim,6,0,1,1,4,0,2,5,-26.98817127,-52.61087981,SPRF-SC,DEL07-SC,UOP01-DEL07-SC,2018
147940.0,2018-07-20,sexta-feira,19:30:00,SC,282,602.9,MARAVILHA,Falta de Atenção à Condução,Saída de leito carroçável,Sem Vítimas,Plena Noite,Decrescente,Chuva,Simples,Curva,Não,2,0,0,0,1,2,0,3,-26.806049,-53.178757,SPRF-SC,DEL07-SC,UOP02-DEL07-SC,2018
148031.0,2018-07-21,sábado,11:40:00,SC,282,508.8,XANXERE,Não guardar distância de segurança,Colisão traseira,Sem Vítimas,Pleno dia,Crescente,Sol,Simples,Reta;Aclive,Não,2,0,0,0,1,1,0,2,-26.88795212,-52.45285034,SPRF-SC,DEL07-SC,UOP01-DEL07-SC,2018
148266.0,2018-07-22,domingo,10:15:00,SC,282,496.0,XANXERE,Defeito Mecânico no Veículo,Colisão frontal,Com Vítimas Feridas,Pleno dia,Crescente,Sol,Simples,Reta,Não,6,0,3,0,2,1,3,4,-26.87430595,-52.32546285,SPRF-SC,DEL07-SC,UOP01-DEL07-SC,2018
148548.0,2018-07-23,segunda-feira,14:50:00,SC,282,499.9,XANXERE,Falta de Atenção à Condução,Colisão lateral,Sem Vítimas,Pleno dia,Decrescente,Céu Claro,Dupla,Reta;Aclive,Não,3,0,0,0,2,1,0,3,-26.880869,-52.363121,SPRF-SC,DEL07-SC,UOP01-DEL07-SC,2018
148626.0,2018-07-24,terça-feira,06:20:00,SC,282,166.8,BOCAINA DO SUL,Velocidade Incompatível,Tombamento,Com Vítimas Feridas,Amanhecer,Crescente,Garoa/Chuvisco,Simples,Interseção de Vias,Não,1,0,1,0,0,0,1,1,-27.74865478,-49.81581777,SPRF-SC,DEL05-SC,UOP01-DEL05-SC,2018
148765.0,2018-07-24,terça-feira,20:30:00,SC,282,629.1,IRACEMINHA,Defeito Mecânico no Veículo,Tombamento,Com Vítimas Feridas,Plena Noite,Decrescente,Nevoeiro/Neblina,Simples,Curva,Não,2,0,2,0,0,0,2,1,-26.819656,-53.375282,SPRF-SC,DEL07-SC,UOP03-DEL07-SC,2018
148808.0,2018-07-25,quarta-feira,08:35:00,SC,282,300.8,VARGEM,Velocidade Incompatível,Colisão frontal,Com Vítimas Feridas,Pleno dia,Decrescente,Chuva,Simples,Curva,Não,3,0,1,0,2,0,1,2,-27.51084067,-50.92322946,SPRF-SC,DEL07-SC,UOP06-DEL07-SC,2018
148872.0,2018-07-17,terça-feira,10:05:00,SC,282,335.0,CAMPOS NOVOS,Falta de Atenção à Condução,Colisão frontal,Com Vítimas Feridas,Pleno dia,Decrescente,Céu Claro,Simples,Reta,Não,5,0,1,2,1,1,3,3,-27.392326,-51.155804,SPRF-SC,DEL07-SC,UOP06-DEL07-SC,2018
148947.0,2018-07-26,quinta-feira,00:20:00,SC,282,131.4,BOM RETIRO,Falta de Atenção à Condução,Colisão frontal,Com Vítimas Fatais,Plena Noite,Decrescente,Nublado,Simples,Aclive;Curva,Não,2,1,0,0,1,0,0,2,-27.808748,-49.513229,SPRF-SC,DEL05-SC,UOP01-DEL05-SC,2018
149056.0,2018-07-26,quinta-feira,14:30:00,SC,282,396.0,JOACABA,Falta de Atenção à Condução,Colisão lateral,Sem Vítimas,Pleno dia,Crescente,Céu Claro,Simples,Reta,Não,2,0,0,0,2,0,0,2,-27.157151,-51.592815,SPRF-SC,DEL07-SC,UOP05-DEL07-SC,2018
149091.0,2018-07-26,quinta-feira,17:30:00,SC,282,330.0,CAMPOS NOVOS,Falta de Atenção à Condução,Tombamento,Com Vítimas Feridas,Anoitecer,Decrescente,Céu Claro,Simples,Reta,Não,1,0,1,0,0,0,1,1,-27.384575,-51.106579,SPRF-SC,DEL07-SC,UOP06-DEL07-SC,2018
149163.0,2018-07-27,sexta-feira,07:40:00,SC,282,500.2,XANXERE,Desobediência às normas de trânsito pelo condutor,Colisão lateral,Com Vítimas Feridas,Pleno dia,Crescente,Céu Claro,Dupla,Rotatória,Sim,3,0,2,0,1,0,2,2,-26.88044023,-52.35898191,SPRF-SC,DEL07-SC,UOP01-DEL07-SC,2018
149182.0,2018-07-27,sexta-feira,08:50:00,SC,282,24.9,SANTO AMARO DA IMPERATRIZ,Falta de Atenção do Pedestre,Atropelamento de Pedestre,Com Vítimas Fatais,Pleno dia,Decrescente,Céu Claro,Simples,Curva,Não,3,1,0,0,1,1,0,3,-27.6784261,-48.75161648,SPRF-SC,DEL01-SC,UOP03-DEL01-SC,2018
149429.0,2018-07-28,sábado,07:45:00,SC,282,552.8,CHAPECO,Não guardar distância de segurança,Colisão traseira,Com Vítimas Feridas,Pleno dia,Crescente,Nublado,Simples,Reta,Não,4,0,1,1,2,0,2,3,-27.00032675,-52.71320072,SPRF-SC,DEL07-SC,UOP01-DEL07-SC,2018
149855.0,2018-07-30,segunda-feira,11:35:00,SC,282,330.4,CAMPOS NOVOS,Desobediência às normas de trânsito pelo pedestre,Danos eventuais,Com Vítimas Feridas,Pleno dia,Crescente,Sol,Simples,Declive;Em Obras;Reta,Não,3,0,0,1,1,3,1,5,-27.39394546,-51.14315987,SPRF-SC,DEL07-SC,UOP06-DEL07-SC,2018
149958.0,2018-07-30,segunda-feira,16:55:00,SC,282,536.3,CHAPECO,Falta de Atenção do Pedestre,Atropelamento de Pedestre,Com Vítimas Feridas,Pleno dia,Crescente,Céu Claro,Simples,Rotatória,Não,3,0,1,0,1,1,1,3,-27.00055139,-52.65060425,SPRF-SC,DEL07-SC,UOP01-DEL07-SC,2018
150041.0,2018-07-31,terça-feira,09:15:00,SC,282,229.0,LAGES,Desobediência às normas de trânsito pelo condutor,Colisão transversal,Com Vítimas Feridas,Pleno dia,Crescente,Céu Claro,Simples,Reta,Não,2,0,1,0,1,0,1,2,-27.791073,-50.416897,SPRF-SC,DEL05-SC,UOP02-DEL05-SC,2018
150081.0,2018-07-31,terça-feira,13:25:00,SC,282,449.0,PONTE SERRADA,Falta de Atenção à Condução,Saída de leito carroçável,Com Vítimas Feridas,Pleno dia,Decrescente,Céu Claro,Simples,Curva,Não,2,0,1,0,0,2,1,3,-26.91947,-51.94419,SPRF-SC,DEL07-SC,UOP04-DEL07-SC,2018
150113.0,2018-07-31,terça-feira,16:35:00,SC,282,597.8,CUNHA PORA,Mal Súbito,Colisão frontal,Com Vítimas Feridas,Pleno dia,Decrescente,Céu Claro,Simples,Reta,Não,2,0,1,0,1,0,1,2,-26.82922,-53.138004,SPRF-SC,DEL07-SC,UOP02-DEL07-SC,2018
150188.0,2018-08-01,quarta-feira,07:08:00,SC,282,426.6,VARGEM BONITA,Falta de Atenção à Condução,Saída de leito carroçável,Sem Vítimas,Pleno dia,Crescente,Nublado,Simples,Aclive;Curva,Não,1,0,0,0,1,0,0,1,-26.97605846,-51.76021516,SPRF-SC,DEL07-SC,UOP05-DEL07-SC,2018
151303.0,2018-08-06,segunda-feira,07:30:00,SC,282,254.0,SAO JOSE DO CERRITO,Desobediência às normas de trânsito pelo condutor,Colisão transversal,Com Vítimas Feridas,Pleno dia,Crescente,Céu Claro,Simples,Rotatória,Não,3,0,1,0,1,1,1,3,-27.67412201,-50.5737859,SPRF-SC,DEL05-SC,UOP02-DEL05-SC,2018
151552.0,2018-08-07,terça-feira,11:30:00,SC,282,554.0,NOVA ITABERABA,Falta de Atenção à Condução,Colisão frontal,Com Vítimas Feridas,Pleno dia,Crescente,Sol,Simples,Curva,Não,2,0,1,0,1,0,1,2,-26.93599727,-52.79409841,SPRF-SC,DEL07-SC,UOP01-DEL07-SC,2018
151792.0,2018-08-08,quarta-feira,17:00:00,SC,282,556.0,NOVA ITABERABA,Falta de Atenção à Condução,Colisão transversal,Com Vítimas Feridas,Anoitecer,Decrescente,Chuva,Simples,Reta,Sim,3,0,0,1,1,1,1,3,-26.930964,-52.819202,SPRF-SC,DEL07-SC,UOP01-DEL07-SC,2018
151800.0,2018-08-08,quarta-feira,20:40:00,SC,282,36.5,AGUAS MORNAS,Falta de Atenção à Condução,Colisão lateral,Com Vítimas Feridas,Plena Noite,Crescente,Nublado,Simples,Curva,Não,3,0,0,1,2,0,1,3,-27.70509249,-48.83845568,SPRF-SC,DEL01-SC,UOP03-DEL01-SC,2018
152107.0,2018-08-10,sexta-feira,15:50:00,SC,282,20.1,PALHOCA,Não guardar distância de segurança,Colisão traseira,Com Vítimas Feridas,Pleno dia,Crescente,Céu Claro,Simples,Reta,Sim,3,0,1,0,2,0,1,3,-27.683958,-48.71006,SPRF-SC,DEL01-SC,UOP02-DEL01-SC,2018
152252.0,2018-08-10,sexta-feira,07:15:00,SC,282,406.5,CATANDUVAS,Velocidade Incompatível,Saída de leito carroçável,Com Vítimas Feridas,Pleno dia,Decrescente,Céu Claro,Simples,Curva,Não,1,0,1,0,0,0,1,1,-27.092703,-51.659904,SPRF-SC,DEL07-SC,UOP05-DEL07-SC,2018
152581.0,2018-08-12,domingo,15:07:00,SC,282,576.3,PINHALZINHO,Desobediência às normas de trânsito pelo condutor,Colisão frontal,Com Vítimas Fatais,Pleno dia,Crescente,Sol,Simples,Reta,Sim,5,2,0,0,1,3,0,5,-26.86494598,-52.97032356,SPRF-SC,DEL07-SC,UOP02-DEL07-SC,2018
152705.0,2018-08-13,segunda-feira,01:00:00,SC,282,587.1,PINHALZINHO,Ingestão de álcool e/ou substâncias psicoativas pelo pedestre,Colisão frontal,Com Vítimas Fatais,Pleno dia,Decrescente,Nevoeiro/Neblina,Simples,Declive;Curva,Não,3,2,1,0,0,0,1,2,-26.830495,-53.04493189,SPRF-SC,DEL07-SC,UOP02-DEL07-SC,2018
153018.0,2018-08-14,terça-feira,16:10:00,SC,282,4.3,SAO JOSE,Não guardar distância de segurança,Colisão traseira,Com Vítimas Feridas,Pleno dia,Crescente,Sol,Dupla,Reta,Sim,4,0,1,1,1,1,2,3,-27.59104741,-48.60705614,SPRF-SC,DEL01-SC,UOP01-DEL01-SC,2018
153329.0,2018-08-16,quinta-feira,05:35:00,SC,282,230.0,LAGES,Ultrapassagem Indevida,Colisão frontal,Com Vítimas Feridas,Plena Noite,Crescente,Nublado,Simples,Curva,Não,3,0,0,1,2,0,1,2,-27.787432,-50.425808,SPRF-SC,DEL05-SC,UOP02-DEL05-SC,2018
153731.0,2018-08-17,sexta-feira,21:40:00,SC,282,624.9,IRACEMINHA,Ingestão de Álcool,Colisão frontal,Com Vítimas Feridas,Plena Noite,Crescente,Céu Claro,Simples,Reta,Sim,5,0,0,2,1,2,2,3,-26.80262215,-53.35613251,SPRF-SC,DEL07-SC,UOP02-DEL07-SC,2018
153776.0,2018-08-17,sexta-feira,17:15:00,SC,282,554.7,NOVA ITABERABA,Desobediência às normas de trânsito pelo condutor,Colisão transversal,Com Vítimas Feridas,Pleno dia,Decrescente,Sol,Simples,Interseção de Vias,Não,3,0,1,0,1,1,1,3,-26.93614074,-52.80034661,SPRF-SC,DEL07-SC,UOP01-DEL07-SC,2018
154512.0,2018-08-21,terça-feira,16:35:00,SC,282,587.1,SAUDADES,Defeito Mecânico no Veículo,Saída de leito carroçável,Sem Vítimas,Pleno dia,Crescente,Chuva,Simples,Reta,Não,1,0,0,0,1,0,0,1,-26.82883872,-53.04662704,SPRF-SC,DEL07-SC,UOP02-DEL07-SC,2018
154712.0,2018-08-22,quarta-feira,19:30:00,SC,480,128.9,CHAPECO,Desobediência às normas de trânsito pelo condutor,Colisão traseira,Com Vítimas Feridas,Plena Noite,Decrescente,Nublado,Simples,Aclive;Interseção de Vias,Sim,3,0,1,0,1,1,1,3,-27.04717255,-52.63532639,SPRF-SC,DEL07-SC,UOP01-DEL07-SC,2018
154760.0,2018-08-23,quinta-feira,07:40:00,SC,282,282.0,SAO JOSE DO CERRITO,Não guardar distância de segurança,Colisão traseira,Sem Vítimas,Pleno dia,Decrescente,Nevoeiro/Neblina,Simples,Reta,Não,3,0,0,0,3,0,0,2,-27.578697,-50.77409,SPRF-SC,DEL05-SC,UOP02-DEL05-SC,2018
155565.0,2018-08-27,segunda-feira,07:15:00,SC,282,604.5,MARAVILHA,Falta de Atenção à Condução,Colisão traseira,Sem Vítimas,Pleno dia,Decrescente,Sol,Simples,Aclive,Sim,2,0,0,0,2,0,0,2,-26.795523,-53.192974,SPRF-SC,DEL07-SC,UOP02-DEL07-SC,2018
155660.0,2018-08-27,segunda-feira,14:10:00,SC,480,126.3,CHAPECO,Desobediência às normas de trânsito pelo condutor,Colisão frontal,Com Vítimas Feridas,Pleno dia,Decrescente,Sol,Simples,Declive,Sim,2,0,0,1,1,0,1,2,-27.02275573,-52.63504744,SPRF-SC,DEL07-SC,UOP01-DEL07-SC,2018
155857.0,2018-08-28,terça-feira,18:15:00,SC,480,127.8,CHAPECO,Desobediência às normas de trânsito pelo condutor,Colisão transversal,Com Vítimas Feridas,Anoitecer,Decrescente,Céu Claro,Simples,Reta;Declive,Sim,4,0,1,0,2,1,1,4,-27.03527539,-52.63358831,SPRF-SC,DEL07-SC,UOP01-DEL07-SC,2018
155919.0,2018-08-29,quarta-feira,07:55:00,SC,282,3.1,FLORIANOPOLIS,Desobediência às normas de trânsito pelo condutor,Colisão traseira,Com Vítimas Feridas,Pleno dia,Decrescente,Nublado,Dupla,Reta,Sim,5,0,1,0,3,1,1,5,-27.600384,-48.599705,SPRF-SC,DEL01-SC,UOP01-DEL01-SC,2018
156491.0,2018-09-01,sábado,04:20:00,SC,282,387.6,JOACABA,Falta de Atenção à Condução,Saída de leito carroçável,Com Vítimas Feridas,Plena Noite,Crescente,Chuva,Simples,Reta,Sim,2,0,1,0,0,2,1,3,-27.178274,-51.524025,SPRF-SC,DEL07-SC,UOP05-DEL07-SC,2018
156579.0,2018-09-01,sábado,12:50:00,SC,282,44.5,AGUAS MORNAS,Velocidade Incompatível,Queda de ocupante de veículo,Com Vítimas Feridas,Pleno dia,Decrescente,Chuva,Simples,Curva,Não,3,0,0,1,1,1,1,3,-27.72006062,-48.9109354,SPRF-SC,DEL01-SC,UOP03-DEL01-SC,2018
156901.0,2018-09-02,domingo,17:00:00,SC,282,300.5,VARGEM,Pista Escorregadia,Tombamento,Sem Vítimas,Pleno dia,Decrescente,Chuva,Simples,Curva,Não,2,0,0,0,2,0,0,1,-27.51001534,-50.92067957,SPRF-SC,DEL07-SC,UOP06-DEL07-SC,2018
156960.0,2018-09-02,domingo,20:00:00,SC,282,395.0,JOACABA,Falta de Atenção à Condução,Saída de leito carroçável,Com Vítimas Feridas,Plena Noite,Decrescente,Chuva,Simples,Curva,Não,1,0,0,1,0,0,1,1,-27.1590761,-51.58599079,SPRF-SC,DEL07-SC,UOP05-DEL07-SC,2018
157040.0,2018-09-03,segunda-feira,10:30:00,SC,282,563.5,NOVA ERECHIM,Falta de Atenção à Condução,Saída de leito carroçável,Com Vítimas Feridas,Pleno dia,Crescente,Chuva,Simples,Reta,Não,1,0,1,0,0,0,1,1,-26.902191,-52.868835,SPRF-SC,DEL07-SC,UOP02-DEL07-SC,2018
157066.0,2018-09-03,segunda-feira,10:30:00,SC,282,555.7,NOVA ITABERABA,Velocidade Incompatível,Colisão frontal,Com Vítimas Feridas,Pleno dia,Decrescente,Chuva,Simples,Curva,Sim,5,0,4,0,1,0,4,2,-26.935896,-52.810684,SPRF-SC,DEL07-SC,UOP01-DEL07-SC,2018
157159.0,2018-09-03,segunda-feira,19:30:00,SC,480,124.0,CHAPECO,Falta de Atenção à Condução,Colisão lateral,Com Vítimas Feridas,Plena Noite,Crescente,Chuva,Dupla,Declive,Sim,3,0,1,0,2,0,1,3,-27.0025493,-52.64476776,SPRF-SC,DEL07-SC,UOP01-DEL07-SC,2018
157174.0,2018-09-03,segunda-feira,22:00:00,SC,282,565.5,NOVA ERECHIM,Fenômenos da Natureza,Colisão traseira,Sem Vítimas,Plena Noite,Crescente,Chuva,Simples,Reta,Não,3,0,0,0,2,2,0,4,-26.900272,-52.888309,SPRF-SC,DEL07-SC,UOP02-DEL07-SC,2018
157214.0,2018-09-04,terça-feira,02:00:00,SC,282,419.0,VARGEM BONITA,Condutor Dormindo,Tombamento,Sem Vítimas,Plena Noite,Crescente,Chuva,Simples,Curva;Declive,Não,2,0,0,0,1,1,0,2,-27.019398,-51.729195,SPRF-SC,DEL07-SC,UOP05-DEL07-SC,2018
157276.0,2018-03-20,terça-feira,15:40:00,SC,282,68.4,RANCHO QUEIMADO,Velocidade Incompatível,Saída de leito carroçável,Sem Vítimas,Pleno dia,Crescente,Chuva,Simples,Curva,Não,1,0,0,0,1,0,0,1,-27.692406,-49.075939,SPRF-SC,DEL01-SC,UOP03-DEL01-SC,2018
157846.0,2018-09-07,sexta-feira,06:25:00,SC,282,620.1,IRACEMINHA,Ingestão de Álcool,Colisão lateral,Com Vítimas Feridas,Pleno dia,Decrescente,Sol,Simples,Reta,Não,7,0,0,1,5,1,1,4,-26.799355,-53.308002,SPRF-SC,DEL07-SC,UOP02-DEL07-SC,2018
157969.0,2018-09-07,sexta-feira,18:00:00,SC,282,402.0,JOACABA,Defeito na Via,Colisão traseira,Com Vítimas Feridas,Anoitecer,Decrescente,Ignorado,Simples,Reta,Não,2,0,1,0,1,0,1,2,-27.115656,-51.631065,SPRF-SC,DEL07-SC,UOP05-DEL07-SC,2018
158527.0,2018-09-09,domingo,22:10:00,SC,282,462.0,PONTE SERRADA,Desobediência às normas de trânsito pelo condutor,Colisão frontal,Com Vítimas Feridas,Plena Noite,Crescente,Nublado,Múltipla,Reta,Sim,3,0,1,1,0,1,2,3,-26.8626,-52.02557,SPRF-SC,DEL07-SC,UOP04-DEL07-SC,2018
158626.0,2018-09-10,segunda-feira,16:40:00,SC,282,25.8,SANTO AMARO DA IMPERATRIZ,Falta de Atenção à Condução,Colisão lateral,Com Vítimas Feridas,Pleno dia,Crescente,Céu Claro,Simples,Reta,Sim,4,0,1,0,3,0,1,3,-27.6912182,-48.76555223,SPRF-SC,DEL01-SC,UOP03-DEL01-SC,2018
158765.0,2018-09-03,segunda-feira,19:40:00,SC,480,124.0,CHAPECO,Falta de Atenção à Condução,Colisão traseira,Com Vítimas Feridas,Plena Noite,Crescente,Chuva,Dupla,Declive,Sim,3,0,0,1,1,1,1,3,-27.00346698,-52.64476776,SPRF-SC,DEL07-SC,UOP01-DEL07-SC,2018
158849.0,2018-09-11,terça-feira,18:00:00,SC,282,1.0,FLORIANOPOLIS,Falta de Atenção à Condução,Colisão lateral,Com Vítimas Feridas,Plena Noite,Decrescente,Garoa/Chuvisco,Dupla,Reta,Sim,4,0,1,0,2,1,1,3,-27.602955,-48.580509,SPRF-SC,DEL01-SC,UOP01-DEL01-SC,2018
158946.0,2018-09-12,quarta-feira,01:12:00,SC,282,426.2,VARGEM BONITA,Velocidade Incompatível,Saída de leito carroçável,Sem Vítimas,Plena Noite,Decrescente,Céu Claro,Simples,Curva;Declive,Não,1,0,0,0,1,0,0,1,-26.974417,-51.761665,SPRF-SC,DEL07-SC,UOP05-DEL07-SC,2018
159111.0,2018-09-12,quarta-feira,19:10:00,SC,282,523.8,XAXIM,Restrição de Visibilidade,Colisão traseira,Com Vítimas Feridas,Plena Noite,Crescente,Céu Claro,Simples,Curva,Não,5,0,0,3,1,1,3,2,-26.96614179,-52.55571105,SPRF-SC,DEL07-SC,UOP01-DEL07-SC,2018
159265.0,2018-09-13,quinta-feira,15:40:00,SC,282,436.4,IRANI,Desobediência às normas de trânsito pelo condutor,Colisão transversal,Com Vítimas Feridas,Pleno dia,Crescente,Nublado,Simples,Interseção de Vias,Não,5,0,3,0,2,0,3,2,-26.96937382,-51.85426176,SPRF-SC,DEL07-SC,UOP04-DEL07-SC,2018
159276.0,2018-09-13,quinta-feira,15:30:00,SC,282,424.8,VARGEM BONITA,Falta de Atenção à Condução,Colisão lateral,Com Vítimas Feridas,Pleno dia,Crescente,Nublado,Simples,Curva,Não,3,0,1,0,1,1,1,3,-26.988014,-51.753124,SPRF-SC,DEL07-SC,UOP05-DEL07-SC,2018
159325.0,2018-09-13,quinta-feira,22:20:00,SC,282,497.2,XANXERE,Falta de Atenção à Condução,Colisão lateral,Sem Vítimas,Plena Noite,Decrescente,Chuva,Simples,Reta,Não,2,0,0,0,2,0,0,2,-26.87407627,-52.32401848,SPRF-SC,DEL07-SC,UOP01-DEL07-SC,2018
159395.0,2018-09-14,sexta-feira,08:25:00,SC,480,130.0,CHAPECO,Defeito Mecânico no Veículo,Colisão traseira,Sem Vítimas,Pleno dia,Crescente,Nublado,Dupla,Curva;Aclive,Sim,3,0,0,0,3,0,0,3,-27.05335476,-52.63631344,SPRF-SC,DEL07-SC,UOP01-DEL07-SC,2018
159536.0,2018-09-14,sexta-feira,21:00:00,SC,480,124.0,CHAPECO,Velocidade Incompatível,Colisão com objeto estático,Com Vítimas Feridas,Plena Noite,Decrescente,Nublado,Dupla,Curva,Não,2,0,1,0,1,0,1,2,-27.0019375,-52.64476776,SPRF-SC,DEL07-SC,UOP01-DEL07-SC,2018
159967.0,2018-09-16,domingo,22:10:00,SC,282,212.3,LAGES,Deficiência ou não Acionamento do Sistema de Iluminação/Sinalização do Veículo,Colisão traseira,Sem Vítimas,Plena Noite,Crescente,Céu Claro,Simples,Interseção de Vias,Não,2,0,0,0,2,0,0,2,-27.782257,-50.251381,SPRF-SC,DEL05-SC,UOP01-DEL05-SC,2018
160112.0,2018-09-17,segunda-feira,11:50:00,SC,282,609.9,MARAVILHA,Falta de Atenção à Condução,Colisão com objeto estático,Com Vítimas Feridas,Pleno dia,Crescente,Chuva,Simples,Reta,Não,2,0,0,1,1,0,1,2,-26.756321,-53.230247,SPRF-SC,DEL07-SC,UOP02-DEL07-SC,2018
161130.0,2018-09-22,sábado,21:50:00,SC,282,618.0,IRACEMINHA,Falta de Atenção à Condução,Colisão transversal,Com Vítimas Feridas,Plena Noite,Decrescente,Céu Claro,Simples,Reta,Não,3,0,1,0,2,0,1,2,-26.77894735,-53.27630997,SPRF-SC,DEL07-SC,UOP02-DEL07-SC,2018
161660.0,2018-09-25,terça-feira,12:00:00,SC,282,633.1,DESCANSO,Ultrapassagem Indevida,Saída de leito carroçável,Sem Vítimas,Pleno dia,Decrescente,Chuva,Simples,Aclive;Curva,Não,2,0,0,0,1,1,0,2,-26.824224,-53.412407,SPRF-SC,DEL07-SC,UOP03-DEL07-SC,2018
161714.0,2018-09-25,terça-feira,20:30:00,SC,282,208.7,LAGES,Não guardar distância de segurança,Colisão traseira,Com Vítimas Feridas,Plena Noite,Crescente,Nublado,Simples,Reta;Aclive,Não,3,0,1,0,1,1,1,3,-27.775284,-50.211971,SPRF-SC,DEL05-SC,UOP01-DEL05-SC,2018