id,data_inversa,dia_semana,horario,uf,br,km,municipio,causa_acidente,tipo_acidente,classificacao_acidente,fase_dia,sentido_via,condicao_metereologica,tipo_pista,tracado_via,uso_solo,pessoas,mortos,feridos_leves,feridos_graves,ilesos,ignorados,feridos,veiculos,latitude,longitude,regional,delegacia,uop,ano_arquivo
100263.0,2018-01-02,terça-feira,07:50:00,SC,282,21.0,PALHOCA,Defeito Mecânico no Veículo,Colisão traseira,Com Vítimas Feridas,Pleno dia,Crescente,Nublado,Simples,Reta,Sim,5,0,1,0,4,0,1,4,-27.68907,-48.717541,SPRF-SC,DEL01-SC,UOP02-DEL01-SC,2018
100363.0,2018-01-02,terça-feira,13:20:00,SC,282,55.4,AGUAS MORNAS,Não guardar distância de segurança,Colisão traseira,Sem Vítimas,Pleno dia,Crescente,Céu Claro,Simples,Reta,Não,4,0,0,0,4,0,0,4,-27.69010929,-48.98599941,SPRF-SC,DEL01-SC,UOP03-DEL01-SC,2018
100379.0,2018-01-02,terça-feira,14:00:00,SC,282,604.0,MARAVILHA,Falta de Atenção à Condução,Engavetamento,Com Vítimas Feridas,Pleno dia,Crescente,Chuva,Simples,Aclive,Não,5,0,1,0,4,0,1,3,-26.795523,-53.192974,SPRF-SC,DEL07-SC,UOP02-DEL07-SC,2018
100475.0,2018-01-02,terça-feira,21:30:00,SC,282,516.1,XAXIM,Velocidade Incompatível,Saída de leito carroçável,Com Vítimas Feridas,Plena Noite,Crescente,Nublado,Simples,Curva,Não,1,0,1,0,0,0,1,1,-26.92951208,-52.49960124,SPRF-SC,DEL07-SC,UOP01-DEL07-SC,2018
100478.0,2018-01-02,terça-feira,16:30:00,SC,282,486.5,FAXINAL DOS GUEDES,Falta de Atenção à Condução,Colisão traseira,Com Vítimas Feridas,Pleno dia,Crescente,Chuva,Simples,Reta,Não,3,0,2,0,0,1,2,2,-26.85710713,-52.24542975,SPRF-SC,DEL07-SC,UOP01-DEL07-SC,2018
100479.0,2018-01-02,terça-feira,17:50:00,SC,282,488.4,FAXINAL DOS GUEDES,Velocidade Incompatível,Saída de leito carroçável,Com Vítimas Feridas,Pleno dia,Crescente,Chuva,Simples,Curva,Não,3,0,1,0,2,0,1,1,-26.86545802,-52.27205068,SPRF-SC,DEL07-SC,UOP01-DEL07-SC,2018
100529.0,2018-01-02,terça-feira,19:40:00,SC,282,459.0,PONTE SERRADA,Pista Escorregadia,Saída de leito carroçável,Com Vítimas Feridas,Anoitecer,Crescente,Chuva,Simples,Reta,Sim,1,0,1,0,0,0,1,1,-26.863695,-52.024818,SPRF-SC,DEL07-SC,UOP04-DEL07-SC,2018
100609.0,2018-01-03,quarta-feira,13:05:00,SC,282,204.3,LAGES,Não guardar distância de segurança,Colisão traseira,Sem Vítimas,Pleno dia,Crescente,Sol,Simples,Reta,Não,2,0,0,0,2,0,0,2,-27.76915668,-50.17518784,SPRF-SC,DEL05-SC,UOP01-DEL05-SC,2018
100715.0,2018-01-03,quarta-feira,15:57:00,SC,282,177.4,BOCAINA DO SUL,Mal Súbito,Saída de leito carroçável,Sem Vítimas,Pleno dia,Crescente,Céu Claro,Simples,Curva,Não,1,0,0,0,1,0,0,1,-27.74199858,-49.91940469,SPRF-SC,DEL05-SC,UOP01-DEL05-SC,2018
100750.0,2018-01-03,quarta-feira,23:30:00,SC,282,246.1,SAO JOSE DO CERRITO,Falta de Atenção à Condução,Tombamento,Com Vítimas Feridas,Plena Noite,Crescente,Céu Claro,Simples,Reta,Não,1,0,1,0,0,0,1,1,-27.7265372,-50.53037028,SPRF-SC,DEL05-SC,UOP02-DEL05-SC,2018
100756.0,2018-01-03,quarta-feira,22:30:00,SC,282,78.3,RANCHO QUEIMADO,Ultrapassagem Indevida,Saída de leito carroçável,Com Vítimas Feridas,Plena Noite,Crescente,Céu Claro,Simples,Reta,Não,2,0,1,0,0,1,1,2,-27.67348419,-49.14956843,SPRF-SC,DEL01-SC,UOP03-DEL01-SC,2018
100782.0,2018-01-04,quinta-feira,04:45:00,SC,282,646.0,SAO MIGUEL DO OESTE,Condutor Dormindo,Saída de leito carroçável,Sem Vítimas,Plena Noite,Decrescente,Céu Claro,Simples,Declive;Reta,Não,1,0,0,0,1,0,0,1,-26.76424389,-53.49650323,SPRF-SC,DEL07-SC,UOP03-DEL07-SC,2018
100882.0,2018-01-04,quinta-feira,13:15:00,SC,282,3.7,FLORIANOPOLIS,Falta de Atenção à Condução,Colisão traseira,Com Vítimas Feridas,Pleno dia,Decrescente,Céu Claro,Dupla,Reta,Sim,2,0,1,0,1,0,1,2,-27.59442316,-48.601814,SPRF-SC,DEL01-SC,UOP01-DEL01-SC,2018
101126.0,2018-01-05,sexta-feira,12:00:00,SC,282,439.5,IRANI,Falta de Atenção à Condução,Saída de leito carroçável,Com Vítimas Feridas,Pleno dia,Crescente,Céu Claro,Simples,Reta,Não,2,0,2,0,0,0,2,1,-26.94171593,-51.86504441,SPRF-SC,DEL07-SC,UOP04-DEL07-SC,2018
101145.0,2018-01-05,sexta-feira,14:00:00,SC,282,3.7,FLORIANOPOLIS,Não guardar distância de segurança,Colisão traseira,Com Vítimas Feridas,Pleno dia,Decrescente,Céu Claro,Dupla,Reta,Sim,2,0,1,0,1,0,1,2,-27.59442316,-48.601814,SPRF-SC,DEL01-SC,UOP01-DEL01-SC,2018
101253.0,2018-01-05,sexta-feira,18:20:00,SC,282,2.5,FLORIANOPOLIS,Não guardar distância de segurança,Colisão traseira,Com Vítimas Feridas,Pleno dia,Decrescente,Céu Claro,Dupla,Reta,Sim,4,0,1,0,3,0,1,3,-27.59610543,-48.60113219,SPRF-SC,DEL01-SC,UOP01-DEL01-SC,2018
101407.0,2018-01-06,sábado,11:30:00,SC,282,17.3,PALHOCA,Não guardar distância de segurança,Colisão traseira,Sem Vítimas,Pleno dia,Decrescente,Céu Claro,Simples,Reta,Sim,2,0,0,0,2,0,0,2,-27.66783116,-48.68993593,SPRF-SC,DEL01-SC,UOP02-DEL01-SC,2018
101414.0,2018-01-06,sábado,09:10:00,SC,282,223.0,LAGES,Falta de Atenção à Condução,Colisão traseira,Sem Vítimas,Pleno dia,Crescente,Céu Claro,Simples,Rotatória,Sim,2,0,0,0,2,0,0,2,-27.800127,-50.362751,SPRF-SC,DEL05-SC,UOP01-DEL05-SC,2018
101456.0,2018-01-06,sábado,13:55:00,SC,282,211.2,LAGES,Pista Escorregadia,Saída de leito carroçável,Sem Vítimas,Pleno dia,Crescente,Chuva,Simples,Aclive,Não,1,0,0,0,1,0,0,1,-27.78054715,-50.24369185,SPRF-SC,DEL05-SC,UOP01-DEL05-SC,2018
101567.0,2018-01-06,sábado,14:50:00,SC,282,454.0,PONTE SERRADA,Falta de Atenção à Condução,Colisão transversal,Com Vítimas Feridas,Pleno dia,Decrescente,Céu Claro,Simples,Reta,Sim,2,0,0,1,1,0,1,2,-26.891756,-51.98447,SPRF-SC,DEL07-SC,UOP04-DEL07-SC,2018
101661.0,2018-01-07,domingo,04:30:00,SC,282,513.1,XANXERE,Condutor Dormindo,Saída de leito carroçável,Com Vítimas Feridas,Amanhecer,Crescente,Nublado,Simples,Curva,Não,3,0,1,0,2,0,1,1,-26.91445155,-52.47837424,SPRF-SC,DEL07-SC,UOP01-DEL07-SC,2018
101731.0,2018-01-07,domingo,09:15:00,SC,282,558.3,NOVA ITABERABA,Falta de Atenção à Condução,Saída de leito carroçável,Com Vítimas Feridas,Pleno dia,Decrescente,Sol,Simples,Curva,Não,2,0,2,0,0,0,2,1,-26.93153037,-52.83453941,SPRF-SC,DEL07-SC,UOP01-DEL07-SC,2018
101784.0,2018-01-07,domingo,18:30:00,SC,282,653.8,SAO MIGUEL DO OESTE,Falta de Atenção à Condução,Colisão frontal,Com Vítimas Feridas,Pleno dia,Decrescente,Céu Claro,Simples,Interseção de Vias,Não,2,0,1,0,1,0,1,2,-26.70495864,-53.52548456,SPRF-SC,DEL07-SC,UOP03-DEL07-SC,2018
101804.0,2018-01-07,domingo,17:30:00,SC,282,541.6,CHAPECO,Ingestão de Álcool,Colisão frontal,Com Vítimas Fatais,Pleno dia,Crescente,Sol,Simples,Curva,Não,4,1,3,0,0,0,3,2,-26.99726769,-52.7031675,SPRF-SC,DEL07-SC,UOP01-DEL07-SC,2018
102050.0,2018-01-08,segunda-feira,17:00:00,SC,282,4.0,FLORIANOPOLIS,Falta de Atenção à Condução,Colisão lateral,Com Vítimas Feridas,Pleno dia,Crescente,Nublado,Dupla,Reta,Sim,2,0,1,0,1,0,1,2,-27.592646,-48.604034,SPRF-SC,DEL01-SC,UOP01-DEL01-SC,2018
102058.0,2018-01-08,segunda-feira,16:45:00,SC,282,602.0,MARAVILHA,Falta de Atenção à Condução,Colisão transversal,Sem Vítimas,Pleno dia,Decrescente,Sol,Simples,Reta,Não,2,0,0,0,2,0,0,2,-26.80619401,-53.17795336,SPRF-SC,DEL07-SC,UOP02-DEL07-SC,2018
102174.0,2018-01-09,terça-feira,08:20:00,SC,282,6.0,SAO JOSE,Pista Escorregadia,Saída de leito carroçável,Com Vítimas Feridas,Pleno dia,Crescente,Chuva,Dupla,Curva,Sim,3,0,1,0,2,0,1,2,-27.591936,-48.618244,SPRF-SC,DEL01-SC,UOP01-DEL01-SC,2018
102177.0,2018-01-09,terça-feira,09:00:00,SC,282,5.9,SAO JOSE,Falta de Atenção à Condução,Tombamento,Com Vítimas Feridas,Pleno dia,Decrescente,Chuva,Dupla,Curva;Aclive,Sim,2,0,2,0,0,0,2,1,-27.588425,-48.612919,SPRF-SC,DEL01-SC,UOP01-DEL01-SC,2018
102305.0,2018-01-09,terça-feira,18:00:00,SC,282,97.5,ALFREDO WAGNER,Velocidade Incompatível,Saída de leito carroçável,Sem Vítimas,Pleno dia,Decrescente,Garoa/Chuvisco,Simples,Curva,Não,1,0,0,0,1,0,0,1,-27.70509662,-49.27583677,SPRF-SC,DEL01-SC,UOP03-DEL01-SC,2018
102306.0,2018-01-09,terça-feira,17:30:00,SC,282,83.1,ALFREDO WAGNER,Pista Escorregadia,Saída de leito carroçável,Com Vítimas Feridas,Pleno dia,Decrescente,Garoa/Chuvisco,Simples,Curva,Não,1,0,1,0,0,0,1,1,-27.66702907,-49.17492535,SPRF-SC,DEL01-SC,UOP03-DEL01-SC,2018
102368.0,2018-01-10,quarta-feira,12:05:00,SC,282,109.8,ALFREDO WAGNER,Velocidade Incompatível,Saída de leito carroçável,Sem Vítimas,Pleno dia,Decrescente,Chuva,Simples,Curva,Não,1,0,0,0,1,0,0,1,-27.72570294,-49.35959816,SPRF-SC,DEL01-SC,UOP03-DEL01-SC,2018
102443.0,2018-01-10,quarta-feira,16:00:00,SC,282,99.0,ALFREDO WAGNER,Velocidade Incompatível,Capotamento,Sem Vítimas,Pleno dia,Crescente,Chuva,Simples,Curva,Não,1,0,0,0,1,0,0,1,-27.700373,-49.287563,SPRF-SC,DEL01-SC,UOP03-DEL01-SC,2018
102447.0,2018-01-10,quarta-feira,14:20:00,SC,282,136.0,BOM RETIRO,Falta de Atenção à Condução,Colisão lateral,Com Vítimas Feridas,Pleno dia,Decrescente,Chuva,Simples,Reta,Não,2,0,1,0,1,0,1,2,-27.817894,-49.558086,SPRF-SC,DEL05-SC,UOP01-DEL05-SC,2018
102503.0,2018-01-10,quarta-feira,10:40:00,SC,282,80.0,RANCHO QUEIMADO,Velocidade Incompatível,Saída de leito carroçável,Com Vítimas Feridas,Pleno dia,Decrescente,Chuva,Simples,Curva;Aclive,Não,2,0,1,0,1,0,1,1,-27.66391693,-49.15921904,SPRF-SC,DEL01-SC,UOP03-DEL01-SC,2018
102585.0,2018-01-11,quinta-feira,08:10:00,SC,282,3.0,FLORIANOPOLIS,Falta de Atenção à Condução,Queda de ocupante de veículo,Sem Vítimas,Pleno dia,Decrescente,Chuva,Dupla,Reta,Não,1,0,0,0,1,0,0,1,-27.600384,-48.599705,SPRF-SC,DEL01-SC,UOP01-DEL01-SC,2018
102588.0,2018-01-11,quinta-feira,08:15:00,SC,282,16.0,PALHOCA,Falta de Atenção à Condução,Colisão lateral,Com Vítimas Feridas,Pleno dia,Crescente,Chuva,Simples,Reta,Não,2,0,1,0,1,0,1,2,-27.658611,-48.681847,SPRF-SC,DEL01-SC,UOP02-DEL01-SC,2018
102625.0,2018-01-11,quinta-feira,10:15:00,SC,282,22.0,SANTO AMARO DA IMPERATRIZ,Pista Escorregadia,Queda de ocupante de veículo,Com Vítimas Feridas,Pleno dia,Crescente,Chuva,Simples,Reta,Sim,3,0,1,0,2,0,1,3,-27.688507,-48.72739,SPRF-SC,DEL01-SC,UOP02-DEL01-SC,2018
102661.0,2018-01-11,quinta-feira,13:40:00,SC,282,52.8,AGUAS MORNAS,Defeito Mecânico no Veículo,Saída de leito carroçável,Sem Vítimas,Pleno dia,Decrescente,Garoa/Chuvisco,Simples,Curva,Não,1,0,0,0,1,0,0,1,-27.69328037,-48.970374,SPRF-SC,DEL01-SC,UOP03-DEL01-SC,2018
102725.0,2018-01-11,quinta-feira,18:10:00,SC,282,521.4,XAXIM,Falta de Atenção à Condução,Colisão transversal,Com Vítimas Feridas,Pleno dia,Crescente,Nublado,Simples,Declive,Sim,2,0,1,0,1,0,1,2,-26.9527346,-52.53850937,SPRF-SC,DEL07-SC,UOP01-DEL07-SC,2018
102753.0,2018-01-11,quinta-feira,19:30:00,SC,282,218.0,LAGES,Desobediência às normas de trânsito pelo condutor,Colisão traseira,Sem Vítimas,Anoitecer,Crescente,Nublado,Dupla,Interseção de Vias,Sim,2,0,0,0,2,0,0,2,-27.797235,-50.31361,SPRF-SC,DEL05-SC,UOP01-DEL05-SC,2018
102816.0,2018-01-12,sexta-feira,04:30:00,SC,282,118.0,BOM RETIRO,Pista Escorregadia,Capotamento,Com Vítimas Feridas,Plena Noite,Decrescente,Chuva,Simples,Curva,Não,2,0,2,0,0,0,2,1,-27.818821,-49.590221,SPRF-SC,DEL05-SC,UOP01-DEL05-SC,2018
102901.0,2018-01-12,sexta-feira,13:45:00,SC,282,488.6,FAXINAL DOS GUEDES,Falta de Atenção à Condução,Colisão transversal,Com Vítimas Feridas,Pleno dia,Decrescente,Nublado,Simples,Interseção de Vias,Sim,4,0,3,0,1,0,3,2,-26.86739589,-52.27296623,SPRF-SC,DEL07-SC,UOP01-DEL07-SC,2018
102938.0,2018-01-12,sexta-feira,15:00:00,SC,282,222.4,LAGES,Ingestão de Álcool,Saída de leito carroçável,Com Vítimas Feridas,Pleno dia,Crescente,Chuva,Simples,Curva,Não,2,0,1,0,1,0,1,1,-27.79823589,-50.35709023,SPRF-SC,DEL05-SC,UOP01-DEL05-SC,2018
103050.0,2018-01-12,sexta-feira,22:25:00,SC,282,219.8,LAGES,Ingestão de Álcool,Colisão transversal,Sem Vítimas,Plena Noite,Crescente,Céu Claro,Simples,Reta,Sim,2,0,0,0,2,0,0,2,-27.79417381,-50.33175945,SPRF-SC,DEL05-SC,UOP01-DEL05-SC,2018
103129.0,2018-01-13,sábado,09:50:00,SC,282,189.3,LAGES,Não guardar distância de segurança,Colisão traseira,Sem Vítimas,Pleno dia,Crescente,Céu Claro,Simples,Reta,Não,3,0,0,0,3,0,0,3,-27.7371977,-50.02988756,SPRF-SC,DEL05-SC,UOP01-DEL05-SC,2018
103151.0,2018-01-13,sábado,11:45:00,SC,282,4.5,SAO JOSE,Velocidade Incompatível,Colisão traseira,Com Vítimas Feridas,Pleno dia,Crescente,Céu Claro,Dupla,Declive,Sim,2,0,1,0,1,0,1,2,-27.59053505,-48.60846657,SPRF-SC,DEL01-SC,UOP01-DEL01-SC,2018
103259.0,2018-01-13,sábado,18:25:00,SC,282,356.0,CAMPOS NOVOS,Pista Escorregadia,Capotamento,Sem Vítimas,Pleno dia,Decrescente,Chuva,Simples,Curva,Não,2,0,0,0,2,0,0,1,-27.342428,-51.340664,SPRF-SC,DEL07-SC,UOP05-DEL07-SC,2018
103284.0,2018-01-13,sábado,21:00:00,SC,282,97.8,ALFREDO WAGNER,Pista Escorregadia,Saída de leito carroçável,Com Vítimas Feridas,Plena Noite,Decrescente,Chuva,Simples,Curva,Não,1,0,1,0,0,0,1,1,-27.70338077,-49.27807655,SPRF-SC,DEL01-SC,UOP03-DEL01-SC,2018
103492.0,2018-01-14,domingo,15:20:00,SC,282,572.0,NOVA ERECHIM,Velocidade Incompatível,Colisão frontal,Sem Vítimas,Pleno dia,Decrescente,Chuva,Simples,Curva,Não,2,0,0,0,2,0,0,2,-26.879332,-52.949421,SPRF-SC,DEL07-SC,UOP02-DEL07-SC,2018
103494.0,2018-01-14,domingo,14:30:00,SC,282,378.8,HERVAL DOESTE,Velocidade Incompatível,Saída de leito carroçável,Com Vítimas Feridas,Pleno dia,Decrescente,Chuva,Simples,Reta,Não,2,0,1,0,1,0,1,1,-27.21474522,-51.47865057,SPRF-SC,DEL07-SC,UOP05-DEL07-SC,2018
103521.0,2018-01-14,domingo,18:15:00,SC,282,174.0,BOCAINA DO SUL,Velocidade Incompatível,Saída de leito carroçável,Com Vítimas Feridas,Pleno dia,Crescente,Garoa/Chuvisco,Simples,Curva,Não,4,0,4,0,0,0,4,1,-27.742559,-49.882248,SPRF-SC,DEL05-SC,UOP01-DEL05-SC,2018
103549.0,2018-01-14,domingo,16:50:00,SC,282,475.2,VARGEAO,Falta de Atenção à Condução,Saída de leito carroçável,Com Vítimas Feridas,Pleno dia,Crescente,Chuva,Simples,Curva,Não,6,0,3,2,0,1,5,2,-26.8719421,-52.14734405,SPRF-SC,DEL07-SC,UOP01-DEL07-SC,2018
103798.0,2018-01-15,segunda-feira,17:45:00,SC,282,69.7,RANCHO QUEIMADO,Falta de Atenção à Condução,Saída de leito carroçável,Com Vítimas Feridas,Pleno dia,Crescente,Chuva,Simples,Curva,Não,2,0,2,0,0,0,2,1,-27.69406955,-49.0904223,SPRF-SC,DEL01-SC,UOP03-DEL01-SC,2018
103861.0,2018-01-16,terça-feira,00:20:00,SC,282,308.0,VARGEM,Velocidade Incompatível,Capotamento,Sem Vítimas,Plena Noite,Crescente,Garoa/Chuvisco,Simples,Curva,Não,2,0,0,0,2,0,0,1,-27.49292,-50.971973,SPRF-SC,DEL07-SC,UOP06-DEL07-SC,2018
103865.0,2018-01-15,segunda-feira,23:00:00,SC,282,115.7,ALFREDO WAGNER,Condutor Dormindo,Saída de leito carroçável,Com Vítimas Feridas,Plena Noite,Decrescente,Céu Claro,Simples,Curva,Não,2,0,1,0,1,0,1,1,-27.77493572,-49.40706235,SPRF-SC,DEL01-SC,UOP03-DEL01-SC,2018
103906.0,2018-01-16,terça-feira,09:20:00,SC,282,4.7,SAO JOSE,Desobediência às normas de trânsito pelo condutor,Colisão lateral,Com Vítimas Feridas,Pleno dia,Decrescente,Nublado,Dupla,Reta,Sim,3,0,2,0,1,0,2,2,-27.58968513,-48.61024436,SPRF-SC,DEL01-SC,UOP01-DEL01-SC,2018
103960.0,2018-01-16,terça-feira,15:00:00,SC,282,5.0,SAO JOSE,Falta de Atenção à Condução,Colisão lateral,Com Vítimas Feridas,Pleno dia,Crescente,Céu Claro,Dupla,Reta,Sim,2,0,1,0,1,0,1,2,-27.588425,-48.612919,SPRF-SC,DEL01-SC,UOP01-DEL01-SC,2018
103971.0,2018-01-16,terça-feira,15:15:00,SC,282,547.0,CHAPECO,Objeto estático sobre o leito carroçável,Colisão com objeto estático,Sem Vítimas,Pleno dia,Decrescente,Chuva,Simples,Reta,Não,1,0,0,0,1,0,0,1,-26.97527346,-52.74287224,SPRF-SC,DEL07-SC,UOP01-DEL07-SC,2018
104165.0,2018-01-17,quarta-feira,13:30:00,SC,282,543.2,CHAPECO,Velocidade Incompatível,Saída de leito carroçável,Sem Vítimas,Pleno dia,Decrescente,Chuva,Simples,Curva,Não,1,0,0,0,1,0,0,1,-26.99848598,-52.71966314,SPRF-SC,DEL07-SC,UOP01-DEL07-SC,2018
104167.0,2018-01-17,quarta-feira,13:40:00,SC,282,543.2,CHAPECO,Velocidade Incompatível,Colisão com objeto estático,Com Vítimas Feridas,Pleno dia,Decrescente,Chuva,Simples,Curva,Não,2,0,1,0,0,1,1,2,-26.99848598,-52.71966314,SPRF-SC,DEL07-SC,UOP01-DEL07-SC,2018
104489.0,2018-01-19,sexta-feira,05:15:00,SC,282,2.1,FLORIANOPOLIS,Ingestão de Álcool,Colisão traseira,Com Vítimas Feridas,Amanhecer,Crescente,Nublado,Dupla,Curva,Sim,2,0,0,1,1,0,1,2,-27.60320124,-48.59142027,SPRF-SC,DEL01-SC,UOP01-DEL01-SC,2018
104531.0,2018-01-16,terça-feira,02:00:00,SC,282,543.1,CHAPECO,Velocidade Incompatível,Saída de leito carroçável,Sem Vítimas,Plena Noite,Decrescente,Chuva,Simples,Curva,Não,1,0,0,0,0,1,0,1,-26.99933734,-52.71789551,SPRF-SC,DEL07-SC,UOP01-DEL07-SC,2018
104578.0,2018-01-19,sexta-feira,08:05:00,SC,282,437.0,IRANI,Condutor Dormindo,Colisão transversal,Com Vítimas Feridas,Pleno dia,Crescente,Céu Claro,Simples,Rotatória,Não,3,0,0,1,2,0,1,2,-26.97042564,-51.8547821,SPRF-SC,DEL07-SC,UOP04-DEL07-SC,2018
104742.0,2018-01-19,sexta-feira,21:15:00,SC,282,389.0,JOACABA,Desobediência às normas de trânsito pelo condutor,Colisão transversal,Com Vítimas Feridas,Plena Noite,Crescente,Céu Claro,Simples,Curva,Sim,6,0,1,0,5,0,1,2,-27.17769081,-51.54647827,SPRF-SC,DEL07-SC,UOP05-DEL07-SC,2018
104804.0,2018-01-20,sábado,07:10:00,SC,282,140.8,BOM RETIRO,Velocidade Incompatível,Colisão lateral,Com Vítimas Feridas,Pleno dia,Crescente,Nublado,Simples,Curva,Não,2,0,1,0,1,0,1,2,-27.81291698,-49.59497809,SPRF-SC,DEL05-SC,UOP01-DEL05-SC,2018
104821.0,2018-01-20,sábado,07:00:00,SC,282,503.1,XANXERE,Ingestão de Álcool,Saída de leito carroçável,Com Vítimas Fatais,Amanhecer,Crescente,Céu Claro,Simples,Curva,Sim,2,1,1,0,0,0,1,1,-26.88601918,-52.39787579,SPRF-SC,DEL07-SC,UOP01-DEL07-SC,2018
104851.0,2018-01-20,sábado,10:45:00,SC,282,22.2,PALHOCA,Falta de Atenção à Condução,Colisão frontal,Com Vítimas Feridas,Pleno dia,Crescente,Sol,Simples,Reta,Sim,3,0,1,0,2,0,1,2,-27.68882767,-48.72937379,SPRF-SC,DEL01-SC,UOP02-DEL01-SC,2018
104859.0,2018-01-20,sábado,12:00:00,SC,282,257.0,SAO JOSE DO CERRITO,Falta de Atenção à Condução,Colisão traseira,Com Vítimas Feridas,Pleno dia,Crescente,Céu Claro,Simples,Reta,Sim,2,0,1,0,1,0,1,2,-27.66162683,-50.58604896,SPRF-SC,DEL05-SC,UOP02-DEL05-SC,2018
104919.0,2018-01-20,sábado,16:50:00,SC,282,519.8,XAXIM,Condutor Dormindo,Colisão com objeto estático,Sem Vítimas,Pleno dia,Decrescente,Sol,Simples,Curva,Sim,1,0,0,0,1,0,0,1,-26.95108248,-52.52441644,SPRF-SC,DEL07-SC,UOP01-DEL07-SC,2018
104928.0,2018-01-20,sábado,17:00:00,SC,282,506.8,XANXERE,Falta de Atenção à Condução,Colisão com objeto estático,Com Vítimas Feridas,Pleno dia,Crescente,Nublado,Dupla,Rotatória,Não,1,0,1,0,0,0,1,1,-26.8853302,-52.4333024,SPRF-SC,DEL07-SC,UOP01-DEL07-SC,2018
105011.0,2018-01-20,sábado,22:30:00,SC,282,342.1,CAMPOS NOVOS,Falta de Atenção à Condução,Saída de leito carroçável,Com Vítimas Feridas,Plena Noite,Decrescente,Chuva,Simples,Reta,Não,2,0,1,0,1,0,1,1,-27.38833466,-51.20773673,SPRF-SC,DEL07-SC,UOP06-DEL07-SC,2018
105044.0,2018-01-21,domingo,03:30:00,SC,282,212.3,LAGES,Ingestão de Álcool,Saída de leito carroçável,Sem Vítimas,Plena Noite,Decrescente,Nublado,Simples,Curva,Não,1,0,0,0,1,0,0,1,-27.783344,-50.2543965,SPRF-SC,DEL05-SC,UOP01-DEL05-SC,2018
105049.0,2018-01-21,domingo,04:00:00,SC,282,526.5,XAXIM,Ingestão de Álcool,Capotamento,Com Vítimas Feridas,Plena Noite,Decrescente,Nublado,Simples,Reta,Não,3,0,2,0,0,1,2,1,-26.97068623,-52.57972216,SPRF-SC,DEL07-SC,UOP01-DEL07-SC,2018
105059.0,2018-01-20,sábado,18:50:00,SC,282,588.2,PINHALZINHO,Falta de Atenção à Condução,Saída de leito carroçável,Com Vítimas Feridas,Pleno dia,Decrescente,Chuva,Simples,Reta,Não,2,0,2,0,0,0,2,1,-26.82631956,-53.05456062,SPRF-SC,DEL07-SC,UOP02-DEL07-SC,2018
105068.0,2018-01-20,sábado,20:00:00,SC,480,126.7,CHAPECO,Falta de Atenção à Condução,Queda de ocupante de veículo,Com Vítimas Feridas,Plena Noite,Crescente,Chuva,Dupla,Reta,Sim,1,0,0,1,0,0,1,1,-27.02476681,-52.63479543,SPRF-SC,DEL07-SC,UOP01-DEL07-SC,2018
105072.0,2018-01-20,sábado,21:20:00,SC,282,532.8,CORDILHEIRA ALTA,Falta de Atenção à Condução,Saída de leito carroçável,Com Vítimas Feridas,Plena Noite,Decrescente,Chuva,Simples,Curva,Não,1,0,1,0,0,0,1,1,-26.9958092,-52.62339825,SPRF-SC,DEL07-SC,UOP01-DEL07-SC,2018
105125.0,2018-01-21,domingo,12:10:00,SC,282,49.1,AGUAS MORNAS,Velocidade Incompatível,Saída de leito carroçável,Com Vítimas Feridas,Pleno dia,Crescente,Nublado,Simples,Curva,Não,2,0,1,0,1,0,1,1,-27.712931,-48.943741,SPRF-SC,DEL01-SC,UOP03-DEL01-SC,2018
105126.0,2018-01-21,domingo,10:45:00,SC,282,342.0,CAMPOS NOVOS,Falta de Atenção à Condução,Colisão transversal,Sem Vítimas,Pleno dia,Decrescente,Céu Claro,Simples,Rotatória,Sim,5,0,0,0,5,0,0,2,-27.39078112,-51.21599257,SPRF-SC,DEL07-SC,UOP06-DEL07-SC,2018
105166.0,2018-01-20,sábado,05:40:00,SC,282,593.5,SAUDADES,Ingestão de Álcool,Saída de leito carroçável,Sem Vítimas,Amanhecer,Crescente,Nevoeiro/Neblina,Simples,Curva;Declive,Não,1,0,0,0,1,0,0,1,-26.82427184,-53.10513675,SPRF-SC,DEL07-SC,UOP02-DEL07-SC,2018
105230.0,2018-01-21,domingo,17:25:00,SC,282,484.6,FAXINAL DOS GUEDES,Velocidade Incompatível,Saída de leito carroçável,Com Vítimas Feridas,Pleno dia,Crescente,Chuva,Simples,Curva,Não,1,0,1,0,0,0,1,1,-26.86228523,-52.22606421,SPRF-SC,DEL07-SC,UOP01-DEL07-SC,2018
105287.0,2018-01-21,domingo,18:45:00,SC,282,404.0,JOACABA,Pista Escorregadia,Saída de leito carroçável,Com Vítimas Feridas,Anoitecer,Decrescente,Chuva,Simples,Curva,Não,3,0,1,1,1,0,2,1,-27.09957975,-51.64958775,SPRF-SC,DEL07-SC,UOP05-DEL07-SC,2018
105570.0,2018-01-23,terça-feira,06:15:00,SC,282,5.5,SAO JOSE,Falta de Atenção à Condução,Colisão transversal,Com Vítimas Feridas,Pleno dia,Crescente,Céu Claro,Dupla,Reta,Sim,2,0,1,0,1,0,1,2,-27.58796654,-48.6139744,SPRF-SC,DEL01-SC,UOP01-DEL01-SC,2018
105623.0,2018-01-23,terça-feira,11:00:00,SC,282,388.5,JOACABA,Pista Escorregadia,Queda de ocupante de veículo,Com Vítimas Feridas,Pleno dia,Decrescente,Céu Claro,Simples,Curva,Não,1,0,0,1,0,0,1,1,-27.17623832,-51.52880251,SPRF-SC,DEL07-SC,UOP05-DEL07-SC,2018
105636.0,2018-01-23,terça-feira,13:30:00,SC,282,210.0,LAGES,Falta de Atenção à Condução,Colisão transversal,Sem Vítimas,Pleno dia,Crescente,Céu Claro,Simples,Declive,Não,2,0,0,0,2,0,0,2,-27.77925288,-50.23427725,SPRF-SC,DEL05-SC,UOP01-DEL05-SC,2018