id,data_inversa,dia_semana,horario,uf,br,km,municipio,causa_acidente,tipo_acidente,classificacao_acidente,fase_dia,sentido_via,condicao_metereologica,tipo_pista,tracado_via,uso_solo,pessoas,mortos,feridos_leves,feridos_graves,ilesos,ignorados,feridos,veiculos,latitude,longitude,regional,delegacia,uop,ano_arquivo
111656.0,2018-02-16,sexta-feira,12:00:00,SC,282,150.0,BOM RETIRO,Condutor Dormindo,Saída de leito carroçável,Com Vítimas Feridas,Pleno dia,Decrescente,Sol,Simples,Reta,Não,2,0,2,0,0,0,2,1,-27.770514,-49.66441,SPRF-SC,DEL05-SC,UOP01-DEL05-SC,2018
111690.0,2018-02-16,sexta-feira,16:30:00,SC,282,16.0,PALHOCA,Falta de Atenção à Condução,Colisão lateral,Com Vítimas Feridas,Pleno dia,Crescente,Céu Claro,Simples,Interseção de Vias,Sim,3,0,2,0,1,0,2,2,-27.658611,-48.681847,SPRF-SC,DEL01-SC,UOP02-DEL01-SC,2018
111730.0,2018-02-16,sexta-feira,18:45:00,SC,282,1.4,FLORIANOPOLIS,Não guardar distância de segurança,Colisão lateral,Com Vítimas Feridas,Anoitecer,Crescente,Nublado,Dupla,Reta,Sim,4,0,2,0,2,0,2,2,-27.60362671,-48.58322471,SPRF-SC,DEL01-SC,UOP01-DEL01-SC,2018
111775.0,2018-02-16,sexta-feira,23:20:00,SC,282,248.0,LAGES,Animais na Pista,Saída de leito carroçável,Sem Vítimas,Plena Noite,Decrescente,Céu Claro,Simples,Curva,Não,1,0,0,0,1,0,0,1,-27.711969,-50.5327,SPRF-SC,DEL05-SC,UOP02-DEL05-SC,2018
111782.0,2018-02-16,sexta-feira,21:45:00,SC,282,99.0,ALFREDO WAGNER,Velocidade Incompatível,Saída de leito carroçável,Com Vítimas Feridas,Plena Noite,Crescente,Garoa/Chuvisco,Simples,Curva,Não,1,0,1,0,0,0,1,1,-27.700373,-49.287563,SPRF-SC,DEL01-SC,UOP03-DEL01-SC,2018
111847.0,2018-02-17,sábado,09:00:00,SC,282,16.5,PALHOCA,Desobediência às normas de trânsito pelo condutor,Colisão transversal,Com Vítimas Feridas,Pleno dia,Decrescente,Céu Claro,Simples,Reta,Não,3,0,1,1,1,0,2,2,-27.66215769,-48.68495796,SPRF-SC,DEL01-SC,UOP02-DEL01-SC,2018
112008.0,2018-02-18,domingo,00:30:00,SC,282,380.0,JOACABA,Ingestão de Álcool,Colisão com objeto estático,Sem Vítimas,Plena Noite,Crescente,Nublado,Simples,Rotatória,Não,1,0,0,0,0,1,0,1,-27.20212157,-51.51145935,SPRF-SC,DEL07-SC,UOP05-DEL07-SC,2018
112046.0,2018-02-18,domingo,03:30:00,SC,282,407.7,CATANDUVAS,Condutor Dormindo,Colisão frontal,Com Vítimas Feridas,Plena Noite,Decrescente,Céu Claro,Simples,Curva,Não,2,0,0,1,0,1,1,2,-27.07766666,-51.66293813,SPRF-SC,DEL07-SC,UOP05-DEL07-SC,2018
112069.0,2018-02-18,domingo,03:45:00,SC,282,300.0,VARGEM,Desobediência às normas de trânsito pelo condutor,Capotamento,Com Vítimas Feridas,Amanhecer,Decrescente,Ignorado,Simples,Curva,Não,1,0,1,0,0,0,1,1,-27.515957,-50.917877,SPRF-SC,DEL07-SC,UOP06-DEL07-SC,2018
112102.0,2018-02-18,domingo,14:40:00,SC,282,20.0,PALHOCA,Falta de Atenção à Condução,Colisão frontal,Com Vítimas Feridas,Plena Noite,Crescente,Céu Claro,Dupla,Reta,Não,5,0,2,1,1,1,3,3,-27.683958,-48.71006,SPRF-SC,DEL01-SC,UOP02-DEL01-SC,2018
112260.0,2018-02-18,domingo,23:50:00,SC,282,532.0,CORDILHEIRA ALTA,Ingestão de Álcool,Capotamento,Com Vítimas Feridas,Plena Noite,Crescente,Ignorado,Simples,Curva,Não,1,0,1,0,0,0,1,1,-26.996822,-52.615528,SPRF-SC,DEL07-SC,UOP01-DEL07-SC,2018
112284.0,2018-02-19,segunda-feira,08:00:00,SC,282,3.1,FLORIANOPOLIS,Falta de Atenção à Condução,Colisão lateral,Com Vítimas Feridas,Pleno dia,Decrescente,Sol,Dupla,Curva;Interseção de Vias,Sim,2,0,0,1,1,0,1,2,-27.59813763,-48.59449309,SPRF-SC,DEL01-SC,UOP01-DEL01-SC,2018
112377.0,2018-02-19,segunda-feira,15:10:00,SC,282,1.9,FLORIANOPOLIS,Falta de Atenção à Condução,Colisão com objeto estático,Com Vítimas Feridas,Pleno dia,Decrescente,Nublado,Simples,Reta,Sim,3,0,2,0,0,1,2,2,-27.6039975,-48.58558774,SPRF-SC,DEL01-SC,UOP01-DEL01-SC,2018
112389.0,2018-02-19,segunda-feira,16:00:00,SC,282,3.8,FLORIANOPOLIS,Falta de Atenção à Condução,Colisão traseira,Com Vítimas Feridas,Pleno dia,Decrescente,Nublado,Dupla,Reta,Sim,3,0,2,0,1,0,2,3,-27.595,-48.602,SPRF-SC,DEL01-SC,UOP01-DEL01-SC,2018
112399.0,2018-02-19,segunda-feira,17:15:00,SC,282,279.6,SAO JOSE DO CERRITO,Falta de Atenção à Condução,Saída de leito carroçável,Sem Vítimas,Pleno dia,Crescente,Nublado,Simples,Reta,Não,2,0,0,0,2,0,0,2,-27.58347346,-50.75430837,SPRF-SC,DEL05-SC,UOP02-DEL05-SC,2018
112441.0,2018-02-19,segunda-feira,15:10:00,SC,282,389.3,JOACABA,Falta de Atenção à Condução,Colisão frontal,Com Vítimas Feridas,Pleno dia,Crescente,Céu Claro,Simples,Curva,Sim,2,0,2,0,0,0,2,2,-27.17990507,-51.53755993,SPRF-SC,DEL07-SC,UOP05-DEL07-SC,2018
112466.0,2018-02-19,segunda-feira,22:20:00,SC,282,2.1,FLORIANOPOLIS,Pista Escorregadia,Queda de ocupante de veículo,Com Vítimas Feridas,Plena Noite,Crescente,Chuva,Dupla,Reta,Sim,1,0,1,0,0,0,1,1,-27.6036172,-48.59006166,SPRF-SC,DEL01-SC,UOP01-DEL01-SC,2018
112536.0,2018-02-20,terça-feira,10:40:00,SC,282,5.0,SAO JOSE,Desobediência às normas de trânsito pelo condutor,Colisão traseira,Sem Vítimas,Pleno dia,Crescente,Céu Claro,Dupla,Reta,Sim,4,0,0,0,4,0,0,4,-27.588425,-48.612919,SPRF-SC,DEL01-SC,UOP01-DEL01-SC,2018
112568.0,2018-02-20,terça-feira,13:30:00,SC,282,5.5,SAO JOSE,Falta de Atenção à Condução,Colisão traseira,Com Vítimas Feridas,Pleno dia,Crescente,Céu Claro,Dupla,Reta,Sim,2,0,1,0,1,0,1,2,-27.5876049,-48.61675413,SPRF-SC,DEL01-SC,UOP01-DEL01-SC,2018
112647.0,2018-02-20,terça-feira,15:20:00,SC,282,424.8,VARGEM BONITA,Velocidade Incompatível,Capotamento,Sem Vítimas,Pleno dia,Crescente,Chuva,Simples,Curva;Aclive,Não,2,0,0,0,2,0,0,2,-26.98165065,-51.75494949,SPRF-SC,DEL07-SC,UOP05-DEL07-SC,2018
112783.0,2018-02-21,quarta-feira,10:30:00,SC,282,411.5,CATANDUVAS,Falta de Atenção à Condução,Colisão frontal,Com Vítimas Feridas,Pleno dia,Crescente,Chuva,Simples,Curva,Não,4,0,2,0,2,0,2,2,-27.05758447,-51.68436595,SPRF-SC,DEL07-SC,UOP05-DEL07-SC,2018
112830.0,2018-02-21,quarta-feira,15:45:00,SC,282,5.5,SAO JOSE,Velocidade Incompatível,Colisão com objeto estático,Sem Vítimas,Pleno dia,Decrescente,Nublado,Dupla,Curva,Sim,1,0,0,0,1,0,0,1,-27.5876049,-48.61675413,SPRF-SC,DEL01-SC,UOP01-DEL01-SC,2018
112876.0,2018-02-21,quarta-feira,18:30:00,SC,282,16.0,PALHOCA,Falta de Atenção à Condução,Colisão traseira,Sem Vítimas,Pleno dia,Decrescente,Céu Claro,Simples,Reta,Sim,3,0,0,0,3,0,0,3,-27.658611,-48.681847,SPRF-SC,DEL01-SC,UOP02-DEL01-SC,2018
113191.0,2018-02-22,quinta-feira,15:20:00,SC,282,533.7,CORDILHEIRA ALTA,Avarias e/ou desgaste excessivo no pneu,Saída de leito carroçável,Com Vítimas Feridas,Pleno dia,Crescente,Sol,Simples,Curva,Não,1,0,1,0,0,0,1,1,-26.99184243,-52.60940552,SPRF-SC,DEL07-SC,UOP01-DEL07-SC,2018
113308.0,2018-02-15,quinta-feira,19:15:00,SC,282,89.0,ALFREDO WAGNER,Velocidade Incompatível,Saída de leito carroçável,Com Vítimas Feridas,Pleno dia,Decrescente,Céu Claro,Simples,Curva,Não,1,0,1,0,0,0,1,1,-27.677973,-49.215893,SPRF-SC,DEL01-SC,UOP03-DEL01-SC,2018
113381.0,2018-02-23,sexta-feira,12:45:00,SC,282,21.6,SANTO AMARO DA IMPERATRIZ,Falta de Atenção à Condução,Colisão traseira,Com Vítimas Feridas,Pleno dia,Crescente,Céu Claro,Simples,Reta,Sim,2,0,1,0,1,0,1,2,-27.68859101,-48.72350938,SPRF-SC,DEL01-SC,UOP02-DEL01-SC,2018
113455.0,2018-02-23,sexta-feira,11:30:00,SC,282,488.6,FAXINAL DOS GUEDES,Falta de Atenção à Condução,Colisão lateral,Com Vítimas Feridas,Pleno dia,Crescente,Céu Claro,Simples,Em Obras,Sim,2,0,1,0,1,0,1,2,-26.86305602,-52.26264954,SPRF-SC,DEL07-SC,UOP01-DEL07-SC,2018
113621.0,2018-02-23,sexta-feira,22:45:00,SC,282,145.0,BOM RETIRO,Desobediência às normas de trânsito pelo condutor,Colisão frontal,Com Vítimas Feridas,Plena Noite,Decrescente,Céu Claro,Simples,Curva,Não,2,0,0,1,1,0,1,2,-27.74310006,-49.75227356,SPRF-SC,DEL05-SC,UOP01-DEL05-SC,2018
113647.0,2018-02-24,sábado,12:05:00,SC,282,4.5,SAO JOSE,Falta de Atenção à Condução,Colisão traseira,Sem Vítimas,Pleno dia,Decrescente,Nublado,Dupla,Reta,Sim,3,0,0,0,3,0,0,3,-27.59215041,-48.60502747,SPRF-SC,DEL01-SC,UOP01-DEL01-SC,2018
113650.0,2018-02-24,sábado,12:20:00,SC,282,21.0,PALHOCA,Falta de Atenção à Condução,Colisão com objeto estático,Com Vítimas Feridas,Pleno dia,Decrescente,Sol,Simples,Interseção de Vias,Sim,2,0,1,0,1,0,1,1,-27.68916944,-48.73493743,SPRF-SC,DEL01-SC,UOP02-DEL01-SC,2018
113784.0,2018-02-24,sábado,17:30:00,SC,282,542.0,CHAPECO,Ingestão de Álcool,Colisão frontal,Com Vítimas Feridas,Pleno dia,Decrescente,Nublado,Simples,Reta,Não,5,0,1,2,2,0,3,2,-27.001301,-52.707569,SPRF-SC,DEL07-SC,UOP01-DEL07-SC,2018
113887.0,2018-02-25,domingo,05:00:00,SC,282,516.0,XAXIM,Ingestão de Álcool,Capotamento,Com Vítimas Feridas,Amanhecer,Decrescente,Céu Claro,Simples,Curva,Não,1,0,1,0,0,0,1,1,-26.930862,-52.499157,SPRF-SC,DEL07-SC,UOP01-DEL07-SC,2018
113898.0,2018-02-25,domingo,07:10:00,SC,282,72.0,RANCHO QUEIMADO,Velocidade Incompatível,Saída de leito carroçável,Sem Vítimas,Pleno dia,Crescente,Nublado,Simples,Curva,Não,1,0,0,0,1,0,0,1,-27.683439,-49.105259,SPRF-SC,DEL01-SC,UOP03-DEL01-SC,2018
113919.0,2018-02-25,domingo,05:40:00,SC,282,603.0,MARAVILHA,Ingestão de Álcool,Saída de leito carroçável,Sem Vítimas,Amanhecer,Decrescente,Céu Claro,Simples,Curva,Não,2,0,0,0,2,0,0,1,-26.803013,-53.188068,SPRF-SC,DEL07-SC,UOP02-DEL07-SC,2018
113939.0,2018-02-25,domingo,10:15:00,SC,282,5.0,SAO JOSE,Ultrapassagem Indevida,Colisão traseira,Sem Vítimas,Pleno dia,Decrescente,Céu Claro,Dupla,Reta,Sim,4,0,0,0,3,1,0,4,-27.588425,-48.612919,SPRF-SC,DEL01-SC,UOP01-DEL01-SC,2018
114111.0,2018-02-25,domingo,21:00:00,SC,282,486.3,FAXINAL DOS GUEDES,Falta de Atenção à Condução,Colisão lateral,Com Vítimas Feridas,Plena Noite,Decrescente,Céu Claro,Simples,Reta,Não,2,0,2,0,0,0,2,2,-26.85582448,-52.25700751,SPRF-SC,DEL07-SC,UOP01-DEL07-SC,2018
114116.0,2018-02-25,domingo,18:30:00,SC,282,660.3,SAO MIGUEL DO OESTE,Velocidade Incompatível,Colisão transversal,Com Vítimas Feridas,Pleno dia,Crescente,Nublado,Simples,Reta,Não,7,0,2,2,3,0,4,2,-26.67364753,-53.56855154,SPRF-SC,DEL07-SC,UOP03-DEL07-SC,2018
114194.0,2018-02-26,segunda-feira,08:20:00,SC,282,42.1,AGUAS MORNAS,Velocidade Incompatível,Saída de leito carroçável,Com Vítimas Feridas,Pleno dia,Decrescente,Sol,Simples,Reta,Não,2,0,1,0,1,0,1,2,-27.72058642,-48.88847237,SPRF-SC,DEL01-SC,UOP03-DEL01-SC,2018
114246.0,2018-02-26,segunda-feira,14:00:00,SC,282,343.4,CAMPOS NOVOS,Falta de Atenção à Condução,Colisão lateral,Com Vítimas Feridas,Pleno dia,Crescente,Céu Claro,Simples,Reta,Sim,3,0,2,0,1,0,2,2,-27.38862433,-51.22935265,SPRF-SC,DEL07-SC,UOP06-DEL07-SC,2018
114340.0,2018-02-26,segunda-feira,18:30:00,SC,282,0.5,FLORIANOPOLIS,Falta de Atenção do Pedestre,Atropelamento de Pedestre,Com Vítimas Feridas,Plena Noite,Crescente,Céu Claro,Dupla,Reta,Não,2,0,1,1,0,0,2,2,-27.599,-48.575,SPRF-SC,DEL01-SC,UOP01-DEL01-SC,2018
114470.0,2018-02-27,terça-feira,07:45:00,SC,282,23.6,SANTO AMARO DA IMPERATRIZ,Desobediência às normas de trânsito pelo condutor,Colisão transversal,Com Vítimas Feridas,Pleno dia,Decrescente,Céu Claro,Simples,Rotatória,Sim,2,0,1,0,1,0,1,2,-27.687958,-48.736794,SPRF-SC,DEL01-SC,UOP03-DEL01-SC,2018
114524.0,2018-02-27,terça-feira,11:30:00,SC,282,4.8,FLORIANOPOLIS,Falta de Atenção à Condução,Colisão traseira,Com Vítimas Feridas,Pleno dia,Crescente,Céu Claro,Dupla,Reta,Sim,2,0,1,0,1,0,1,2,-27.5909736,-48.60715485,SPRF-SC,DEL01-SC,UOP01-DEL01-SC,2018
114601.0,2018-02-27,terça-feira,17:00:00,SC,282,2.9,FLORIANOPOLIS,Falta de Atenção à Condução,Colisão lateral,Com Vítimas Feridas,Pleno dia,Decrescente,Chuva,Dupla,Reta,Sim,2,0,1,0,1,0,1,2,-27.60229064,-48.59578443,SPRF-SC,DEL01-SC,UOP01-DEL01-SC,2018
114605.0,2018-02-27,terça-feira,17:55:00,SC,282,276.6,SAO JOSE DO CERRITO,Velocidade Incompatível,Saída de leito carroçável,Sem Vítimas,Pleno dia,Decrescente,Chuva,Simples,Curva;Declive,Não,1,0,0,0,1,0,0,1,-27.59589674,-50.73224545,SPRF-SC,DEL05-SC,UOP02-DEL05-SC,2018
114612.0,2018-02-27,terça-feira,17:50:00,SC,282,33.9,AGUAS MORNAS,Velocidade Incompatível,Saída de leito carroçável,Com Vítimas Feridas,Pleno dia,Decrescente,Céu Claro,Simples,Curva,Não,1,0,0,1,0,0,1,1,-27.706587,-48.808144,SPRF-SC,DEL01-SC,UOP03-DEL01-SC,2018
114671.0,2018-02-27,terça-feira,21:07:00,SC,282,466.0,PONTE SERRADA,Velocidade Incompatível,Saída de leito carroçável,Com Vítimas Feridas,Plena Noite,Crescente,Chuva,Simples,Curva,Não,1,0,1,0,0,0,1,1,-26.854576,-52.086765,SPRF-SC,DEL07-SC,UOP04-DEL07-SC,2018
114673.0,2018-02-28,quarta-feira,01:05:00,SC,282,331.0,CAMPOS NOVOS,Restrição de Visibilidade,Queda de ocupante de veículo,Com Vítimas Feridas,Plena Noite,Decrescente,Nublado,Simples,Reta,Não,1,0,1,0,0,0,1,1,-27.38890623,-51.1183387,SPRF-SC,DEL07-SC,UOP06-DEL07-SC,2018
114689.0,2018-02-28,quarta-feira,06:50:00,SC,282,5.1,SAO JOSE,Não guardar distância de segurança,Colisão traseira,Sem Vítimas,Pleno dia,Decrescente,Céu Claro,Dupla,Reta,Sim,2,0,0,0,2,0,0,2,-27.59,-48.61,SPRF-SC,DEL01-SC,UOP01-DEL01-SC,2018
114868.0,2018-02-28,quarta-feira,17:20:00,SC,282,443.0,PONTE SERRADA,Ingestão de Álcool,Saída de leito carroçável,Sem Vítimas,Pleno dia,Decrescente,Céu Claro,Simples,Curva,Não,1,0,0,0,1,0,0,1,-26.92329437,-51.88087463,SPRF-SC,DEL07-SC,UOP04-DEL07-SC,2018
114934.0,2018-03-01,quinta-feira,07:15:00,SC,282,17.0,PALHOCA,Desobediência às normas de trânsito pelo condutor,Colisão traseira,Com Vítimas Feridas,Pleno dia,Crescente,Céu Claro,Simples,Reta,Não,2,0,1,0,1,0,1,2,-27.665707,-48.688065,SPRF-SC,DEL01-SC,UOP02-DEL01-SC,2018
114937.0,2018-03-01,quinta-feira,07:50:00,SC,282,5.8,SAO JOSE,Falta de Atenção à Condução,Colisão traseira,Sem Vítimas,Pleno dia,Crescente,Céu Claro,Dupla,Reta,Não,3,0,0,0,3,0,0,3,-27.59106642,-48.61038208,SPRF-SC,DEL01-SC,UOP01-DEL01-SC,2018
114948.0,2018-03-01,quinta-feira,08:15:00,SC,282,1.0,FLORIANOPOLIS,Falta de Atenção à Condução,Engavetamento,Com Vítimas Feridas,Pleno dia,Crescente,Céu Claro,Dupla,Reta,Sim,3,0,1,0,2,0,1,3,-27.602955,-48.580509,SPRF-SC,DEL01-SC,UOP01-DEL01-SC,2018
115041.0,2018-03-01,quinta-feira,12:30:00,SC,282,308.5,VARGEM,Falta de Atenção à Condução,Saída de leito carroçável,Sem Vítimas,Pleno dia,Decrescente,Céu Claro,Simples,Curva,Não,1,0,0,0,1,0,0,1,-27.49004952,-50.97794518,SPRF-SC,DEL07-SC,UOP06-DEL07-SC,2018
115065.0,2018-03-01,quinta-feira,18:10:00,SC,282,3.4,FLORIANOPOLIS,Não guardar distância de segurança,Colisão traseira,Com Vítimas Feridas,Pleno dia,Crescente,Céu Claro,Dupla,Reta,Não,2,0,2,0,0,0,2,2,-27.59593477,-48.59115601,SPRF-SC,DEL01-SC,UOP01-DEL01-SC,2018
115139.0,2018-03-02,sexta-feira,03:30:00,SC,282,427.9,VARGEM BONITA,Falta de Atenção à Condução,Colisão com objeto estático,Com Vítimas Feridas,Plena Noite,Crescente,Chuva,Simples,Curva,Não,4,0,4,0,0,0,4,1,-26.975946,-51.771011,SPRF-SC,DEL07-SC,UOP05-DEL07-SC,2018
115257.0,2018-03-02,sexta-feira,15:30:00,SC,282,21.0,PALHOCA,Falta de Atenção à Condução,Colisão traseira,Sem Vítimas,Pleno dia,Decrescente,Nublado,Simples,Reta,Sim,2,0,0,0,1,1,0,2,-27.68907,-48.717541,SPRF-SC,DEL01-SC,UOP02-DEL01-SC,2018
115262.0,2018-03-02,sexta-feira,15:50:00,SC,282,53.0,RANCHO QUEIMADO,Velocidade Incompatível,Saída de leito carroçável,Sem Vítimas,Pleno dia,Decrescente,Garoa/Chuvisco,Simples,Curva,Não,1,0,0,0,1,0,0,1,-27.691511,-48.970215,SPRF-SC,DEL01-SC,UOP03-DEL01-SC,2018
115651.0,2018-03-03,sábado,22:20:00,SC,282,494.0,FAXINAL DOS GUEDES,Pista Escorregadia,Saída de leito carroçável,Com Vítimas Feridas,Plena Noite,Decrescente,Chuva,Simples,Reta,Não,2,0,2,0,0,0,2,1,-26.87763374,-52.31071472,SPRF-SC,DEL07-SC,UOP01-DEL07-SC,2018
115712.0,2018-03-04,domingo,06:20:00,SC,282,526.0,XAXIM,Ingestão de Álcool,Saída de leito carroçável,Com Vítimas Feridas,Amanhecer,Decrescente,Céu Claro,Simples,Curva,Não,1,0,1,0,0,0,1,1,-26.96369381,-52.54829407,SPRF-SC,DEL07-SC,UOP01-DEL07-SC,2018
115906.0,2018-03-04,domingo,21:25:00,SC,282,460.4,PONTE SERRADA,Falta de Atenção do Pedestre,Atropelamento de Pedestre,Com Vítimas Feridas,Plena Noite,Crescente,Céu Claro,Simples,Reta,Sim,2,0,0,1,1,0,1,2,-26.856062,-52.03215,SPRF-SC,DEL07-SC,UOP04-DEL07-SC,2018
116037.0,2018-03-05,segunda-feira,15:10:00,SC,282,164.0,BOM RETIRO,Falta de Atenção à Condução,Colisão traseira,Sem Vítimas,Pleno dia,Crescente,Nublado,Simples,Reta,Não,4,0,0,0,4,0,0,2,-27.733187,-49.792793,SPRF-SC,DEL05-SC,UOP01-DEL05-SC,2018
116079.0,2018-03-05,segunda-feira,20:00:00,SC,282,5.0,SAO JOSE,Falta de Atenção à Condução,Colisão traseira,Sem Vítimas,Plena Noite,Decrescente,Céu Claro,Múltipla,Reta,Sim,3,0,0,0,3,0,0,3,-27.59106642,-48.5925293,SPRF-SC,DEL01-SC,UOP01-DEL01-SC,2018
116201.0,2018-03-06,terça-feira,10:35:00,SC,282,1.0,FLORIANOPOLIS,Falta de Atenção à Condução,Colisão traseira,Sem Vítimas,Pleno dia,Decrescente,Sol,Dupla,Declive;Reta,Sim,3,0,0,0,3,0,0,3,-27.59923296,-48.57732696,SPRF-SC,DEL01-SC,UOP01-DEL01-SC,2018
116280.0,2018-03-06,terça-feira,17:40:00,SC,282,22.0,SANTO AMARO DA IMPERATRIZ,Não guardar distância de segurança,Colisão traseira,Com Vítimas Feridas,Pleno dia,Decrescente,Nublado,Simples,Reta,Sim,2,0,1,0,1,0,1,2,-27.688507,-48.72739,SPRF-SC,DEL01-SC,UOP02-DEL01-SC,2018
116290.0,2018-03-06,terça-feira,17:30:00,SC,282,221.0,LAGES,Velocidade Incompatível,Saída de leito carroçável,Sem Vítimas,Pleno dia,Decrescente,Nublado,Múltipla,Curva,Não,1,0,0,0,0,1,0,1,-27.796358,-50.343426,SPRF-SC,DEL05-SC,UOP01-DEL05-SC,2018
116307.0,2018-03-06,terça-feira,19:20:00,SC,480,126.8,CHAPECO,Sinalização da via insuficiente ou inadequada,Colisão transversal,Com Vítimas Feridas,Plena Noite,Decrescente,Céu Claro,Simples,Viaduto,Não,2,0,0,1,1,0,1,2,-27.02780199,-52.63415694,SPRF-SC,DEL07-SC,UOP01-DEL07-SC,2018
116339.0,2018-03-06,terça-feira,21:50:00,SC,282,488.6,FAXINAL DOS GUEDES,Falta de Atenção à Condução,Colisão transversal,Com Vítimas Feridas,Plena Noite,Decrescente,Céu Claro,Simples,Rotatória,Sim,2,0,0,1,1,0,1,2,-26.86695585,-52.25509644,SPRF-SC,DEL07-SC,UOP01-DEL07-SC,2018
116346.0,2018-03-06,terça-feira,21:50:00,SC,282,32.9,AGUAS MORNAS,Ingestão de Álcool,Colisão transversal,Sem Vítimas,Pleno dia,Crescente,Céu Claro,Simples,Curva,Sim,2,0,0,0,2,0,0,2,-27.70116,-48.800175,SPRF-SC,DEL01-SC,UOP03-DEL01-SC,2018
116348.0,2018-03-06,terça-feira,22:40:00,SC,282,217.0,LAGES,Animais na Pista,Atropelamento de Animal,Sem Vítimas,Plena Noite,Crescente,Céu Claro,Simples,Curva,Sim,1,0,0,0,1,0,0,1,-27.797916,-50.302944,SPRF-SC,DEL05-SC,UOP01-DEL05-SC,2018
116378.0,2018-03-07,quarta-feira,00:30:00,SC,282,231.8,LAGES,Condutor Dormindo,Saída de leito carroçável,Com Vítimas Feridas,Plena Noite,Decrescente,Céu Claro,Simples,Reta;Aclive,Não,1,0,1,0,0,0,1,1,-27.78542747,-50.44369072,SPRF-SC,DEL05-SC,UOP02-DEL05-SC,2018
116405.0,2018-03-07,quarta-feira,07:35:00,SC,282,4.9,SAO JOSE,Não guardar distância de segurança,Colisão traseira,Com Vítimas Feridas,Pleno dia,Decrescente,Sol,Dupla,Aclive;Reta,Sim,2,0,1,0,1,0,1,2,-27.5902249,-48.60912681,SPRF-SC,DEL01-SC,UOP01-DEL01-SC,2018
116457.0,2018-02-19,segunda-feira,17:00:00,SC,282,307.0,VARGEM,Falta de Atenção à Condução,Capotamento,Com Vítimas Feridas,Pleno dia,Crescente,Nublado,Simples,Curva,Não,5,0,2,0,3,0,2,1,-27.51314344,-50.92437744,SPRF-SC,DEL07-SC,UOP06-DEL07-SC,2018
116532.0,2018-03-07,quarta-feira,15:50:00,SC,282,582.6,PINHALZINHO,Falta de Atenção à Condução,Capotamento,Com Vítimas Feridas,Pleno dia,Crescente,Sol,Simples,Curva;Declive,Sim,1,0,1,0,0,0,1,1,-26.82694306,-53.0087328,SPRF-SC,DEL07-SC,UOP02-DEL07-SC,2018
116569.0,2018-03-07,quarta-feira,21:15:00,SC,282,21.0,PALHOCA,Falta de Atenção à Condução,Colisão lateral,Com Vítimas Feridas,Plena Noite,Decrescente,Nublado,Simples,Curva,Sim,3,0,1,0,2,0,1,3,-27.68907,-48.717541,SPRF-SC,DEL01-SC,UOP02-DEL01-SC,2018
116818.0,2018-03-08,quinta-feira,22:00:00,SC,282,506.8,XANXERE,Velocidade Incompatível,Colisão com objeto estático,Com Vítimas Feridas,Plena Noite,Crescente,Nublado,Dupla,Rotatória,Sim,2,0,0,1,0,1,1,2,-26.885712,-52.42907,SPRF-SC,DEL07-SC,UOP01-DEL07-SC,2018
116823.0,2018-03-08,quinta-feira,22:56:00,SC,282,2.0,FLORIANOPOLIS,Falta de Atenção à Condução,Colisão com objeto estático,Sem Vítimas,Plena Noite,Decrescente,Céu Claro,Dupla,Reta,Sim,1,0,0,0,1,0,0,1,-27.59715183,-48.5868001,SPRF-SC,DEL01-SC,UOP01-DEL01-SC,2018
116866.0,2018-03-09,sexta-feira,07:20:00,SC,282,22.6,SANTO AMARO DA IMPERATRIZ,Falta de Atenção à Condução,Colisão transversal,Com Vítimas Feridas,Pleno dia,Crescente,Céu Claro,Simples,Interseção de Vias,Sim,2,0,1,0,1,0,1,2,-27.687958,-48.736794,SPRF-SC,DEL01-SC,UOP02-DEL01-SC,2018
116868.0,2018-03-09,sexta-feira,06:50:00,SC,282,4.8,SAO JOSE,Falta de Atenção à Condução,Colisão traseira,Com Vítimas Feridas,Pleno dia,Decrescente,Céu Claro,Dupla,Reta,Sim,2,0,1,0,1,0,1,2,-27.592646,-48.604034,SPRF-SC,DEL01-SC,UOP01-DEL01-SC,2018
116870.0,2018-03-09,sexta-feira,07:30:00,SC,282,16.0,PALHOCA,Falta de Atenção à Condução,Colisão traseira,Com Vítimas Feridas,Pleno dia,Crescente,Céu Claro,Simples,Reta,Sim,2,0,1,0,1,0,1,2,-27.658611,-48.681847,SPRF-SC,DEL01-SC,UOP02-DEL01-SC,2018
116921.0,2018-03-09,sexta-feira,12:15:00,SC,282,5.0,SAO JOSE,Ultrapassagem Indevida,Colisão lateral,Com Vítimas Feridas,Pleno dia,Crescente,Céu Claro,Dupla,Reta,Sim,2,0,0,1,1,0,1,2,-27.588425,-48.612919,SPRF-SC,DEL01-SC,UOP01-DEL01-SC,2018
117085.0,2018-03-09,sexta-feira,20:10:00,SC,282,503.2,XANXERE,Objeto estático sobre o leito carroçável,Colisão com objeto estático,Sem Vítimas,Plena Noite,Crescente,Céu Claro,Dupla,Curva,Sim,2,0,0,0,1,1,0,2,-26.88492,-52.399788,SPRF-SC,DEL07-SC,UOP01-DEL07-SC,2018
117182.0,2018-03-10,sábado,09:50:00,SC,282,532.4,CORDILHEIRA ALTA,Não guardar distância de segurança,Capotamento,Sem Vítimas,Pleno dia,Crescente,Sol,Simples,Reta,Não,1,0,0,0,1,0,0,1,-26.9961253,-52.61989832,SPRF-SC,DEL07-SC,UOP01-DEL07-SC,2018
117200.0,2018-03-10,sábado,08:10:00,SC,282,585.5,PINHALZINHO,Desobediência às normas de trânsito pelo condutor,Queda de ocupante de veículo,Com Vítimas Feridas,Pleno dia,Decrescente,Sol,Simples,Curva,Não,3,0,1,1,1,0,2,2,-26.83195979,-53.02289486,SPRF-SC,DEL07-SC,UOP02-DEL07-SC,2018