id,data_inversa,dia_semana,horario,uf,br,km,municipio,causa_acidente,tipo_acidente,classificacao_acidente,fase_dia,sentido_via,condicao_metereologica,tipo_pista,tracado_via,uso_solo,pessoas,mortos,feridos_leves,feridos_graves,ilesos,ignorados,feridos,veiculos,latitude,longitude,regional,delegacia,uop,ano_arquivo
117295.0,2018-03-10,sábado,17:00:00,SC,282,48.9,AGUAS MORNAS,Velocidade Incompatível,Saída de leito carroçável,Sem Vítimas,Pleno dia,Crescente,Nublado,Simples,Reta,Não,1,0,0,0,1,0,0,1,-27.7125108,-48.94407034,SPRF-SC,DEL01-SC,UOP03-DEL01-SC,2018
117314.0,2018-03-10,sábado,13:00:00,SC,282,182.9,BOCAINA DO SUL,Falta de Atenção à Condução,Colisão lateral,Sem Vítimas,Pleno dia,Decrescente,Céu Claro,Simples,Reta,Não,2,0,0,0,2,0,0,2,-27.75160769,-50.07019043,SPRF-SC,DEL05-SC,UOP01-DEL05-SC,2018
117405.0,2018-03-11,domingo,00:30:00,SC,282,323.0,CAMPOS NOVOS,Ingestão de Álcool,Saída de leito carroçável,Com Vítimas Feridas,Plena Noite,Decrescente,Céu Claro,Simples,Curva;Rotatória,Não,1,0,1,0,0,0,1,1,-27.37462381,-51.06783807,SPRF-SC,DEL07-SC,UOP06-DEL07-SC,2018
117411.0,2018-03-11,domingo,00:02:00,SC,282,576.0,PINHALZINHO,Ingestão de Álcool,Colisão frontal,Com Vítimas Feridas,Plena Noite,Decrescente,Céu Claro,Simples,Reta,Sim,2,0,0,1,1,0,1,2,-26.85102901,-52.98500061,SPRF-SC,DEL07-SC,UOP02-DEL07-SC,2018
117412.0,2018-03-10,sábado,23:00:00,SC,282,579.0,PINHALZINHO,Ingestão de Álcool,Saída de leito carroçável,Com Vítimas Feridas,Plena Noite,Crescente,Céu Claro,Simples,Reta,Sim,2,0,1,0,1,0,1,1,-26.84957404,-52.98025846,SPRF-SC,DEL07-SC,UOP02-DEL07-SC,2018
117415.0,2018-03-11,domingo,03:50:00,SC,282,3.5,FLORIANOPOLIS,Velocidade Incompatível,Atropelamento de Pedestre,Com Vítimas Fatais,Plena Noite,Decrescente,Nublado,Dupla,Curva,Sim,3,1,1,1,0,0,2,2,-27.59593477,-48.60214233,SPRF-SC,DEL01-SC,UOP01-DEL01-SC,2018
117501.0,2018-03-11,domingo,11:40:00,SC,282,232.2,LAGES,Falta de Atenção à Condução,Colisão transversal,Com Vítimas Feridas,Pleno dia,Crescente,Céu Claro,Simples,Interseção de Vias;Curva,Não,4,0,3,0,1,0,3,2,-27.78806141,-50.43960571,SPRF-SC,DEL05-SC,UOP02-DEL05-SC,2018
117602.0,2018-03-11,domingo,17:10:00,SC,282,496.0,XANXERE,Falta de Atenção à Condução,Colisão traseira,Sem Vítimas,Pleno dia,Crescente,Sol,Simples,Reta,Não,2,0,0,0,2,0,0,2,-26.878679,-52.335735,SPRF-SC,DEL07-SC,UOP01-DEL07-SC,2018
117609.0,2018-03-11,domingo,16:40:00,SC,282,486.9,FAXINAL DOS GUEDES,Pista Escorregadia,Colisão frontal,Com Vítimas Fatais,Pleno dia,Decrescente,Chuva,Simples,Curva,Sim,6,2,1,3,0,0,4,2,-26.85470463,-52.2530365,SPRF-SC,DEL07-SC,UOP01-DEL07-SC,2018
117645.0,2018-03-11,domingo,21:50:00,SC,480,130.5,CHAPECO,Ingestão de álcool e/ou substâncias psicoativas pelo pedestre,Colisão frontal,Sem Vítimas,Plena Noite,Decrescente,Céu Claro,Múltipla,Curva,Não,3,0,0,0,3,0,0,2,-27.02487748,-52.64099121,SPRF-SC,DEL07-SC,UOP01-DEL07-SC,2018
117739.0,2018-03-12,segunda-feira,09:00:00,SC,282,86.9,ALFREDO WAGNER,Velocidade Incompatível,Colisão transversal,Com Vítimas Feridas,Pleno dia,Crescente,Céu Claro,Simples,Curva,Não,2,0,2,0,0,0,2,2,-27.661551,-49.197906,SPRF-SC,DEL01-SC,UOP03-DEL01-SC,2018
117775.0,2018-03-12,segunda-feira,13:20:00,SC,282,22.2,PALHOCA,Desobediência às normas de trânsito pelo condutor,Colisão traseira,Sem Vítimas,Pleno dia,Decrescente,Nublado,Simples,Reta,Sim,2,0,0,0,2,0,0,2,-27.688507,-48.72739,SPRF-SC,DEL01-SC,UOP02-DEL01-SC,2018
117780.0,2018-03-12,segunda-feira,14:05:00,SC,282,4.8,SAO JOSE,Falta de Atenção à Condução,Colisão traseira,Com Vítimas Feridas,Pleno dia,Decrescente,Nublado,Dupla,Reta,Sim,2,0,1,0,1,0,1,2,-27.591,-48.607,SPRF-SC,DEL01-SC,UOP01-DEL01-SC,2018
117814.0,2018-03-08,quinta-feira,01:52:00,SC,282,325.5,CAMPOS NOVOS,Condutor Dormindo,Colisão frontal,Com Vítimas Fatais,Plena Noite,Crescente,Céu Claro,Simples,Reta,Não,3,1,1,1,0,0,2,2,-27.37744564,-51.09301329,SPRF-SC,DEL07-SC,UOP06-DEL07-SC,2018
117896.0,2018-03-12,segunda-feira,22:30:00,SC,282,149.1,BOM RETIRO,Falta de Atenção à Condução,Saída de leito carroçável,Sem Vítimas,Plena Noite,Crescente,Céu Claro,Simples,Reta,Não,1,0,0,0,0,1,0,1,-27.73702278,-49.75639343,SPRF-SC,DEL05-SC,UOP01-DEL05-SC,2018
118004.0,2018-03-13,terça-feira,13:50:00,SC,282,485.2,FAXINAL DOS GUEDES,Ingestão de Álcool,Colisão lateral,Sem Vítimas,Pleno dia,Crescente,Sol,Simples,Reta,Não,2,0,0,0,1,1,0,2,-26.86167268,-52.23486185,SPRF-SC,DEL07-SC,UOP01-DEL07-SC,2018
118056.0,2018-03-13,terça-feira,17:50:00,SC,282,5.0,SAO JOSE,Restrição de Visibilidade,Colisão traseira,Com Vítimas Feridas,Pleno dia,Decrescente,Céu Claro,Dupla,Declive,Sim,2,0,1,0,1,0,1,2,-27.588425,-48.612919,SPRF-SC,DEL01-SC,UOP01-DEL01-SC,2018
118070.0,2018-03-13,terça-feira,20:20:00,SC,282,212.2,LAGES,Falta de Atenção à Condução,Colisão transversal,Sem Vítimas,Plena Noite,Decrescente,Nublado,Simples,Interseção de Vias,Não,2,0,0,0,2,0,0,2,-27.78287889,-50.25313854,SPRF-SC,DEL05-SC,UOP01-DEL05-SC,2018
118089.0,2018-03-13,terça-feira,23:40:00,SC,282,250.0,SAO JOSE DO CERRITO,Falta de Atenção à Condução,Colisão com objeto estático,Sem Vítimas,Plena Noite,Crescente,Céu Claro,Simples,Reta,Não,2,0,0,0,2,0,0,2,-27.69451981,-50.54659182,SPRF-SC,DEL05-SC,UOP02-DEL05-SC,2018
118117.0,2018-03-14,quarta-feira,10:20:00,SC,282,3.0,FLORIANOPOLIS,Não guardar distância de segurança,Queda de ocupante de veículo,Com Vítimas Feridas,Pleno dia,Decrescente,Céu Claro,Dupla,Curva,Sim,1,0,1,0,0,0,1,1,-27.600384,-48.599705,SPRF-SC,DEL01-SC,UOP01-DEL01-SC,2018
118143.0,2018-03-14,quarta-feira,11:30:00,SC,282,5.0,SAO JOSE,Falta de Atenção à Condução,Colisão traseira,Com Vítimas Feridas,Pleno dia,Decrescente,Céu Claro,Dupla,Reta,Não,2,0,1,0,1,0,1,2,-27.59309069,-48.59729294,SPRF-SC,DEL01-SC,UOP01-DEL01-SC,2018
118148.0,2018-03-14,quarta-feira,07:50:00,SC,282,334.3,CAMPOS NOVOS,Velocidade Incompatível,Saída de leito carroçável,Sem Vítimas,Pleno dia,Decrescente,Chuva,Simples,Curva;Aclive,Não,1,0,0,0,1,0,0,1,-27.39266901,-51.17858648,SPRF-SC,DEL07-SC,UOP06-DEL07-SC,2018
118202.0,2018-03-14,quarta-feira,14:00:00,SC,282,5.0,SAO JOSE,Falta de Atenção à Condução,Colisão traseira,Com Vítimas Feridas,Pleno dia,Decrescente,Céu Claro,Múltipla,Reta,Sim,3,0,2,0,1,0,2,3,-27.588425,-48.612919,SPRF-SC,DEL01-SC,UOP01-DEL01-SC,2018
118224.0,2018-03-14,quarta-feira,14:25:00,SC,282,491.1,FAXINAL DOS GUEDES,Velocidade Incompatível,Saída de leito carroçável,Com Vítimas Feridas,Pleno dia,Decrescente,Chuva,Simples,Curva,Não,1,0,1,0,0,0,1,1,-26.872433,-52.291599,SPRF-SC,DEL07-SC,UOP01-DEL07-SC,2018
118299.0,2018-03-14,quarta-feira,11:10:00,SC,282,305.6,VARGEM,Pista Escorregadia,Colisão frontal,Sem Vítimas,Pleno dia,Crescente,Chuva,Simples,Curva,Não,2,0,0,0,2,0,0,2,-27.500679,-50.949047,SPRF-SC,DEL07-SC,UOP06-DEL07-SC,2018
118405.0,2018-03-15,quinta-feira,13:10:00,SC,282,15.9,PALHOCA,Desobediência às normas de trânsito pelo condutor,Colisão transversal,Com Vítimas Feridas,Pleno dia,Decrescente,Nublado,Simples,Reta,Sim,2,0,1,0,1,0,1,2,-27.651848,-48.676048,SPRF-SC,DEL01-SC,UOP02-DEL01-SC,2018
118449.0,2018-03-15,quinta-feira,13:30:00,SC,282,118.1,BOM RETIRO,Falta de Atenção à Condução,Saída de leito carroçável,Com Vítimas Feridas,Pleno dia,Decrescente,Céu Claro,Simples,Curva,Não,5,0,3,0,2,0,3,1,-27.776798,-49.411194,SPRF-SC,DEL05-SC,UOP01-DEL05-SC,2018
118458.0,2018-03-15,quinta-feira,16:30:00,SC,282,33.0,AGUAS MORNAS,Falta de Atenção à Condução,Saída de leito carroçável,Com Vítimas Feridas,Pleno dia,Decrescente,Céu Claro,Simples,Curva,Sim,1,0,1,0,0,0,1,1,-27.70669777,-48.80818963,SPRF-SC,DEL01-SC,UOP03-DEL01-SC,2018
118469.0,2018-03-15,quinta-feira,12:45:00,SC,282,523.9,XAXIM,Velocidade Incompatível,Saída de leito carroçável,Sem Vítimas,Pleno dia,Crescente,Chuva,Simples,Curva,Não,1,0,0,0,1,0,0,1,-26.96614179,-52.55722046,SPRF-SC,DEL07-SC,UOP01-DEL07-SC,2018
118480.0,2018-03-15,quinta-feira,16:45:00,SC,282,499.2,XANXERE,Falta de Atenção à Condução,Colisão transversal,Sem Vítimas,Pleno dia,Crescente,Nublado,Dupla,Interseção de Vias,Sim,2,0,0,0,2,0,0,2,-26.88288046,-52.36495972,SPRF-SC,DEL07-SC,UOP01-DEL07-SC,2018
118482.0,2018-03-15,quinta-feira,18:37:00,SC,282,4.0,FLORIANOPOLIS,Não guardar distância de segurança,Colisão traseira,Com Vítimas Feridas,Plena Noite,Crescente,Nublado,Múltipla,Reta,Sim,3,0,1,0,2,0,1,3,-27.598,-48.6,SPRF-SC,DEL01-SC,UOP01-DEL01-SC,2018
118531.0,2018-03-15,quinta-feira,22:50:00,SC,282,570.1,NOVA ERECHIM,Falta de Atenção à Condução,Saída de leito carroçável,Sem Vítimas,Plena Noite,Decrescente,Nevoeiro/Neblina,Simples,Aclive;Retorno Regulamentado,Não,1,0,0,0,1,0,0,1,-26.89006,-52.93306,SPRF-SC,DEL07-SC,UOP02-DEL07-SC,2018
118584.0,2018-03-16,sexta-feira,07:45:00,SC,282,5.5,SAO JOSE,Falta de Atenção à Condução,Colisão traseira,Com Vítimas Feridas,Pleno dia,Crescente,Sol,Dupla,Reta,Sim,6,0,1,0,4,1,1,5,-27.58720107,-48.61511794,SPRF-SC,DEL01-SC,UOP01-DEL01-SC,2018
118645.0,2018-03-16,sexta-feira,08:50:00,SC,480,127.6,CHAPECO,Ultrapassagem Indevida,Colisão lateral,Sem Vítimas,Pleno dia,Decrescente,Sol,Dupla,Reta,Sim,2,0,0,0,2,0,0,2,-27.04077978,-52.63893127,SPRF-SC,DEL07-SC,UOP01-DEL07-SC,2018
118652.0,2018-03-16,sexta-feira,09:30:00,SC,282,618.8,IRACEMINHA,Ultrapassagem Indevida,Saída de leito carroçável,Com Vítimas Feridas,Pleno dia,Decrescente,Nublado,Simples,Aclive;Reta,Não,1,0,1,0,0,0,1,1,-26.788088,-53.293259,SPRF-SC,DEL07-SC,UOP02-DEL07-SC,2018
118664.0,2018-03-16,sexta-feira,13:35:00,SC,282,21.1,PALHOCA,Falta de Atenção à Condução,Colisão transversal,Sem Vítimas,Pleno dia,Decrescente,Céu Claro,Simples,Reta,Sim,2,0,0,0,2,0,0,2,-27.68907,-48.717541,SPRF-SC,DEL01-SC,UOP02-DEL01-SC,2018
118720.0,2018-03-16,sexta-feira,13:10:00,SC,282,66.8,RANCHO QUEIMADO,Defeito Mecânico no Veículo,Saída de leito carroçável,Com Vítimas Feridas,Pleno dia,Decrescente,Céu Claro,Simples,Aclive;Reta,Não,2,0,1,0,1,0,1,1,-27.70183005,-49.06630296,SPRF-SC,DEL01-SC,UOP03-DEL01-SC,2018
118819.0,2018-03-16,sexta-feira,23:35:00,SC,282,209.3,LAGES,Ingestão de Álcool,Colisão traseira,Sem Vítimas,Plena Noite,Decrescente,Céu Claro,Simples,Aclive,Não,2,0,0,0,2,0,0,2,-27.778063,-50.229657,SPRF-SC,DEL05-SC,UOP01-DEL05-SC,2018
118915.0,2018-01-08,segunda-feira,07:00:00,SC,282,106.8,ALFREDO WAGNER,Condutor Dormindo,Colisão lateral,Sem Vítimas,Pleno dia,Crescente,Céu Claro,Simples,Curva,Não,2,0,0,0,2,0,0,2,-27.7318797,-49.3641545,SPRF-SC,DEL01-SC,UOP03-DEL01-SC,2018
118944.0,2018-03-17,sábado,12:50:00,SC,282,2.0,FLORIANOPOLIS,Falta de Atenção à Condução,Colisão lateral,Com Vítimas Feridas,Pleno dia,Decrescente,Céu Claro,Dupla,Reta,Não,2,0,1,0,1,0,1,2,-27.603289,-48.590416,SPRF-SC,DEL01-SC,UOP01-DEL01-SC,2018
119116.0,2018-03-18,domingo,04:45:00,SC,282,2.2,FLORIANOPOLIS,Falta de Atenção à Condução,Colisão traseira,Sem Vítimas,Plena Noite,Crescente,Nublado,Dupla,Reta,Sim,2,0,0,0,2,0,0,2,-27.603289,-48.590416,SPRF-SC,DEL01-SC,UOP01-DEL01-SC,2018
119149.0,2018-03-18,domingo,08:15:00,SC,282,0.2,FLORIANOPOLIS,Ingestão de Álcool,Colisão traseira,Com Vítimas Feridas,Pleno dia,Crescente,Céu Claro,Dupla,Curva,Não,3,0,3,0,0,0,3,2,-27.598,-48.579,SPRF-SC,DEL01-SC,UOP01-DEL01-SC,2018
119152.0,2018-03-18,domingo,07:25:00,SC,282,633.0,DESCANSO,Falta de Atenção à Condução,Colisão transversal,Com Vítimas Feridas,Pleno dia,Decrescente,Céu Claro,Simples,Curva,Não,2,0,0,1,1,0,1,2,-26.824224,-53.412407,SPRF-SC,DEL07-SC,UOP03-DEL07-SC,2018
119178.0,2018-03-18,domingo,09:10:00,SC,282,568.0,NOVA ERECHIM,Falta de Atenção à Condução,Colisão lateral,Sem Vítimas,Pleno dia,Crescente,Céu Claro,Simples,Rotatória,Sim,2,0,0,0,2,0,0,2,-26.90519409,-52.90322542,SPRF-SC,DEL07-SC,UOP02-DEL07-SC,2018
119264.0,2018-03-18,domingo,14:45:00,SC,282,287.0,SAO JOSE DO CERRITO,Pista Escorregadia,Saída de leito carroçável,Com Vítimas Feridas,Pleno dia,Crescente,Garoa/Chuvisco,Simples,Curva,Não,1,0,1,0,0,0,1,1,-27.568613,-50.818073,SPRF-SC,DEL05-SC,UOP02-DEL05-SC,2018
119357.0,2018-03-19,segunda-feira,02:00:00,SC,282,518.7,XAXIM,Ingestão de Álcool,Capotamento,Com Vítimas Feridas,Plena Noite,Decrescente,Nublado,Simples,Reta,Sim,1,0,1,0,0,0,1,1,-26.94554741,-52.51287818,SPRF-SC,DEL07-SC,UOP01-DEL07-SC,2018
119450.0,2018-03-19,segunda-feira,13:35:00,SC,282,3.5,FLORIANOPOLIS,Falta de Atenção à Condução,Colisão traseira,Com Vítimas Feridas,Pleno dia,Crescente,Nublado,Múltipla,Reta,Sim,2,0,1,0,1,0,1,2,-27.600384,-48.599705,SPRF-SC,DEL01-SC,UOP01-DEL01-SC,2018
119485.0,2018-03-19,segunda-feira,11:30:00,SC,282,140.3,BOM RETIRO,Falta de Atenção à Condução,Saída de leito carroçável,Com Vítimas Feridas,Pleno dia,Decrescente,Céu Claro,Simples,Curva,Não,3,0,2,0,1,0,2,1,-27.818821,-49.590221,SPRF-SC,DEL05-SC,UOP01-DEL05-SC,2018
119490.0,2018-03-19,segunda-feira,18:15:00,SC,282,2.0,FLORIANOPOLIS,Falta de Atenção à Condução,Colisão lateral,Com Vítimas Feridas,Plena Noite,Crescente,Garoa/Chuvisco,Múltipla,Reta,Sim,2,0,1,0,1,0,1,2,-27.60365523,-48.58600616,SPRF-SC,DEL01-SC,UOP01-DEL01-SC,2018
119491.0,2018-03-19,segunda-feira,17:00:00,SC,282,186.0,BOCAINA DO SUL,Pista Escorregadia,Saída de leito carroçável,Com Vítimas Feridas,Pleno dia,Decrescente,Céu Claro,Simples,Reta,Não,2,0,1,0,1,0,1,1,-27.75403832,-50.05851746,SPRF-SC,DEL05-SC,UOP01-DEL05-SC,2018
119613.0,2018-03-14,quarta-feira,23:25:00,SC,282,489.2,FAXINAL DOS GUEDES,Velocidade Incompatível,Saída de leito carroçável,Sem Vítimas,Plena Noite,Decrescente,Nublado,Simples,Reta,Não,1,0,0,0,1,0,0,1,-26.86940594,-52.26676941,SPRF-SC,DEL07-SC,UOP01-DEL07-SC,2018
119619.0,2018-02-23,sexta-feira,11:15:00,SC,282,185.3,BOCAINA DO SUL,Falta de Atenção à Condução,Colisão traseira,Sem Vítimas,Pleno dia,Crescente,Céu Claro,Simples,Reta,Não,3,0,0,0,3,0,0,3,-27.75160769,-50.06538391,SPRF-SC,DEL05-SC,UOP01-DEL05-SC,2018
119652.0,2018-03-20,terça-feira,10:00:00,SC,282,47.8,AGUAS MORNAS,Velocidade Incompatível,Capotamento,Sem Vítimas,Pleno dia,Decrescente,Chuva,Simples,Curva,Não,1,0,0,0,1,0,0,1,-27.71918953,-48.93721361,SPRF-SC,DEL01-SC,UOP03-DEL01-SC,2018
119685.0,2018-03-20,terça-feira,11:30:00,SC,282,92.5,ALFREDO WAGNER,Velocidade Incompatível,Saída de leito carroçável,Sem Vítimas,Pleno dia,Crescente,Chuva,Simples,Reta,Não,1,0,0,0,1,0,0,1,-27.697363,-49.23542,SPRF-SC,DEL01-SC,UOP03-DEL01-SC,2018
119700.0,2018-03-20,terça-feira,16:20:00,SC,282,64.4,RANCHO QUEIMADO,Falta de Atenção à Condução,Colisão frontal,Sem Vítimas,Pleno dia,Crescente,Chuva,Múltipla,Curva,Não,2,0,0,0,2,0,0,2,-27.70095267,-49.05394334,SPRF-SC,DEL01-SC,UOP03-DEL01-SC,2018
119708.0,2018-03-20,terça-feira,18:00:00,SC,282,2.7,FLORIANOPOLIS,Falta de Atenção à Condução,Colisão traseira,Com Vítimas Feridas,Anoitecer,Crescente,Chuva,Dupla,Reta,Sim,3,0,1,0,2,0,1,2,-27.60189631,-48.59708277,SPRF-SC,DEL01-SC,UOP01-DEL01-SC,2018
119761.0,2018-03-20,terça-feira,17:00:00,SC,282,501.1,XANXERE,Velocidade Incompatível,Saída de leito carroçável,Sem Vítimas,Pleno dia,Crescente,Chuva,Dupla,Rotatória,Sim,1,0,0,0,1,0,0,1,-26.882715,-52.381729,SPRF-SC,DEL07-SC,UOP01-DEL07-SC,2018
119906.0,2018-03-21,quarta-feira,16:00:00,SC,282,4.0,SAO JOSE,Falta de Atenção à Condução,Colisão traseira,Com Vítimas Feridas,Pleno dia,Crescente,Céu Claro,Múltipla,Reta,Não,3,0,1,0,2,0,1,2,-27.59228353,-48.60739946,SPRF-SC,DEL01-SC,UOP01-DEL01-SC,2018
119919.0,2018-03-21,quarta-feira,17:00:00,SC,282,16.5,PALHOCA,Não guardar distância de segurança,Colisão traseira,Com Vítimas Feridas,Pleno dia,Decrescente,Céu Claro,Simples,Reta,Não,2,0,1,0,1,0,1,2,-27.64622379,-48.65240789,SPRF-SC,DEL01-SC,UOP02-DEL01-SC,2018
119960.0,2018-03-21,quarta-feira,21:40:00,SC,282,16.4,PALHOCA,Desobediência às normas de trânsito pelo condutor,Colisão transversal,Com Vítimas Feridas,Plena Noite,Crescente,Nublado,Simples,Reta,Sim,2,0,1,0,1,0,1,2,-27.66173136,-48.68457198,SPRF-SC,DEL01-SC,UOP02-DEL01-SC,2018
119997.0,2018-03-21,quarta-feira,23:50:00,SC,282,29.9,SANTO AMARO DA IMPERATRIZ,Agressão Externa,Saída de leito carroçável,Sem Vítimas,Plena Noite,Decrescente,Céu Claro,Simples,Curva,Não,1,0,0,0,1,0,0,1,-27.68668701,-48.7903583,SPRF-SC,DEL01-SC,UOP03-DEL01-SC,2018
120041.0,2018-03-06,terça-feira,13:05:00,SC,282,36.0,AGUAS MORNAS,Falta de Atenção à Condução,Colisão frontal,Com Vítimas Feridas,Pleno dia,Crescente,Céu Claro,Simples,Curva,Sim,4,0,0,3,1,0,3,3,-27.704855,-48.834026,SPRF-SC,DEL01-SC,UOP03-DEL01-SC,2018
120052.0,2018-03-22,quinta-feira,09:50:00,SC,282,2.0,FLORIANOPOLIS,Falta de Atenção à Condução,Colisão lateral,Com Vítimas Feridas,Pleno dia,Decrescente,Céu Claro,Dupla,Reta,Sim,2,0,1,0,1,0,1,2,-27.603289,-48.590416,SPRF-SC,DEL01-SC,UOP01-DEL01-SC,2018
120166.0,2018-03-22,quinta-feira,19:20:00,SC,282,5.5,SAO JOSE,Falta de Atenção à Condução,Colisão lateral,Sem Vítimas,Plena Noite,Crescente,Céu Claro,Dupla,Reta,Sim,2,0,0,0,2,0,0,2,-27.588425,-48.612919,SPRF-SC,DEL01-SC,UOP01-DEL01-SC,2018
120257.0,2018-03-23,sexta-feira,07:50:00,SC,282,17.0,PALHOCA,Desobediência às normas de trânsito pelo condutor,Colisão transversal,Com Vítimas Feridas,Pleno dia,Decrescente,Sol,Simples,Reta,Não,2,0,0,1,1,0,1,2,-27.665707,-48.688065,SPRF-SC,DEL01-SC,UOP02-DEL01-SC,2018
120279.0,2018-03-23,sexta-feira,07:30:00,SC,282,454.9,PONTE SERRADA,Defeito na Via,Colisão traseira,Com Vítimas Fatais,Amanhecer,Decrescente,Céu Claro,Simples,Reta,Não,2,1,0,0,1,0,0,2,-26.891756,-51.98447,SPRF-SC,DEL07-SC,UOP04-DEL07-SC,2018
120449.0,2018-03-23,sexta-feira,21:30:00,SC,282,516.8,XAXIM,Falta de Atenção à Condução,Colisão traseira,Sem Vítimas,Plena Noite,Decrescente,Nublado,Simples,Aclive,Não,3,0,0,0,3,0,0,3,-26.94900478,-52.51533508,SPRF-SC,DEL07-SC,UOP01-DEL07-SC,2018
120455.0,2018-03-24,sábado,03:00:00,SC,282,219.0,LAGES,Ingestão de Álcool,Colisão com objeto estático,Sem Vítimas,Plena Noite,Decrescente,Garoa/Chuvisco,Simples,Reta,Não,1,0,0,0,1,0,0,1,-27.795521,-50.323608,SPRF-SC,DEL05-SC,UOP01-DEL05-SC,2018
120577.0,2018-03-24,sábado,08:30:00,SC,282,87.0,ALFREDO WAGNER,Velocidade Incompatível,Colisão frontal,Com Vítimas Feridas,Pleno dia,Decrescente,Nublado,Simples,Curva,Não,2,0,1,0,1,0,1,2,-27.664766,-49.20578,SPRF-SC,DEL01-SC,UOP03-DEL01-SC,2018
120610.0,2018-03-24,sábado,08:20:00,SC,282,89.1,ALFREDO WAGNER,Falta de Atenção à Condução,Saída de leito carroçável,Com Vítimas Feridas,Pleno dia,Crescente,Nublado,Simples,Curva,Não,3,0,1,1,1,0,2,1,-27.67806031,-49.21672761,SPRF-SC,DEL01-SC,UOP03-DEL01-SC,2018
120667.0,2018-03-20,terça-feira,19:15:00,SC,480,125.9,CHAPECO,Não guardar distância de segurança,Colisão traseira,Com Vítimas Feridas,Plena Noite,Decrescente,Nublado,Dupla,Reta,Sim,3,0,0,1,1,1,1,3,-27.03344053,-52.63549805,SPRF-SC,DEL07-SC,UOP01-DEL07-SC,2018
120752.0,2018-03-25,domingo,01:10:00,SC,282,516.0,XAXIM,Condutor Dormindo,Saída de leito carroçável,Sem Vítimas,Pleno dia,Decrescente,Nublado,Simples,Curva,Não,1,0,0,0,1,0,0,1,-26.91227383,-52.49473572,SPRF-SC,DEL07-SC,UOP01-DEL07-SC,2018
120761.0,2018-03-24,sábado,23:40:00,SC,282,211.5,LAGES,Restrição de Visibilidade,Colisão frontal,Com Vítimas Fatais,Plena Noite,Decrescente,Chuva,Simples,Reta,Não,3,1,0,1,1,0,1,2,-27.780222,-50.241741,SPRF-SC,DEL05-SC,UOP01-DEL05-SC,2018
120805.0,2018-03-25,domingo,07:35:00,SC,282,2.0,FLORIANOPOLIS,Falta de Atenção à Condução,Colisão lateral,Com Vítimas Feridas,Pleno dia,Decrescente,Chuva,Dupla,Curva,Sim,2,0,2,0,0,0,2,2,-27.60001851,-48.59993664,SPRF-SC,DEL01-SC,UOP01-DEL01-SC,2018
120818.0,2018-03-25,domingo,07:00:00,SC,282,633.0,DESCANSO,Velocidade Incompatível,Saída de leito carroçável,Com Vítimas Feridas,Amanhecer,Decrescente,Chuva,Simples,Declive;Curva,Não,1,0,1,0,0,0,1,1,-26.82577501,-53.41337085,SPRF-SC,DEL07-SC,UOP03-DEL07-SC,2018
120828.0,2018-03-25,domingo,08:20:00,SC,282,48.7,AGUAS MORNAS,Velocidade Incompatível,Saída de leito carroçável,Sem Vítimas,Pleno dia,Crescente,Chuva,Simples,Curva,Não,1,0,0,0,1,0,0,1,-27.7153849,-48.9446411,SPRF-SC,DEL01-SC,UOP03-DEL01-SC,2018
120872.0,2018-03-25,domingo,13:50:00,SC,282,405.2,JOACABA,Desobediência às normas de trânsito pelo condutor,Colisão traseira,Com Vítimas Feridas,Pleno dia,Decrescente,Nublado,Simples,Reta;Declive,Não,4,0,0,1,3,0,1,2,-27.098232,-51.651218,SPRF-SC,DEL07-SC,UOP05-DEL07-SC,2018
120970.0,2018-03-25,domingo,20:45:00,SC,282,17.0,PALHOCA,Desobediência às normas de trânsito pelo condutor,Colisão transversal,Com Vítimas Feridas,Plena Noite,Crescente,Céu Claro,Simples,Reta,Sim,3,0,2,0,1,0,2,2,-27.665707,-48.688065,SPRF-SC,DEL01-SC,UOP02-DEL01-SC,2018
121013.0,2018-03-26,segunda-feira,01:40:00,SC,282,596.0,SAUDADES,Velocidade Incompatível,Saída de leito carroçável,Sem Vítimas,Plena Noite,Crescente,Céu Claro,Simples,Curva,Não,1,0,0,0,0,1,0,1,-26.83354032,-53.10386828,SPRF-SC,DEL07-SC,UOP02-DEL07-SC,2018
121117.0,2018-03-26,segunda-feira,11:30:00,SC,282,504.6,XANXERE,Desobediência às normas de trânsito pelo condutor,Colisão lateral,Com Vítimas Feridas,Pleno dia,Crescente,Sol,Simples,Interseção de Vias,Sim,2,0,0,1,1,0,1,2,-26.884646,-52.4111259,SPRF-SC,DEL07-SC,UOP01-DEL07-SC,2018
121183.0,2018-03-26,segunda-feira,15:00:00,SC,282,432.0,VARGEM BONITA,Falta de Atenção à Condução,Saída de leito carroçável,Com Vítimas Feridas,Pleno dia,Crescente,Céu Claro,Simples,Reta,Não,5,0,1,0,0,4,1,1,-26.981241,-51.814842,SPRF-SC,DEL07-SC,UOP05-DEL07-SC,2018
121191.0,2018-03-26,segunda-feira,18:45:00,SC,282,22.4,SANTO AMARO DA IMPERATRIZ,Restrição de Visibilidade,Atropelamento de Pedestre,Com Vítimas Feridas,Plena Noite,Decrescente,Chuva,Simples,Reta,Sim,2,0,1,0,1,0,1,2,-27.68038649,-48.76460264,SPRF-SC,DEL01-SC,UOP02-DEL01-SC,2018
121394.0,2018-03-27,terça-feira,18:00:00,SC,282,2.7,FLORIANOPOLIS,Não guardar distância de segurança,Colisão traseira,Com Vítimas Feridas,Plena Noite,Decrescente,Nublado,Dupla,Reta,Sim,4,0,1,0,3,0,1,3,-27.603289,-48.590416,SPRF-SC,DEL01-SC,UOP01-DEL01-SC,2018