id,data_inversa,dia_semana,horario,uf,br,km,municipio,causa_acidente,tipo_acidente,classificacao_acidente,fase_dia,sentido_via,condicao_metereologica,tipo_pista,tracado_via,uso_solo,pessoas,mortos,feridos_leves,feridos_graves,ilesos,ignorados,feridos,veiculos,latitude,longitude,regional,delegacia,uop,ano_arquivo
121443.0,2018-03-27,terça-feira,22:30:00,SC,282,1.0,FLORIANOPOLIS,Falta de Atenção à Condução,Colisão traseira,Sem Vítimas,Plena Noite,Decrescente,Nublado,Dupla,Curva,Sim,2,0,0,0,2,0,0,2,-27.60101208,-48.57763139,SPRF-SC,DEL01-SC,UOP01-DEL01-SC,2018
121448.0,2018-03-27,terça-feira,17:30:00,SC,282,259.2,SAO JOSE DO CERRITO,Falta de Atenção à Condução,Saída de leito carroçável,Com Vítimas Feridas,Anoitecer,Crescente,Chuva,Simples,Aclive;Curva,Não,2,0,2,0,0,0,2,1,-27.62757378,-50.62637329,SPRF-SC,DEL05-SC,UOP02-DEL05-SC,2018
121473.0,2018-03-28,quarta-feira,02:45:00,SC,282,86.9,ALFREDO WAGNER,Falta de Atenção à Condução,Saída de leito carroçável,Com Vítimas Feridas,Pleno dia,Crescente,Céu Claro,Simples,Curva,Não,1,0,1,0,0,0,1,1,-27.664766,-49.20578,SPRF-SC,DEL01-SC,UOP03-DEL01-SC,2018
121512.0,2018-03-28,quarta-feira,07:10:00,SC,282,519.0,XAXIM,Falta de Atenção à Condução,Tombamento,Com Vítimas Feridas,Pleno dia,Decrescente,Chuva,Simples,Declive;Reta,Não,2,0,1,0,1,0,1,2,-26.95979732,-52.5276947,SPRF-SC,DEL07-SC,UOP01-DEL07-SC,2018
121535.0,2018-03-28,quarta-feira,09:20:00,SC,282,344.1,CAMPOS NOVOS,Pista Escorregadia,Saída de leito carroçável,Sem Vítimas,Pleno dia,Crescente,Chuva,Simples,Rotatória,Não,1,0,0,0,1,0,0,1,-27.381166,-51.240082,SPRF-SC,DEL07-SC,UOP06-DEL07-SC,2018
121646.0,2018-03-28,quarta-feira,18:55:00,SC,282,17.4,PALHOCA,Restrição de Visibilidade,Colisão transversal,Sem Vítimas,Pleno dia,Decrescente,Nublado,Simples,Reta,Não,2,0,0,0,2,0,0,2,-27.665707,-48.688065,SPRF-SC,DEL01-SC,UOP02-DEL01-SC,2018
121666.0,2018-03-28,quarta-feira,18:30:00,SC,282,424.9,VARGEM BONITA,Velocidade Incompatível,Capotamento,Sem Vítimas,Anoitecer,Crescente,Chuva,Simples,Curva,Não,1,0,0,0,1,0,0,1,-26.988014,-51.753124,SPRF-SC,DEL07-SC,UOP05-DEL07-SC,2018
121915.0,2018-03-29,quinta-feira,16:20:00,SC,282,461.5,PONTE SERRADA,Falta de Atenção à Condução,Colisão transversal,Com Vítimas Feridas,Pleno dia,Crescente,Garoa/Chuvisco,Simples,Reta,Sim,2,0,1,0,1,0,1,2,-26.856403,-52.041328,SPRF-SC,DEL07-SC,UOP04-DEL07-SC,2018
122041.0,2018-03-30,sexta-feira,06:05:00,SC,282,52.0,AGUAS MORNAS,Ingestão de Álcool,Colisão frontal,Com Vítimas Feridas,Amanhecer,Decrescente,Céu Claro,Simples,Curva,Não,8,0,6,1,1,0,7,2,-27.69586877,-48.96508276,SPRF-SC,DEL01-SC,UOP03-DEL01-SC,2018
122049.0,2018-03-30,sexta-feira,01:38:00,SC,282,52.0,RANCHO QUEIMADO,Pista Escorregadia,Saída de leito carroçável,Sem Vítimas,Plena Noite,Decrescente,Garoa/Chuvisco,Simples,Declive;Curva,Não,1,0,0,0,1,0,0,1,-27.696936,-48.964138,SPRF-SC,DEL01-SC,UOP03-DEL01-SC,2018
122094.0,2018-03-30,sexta-feira,12:30:00,SC,282,5.5,SAO JOSE,Não guardar distância de segurança,Colisão traseira,Com Vítimas Feridas,Pleno dia,Crescente,Nublado,Múltipla,Reta,Sim,2,0,1,0,1,0,1,2,-27.588425,-48.612919,SPRF-SC,DEL01-SC,UOP01-DEL01-SC,2018
122097.0,2018-03-30,sexta-feira,09:15:00,SC,282,437.0,IRANI,Desobediência às normas de trânsito pelo condutor,Colisão transversal,Sem Vítimas,Pleno dia,Decrescente,Céu Claro,Simples,Interseção de Vias,Não,2,0,0,0,2,0,0,2,-26.963764,-51.854839,SPRF-SC,DEL07-SC,UOP04-DEL07-SC,2018
122234.0,2018-03-31,sábado,07:45:00,SC,282,145.0,BOM RETIRO,Condutor Dormindo,Colisão frontal,Com Vítimas Feridas,Pleno dia,Decrescente,Nublado,Simples,Curva,Não,5,0,0,1,4,0,1,2,-27.802912,-49.632038,SPRF-SC,DEL05-SC,UOP01-DEL05-SC,2018
122250.0,2018-03-31,sábado,09:35:00,SC,282,30.0,SANTO AMARO DA IMPERATRIZ,Velocidade Incompatível,Saída de leito carroçável,Com Vítimas Feridas,Pleno dia,Crescente,Nublado,Simples,Curva,Não,3,0,2,0,1,0,2,1,-27.687376,-48.79071,SPRF-SC,DEL01-SC,UOP03-DEL01-SC,2018
122257.0,2018-03-31,sábado,10:29:00,SC,282,17.3,PALHOCA,Falta de Atenção à Condução,Colisão transversal,Com Vítimas Feridas,Pleno dia,Decrescente,Chuva,Simples,Reta,Sim,3,0,1,1,1,0,2,2,-27.665707,-48.688065,SPRF-SC,DEL01-SC,UOP02-DEL01-SC,2018
122278.0,2018-03-31,sábado,11:40:00,SC,282,489.3,FAXINAL DOS GUEDES,Defeito na Via,Saída de leito carroçável,Sem Vítimas,Pleno dia,Decrescente,Chuva,Simples,Curva,Não,1,0,0,0,1,0,0,1,-26.86573079,-52.26951599,SPRF-SC,DEL07-SC,UOP01-DEL07-SC,2018
122293.0,2018-03-31,sábado,12:10:00,SC,282,273.6,SAO JOSE DO CERRITO,Falta de Atenção à Condução,Saída de leito carroçável,Sem Vítimas,Pleno dia,Decrescente,Chuva,Simples,Curva,Não,1,0,0,0,1,0,0,1,-27.61441732,-50.71555138,SPRF-SC,DEL05-SC,UOP02-DEL05-SC,2018
122330.0,2018-03-31,sábado,17:35:00,SC,282,220.0,LAGES,Ingestão de Álcool,Saída de leito carroçável,Com Vítimas Feridas,Pleno dia,Decrescente,Garoa/Chuvisco,Simples,Curva,Sim,1,0,1,0,0,0,1,1,-27.794014,-50.33363,SPRF-SC,DEL05-SC,UOP01-DEL05-SC,2018
122341.0,2018-03-31,sábado,18:30:00,SC,282,4.0,FLORIANOPOLIS,Falta de Atenção à Condução,Tombamento,Com Vítimas Feridas,Plena Noite,Decrescente,Céu Claro,Dupla,Curva,Sim,1,0,1,0,0,0,1,1,-27.59571608,-48.60120264,SPRF-SC,DEL01-SC,UOP01-DEL01-SC,2018
122371.0,2018-03-31,sábado,20:45:00,SC,282,20.5,PALHOCA,Desobediência às normas de trânsito pelo condutor,Colisão frontal,Com Vítimas Feridas,Plena Noite,Decrescente,Chuva,Simples,Reta,Sim,2,0,1,0,1,0,1,2,-27.683958,-48.71006,SPRF-SC,DEL01-SC,UOP02-DEL01-SC,2018
122477.0,2018-04-01,domingo,10:10:00,SC,282,387.5,JOACABA,Falta de Atenção à Condução,Saída de leito carroçável,Com Vítimas Feridas,Pleno dia,Crescente,Nublado,Simples,Rotatória,Sim,4,0,4,0,0,0,4,1,-27.178274,-51.524025,SPRF-SC,DEL07-SC,UOP05-DEL07-SC,2018
122498.0,2018-04-01,domingo,14:05:00,SC,282,595.3,SAUDADES,Defeito na Via,Saída de leito carroçável,Sem Vítimas,Pleno dia,Decrescente,Sol,Simples,Reta,Não,1,0,0,0,1,0,0,1,-26.82897,-53.118107,SPRF-SC,DEL07-SC,UOP02-DEL07-SC,2018
122701.0,2018-03-29,quinta-feira,16:00:00,SC,282,424.5,FLORIANOPOLIS,Pista Escorregadia,Saída de leito carroçável,Com Vítimas Feridas,Pleno dia,Crescente,Chuva,Simples,Curva,Não,1,0,1,0,0,0,1,1,-27.5953778,-48.5480499,SPRF-SC,DEL07-SC,UOP05-DEL07-SC,2018
122745.0,2018-04-02,segunda-feira,06:30:00,SC,282,86.0,ALFREDO WAGNER,Velocidade Incompatível,Saída de leito carroçável,Com Vítimas Feridas,Amanhecer,Crescente,Chuva,Simples,Curva,Não,3,0,0,2,1,0,2,1,-27.661551,-49.197906,SPRF-SC,DEL01-SC,UOP03-DEL01-SC,2018
122749.0,2018-04-02,segunda-feira,12:15:00,SC,282,107.8,ALFREDO WAGNER,Defeito Mecânico no Veículo,Incêndio,Sem Vítimas,Pleno dia,Crescente,Céu Claro,Simples,Reta,Não,1,0,0,0,1,0,0,1,-27.704372,-49.34935,SPRF-SC,DEL01-SC,UOP03-DEL01-SC,2018
122838.0,2018-04-02,segunda-feira,17:40:00,SC,282,451.6,PONTE SERRADA,Não guardar distância de segurança,Saída de leito carroçável,Com Vítimas Feridas,Pleno dia,Crescente,Nublado,Simples,Reta,Não,3,0,2,0,1,0,2,2,-26.912806,-51.962536,SPRF-SC,DEL07-SC,UOP04-DEL07-SC,2018
123041.0,2018-04-03,terça-feira,18:45:00,SC,282,343.2,CAMPOS NOVOS,Falta de Atenção à Condução,Colisão transversal,Com Vítimas Feridas,Plena Noite,Crescente,Céu Claro,Simples,Declive,Sim,2,0,0,1,1,0,1,2,-27.38938254,-51.22672677,SPRF-SC,DEL07-SC,UOP06-DEL07-SC,2018
123061.0,2018-04-03,terça-feira,22:20:00,SC,282,385.0,JOACABA,Falta de Atenção à Condução,Colisão traseira,Com Vítimas Feridas,Plena Noite,Crescente,Céu Claro,Simples,Curva,Não,2,0,1,0,1,0,1,2,-27.19967874,-51.51626587,SPRF-SC,DEL07-SC,UOP05-DEL07-SC,2018
123210.0,2018-04-04,quarta-feira,18:40:00,SC,282,16.5,PALHOCA,Falta de Atenção à Condução,Colisão transversal,Com Vítimas Feridas,Plena Noite,Crescente,Céu Claro,Simples,Curva,Não,2,0,1,0,1,0,1,2,-27.658611,-48.681847,SPRF-SC,DEL01-SC,UOP02-DEL01-SC,2018
123233.0,2018-04-04,quarta-feira,16:15:00,SC,282,643.1,SAO MIGUEL DO OESTE,Desobediência às normas de trânsito pelo condutor,Colisão lateral,Com Vítimas Feridas,Pleno dia,Decrescente,Céu Claro,Simples,Reta,Não,2,0,0,1,1,0,1,2,-26.76903829,-53.47000837,SPRF-SC,DEL07-SC,UOP03-DEL07-SC,2018
123377.0,2018-04-05,quinta-feira,10:45:00,SC,282,5.0,SAO JOSE,Falta de Atenção à Condução,Colisão traseira,Sem Vítimas,Pleno dia,Decrescente,Sol,Múltipla,Reta,Sim,3,0,0,0,3,0,0,3,-27.588425,-48.612919,SPRF-SC,DEL01-SC,UOP01-DEL01-SC,2018
123382.0,2018-04-05,quinta-feira,08:00:00,SC,282,40.8,AGUAS MORNAS,Desobediência às normas de trânsito pelo condutor,Colisão frontal,Com Vítimas Feridas,Pleno dia,Decrescente,Céu Claro,Simples,Reta;Interseção de Vias,Sim,3,0,1,2,0,0,3,2,-27.71708691,-48.87734985,SPRF-SC,DEL01-SC,UOP03-DEL01-SC,2018
123417.0,2018-04-05,quinta-feira,12:30:00,SC,282,2.1,FLORIANOPOLIS,Ingestão de Álcool,Colisão transversal,Com Vítimas Feridas,Pleno dia,Decrescente,Sol,Dupla,Reta,Sim,3,0,1,0,1,1,1,3,-27.603289,-48.590416,SPRF-SC,DEL01-SC,UOP01-DEL01-SC,2018
123461.0,2018-04-05,quinta-feira,11:25:00,SC,282,499.4,XANXERE,Defeito Mecânico no Veículo,Tombamento,Com Vítimas Feridas,Pleno dia,Decrescente,Sol,Dupla,Reta,Não,2,0,2,0,0,0,2,1,-26.88410533,-52.36152649,SPRF-SC,DEL07-SC,UOP01-DEL07-SC,2018
123668.0,2018-04-05,quinta-feira,21:30:00,SC,282,40.6,AGUAS MORNAS,Falta de Atenção à Condução,Colisão lateral,Com Vítimas Feridas,Pleno dia,Crescente,Nublado,Simples,Curva,Não,3,0,1,0,2,0,1,2,-27.71416916,-48.87597655,SPRF-SC,DEL01-SC,UOP03-DEL01-SC,2018
123717.0,2018-04-06,sexta-feira,08:10:00,SC,282,516.6,XAXIM,Desobediência às normas de trânsito pelo condutor,Saída de leito carroçável,Sem Vítimas,Pleno dia,Decrescente,Céu Claro,Simples,Curva;Aclive,Não,1,0,0,0,1,0,0,1,-26.97103761,-52.54966736,SPRF-SC,DEL07-SC,UOP01-DEL07-SC,2018
123836.0,2018-04-06,sexta-feira,14:40:00,SC,282,3.0,SAO JOSE,Não guardar distância de segurança,Colisão traseira,Com Vítimas Feridas,Pleno dia,Crescente,Céu Claro,Dupla,Reta,Sim,1,0,1,0,0,0,1,1,-27.600384,-48.599705,SPRF-SC,DEL01-SC,UOP01-DEL01-SC,2018
124302.0,2018-04-07,sábado,14:45:00,SC,282,1.5,FLORIANOPOLIS,Não guardar distância de segurança,Colisão traseira,Com Vítimas Feridas,Pleno dia,Decrescente,Sol,Dupla,Reta,Sim,3,0,2,0,1,0,2,2,-27.60132584,-48.57815173,SPRF-SC,DEL01-SC,UOP01-DEL01-SC,2018
124324.0,2018-04-07,sábado,16:00:00,SC,282,23.3,PALHOCA,Falta de Atenção à Condução,Colisão traseira,Com Vítimas Feridas,Pleno dia,Decrescente,Céu Claro,Simples,Reta,Sim,4,0,1,0,3,0,1,3,-27.687958,-48.736794,SPRF-SC,DEL01-SC,UOP02-DEL01-SC,2018
124365.0,2018-04-07,sábado,18:50:00,SC,282,4.4,FLORIANOPOLIS,Falta de Atenção à Condução,Colisão traseira,Com Vítimas Feridas,Plena Noite,Crescente,Céu Claro,Múltipla,Interseção de Vias,Sim,3,0,1,0,2,0,1,2,-27.592646,-48.604034,SPRF-SC,DEL01-SC,UOP01-DEL01-SC,2018
124427.0,2018-04-07,sábado,19:15:00,SC,282,207.0,LAGES,Ingestão de Álcool,Colisão traseira,Com Vítimas Feridas,Plena Noite,Crescente,Céu Claro,Simples,Rotatória,Não,3,0,1,0,2,0,1,2,-27.773464,-50.202095,SPRF-SC,DEL05-SC,UOP01-DEL05-SC,2018
124554.0,2018-04-08,domingo,06:00:00,SC,282,365.6,ERVAL VELHO,Ingestão de Álcool,Saída de leito carroçável,Com Vítimas Feridas,Amanhecer,Crescente,Céu Claro,Simples,Curva;Declive,Não,8,0,3,1,4,0,4,3,-27.295434,-51.40691757,SPRF-SC,DEL07-SC,UOP05-DEL07-SC,2018
124647.0,2018-04-08,domingo,12:10:00,SC,282,20.5,PALHOCA,Desobediência às normas de trânsito pelo condutor,Colisão transversal,Com Vítimas Feridas,Pleno dia,Decrescente,Céu Claro,Simples,Interseção de Vias,Sim,5,0,2,0,3,0,2,3,-27.683958,-48.71006,SPRF-SC,DEL01-SC,UOP02-DEL01-SC,2018
124653.0,2018-04-08,domingo,10:30:00,SC,282,22.0,SANTO AMARO DA IMPERATRIZ,Falta de Atenção à Condução,Colisão traseira,Com Vítimas Feridas,Pleno dia,Decrescente,Céu Claro,Simples,Reta,Sim,3,0,0,2,1,0,2,2,-27.688507,-48.72739,SPRF-SC,DEL01-SC,UOP02-DEL01-SC,2018
124667.0,2018-04-08,domingo,13:40:00,SC,282,507.4,XANXERE,Falta de Atenção à Condução,Tombamento,Com Vítimas Feridas,Pleno dia,Crescente,Céu Claro,Simples,Curva,Não,2,0,1,0,1,0,1,1,-26.88777988,-52.44392395,SPRF-SC,DEL07-SC,UOP01-DEL07-SC,2018
124745.0,2018-04-08,domingo,17:00:00,SC,282,358.0,CAMPOS NOVOS,Falta de Atenção à Condução,Colisão traseira,Com Vítimas Feridas,Anoitecer,Crescente,Céu Claro,Simples,Reta,Não,5,0,5,0,0,0,5,3,-27.330637,-51.35474,SPRF-SC,DEL07-SC,UOP05-DEL07-SC,2018
124755.0,2018-04-08,domingo,20:00:00,SC,282,0.9,FLORIANOPOLIS,Falta de Atenção do Pedestre,Atropelamento de Pedestre,Com Vítimas Feridas,Plena Noite,Decrescente,Céu Claro,Dupla,Declive,Sim,2,0,0,1,1,0,1,2,-27.59845,-48.571995,SPRF-SC,DEL01-SC,UOP01-DEL01-SC,2018
124878.0,2018-04-09,segunda-feira,07:20:00,SC,282,1.7,FLORIANOPOLIS,Não guardar distância de segurança,Colisão traseira,Com Vítimas Feridas,Pleno dia,Crescente,Sol,Dupla,Reta,Sim,4,0,1,0,3,0,1,4,-27.602955,-48.580509,SPRF-SC,DEL01-SC,UOP01-DEL01-SC,2018
124943.0,2018-04-09,segunda-feira,10:19:00,SC,282,0.8,FLORIANOPOLIS,Falta de Atenção à Condução,Colisão lateral,Com Vítimas Feridas,Pleno dia,Crescente,Céu Claro,Dupla,Aclive,Sim,2,0,1,0,1,0,1,2,-27.5953778,-48.5480499,SPRF-SC,DEL01-SC,UOP01-DEL01-SC,2018
124953.0,2018-04-07,sábado,06:10:00,SC,282,223.0,LAGES,Velocidade Incompatível,Colisão frontal,Com Vítimas Feridas,Amanhecer,Decrescente,Céu Claro,Simples,Curva,Não,3,0,1,2,0,0,3,2,-27.80127287,-50.34759521,SPRF-SC,DEL05-SC,UOP01-DEL05-SC,2018
126864.0,2018-04-09,segunda-feira,16:30:00,SC,282,5.0,SAO JOSE,Falta de Atenção à Condução,Colisão lateral,Com Vítimas Feridas,Pleno dia,Crescente,Céu Claro,Múltipla,Curva,Sim,2,0,1,0,0,1,1,2,-27.588425,-48.612919,SPRF-SC,DEL01-SC,UOP01-DEL01-SC,2018
126871.0,2018-04-09,segunda-feira,17:45:00,SC,282,1.9,FLORIANOPOLIS,Não guardar distância de segurança,Colisão traseira,Com Vítimas Feridas,Anoitecer,Crescente,Nublado,Dupla,Reta,Sim,2,0,1,0,1,0,1,2,-27.60347459,-48.58732397,SPRF-SC,DEL01-SC,UOP01-DEL01-SC,2018
126879.0,2018-04-09,segunda-feira,21:35:00,SC,282,308.4,VARGEM,Falta de Atenção do Pedestre,Atropelamento de Pedestre,Com Vítimas Feridas,Plena Noite,Decrescente,Céu Claro,Simples,Curva,Não,2,0,0,1,1,0,1,2,-27.49292,-50.971973,SPRF-SC,DEL07-SC,UOP06-DEL07-SC,2018
126905.0,2018-04-10,terça-feira,01:25:00,SC,282,497.6,XANXERE,Velocidade Incompatível,Saída de leito carroçável,Com Vítimas Feridas,Plena Noite,Decrescente,Céu Claro,Simples,Curva,Não,3,0,1,0,2,0,1,1,-26.880062,-52.344685,SPRF-SC,DEL07-SC,UOP01-DEL07-SC,2018
127018.0,2018-04-10,terça-feira,14:40:00,SC,282,368.6,ERVAL VELHO,Falta de Atenção à Condução,Colisão transversal,Com Vítimas Feridas,Pleno dia,Crescente,Céu Claro,Simples,Reta,Não,3,0,1,0,2,0,1,2,-27.28423073,-51.43417954,SPRF-SC,DEL07-SC,UOP05-DEL07-SC,2018
127044.0,2018-04-10,terça-feira,18:15:00,SC,282,104.0,ALFREDO WAGNER,Falta de Atenção à Condução,Colisão transversal,Com Vítimas Feridas,Plena Noite,Crescente,Céu Claro,Simples,Reta,Sim,2,0,1,0,1,0,1,2,-27.69584787,-49.33077621,SPRF-SC,DEL01-SC,UOP03-DEL01-SC,2018
127137.0,2018-04-11,quarta-feira,09:23:00,SC,282,22.3,PALHOCA,Desobediência às normas de trânsito pelo condutor,Colisão traseira,Com Vítimas Feridas,Pleno dia,Crescente,Sol,Simples,Reta,Sim,2,0,1,0,1,0,1,2,-27.68914664,-48.73072596,SPRF-SC,DEL01-SC,UOP02-DEL01-SC,2018
127147.0,2018-04-07,sábado,17:30:00,SC,282,87.0,ALFREDO WAGNER,Velocidade Incompatível,Saída de leito carroçável,Com Vítimas Feridas,Pleno dia,Crescente,Sol,Simples,Curva;Declive,Não,1,0,1,0,0,0,1,1,-27.664766,-49.20578,SPRF-SC,DEL01-SC,UOP03-DEL01-SC,2018
127203.0,2018-04-11,quarta-feira,18:35:00,SC,282,206.0,LAGES,Falta de Atenção à Condução,Tombamento,Com Vítimas Feridas,Plena Noite,Decrescente,Céu Claro,Simples,Declive,Não,2,0,2,0,0,0,2,1,-27.77258906,-50.19548178,SPRF-SC,DEL05-SC,UOP01-DEL05-SC,2018
127363.0,2018-04-12,quinta-feira,16:20:00,SC,282,0.2,FLORIANOPOLIS,Falta de Atenção à Condução,Colisão lateral,Com Vítimas Feridas,Pleno dia,Crescente,Céu Claro,Dupla,Reta,Não,2,0,1,0,1,0,1,2,-27.59845,-48.571995,SPRF-SC,DEL01-SC,UOP01-DEL01-SC,2018
127450.0,2018-04-13,sexta-feira,08:40:00,SC,282,329.9,CAMPOS NOVOS,Velocidade Incompatível,Saída de leito carroçável,Com Vítimas Feridas,Pleno dia,Crescente,Céu Claro,Simples,Em Obras;Reta,Não,3,0,1,0,1,1,1,2,-27.380089,-51.097698,SPRF-SC,DEL07-SC,UOP06-DEL07-SC,2018
127552.0,2018-04-13,sexta-feira,15:30:00,SC,282,231.3,LAGES,Falta de Atenção à Condução,Colisão transversal,Com Vítimas Feridas,Pleno dia,Crescente,Sol,Simples,Interseção de Vias;Curva,Não,2,0,2,0,0,0,2,2,-27.78690343,-50.43889761,SPRF-SC,DEL05-SC,UOP02-DEL05-SC,2018
127619.0,2018-04-13,sexta-feira,17:30:00,SC,282,499.2,XANXERE,Desobediência às normas de trânsito pelo condutor,Colisão frontal,Com Vítimas Feridas,Pleno dia,Crescente,Sol,Simples,Reta;Interseção de Vias,Não,2,0,1,1,0,0,2,2,-26.880869,-52.363121,SPRF-SC,DEL07-SC,UOP01-DEL07-SC,2018
127673.0,2018-04-13,sexta-feira,21:10:00,SC,282,31.8,SANTO AMARO DA IMPERATRIZ,Falta de Atenção do Pedestre,Atropelamento de Pedestre,Com Vítimas Fatais,Plena Noite,Decrescente,Nublado,Simples,Reta,Não,2,1,0,0,1,0,0,2,-27.70116976,-48.80036635,SPRF-SC,DEL01-SC,UOP03-DEL01-SC,2018
127746.0,2018-04-14,sábado,08:56:00,SC,282,2.0,FLORIANOPOLIS,Não guardar distância de segurança,Colisão lateral,Com Vítimas Feridas,Pleno dia,Decrescente,Céu Claro,Dupla,Reta,Sim,5,0,2,0,3,0,2,2,-27.60173468,-48.59765676,SPRF-SC,DEL01-SC,UOP01-DEL01-SC,2018
127760.0,2018-04-14,sábado,08:30:00,SC,282,441.0,PONTE SERRADA,Falta de Atenção à Condução,Saída de leito carroçável,Com Vítimas Feridas,Pleno dia,Decrescente,Céu Claro,Simples,Reta,Não,3,0,1,0,2,0,1,1,-26.92963,-51.87466,SPRF-SC,DEL07-SC,UOP04-DEL07-SC,2018
127841.0,2018-04-14,sábado,16:00:00,SC,282,305.5,VARGEM,Pista Escorregadia,Saída de leito carroçável,Sem Vítimas,Pleno dia,Decrescente,Chuva,Simples,Curva,Não,3,0,0,0,3,0,0,1,-27.50168147,-50.92875481,SPRF-SC,DEL07-SC,UOP06-DEL07-SC,2018
127843.0,2018-04-14,sábado,15:00:00,SC,282,98.6,ALFREDO WAGNER,Falta de Atenção à Condução,Saída de leito carroçável,Com Vítimas Feridas,Pleno dia,Crescente,Nublado,Simples,Curva,Não,1,0,0,1,0,0,1,1,-27.69876136,-49.28356826,SPRF-SC,DEL01-SC,UOP03-DEL01-SC,2018
127902.0,2018-04-14,sábado,22:15:00,SC,282,19.8,PALHOCA,Desobediência às normas de trânsito pelo condutor,Colisão traseira,Com Vítimas Feridas,Plena Noite,Decrescente,Nublado,Simples,Reta,Sim,3,0,2,0,1,0,2,2,-27.678635,-48.70192,SPRF-SC,DEL01-SC,UOP02-DEL01-SC,2018
127909.0,2018-04-14,sábado,22:45:00,SC,282,4.8,FLORIANOPOLIS,Ingestão de Álcool,Colisão traseira,Sem Vítimas,Plena Noite,Decrescente,Nublado,Dupla,Reta,Sim,2,0,0,0,2,0,0,2,-27.592646,-48.604034,SPRF-SC,DEL01-SC,UOP01-DEL01-SC,2018
127974.0,2018-04-15,domingo,05:50:00,SC,282,16.0,PALHOCA,Falta de Atenção à Condução,Colisão traseira,Com Vítimas Feridas,Amanhecer,Crescente,Céu Claro,Simples,Reta,Sim,3,0,1,0,2,0,1,2,-27.658611,-48.681847,SPRF-SC,DEL01-SC,UOP02-DEL01-SC,2018
127982.0,2018-04-15,domingo,02:50:00,SC,282,530.9,CORDILHEIRA ALTA,Condutor Dormindo,Saída de leito carroçável,Sem Vítimas,Plena Noite,Decrescente,Céu Claro,Simples,Reta,Não,1,0,0,0,1,0,0,1,-26.9898539,-52.610237,SPRF-SC,DEL07-SC,UOP01-DEL07-SC,2018
128130.0,2018-04-15,domingo,17:40:00,SC,282,54.3,AGUAS MORNAS,Ingestão de Álcool,Colisão lateral,Sem Vítimas,Anoitecer,Crescente,Nublado,Simples,Curva,Não,2,0,0,0,2,0,0,2,-27.68816432,-48.97586692,SPRF-SC,DEL01-SC,UOP03-DEL01-SC,2018
128137.0,2018-04-15,domingo,18:00:00,SC,282,41.4,AGUAS MORNAS,Ingestão de Álcool,Colisão lateral,Sem Vítimas,Amanhecer,Decrescente,Nublado,Simples,Declive,Sim,3,0,0,0,3,0,0,2,-27.715973,-48.878979,SPRF-SC,DEL01-SC,UOP03-DEL01-SC,2018
128269.0,2018-04-16,segunda-feira,10:10:00,SC,282,152.4,BOM RETIRO,Velocidade Incompatível,Engavetamento,Sem Vítimas,Pleno dia,Crescente,Sol,Simples,Em Obras,Não,5,0,0,0,5,0,0,5,-27.76109252,-49.67106701,SPRF-SC,DEL05-SC,UOP01-DEL05-SC,2018
128312.0,2018-04-16,segunda-feira,13:10:00,SC,282,28.0,SANTO AMARO DA IMPERATRIZ,Ultrapassagem Indevida,Colisão frontal,Com Vítimas Feridas,Pleno dia,Decrescente,Céu Claro,Simples,Reta,Não,2,0,0,1,1,0,1,2,-27.67478,-48.778904,SPRF-SC,DEL01-SC,UOP03-DEL01-SC,2018
128332.0,2018-04-16,segunda-feira,09:55:00,SC,282,55.8,RANCHO QUEIMADO,Velocidade Incompatível,Saída de leito carroçável,Com Vítimas Feridas,Pleno dia,Decrescente,Chuva,Simples,Curva,Não,3,0,1,0,2,0,1,1,-27.69177436,-48.9887023,SPRF-SC,DEL01-SC,UOP03-DEL01-SC,2018
128364.0,2018-03-17,sábado,23:00:00,SC,282,1.0,FLORIANOPOLIS,Defeito Mecânico no Veículo,Colisão com objeto estático,Com Vítimas Feridas,Plena Noite,Crescente,Ignorado,Dupla,Reta,Sim,1,0,1,0,0,0,1,1,-27.602955,-48.580509,SPRF-SC,DEL01-SC,UOP01-DEL01-SC,2018
128487.0,2018-04-17,terça-feira,13:05:00,SC,282,0.5,FLORIANOPOLIS,Não guardar distância de segurança,Colisão traseira,Com Vítimas Feridas,Pleno dia,Decrescente,Nublado,Dupla,Declive,Sim,5,0,1,0,4,0,1,4,-27.60016588,-48.57624292,SPRF-SC,DEL01-SC,UOP01-DEL01-SC,2018
128542.0,2018-04-17,terça-feira,09:20:00,SC,282,456.7,PONTE SERRADA,Falta de Atenção à Condução,Colisão lateral,Com Vítimas Feridas,Pleno dia,Decrescente,Céu Claro,Simples,Curva,Não,2,0,1,0,1,0,1,2,-26.885752,-52.004669,SPRF-SC,DEL07-SC,UOP04-DEL07-SC,2018
128718.0,2018-04-18,quarta-feira,13:20:00,SC,282,507.5,XANXERE,Falta de Atenção à Condução,Atropelamento de Pedestre,Com Vítimas Feridas,Pleno dia,Decrescente,Céu Claro,Simples,Declive;Curva;Em Obras,Não,3,0,0,1,1,1,1,2,-26.886171,-52.43911,SPRF-SC,DEL07-SC,UOP01-DEL07-SC,2018
128723.0,2018-04-18,quarta-feira,15:05:00,SC,282,5.5,SAO JOSE,Falta de Atenção à Condução,Tombamento,Com Vítimas Feridas,Pleno dia,Crescente,Céu Claro,Dupla,Reta,Não,1,0,1,0,0,0,1,1,-27.58670184,-48.61624002,SPRF-SC,DEL01-SC,UOP01-DEL01-SC,2018
128818.0,2018-04-19,quinta-feira,07:00:00,SC,282,4.0,FLORIANOPOLIS,Não guardar distância de segurança,Colisão lateral,Com Vítimas Feridas,Pleno dia,Crescente,Céu Claro,Dupla,Reta,Não,2,0,1,0,1,0,1,2,-27.592646,-48.604034,SPRF-SC,DEL01-SC,UOP01-DEL01-SC,2018