id,data_inversa,dia_semana,horario,uf,br,km,municipio,causa_acidente,tipo_acidente,classificacao_acidente,fase_dia,sentido_via,condicao_metereologica,tipo_pista,tracado_via,uso_solo,pessoas,mortos,feridos_leves,feridos_graves,ilesos,ignorados,feridos,veiculos,latitude,longitude,regional,delegacia,uop,ano_arquivo
128829.0,2018-04-19,quinta-feira,08:20:00,SC,282,216.5,LAGES,Falta de Atenção à Condução,Atropelamento de Pedestre,Com Vítimas Feridas,Pleno dia,Crescente,Céu Claro,Simples,Reta,Sim,2,0,1,0,1,0,1,2,-27.79737224,-50.29567838,SPRF-SC,DEL05-SC,UOP01-DEL05-SC,2018
128902.0,2018-04-19,quinta-feira,15:00:00,SC,282,463.0,PONTE SERRADA,Falta de Atenção à Condução,Colisão lateral,Com Vítimas Feridas,Pleno dia,Decrescente,Céu Claro,Simples,Curva,Sim,2,0,1,0,1,0,1,2,-26.85642754,-52.03149676,SPRF-SC,DEL07-SC,UOP04-DEL07-SC,2018
128926.0,2018-04-19,quinta-feira,17:30:00,SC,282,233.5,LAGES,Desobediência às normas de trânsito pelo condutor,Queda de ocupante de veículo,Com Vítimas Fatais,Anoitecer,Crescente,Céu Claro,Simples,Curva,Não,2,1,0,0,1,0,0,1,-27.74841044,-50.50271273,SPRF-SC,DEL05-SC,UOP02-DEL05-SC,2018
128994.0,2018-04-20,sexta-feira,02:50:00,SC,282,0.5,FLORIANOPOLIS,Ingestão de Álcool,Capotamento,Com Vítimas Feridas,Plena Noite,Crescente,Céu Claro,Dupla,Reta,Não,7,0,3,3,1,0,6,2,-27.59845,-48.571995,SPRF-SC,DEL01-SC,UOP01-DEL01-SC,2018
129035.0,2018-04-20,sexta-feira,09:55:00,SC,282,2.0,FLORIANOPOLIS,Desobediência às normas de trânsito pelo condutor,Colisão lateral,Com Vítimas Feridas,Pleno dia,Decrescente,Sol,Múltipla,Curva,Sim,2,0,1,0,1,0,1,2,-27.60316559,-48.59138131,SPRF-SC,DEL01-SC,UOP01-DEL01-SC,2018
129151.0,2018-04-20,sexta-feira,18:55:00,SC,282,103.9,ALFREDO WAGNER,Falta de Atenção à Condução,Colisão transversal,Com Vítimas Feridas,Plena Noite,Crescente,Céu Claro,Simples,Interseção de Vias,Sim,3,0,1,0,2,0,1,2,-27.69538428,-49.33234692,SPRF-SC,DEL01-SC,UOP03-DEL01-SC,2018
129153.0,2018-04-20,sexta-feira,17:50:00,SC,282,516.2,XAXIM,Velocidade Incompatível,Saída de leito carroçável,Sem Vítimas,Pleno dia,Decrescente,Céu Claro,Simples,Aclive,Não,1,0,0,0,1,0,0,1,-26.94181258,-52.50580788,SPRF-SC,DEL07-SC,UOP01-DEL07-SC,2018
129154.0,2018-04-20,sexta-feira,17:45:00,SC,480,125.5,CHAPECO,Falta de Atenção à Condução,Colisão lateral,Com Vítimas Feridas,Anoitecer,Crescente,Céu Claro,Simples,Reta,Sim,2,0,1,0,1,0,1,2,-27.01645714,-52.63778865,SPRF-SC,DEL07-SC,UOP01-DEL07-SC,2018
129172.0,2018-04-20,sexta-feira,19:00:00,SC,282,644.5,SAO MIGUEL DO OESTE,Falta de Atenção à Condução,Colisão transversal,Com Vítimas Feridas,Plena Noite,Crescente,Céu Claro,Simples,Reta,Não,4,0,2,2,0,0,4,2,-26.769157,-53.479385,SPRF-SC,DEL07-SC,UOP03-DEL07-SC,2018
129191.0,2018-04-20,sexta-feira,19:55:00,SC,282,124.0,BOM RETIRO,Velocidade Incompatível,Colisão traseira,Com Vítimas Feridas,Plena Noite,Crescente,Céu Claro,Simples,Curva,Não,3,0,2,0,1,0,2,2,-27.80460603,-49.44889929,SPRF-SC,DEL05-SC,UOP01-DEL05-SC,2018
129192.0,2018-04-20,sexta-feira,22:50:00,SC,282,504.5,XANXERE,Ingestão de Álcool,Queda de ocupante de veículo,Com Vítimas Feridas,Plena Noite,Crescente,Céu Claro,Dupla,Reta,Não,1,0,1,0,0,0,1,1,-26.88471777,-52.41021931,SPRF-SC,DEL07-SC,UOP01-DEL07-SC,2018
129221.0,2018-04-21,sábado,02:50:00,SC,282,16.1,PALHOCA,Falta de Atenção à Condução,Colisão traseira,Com Vítimas Feridas,Plena Noite,Decrescente,Céu Claro,Simples,Reta,Não,2,0,1,0,0,1,1,2,-27.658611,-48.681847,SPRF-SC,DEL01-SC,UOP02-DEL01-SC,2018
129273.0,2018-04-21,sábado,02:50:00,SC,282,523.7,XAXIM,Velocidade Incompatível,Capotamento,Com Vítimas Feridas,Plena Noite,Crescente,Céu Claro,Simples,Curva,Não,3,0,1,0,0,2,1,2,-26.9658358,-52.55558968,SPRF-SC,DEL07-SC,UOP01-DEL07-SC,2018
129292.0,2018-04-21,sábado,08:40:00,SC,282,588.0,SAUDADES,Pista Escorregadia,Saída de leito carroçável,Com Vítimas Feridas,Pleno dia,Decrescente,Sol,Simples,Declive,Não,1,0,1,0,0,0,1,1,-26.826273,-53.052547,SPRF-SC,DEL07-SC,UOP02-DEL07-SC,2018
129294.0,2018-04-21,sábado,11:15:00,SC,282,5.0,SAO JOSE,Falta de Atenção à Condução,Colisão traseira,Com Vítimas Feridas,Pleno dia,Decrescente,Sol,Múltipla,Reta,Sim,4,0,1,0,3,0,1,3,-27.588425,-48.612919,SPRF-SC,DEL01-SC,UOP01-DEL01-SC,2018
129316.0,2018-04-21,sábado,08:00:00,SC,282,48.2,AGUAS MORNAS,Mal Súbito,Saída de leito carroçável,Com Vítimas Feridas,Pleno dia,Crescente,Céu Claro,Simples,Curva,Não,1,0,1,0,0,0,1,1,-27.71453389,-48.94022942,SPRF-SC,DEL01-SC,UOP03-DEL01-SC,2018
129343.0,2018-04-21,sábado,12:50:00,SC,282,527.9,CORDILHEIRA ALTA,Avarias e/ou desgaste excessivo no pneu,Saída de leito carroçável,Com Vítimas Feridas,Pleno dia,Crescente,Céu Claro,Simples,Curva,Não,2,0,1,1,0,0,2,1,-26.97815145,-52.58824825,SPRF-SC,DEL07-SC,UOP01-DEL07-SC,2018
129536.0,2018-04-22,domingo,12:15:00,SC,282,54.3,AGUAS MORNAS,Defeito na Via,Colisão lateral,Com Vítimas Feridas,Pleno dia,Decrescente,Céu Claro,Simples,Curva,Não,4,0,0,1,2,1,1,3,-27.691511,-48.970215,SPRF-SC,DEL01-SC,UOP03-DEL01-SC,2018
129546.0,2018-04-22,domingo,15:05:00,SC,282,49.9,AGUAS MORNAS,Velocidade Incompatível,Colisão traseira,Com Vítimas Feridas,Pleno dia,Decrescente,Céu Claro,Simples,Curva,Não,5,0,3,0,2,0,3,3,-27.708,-48.953,SPRF-SC,DEL01-SC,UOP03-DEL01-SC,2018
129585.0,2018-04-22,domingo,07:15:00,SC,282,591.0,SAUDADES,Ingestão de Álcool,Saída de leito carroçável,Sem Vítimas,Pleno dia,Decrescente,Sol,Simples,Reta,Não,2,0,0,0,2,0,0,1,-26.826925,-53.082031,SPRF-SC,DEL07-SC,UOP02-DEL07-SC,2018
129627.0,2018-04-22,domingo,20:50:00,SC,282,289.0,SAO JOSE DO CERRITO,Defeito Mecânico no Veículo,Colisão com objeto estático,Com Vítimas Feridas,Plena Noite,Decrescente,Céu Claro,Simples,Ponte,Sim,3,0,1,0,2,0,1,1,-27.56136975,-50.8375369,SPRF-SC,DEL05-SC,UOP02-DEL05-SC,2018
129676.0,2018-04-23,segunda-feira,01:00:00,SC,282,506.8,XANXERE,Velocidade Incompatível,Saída de leito carroçável,Com Vítimas Feridas,Plena Noite,Crescente,Céu Claro,Simples,Reta,Não,1,0,1,0,0,0,1,1,-26.884957,-52.43412852,SPRF-SC,DEL07-SC,UOP01-DEL07-SC,2018
129698.0,2018-04-23,segunda-feira,07:00:00,SC,282,4.5,SAO JOSE,Desobediência às normas de trânsito pelo condutor,Tombamento,Com Vítimas Feridas,Pleno dia,Crescente,Sol,Dupla,Reta,Sim,2,0,1,0,1,0,1,2,-27.59182712,-48.60597957,SPRF-SC,DEL01-SC,UOP01-DEL01-SC,2018
129707.0,2018-04-23,segunda-feira,07:15:00,SC,282,57.2,GUARAMIRIM,Desobediência às normas de trânsito pelo condutor,Colisão traseira,Com Vítimas Feridas,Pleno dia,Crescente,Nublado,Simples,Reta,Sim,2,0,1,0,1,0,1,2,-26.47579271,-49.01672602,SPRF-SC,DEL01-SC,UOP03-DEL01-SC,2018
129725.0,2018-04-23,segunda-feira,09:30:00,SC,282,40.1,AGUAS MORNAS,Ingestão de Álcool,Colisão transversal,Com Vítimas Feridas,Pleno dia,Crescente,Sol,Simples,Curva,Sim,3,0,3,0,0,0,3,2,-27.716148,-48.869583,SPRF-SC,DEL01-SC,UOP03-DEL01-SC,2018
129753.0,2018-04-23,segunda-feira,13:50:00,SC,282,4.5,SAO JOSE,Falta de Atenção à Condução,Colisão lateral,Com Vítimas Feridas,Pleno dia,Decrescente,Céu Claro,Dupla,Reta,Sim,2,0,1,0,1,0,1,2,-27.6007053,-48.60195637,SPRF-SC,DEL01-SC,UOP01-DEL01-SC,2018
129762.0,2018-04-23,segunda-feira,15:20:00,SC,282,211.2,LAGES,Ultrapassagem Indevida,Colisão frontal,Com Vítimas Feridas,Pleno dia,Decrescente,Sol,Simples,Reta,Não,3,0,2,0,1,0,2,3,-27.780222,-50.241741,SPRF-SC,DEL05-SC,UOP01-DEL05-SC,2018
129763.0,2018-04-23,segunda-feira,10:25:00,SC,282,462.2,PONTE SERRADA,Falta de Atenção à Condução,Colisão transversal,Com Vítimas Feridas,Pleno dia,Decrescente,Sol,Simples,Reta,Sim,2,0,1,0,1,0,1,2,-26.86266808,-52.02644348,SPRF-SC,DEL07-SC,UOP04-DEL07-SC,2018
129869.0,2018-04-23,segunda-feira,22:45:00,SC,282,405.0,CATANDUVAS,Pista Escorregadia,Saída de leito carroçável,Sem Vítimas,Plena Noite,Decrescente,Chuva,Simples,Reta,Não,1,0,0,0,1,0,0,1,-27.09779545,-51.65184617,SPRF-SC,DEL07-SC,UOP05-DEL07-SC,2018
130003.0,2018-04-24,terça-feira,18:00:00,SC,282,221.0,LAGES,Falta de Atenção à Condução,Colisão traseira,Com Vítimas Feridas,Anoitecer,Decrescente,Céu Claro,Simples,Declive,Sim,2,0,1,0,1,0,1,2,-27.796358,-50.343426,SPRF-SC,DEL05-SC,UOP01-DEL05-SC,2018
130066.0,2018-04-24,terça-feira,17:05:00,SC,282,547.7,CHAPECO,Falta de Atenção à Condução,Colisão transversal,Com Vítimas Feridas,Pleno dia,Decrescente,Sol,Simples,Reta,Não,3,0,3,0,0,0,3,2,-26.973904,-52.745403,SPRF-SC,DEL07-SC,UOP01-DEL07-SC,2018
130071.0,2018-04-25,quarta-feira,06:20:00,SC,282,5.4,SAO JOSE,Falta de Atenção à Condução,Colisão lateral,Com Vítimas Feridas,Amanhecer,Decrescente,Céu Claro,Dupla,Reta,Sim,2,0,1,0,1,0,1,2,-27.58791424,-48.61380902,SPRF-SC,DEL01-SC,UOP01-DEL01-SC,2018
130108.0,2018-04-23,segunda-feira,17:45:00,SC,282,3.0,FLORIANOPOLIS,Falta de Atenção à Condução,Colisão traseira,Sem Vítimas,Anoitecer,Crescente,Céu Claro,Múltipla,Reta,Sim,2,0,0,0,2,0,0,2,-27.60149698,-48.59808683,SPRF-SC,DEL01-SC,UOP01-DEL01-SC,2018
130112.0,2018-04-25,quarta-feira,10:25:00,SC,282,2.0,FLORIANOPOLIS,Defeito Mecânico no Veículo,Queda de ocupante de veículo,Com Vítimas Feridas,Pleno dia,Crescente,Céu Claro,Dupla,Reta,Sim,2,0,2,0,0,0,2,1,-27.60337,-48.58769763,SPRF-SC,DEL01-SC,UOP01-DEL01-SC,2018
130118.0,2018-04-25,quarta-feira,11:05:00,SC,282,1.0,FLORIANOPOLIS,Não guardar distância de segurança,Colisão traseira,Com Vítimas Feridas,Pleno dia,Crescente,Sol,Dupla,Reta;Aclive,Sim,2,0,0,1,1,0,1,2,-27.60231465,-48.57931674,SPRF-SC,DEL01-SC,UOP01-DEL01-SC,2018
130133.0,2018-04-25,quarta-feira,12:00:00,SC,282,3.5,FLORIANOPOLIS,Não guardar distância de segurança,Colisão traseira,Com Vítimas Feridas,Pleno dia,Decrescente,Céu Claro,Múltipla,Reta,Sim,2,0,1,0,1,0,1,2,-27.59838788,-48.60070098,SPRF-SC,DEL01-SC,UOP01-DEL01-SC,2018
130203.0,2018-04-25,quarta-feira,19:20:00,SC,282,2.6,FLORIANOPOLIS,Falta de Atenção à Condução,Colisão traseira,Com Vítimas Feridas,Plena Noite,Crescente,Céu Claro,Dupla,Reta,Sim,3,0,2,0,1,0,2,2,-27.60217203,-48.59613419,SPRF-SC,DEL01-SC,UOP01-DEL01-SC,2018
130211.0,2018-04-25,quarta-feira,20:03:00,SC,282,5.0,SAO JOSE,Falta de Atenção à Condução,Colisão lateral,Com Vítimas Feridas,Plena Noite,Crescente,Céu Claro,Múltipla,Reta,Sim,2,0,1,0,1,0,1,2,-27.58792851,-48.61336285,SPRF-SC,DEL01-SC,UOP01-DEL01-SC,2018
130387.0,2018-04-26,quinta-feira,16:16:00,SC,282,535.3,CHAPECO,Desobediência às normas de trânsito pelo condutor,Colisão transversal,Sem Vítimas,Pleno dia,Decrescente,Céu Claro,Simples,Interseção de Vias,Sim,5,0,0,0,5,0,0,2,-26.99959545,-52.64615178,SPRF-SC,DEL07-SC,UOP01-DEL07-SC,2018
130402.0,2018-04-26,quinta-feira,19:55:00,SC,282,618.5,IRACEMINHA,Ingestão de Álcool,Saída de leito carroçável,Com Vítimas Feridas,Plena Noite,Crescente,Céu Claro,Simples,Reta,Não,1,0,1,0,0,0,1,1,-26.788088,-53.293259,SPRF-SC,DEL07-SC,UOP02-DEL07-SC,2018
130428.0,2018-04-26,quinta-feira,22:00:00,SC,282,390.0,JOACABA,Pista Escorregadia,Queda de ocupante de veículo,Com Vítimas Feridas,Plena Noite,Crescente,Céu Claro,Simples,Rotatória,Sim,1,0,1,0,0,0,1,1,-27.17811076,-51.54239058,SPRF-SC,DEL07-SC,UOP05-DEL07-SC,2018
130447.0,2018-04-27,sexta-feira,05:15:00,SC,282,6.0,SAO JOSE,Falta de Atenção à Condução,Tombamento,Com Vítimas Feridas,Plena Noite,Crescente,Nublado,Dupla,Curva,Sim,1,0,0,1,0,0,1,1,-27.58498068,-48.6177206,SPRF-SC,DEL01-SC,UOP01-DEL01-SC,2018
130524.0,2018-04-27,sexta-feira,14:40:00,SC,282,4.5,SAO JOSE,Não guardar distância de segurança,Colisão traseira,Com Vítimas Feridas,Pleno dia,Crescente,Céu Claro,Múltipla,Reta,Sim,2,0,1,0,1,0,1,2,-27.59151333,-48.60617453,SPRF-SC,DEL01-SC,UOP01-DEL01-SC,2018
130636.0,2018-04-27,sexta-feira,20:50:00,SC,282,21.7,SANTO AMARO DA IMPERATRIZ,Desobediência às normas de trânsito pelo condutor,Colisão frontal,Com Vítimas Feridas,Plena Noite,Crescente,Céu Claro,Simples,Curva,Sim,2,0,0,1,1,0,1,2,-27.68837332,-48.7254703,SPRF-SC,DEL01-SC,UOP02-DEL01-SC,2018
130637.0,2018-04-27,sexta-feira,21:40:00,SC,282,4.8,FLORIANOPOLIS,Não guardar distância de segurança,Tombamento,Com Vítimas Feridas,Plena Noite,Crescente,Céu Claro,Dupla,Reta,Sim,1,0,1,0,0,0,1,1,-27.592646,-48.604034,SPRF-SC,DEL01-SC,UOP01-DEL01-SC,2018
130691.0,2018-04-28,sábado,05:50:00,SC,282,3.6,SAO JOSE,Ingestão de Álcool,Tombamento,Com Vítimas Feridas,Plena Noite,Decrescente,Céu Claro,Dupla,Reta,Sim,1,0,1,0,0,0,1,1,-27.600384,-48.599705,SPRF-SC,DEL01-SC,UOP01-DEL01-SC,2018
130710.0,2018-04-28,sábado,07:30:00,SC,282,15.6,PALHOCA,Falta de Atenção à Condução,Colisão transversal,Com Vítimas Feridas,Pleno dia,Crescente,Céu Claro,Simples,Rotatória,Sim,2,0,0,1,0,1,1,2,-27.6556638,-48.67917001,SPRF-SC,DEL01-SC,UOP02-DEL01-SC,2018
130741.0,2018-04-28,sábado,04:20:00,SC,282,433.0,VARGEM BONITA,Falta de Atenção à Condução,Colisão frontal,Com Vítimas Feridas,Plena Noite,Crescente,Céu Claro,Simples,Reta,Não,3,0,3,0,0,0,3,2,-26.97226153,-51.84714317,SPRF-SC,DEL07-SC,UOP05-DEL07-SC,2018
130822.0,2018-04-28,sábado,18:00:00,SC,282,5.7,SAO JOSE,Ingestão de Álcool,Colisão lateral,Com Vítimas Feridas,Plena Noite,Decrescente,Céu Claro,Dupla,Reta;Declive,Sim,2,0,1,0,1,0,1,2,-27.5874483,-48.61486673,SPRF-SC,DEL01-SC,UOP01-DEL01-SC,2018
130837.0,2018-04-28,sábado,19:10:00,SC,282,19.0,PALHOCA,Ingestão de Álcool,Engavetamento,Com Vítimas Feridas,Plena Noite,Decrescente,Céu Claro,Simples,Reta,Sim,5,0,2,0,3,0,2,4,-27.67848786,-48.70159328,SPRF-SC,DEL01-SC,UOP02-DEL01-SC,2018
130849.0,2018-04-28,sábado,19:00:00,SC,282,340.6,CAMPOS NOVOS,Falta de Atenção do Pedestre,Atropelamento de Pedestre,Com Vítimas Fatais,Plena Noite,Crescente,Céu Claro,Simples,Reta,Sim,2,1,0,0,1,0,0,2,-27.38891575,-51.20985031,SPRF-SC,DEL07-SC,UOP06-DEL07-SC,2018
130946.0,2018-04-29,domingo,06:50:00,SC,480,128.0,CHAPECO,Falta de Atenção do Pedestre,Atropelamento de Pedestre,Com Vítimas Feridas,Pleno dia,Crescente,Céu Claro,Simples,Aclive;Reta,Sim,2,0,0,2,0,0,2,2,-27.03799895,-52.6340872,SPRF-SC,DEL07-SC,UOP01-DEL07-SC,2018
130958.0,2018-04-29,domingo,05:30:00,SC,282,71.9,RANCHO QUEIMADO,Ingestão de Álcool,Saída de leito carroçável,Com Vítimas Feridas,Amanhecer,Crescente,Céu Claro,Simples,Curva,Não,2,0,1,0,1,0,1,1,-27.689093,-49.097748,SPRF-SC,DEL01-SC,UOP03-DEL01-SC,2018
131053.0,2018-04-29,domingo,10:00:00,SC,282,561.0,NOVA ITABERABA,Velocidade Incompatível,Saída de leito carroçável,Com Vítimas Feridas,Pleno dia,Crescente,Sol,Simples,Curva,Não,2,0,1,0,1,0,1,1,-26.92666154,-52.85658717,SPRF-SC,DEL07-SC,UOP02-DEL07-SC,2018
131123.0,2018-04-30,segunda-feira,04:00:00,SC,282,491.1,FAXINAL DOS GUEDES,Condutor Dormindo,Capotamento,Com Vítimas Feridas,Plena Noite,Decrescente,Céu Claro,Simples,Curva,Não,1,0,0,1,0,0,1,1,-26.87514812,-52.28427887,SPRF-SC,DEL07-SC,UOP01-DEL07-SC,2018
131175.0,2018-04-30,segunda-feira,07:50:00,SC,282,491.6,FAXINAL DOS GUEDES,Condutor Dormindo,Saída de leito carroçável,Com Vítimas Feridas,Pleno dia,Decrescente,Céu Claro,Simples,Aclive;Reta,Não,3,0,0,3,0,0,3,1,-26.87461219,-52.28617787,SPRF-SC,DEL07-SC,UOP01-DEL07-SC,2018
131311.0,2018-05-01,terça-feira,06:00:00,SC,282,3.5,SAO JOSE,Falta de Atenção à Condução,Saída de leito carroçável,Com Vítimas Feridas,Pleno dia,Crescente,Céu Claro,Múltipla,Reta,Não,3,0,1,1,1,0,2,1,-27.600384,-48.599705,SPRF-SC,DEL01-SC,UOP01-DEL01-SC,2018
131376.0,2018-05-01,terça-feira,13:45:00,SC,282,41.8,AGUAS MORNAS,Velocidade Incompatível,Colisão com objeto estático,Com Vítimas Feridas,Pleno dia,Decrescente,Nublado,Simples,Curva,Não,1,0,1,0,0,0,1,1,-27.72084036,-48.88727188,SPRF-SC,DEL01-SC,UOP03-DEL01-SC,2018
131417.0,2018-02-27,terça-feira,21:40:00,SC,282,80.0,RANCHO QUEIMADO,Velocidade Incompatível,Capotamento,Sem Vítimas,Plena Noite,Decrescente,Nublado,Simples,Curva,Não,1,0,0,0,1,0,0,1,-27.663555,-49.159309,SPRF-SC,DEL01-SC,UOP03-DEL01-SC,2018
131484.0,2018-05-02,quarta-feira,04:40:00,SC,282,216.0,LAGES,Falta de Atenção à Condução,Colisão transversal,Sem Vítimas,Plena Noite,Crescente,Céu Claro,Simples,Reta,Sim,2,0,0,0,2,0,0,2,-27.79747028,-50.2972069,SPRF-SC,DEL05-SC,UOP01-DEL05-SC,2018
131547.0,2018-05-02,quarta-feira,09:00:00,SC,282,70.0,RANCHO QUEIMADO,Pista Escorregadia,Saída de leito carroçável,Com Vítimas Feridas,Pleno dia,Crescente,Nublado,Simples,Curva,Não,3,0,2,0,1,0,2,1,-27.692705,-49.091351,SPRF-SC,DEL01-SC,UOP03-DEL01-SC,2018
131597.0,2018-05-02,quarta-feira,15:45:00,SC,282,111.1,ALFREDO WAGNER,Velocidade Incompatível,Saída de leito carroçável,Com Vítimas Feridas,Pleno dia,Decrescente,Chuva,Múltipla,Curva,Não,1,0,1,0,0,0,1,1,-27.733616,-49.367538,SPRF-SC,DEL01-SC,UOP03-DEL01-SC,2018
131866.0,2018-05-03,quinta-feira,22:00:00,SC,480,128.9,CHAPECO,Não guardar distância de segurança,Colisão traseira,Com Vítimas Feridas,Plena Noite,Crescente,Céu Claro,Dupla,Reta,Sim,2,0,1,1,0,0,2,2,-27.04720122,-52.63526201,SPRF-SC,DEL07-SC,UOP01-DEL07-SC,2018
132039.0,2018-05-04,sexta-feira,17:45:00,SC,282,578.0,PINHALZINHO,Ingestão de Álcool,Colisão traseira,Sem Vítimas,Pleno dia,Crescente,Céu Claro,Simples,Reta,Sim,2,0,0,0,2,0,0,2,-26.838364,-52.985279,SPRF-SC,DEL07-SC,UOP02-DEL07-SC,2018
132062.0,2018-05-04,sexta-feira,19:19:00,SC,282,311.0,VARGEM,Desobediência às normas de trânsito pelo condutor,Colisão transversal,Com Vítimas Feridas,Plena Noite,Crescente,Nublado,Simples,Reta,Não,6,0,2,0,4,0,2,2,-27.47356153,-50.98265648,SPRF-SC,DEL07-SC,UOP06-DEL07-SC,2018
132069.0,2018-05-04,sexta-feira,20:55:00,SC,282,2.0,FLORIANOPOLIS,Desobediência às normas de trânsito pelo condutor,Colisão lateral,Com Vítimas Feridas,Plena Noite,Crescente,Céu Claro,Dupla,Reta,Sim,3,0,2,0,1,0,2,2,-27.60348798,-48.58780824,SPRF-SC,DEL01-SC,UOP01-DEL01-SC,2018
132245.0,2018-05-05,sábado,14:30:00,SC,282,162.1,BOM RETIRO,Condutor Dormindo,Saída de leito carroçável,Com Vítimas Feridas,Pleno dia,Crescente,Céu Claro,Simples,Curva,Não,2,0,1,0,1,0,1,1,-27.729252,-49.77306,SPRF-SC,DEL05-SC,UOP01-DEL05-SC,2018
132246.0,2018-05-05,sábado,18:08:00,SC,282,23.8,SANTO AMARO DA IMPERATRIZ,Falta de Atenção à Condução,Colisão traseira,Sem Vítimas,Plena Noite,Decrescente,Nublado,Simples,Reta,Sim,2,0,0,0,2,0,0,2,-27.687958,-48.736794,SPRF-SC,DEL01-SC,UOP03-DEL01-SC,2018
132270.0,2018-05-05,sábado,19:00:00,SC,282,393.6,JOACABA,Restrição de Visibilidade,Saída de leito carroçável,Com Vítimas Feridas,Plena Noite,Crescente,Céu Claro,Simples,Curva,Não,4,0,4,0,0,0,4,1,-27.15855887,-51.57601476,SPRF-SC,DEL07-SC,UOP05-DEL07-SC,2018
132294.0,2018-05-05,sábado,22:45:00,SC,282,224.8,LAGES,Ingestão de Álcool,Colisão frontal,Com Vítimas Feridas,Plena Noite,Decrescente,Nublado,Simples,Reta,Sim,3,0,2,1,0,0,3,2,-27.79341452,-50.37703514,SPRF-SC,DEL05-SC,UOP02-DEL05-SC,2018
132378.0,2018-05-06,domingo,13:10:00,SC,282,492.9,FAXINAL DOS GUEDES,Ingestão de Álcool,Saída de leito carroçável,Com Vítimas Feridas,Pleno dia,Decrescente,Nublado,Simples,Rotatória,Não,2,0,2,0,0,0,2,1,-26.871534,-52.300915,SPRF-SC,DEL07-SC,UOP01-DEL07-SC,2018
132422.0,2018-05-06,domingo,15:48:00,SC,282,499.2,XANXERE,Velocidade Incompatível,Capotamento,Com Vítimas Feridas,Pleno dia,Decrescente,Chuva,Dupla,Rotatória,Sim,2,0,2,0,0,0,2,1,-26.88089,-52.3590374,SPRF-SC,DEL07-SC,UOP01-DEL07-SC,2018
132469.0,2018-05-06,domingo,17:00:00,SC,282,500.0,XANXERE,Velocidade Incompatível,Capotamento,Sem Vítimas,Pleno dia,Crescente,Chuva,Dupla,Rotatória,Não,3,0,0,0,3,0,0,1,-26.881372,-52.37252,SPRF-SC,DEL07-SC,UOP01-DEL07-SC,2018
132628.0,2018-05-07,segunda-feira,13:50:00,SC,282,212.0,LAGES,Falta de Atenção à Condução,Colisão transversal,Com Vítimas Feridas,Pleno dia,Crescente,Nublado,Simples,Interseção de Vias,Não,3,0,2,0,1,0,2,2,-27.782257,-50.251381,SPRF-SC,DEL05-SC,UOP01-DEL05-SC,2018
132715.0,2018-05-07,segunda-feira,18:40:00,SC,480,128.9,CHAPECO,Falta de Atenção do Pedestre,Atropelamento de Pedestre,Com Vítimas Feridas,Plena Noite,Crescente,Céu Claro,Simples,Declive,Sim,2,0,1,1,0,0,2,2,-27.06279463,-52.63343811,SPRF-SC,DEL07-SC,UOP01-DEL07-SC,2018
132958.0,2018-05-06,domingo,03:35:00,SC,282,3.0,FLORIANOPOLIS,Não guardar distância de segurança,Colisão traseira,Com Vítimas Feridas,Plena Noite,Decrescente,Céu Claro,Dupla,Reta,Sim,2,0,1,0,0,1,1,2,-27.600384,-48.599705,SPRF-SC,DEL01-SC,UOP01-DEL01-SC,2018
132967.0,2018-05-09,quarta-feira,07:25:00,SC,282,17.0,PALHOCA,Desobediência às normas de trânsito pelo condutor,Colisão transversal,Com Vítimas Feridas,Pleno dia,Decrescente,Nublado,Simples,Reta,Não,2,0,1,0,1,0,1,2,-27.665707,-48.688065,SPRF-SC,DEL01-SC,UOP02-DEL01-SC,2018
132972.0,2018-05-09,quarta-feira,07:40:00,SC,282,5.0,SAO JOSE,Falta de Atenção à Condução,Colisão lateral,Com Vítimas Feridas,Pleno dia,Crescente,Nublado,Dupla,Curva,Sim,2,0,1,0,1,0,1,2,-27.58741502,-48.61498743,SPRF-SC,DEL01-SC,UOP01-DEL01-SC,2018
133000.0,2018-05-09,quarta-feira,09:40:00,SC,282,75.5,RANCHO QUEIMADO,Velocidade Incompatível,Saída de leito carroçável,Com Vítimas Feridas,Pleno dia,Decrescente,Garoa/Chuvisco,Simples,Curva,Não,1,0,1,0,0,0,1,1,-27.690931,-49.129143,SPRF-SC,DEL01-SC,UOP03-DEL01-SC,2018
133040.0,2018-05-09,quarta-feira,11:20:00,SC,282,523.2,XAXIM,Não guardar distância de segurança,Colisão traseira,Com Vítimas Feridas,Pleno dia,Decrescente,Sol,Simples,Reta,Sim,2,0,1,0,1,0,1,2,-26.963129,-52.548851,SPRF-SC,DEL07-SC,UOP01-DEL07-SC,2018
133051.0,2018-05-09,quarta-feira,13:10:00,SC,282,322.7,CAMPOS NOVOS,Falta de Atenção à Condução,Saída de leito carroçável,Com Vítimas Feridas,Pleno dia,Decrescente,Nublado,Simples,Declive;Curva,Não,2,0,1,1,0,0,2,1,-27.39386926,-51.05029106,SPRF-SC,DEL07-SC,UOP06-DEL07-SC,2018
133066.0,2018-05-09,quarta-feira,15:00:00,SC,282,3.0,FLORIANOPOLIS,Não guardar distância de segurança,Colisão traseira,Com Vítimas Feridas,Pleno dia,Decrescente,Céu Claro,Dupla,Reta,Sim,2,0,1,0,1,0,1,2,-27.600384,-48.599705,SPRF-SC,DEL01-SC,UOP01-DEL01-SC,2018