id,data_inversa,dia_semana,horario,uf,br,km,municipio,causa_acidente,tipo_acidente,classificacao_acidente,fase_dia,sentido_via,condicao_metereologica,tipo_pista,tracado_via,uso_solo,pessoas,mortos,feridos_leves,feridos_graves,ilesos,ignorados,feridos,veiculos,latitude,longitude,regional,delegacia,uop,ano_arquivo
148906.0,2018-07-25,quarta-feira,15:10:00,SC,282,530.5,CORDILHEIRA ALTA,Falta de Atenção à Condução,Colisão traseira,Sem Vítimas,Pleno dia,Crescente,Nublado,Simples,Curva;Declive;Em Obras,Sim,3,0,0,0,3,0,0,3,-26.98671807,-52.60996342,SPRF-SC,DEL07-SC,UOP01-DEL07-SC,2018
148936.0,2018-07-25,quarta-feira,19:30:00,SC,282,567.1,NOVA ERECHIM,Ingestão de Álcool,Saída de leito carroçável,Sem Vítimas,Plena Noite,Decrescente,Céu Claro,Simples,Reta,Não,1,0,0,0,1,0,0,1,-26.904472,-52.907639,SPRF-SC,DEL07-SC,UOP02-DEL07-SC,2018
148938.0,2018-07-25,quarta-feira,23:00:00,SC,282,45.5,AGUAS MORNAS,Pista Escorregadia,Saída de leito carroçável,Com Vítimas Feridas,Plena Noite,Decrescente,Garoa/Chuvisco,Simples,Curva;Declive,Não,3,0,2,0,1,0,2,1,-27.71926378,-48.92164707,SPRF-SC,DEL01-SC,UOP03-DEL01-SC,2018
149168.0,2018-07-27,sexta-feira,08:45:00,SC,282,6.0,SAO JOSE,Falta de Atenção à Condução,Colisão lateral,Com Vítimas Feridas,Pleno dia,Decrescente,Nublado,Dupla,Curva,Sim,2,0,1,0,0,1,1,2,-27.591936,-48.618244,SPRF-SC,DEL01-SC,UOP01-DEL01-SC,2018
149185.0,2018-07-27,sexta-feira,10:00:00,SC,282,4.0,FLORIANOPOLIS,Não guardar distância de segurança,Colisão traseira,Com Vítimas Feridas,Pleno dia,Decrescente,Céu Claro,Dupla,Reta,Não,2,0,1,0,1,0,1,2,-27.60218154,-48.57915932,SPRF-SC,DEL01-SC,UOP01-DEL01-SC,2018
149341.0,2018-07-27,sexta-feira,23:25:00,SC,282,504.8,XANXERE,Ingestão de Álcool,Colisão frontal,Com Vítimas Feridas,Plena Noite,Crescente,Céu Claro,Simples,Reta,Não,3,0,2,0,0,1,2,2,-26.88534933,-52.41480405,SPRF-SC,DEL07-SC,UOP01-DEL07-SC,2018
149397.0,2018-07-28,sábado,09:20:00,SC,282,164.8,BOCAINA DO SUL,Falta de Atenção à Condução,Capotamento,Com Vítimas Feridas,Pleno dia,Crescente,Céu Claro,Simples,Reta,Não,1,0,1,0,0,0,1,1,-27.73546542,-49.79694843,SPRF-SC,DEL05-SC,UOP01-DEL05-SC,2018
149582.0,2018-07-29,domingo,05:40:00,SC,282,398.4,JOACABA,Velocidade Incompatível,Saída de leito carroçável,Com Vítimas Feridas,Amanhecer,Crescente,Nevoeiro/Neblina,Simples,Aclive;Reta,Não,3,0,3,0,0,0,3,1,-27.146529,-51.612662,SPRF-SC,DEL07-SC,UOP05-DEL07-SC,2018
149650.0,2018-07-29,domingo,14:10:00,SC,282,603.8,MARAVILHA,Falta de Atenção à Condução,Colisão traseira,Com Vítimas Feridas,Pleno dia,Crescente,Sol,Simples,Aclive,Não,3,0,2,0,1,0,2,2,-26.79488433,-53.19320071,SPRF-SC,DEL07-SC,UOP02-DEL07-SC,2018
149716.0,2018-07-29,domingo,15:50:00,SC,282,396.3,JOACABA,Não guardar distância de segurança,Colisão traseira,Com Vítimas Feridas,Pleno dia,Decrescente,Céu Claro,Simples,Reta,Não,6,0,3,0,3,0,3,3,-27.1565768,-51.59821272,SPRF-SC,DEL07-SC,UOP05-DEL07-SC,2018
149742.0,2018-07-29,domingo,16:30:00,SC,282,40.5,AGUAS MORNAS,Falta de Atenção à Condução,Colisão transversal,Com Vítimas Feridas,Pleno dia,Crescente,Nublado,Simples,Curva,Sim,5,0,2,0,3,0,2,3,-27.71516075,-48.87467623,SPRF-SC,DEL01-SC,UOP03-DEL01-SC,2018
149751.0,2018-07-29,domingo,19:55:00,SC,282,527.8,CORDILHEIRA ALTA,Ingestão de álcool e/ou substâncias psicoativas pelo pedestre,Saída de leito carroçável,Sem Vítimas,Plena Noite,Decrescente,Céu Claro,Simples,Curva,Não,1,0,0,0,0,1,0,1,-26.98633564,-52.59527028,SPRF-SC,DEL07-SC,UOP01-DEL07-SC,2018
149922.0,2018-07-30,segunda-feira,18:37:00,SC,282,186.2,BOCAINA DO SUL,Animais na Pista,Atropelamento de Animal,Com Vítimas Feridas,Plena Noite,Decrescente,Céu Claro,Simples,Reta,Não,2,0,1,0,1,0,1,2,-27.735537,-49.998207,SPRF-SC,DEL05-SC,UOP01-DEL05-SC,2018
150031.0,2018-07-31,terça-feira,10:35:00,SC,282,510.0,XANXERE,Defeito Mecânico no Veículo,Tombamento,Com Vítimas Feridas,Pleno dia,Crescente,Nevoeiro/Neblina,Simples,Reta,Não,1,0,1,0,0,0,1,1,-26.89497553,-52.46207714,SPRF-SC,DEL07-SC,UOP01-DEL07-SC,2018
150134.0,2018-07-31,terça-feira,18:50:00,SC,282,506.5,XANXERE,Velocidade Incompatível,Saída de leito carroçável,Sem Vítimas,Plena Noite,Crescente,Céu Claro,Múltipla,Rotatória;Curva,Não,1,0,0,0,1,0,0,1,-26.88496657,-52.43403196,SPRF-SC,DEL07-SC,UOP01-DEL07-SC,2018
150154.0,2018-07-31,terça-feira,19:30:00,SC,282,109.9,ALFREDO WAGNER,Velocidade Incompatível,Capotamento,Com Vítimas Feridas,Plena Noite,Decrescente,Nublado,Simples,Curva,Não,1,0,1,0,0,0,1,1,-27.71986687,-49.35809612,SPRF-SC,DEL01-SC,UOP03-DEL01-SC,2018
150178.0,2018-08-01,quarta-feira,05:10:00,SC,282,3.9,FLORIANOPOLIS,Agressão Externa,Saída de leito carroçável,Com Vítimas Feridas,Amanhecer,Crescente,Céu Claro,Dupla,Reta,Não,3,0,3,0,0,0,3,1,-27.59417573,-48.60155392,SPRF-SC,DEL01-SC,UOP01-DEL01-SC,2018
150217.0,2018-08-01,quarta-feira,10:20:00,SC,282,4.0,FLORIANOPOLIS,Falta de Atenção à Condução,Colisão lateral,Com Vítimas Feridas,Pleno dia,Decrescente,Céu Claro,Dupla,Reta,Sim,2,0,1,0,1,0,1,2,-27.59724604,-48.60083252,SPRF-SC,DEL01-SC,UOP01-DEL01-SC,2018
150277.0,2018-08-01,quarta-feira,16:30:00,SC,282,5.1,SAO JOSE,Falta de Atenção à Condução,Colisão traseira,Com Vítimas Feridas,Pleno dia,Crescente,Céu Claro,Dupla,Reta,Sim,2,0,1,0,1,0,1,2,-27.58858288,-48.61221492,SPRF-SC,DEL01-SC,UOP01-DEL01-SC,2018
150321.0,2018-08-01,quarta-feira,18:05:00,SC,480,130.7,CHAPECO,Falta de Atenção à Condução,Colisão transversal,Com Vítimas Feridas,Anoitecer,Crescente,Nublado,Dupla,Reta,Sim,2,0,2,0,0,0,2,2,-27.06325322,-52.63240814,SPRF-SC,DEL07-SC,UOP01-DEL07-SC,2018
150342.0,2018-08-01,quarta-feira,21:40:00,SC,282,418.0,VARGEM BONITA,Ingestão de Álcool,Saída de leito carroçável,Sem Vítimas,Plena Noite,Crescente,Céu Claro,Simples,Curva,Não,1,0,0,0,1,0,0,1,-27.024965,-51.730766,SPRF-SC,DEL07-SC,UOP05-DEL07-SC,2018
150442.0,2018-08-02,quinta-feira,07:50:00,SC,282,503.8,XANXERE,Velocidade Incompatível,Colisão com objeto estático,Com Vítimas Feridas,Pleno dia,Decrescente,Nublado,Dupla,Curva,Sim,2,0,2,0,0,0,2,1,-26.8825551,-52.40386248,SPRF-SC,DEL07-SC,UOP01-DEL07-SC,2018
150443.0,2018-08-02,quinta-feira,10:55:00,SC,282,552.9,NOVA ITABERABA,Velocidade Incompatível,Colisão traseira,Com Vítimas Feridas,Pleno dia,Decrescente,Céu Claro,Simples,Aclive,Não,2,0,0,1,1,0,1,2,-26.95623478,-52.77446866,SPRF-SC,DEL07-SC,UOP01-DEL07-SC,2018
150830.0,2018-08-04,sábado,00:44:00,SC,282,6.0,SAO JOSE,Ingestão de Álcool,Saída de leito carroçável,Com Vítimas Feridas,Plena Noite,Decrescente,Nublado,Dupla,Curva,Sim,2,0,1,1,0,0,2,1,-27.58758618,-48.61550862,SPRF-SC,DEL01-SC,UOP01-DEL01-SC,2018
150865.0,2018-08-04,sábado,07:00:00,SC,282,16.5,PALHOCA,Falta de Atenção à Condução,Atropelamento de Pedestre,Com Vítimas Feridas,Pleno dia,Crescente,Céu Claro,Simples,Reta,Sim,2,0,0,1,1,0,1,2,-27.658611,-48.681847,SPRF-SC,DEL01-SC,UOP02-DEL01-SC,2018
150892.0,2018-07-15,domingo,18:35:00,SC,282,561.8,NOVA ERECHIM,Falta de Atenção à Condução,Colisão frontal,Com Vítimas Fatais,Plena Noite,Decrescente,Céu Claro,Simples,Reta,Não,5,1,2,1,0,1,3,4,-26.9205776,-52.86053874,SPRF-SC,DEL07-SC,UOP02-DEL07-SC,2018
150985.0,2018-08-04,sábado,18:30:00,SC,282,16.0,PALHOCA,Desobediência às normas de trânsito pelo condutor,Colisão transversal,Com Vítimas Feridas,Plena Noite,Crescente,Nublado,Simples,Declive,Sim,3,0,2,0,1,0,2,2,-27.658611,-48.681847,SPRF-SC,DEL01-SC,UOP02-DEL01-SC,2018
151018.0,2018-08-04,sábado,19:50:00,SC,282,603.0,MARAVILHA,Velocidade Incompatível,Saída de leito carroçável,Com Vítimas Feridas,Plena Noite,Decrescente,Céu Claro,Simples,Curva,Não,1,0,0,1,0,0,1,1,-26.80277537,-53.18906307,SPRF-SC,DEL07-SC,UOP02-DEL07-SC,2018
151061.0,2018-08-05,domingo,03:10:00,SC,282,3.5,FLORIANOPOLIS,Desobediência às normas de trânsito pelo condutor,Colisão traseira,Com Vítimas Feridas,Plena Noite,Crescente,Céu Claro,Dupla,Curva,Sim,2,0,1,0,1,0,1,2,-27.597,-48.601,SPRF-SC,DEL01-SC,UOP01-DEL01-SC,2018
151193.0,2018-08-05,domingo,19:00:00,SC,282,398.4,JOACABA,Falta de Atenção à Condução,Colisão transversal,Com Vítimas Feridas,Plena Noite,Crescente,Céu Claro,Simples,Reta,Não,4,0,1,0,3,0,1,2,-27.14657114,-51.61267966,SPRF-SC,DEL07-SC,UOP05-DEL07-SC,2018
151369.0,2018-08-06,segunda-feira,13:20:00,SC,282,6.0,SAO JOSE,Falta de Atenção à Condução,Colisão lateral,Com Vítimas Feridas,Pleno dia,Decrescente,Céu Claro,Simples,Curva,Sim,2,0,1,0,1,0,1,2,-27.591936,-48.618244,SPRF-SC,DEL01-SC,UOP01-DEL01-SC,2018
151398.0,2018-08-06,segunda-feira,15:10:00,SC,282,398.4,JOACABA,Desobediência às normas de trânsito pelo condutor,Colisão transversal,Com Vítimas Feridas,Pleno dia,Decrescente,Céu Claro,Simples,Reta,Não,2,0,1,0,1,0,1,2,-27.143419,-51.613823,SPRF-SC,DEL07-SC,UOP05-DEL07-SC,2018
151798.0,2018-08-08,quarta-feira,16:40:00,SC,282,118.0,ALFREDO WAGNER,Velocidade Incompatível,Saída de leito carroçável,Com Vítimas Feridas,Anoitecer,Decrescente,Chuva,Simples,Curva,Não,1,0,1,0,0,0,1,1,-27.776798,-49.411194,SPRF-SC,DEL05-SC,UOP01-DEL05-SC,2018
151802.0,2018-08-08,quarta-feira,17:00:00,SC,282,118.0,BOM RETIRO,Velocidade Incompatível,Saída de leito carroçável,Com Vítimas Feridas,Anoitecer,Decrescente,Chuva,Simples,Curva,Não,1,0,1,0,0,0,1,1,-27.77445345,-49.41293336,SPRF-SC,DEL05-SC,UOP01-DEL05-SC,2018
151817.0,2018-08-08,quarta-feira,23:00:00,SC,282,592.4,SAUDADES,Falta de Atenção à Condução,Capotamento,Sem Vítimas,Plena Noite,Crescente,Nublado,Simples,Reta,Não,1,0,0,0,1,0,0,1,-26.82642605,-53.09574366,SPRF-SC,DEL07-SC,UOP02-DEL07-SC,2018
151851.0,2018-08-09,quinta-feira,07:50:00,SC,282,4.5,SAO JOSE,Falta de Atenção à Condução,Colisão traseira,Com Vítimas Feridas,Pleno dia,Decrescente,Nublado,Dupla,Reta,Sim,2,0,1,0,1,0,1,2,-27.592,-48.606,SPRF-SC,DEL01-SC,UOP01-DEL01-SC,2018
151958.0,2018-08-09,quinta-feira,19:10:00,SC,282,2.0,FLORIANOPOLIS,Não guardar distância de segurança,Colisão traseira,Com Vítimas Feridas,Plena Noite,Crescente,Nublado,Múltipla,Reta,Sim,2,0,1,0,1,0,1,2,-27.603289,-48.590416,SPRF-SC,DEL01-SC,UOP01-DEL01-SC,2018
152049.0,2018-08-10,sexta-feira,09:35:00,SC,282,1.0,FLORIANOPOLIS,Não guardar distância de segurança,Colisão lateral,Com Vítimas Feridas,Pleno dia,Decrescente,Céu Claro,Dupla,Reta,Sim,3,0,1,1,1,0,2,2,-27.60491023,-48.58334541,SPRF-SC,DEL01-SC,UOP01-DEL01-SC,2018
152083.0,2018-08-10,sexta-feira,13:40:00,SC,282,3.0,FLORIANOPOLIS,Não guardar distância de segurança,Colisão traseira,Com Vítimas Feridas,Pleno dia,Crescente,Chuva,Dupla,Reta,Sim,2,0,1,0,1,0,1,2,-27.600384,-48.599705,SPRF-SC,DEL01-SC,UOP01-DEL01-SC,2018
152124.0,2018-08-10,sexta-feira,16:15:00,SC,282,4.0,SAO JOSE,Falta de Atenção à Condução,Colisão lateral,Com Vítimas Feridas,Pleno dia,Decrescente,Céu Claro,Dupla,Curva,Sim,2,0,1,0,1,0,1,2,-27.59278749,-48.60400731,SPRF-SC,DEL01-SC,UOP01-DEL01-SC,2018
152309.0,2018-08-11,sábado,11:55:00,SC,282,18.5,PALHOCA,Desobediência às normas de trânsito pelo pedestre,Colisão transversal,Com Vítimas Feridas,Pleno dia,Crescente,Céu Claro,Simples,Reta,Sim,2,0,1,0,1,0,1,2,-27.672798,-48.694286,SPRF-SC,DEL01-SC,UOP02-DEL01-SC,2018
152369.0,2018-08-11,sábado,14:50:00,SC,282,560.1,NOVA ITABERABA,Falta de Atenção à Condução,Colisão traseira,Sem Vítimas,Pleno dia,Crescente,Sol,Simples,Reta,Não,3,0,0,0,3,0,0,3,-26.92604934,-52.84925938,SPRF-SC,DEL07-SC,UOP01-DEL07-SC,2018
152382.0,2018-08-11,sábado,18:45:00,SC,282,18.0,PALHOCA,Ingestão de Álcool,Colisão traseira,Sem Vítimas,Plena Noite,Decrescente,Céu Claro,Simples,Reta,Não,2,0,0,0,2,0,0,2,-27.672798,-48.694286,SPRF-SC,DEL01-SC,UOP02-DEL01-SC,2018
152555.0,2018-08-12,domingo,14:20:00,SC,282,332.0,CAMPOS NOVOS,Velocidade Incompatível,Colisão lateral,Com Vítimas Feridas,Pleno dia,Crescente,Sol,Simples,Curva,Não,8,0,0,5,2,1,5,3,-27.39221176,-51.15650654,SPRF-SC,DEL07-SC,UOP06-DEL07-SC,2018
152685.0,2018-08-13,segunda-feira,00:00:00,SC,282,32.4,SANTO AMARO DA IMPERATRIZ,Animais na Pista,Saída de leito carroçável,Com Vítimas Feridas,Plena Noite,Decrescente,Céu Claro,Simples,Reta,Não,2,0,1,0,1,0,1,1,-27.70342702,-48.80380869,SPRF-SC,DEL01-SC,UOP03-DEL01-SC,2018
152696.0,2018-08-12,domingo,01:20:00,SC,282,478.7,VARGEAO,Ingestão de Álcool,Saída de leito carroçável,Com Vítimas Feridas,Plena Noite,Decrescente,Céu Claro,Simples,Reta,Não,4,0,1,1,2,0,2,1,-26.878744,-52.186382,SPRF-SC,DEL07-SC,UOP01-DEL07-SC,2018
152697.0,2018-08-13,segunda-feira,01:15:00,SC,282,497.5,XANXERE,Ingestão de Álcool,Colisão traseira,Sem Vítimas,Plena Noite,Crescente,Céu Claro,Simples,Reta,Não,2,0,0,0,1,1,0,2,-26.880062,-52.344685,SPRF-SC,DEL07-SC,UOP01-DEL07-SC,2018
152820.0,2018-08-13,segunda-feira,14:40:00,SC,282,3.2,FLORIANOPOLIS,Desobediência às normas de trânsito pelo condutor,Colisão lateral,Com Vítimas Feridas,Pleno dia,Decrescente,Sol,Dupla,Reta,Sim,2,0,0,1,1,0,1,2,-27.59798854,-48.60067248,SPRF-SC,DEL01-SC,UOP01-DEL01-SC,2018
152937.0,2018-08-13,segunda-feira,05:30:00,SC,282,118.1,ALFREDO WAGNER,Defeito Mecânico no Veículo,Incêndio,Sem Vítimas,Amanhecer,Crescente,Céu Claro,Simples,Curva,Não,1,0,0,0,1,0,0,1,-27.7774516,-49.4119671,SPRF-SC,DEL05-SC,UOP01-DEL05-SC,2018
152955.0,2018-08-14,terça-feira,10:15:00,SC,282,4.1,SAO JOSE,Falta de Atenção à Condução,Colisão transversal,Com Vítimas Feridas,Pleno dia,Decrescente,Céu Claro,Dupla,Interseção de Vias,Sim,2,0,1,0,1,0,1,2,-27.59235009,-48.60577404,SPRF-SC,DEL01-SC,UOP01-DEL01-SC,2018
152976.0,2018-08-14,terça-feira,12:20:00,SC,282,444.8,PONTE SERRADA,Falta de Atenção à Condução,Queda de ocupante de veículo,Com Vítimas Feridas,Pleno dia,Crescente,Céu Claro,Simples,Curva,Não,1,0,1,0,0,0,1,1,-26.91112,-51.90466,SPRF-SC,DEL07-SC,UOP04-DEL07-SC,2018
153245.0,2018-08-15,quarta-feira,16:00:00,SC,282,534.6,CHAPECO,Não guardar distância de segurança,Colisão traseira,Com Vítimas Feridas,Pleno dia,Crescente,Sol,Simples,Reta,Não,2,0,1,0,1,0,1,2,-26.99708127,-52.64135599,SPRF-SC,DEL07-SC,UOP01-DEL07-SC,2018
153298.0,2018-08-16,quinta-feira,00:10:00,SC,282,526.9,XAXIM,Velocidade Incompatível,Colisão frontal,Com Vítimas Feridas,Plena Noite,Crescente,Céu Claro,Simples,Curva,Não,5,0,3,1,0,1,4,2,-26.9711906,-52.58189678,SPRF-SC,DEL07-SC,UOP01-DEL07-SC,2018
153417.0,2018-08-16,quinta-feira,18:15:00,SC,282,17.0,PALHOCA,Falta de Atenção à Condução,Colisão traseira,Com Vítimas Feridas,Plena Noite,Decrescente,Céu Claro,Simples,Reta,Não,4,0,1,0,3,0,1,4,-27.665707,-48.688065,SPRF-SC,DEL01-SC,UOP02-DEL01-SC,2018
153544.0,2018-08-17,sexta-feira,07:20:00,SC,282,505.7,XANXERE,Ultrapassagem Indevida,Colisão lateral,Com Vítimas Feridas,Pleno dia,Crescente,Sol,Dupla,Reta,Sim,2,0,1,0,1,0,1,2,-26.885883,-52.418762,SPRF-SC,DEL07-SC,UOP01-DEL07-SC,2018
153818.0,2018-08-18,sábado,10:30:00,SC,282,82.5,ALFREDO WAGNER,Defeito Mecânico no Veículo,Saída de leito carroçável,Sem Vítimas,Pleno dia,Crescente,Nublado,Simples,Curva;Declive,Não,1,0,0,0,1,0,0,1,-27.662027,-49.178356,SPRF-SC,DEL01-SC,UOP03-DEL01-SC,2018
153825.0,2018-08-18,sábado,08:20:00,SC,282,645.2,SAO MIGUEL DO OESTE,Falta de Atenção à Condução,Queda de ocupante de veículo,Com Vítimas Feridas,Pleno dia,Crescente,Céu Claro,Simples,Reta,Não,2,0,1,0,1,0,1,1,-26.765184,-53.487823,SPRF-SC,DEL07-SC,UOP03-DEL07-SC,2018
153893.0,2018-08-18,sábado,16:50:00,SC,282,482.9,FAXINAL DOS GUEDES,Mal Súbito,Saída de leito carroçável,Com Vítimas Feridas,Pleno dia,Decrescente,Céu Claro,Simples,Reta,Não,1,0,1,0,0,0,1,1,-26.86289778,-52.22581342,SPRF-SC,DEL07-SC,UOP01-DEL07-SC,2018
154137.0,2018-08-19,domingo,20:00:00,SC,282,506.9,XANXERE,Velocidade Incompatível,Capotamento,Sem Vítimas,Plena Noite,Crescente,Céu Claro,Dupla,Interseção de Vias,Não,1,0,0,0,1,0,0,1,-26.88504312,-52.43430018,SPRF-SC,DEL07-SC,UOP01-DEL07-SC,2018
154143.0,2018-08-19,domingo,21:10:00,SC,282,16.0,PALHOCA,Falta de Atenção à Condução,Colisão transversal,Com Vítimas Feridas,Plena Noite,Crescente,Céu Claro,Dupla,Reta,Não,2,0,0,1,1,0,1,2,-27.658611,-48.681847,SPRF-SC,DEL01-SC,UOP02-DEL01-SC,2018
154258.0,2018-08-20,segunda-feira,08:10:00,SC,282,300.8,VARGEM,Velocidade Incompatível,Capotamento,Sem Vítimas,Pleno dia,Decrescente,Nublado,Simples,Curva,Não,1,0,0,0,1,0,0,1,-27.387276,-51.1141798,SPRF-SC,DEL07-SC,UOP06-DEL07-SC,2018
154297.0,2018-08-20,segunda-feira,10:30:00,SC,282,384.7,JOACABA,Falta de Atenção à Condução,Colisão com objeto estático,Sem Vítimas,Pleno dia,Crescente,Chuva,Simples,Curva,Não,1,0,0,0,1,0,0,1,-27.20044213,-51.51536465,SPRF-SC,DEL07-SC,UOP05-DEL07-SC,2018
154336.0,2018-08-20,segunda-feira,15:45:00,SC,282,596.0,CUNHA PORA,Pista Escorregadia,Saída de leito carroçável,Com Vítimas Feridas,Pleno dia,Decrescente,Garoa/Chuvisco,Simples,Reta,Não,1,0,0,1,0,0,1,1,-26.829437,-53.127995,SPRF-SC,DEL07-SC,UOP02-DEL07-SC,2018
154388.0,2018-08-21,terça-feira,06:00:00,SC,282,37.3,AGUAS MORNAS,Velocidade Incompatível,Saída de leito carroçável,Com Vítimas Feridas,Amanhecer,Crescente,Chuva,Simples,Curva,Não,1,0,0,1,0,0,1,1,-27.707325,-48.842983,SPRF-SC,DEL01-SC,UOP03-DEL01-SC,2018
154429.0,2018-08-21,terça-feira,09:45:00,SC,282,638.1,DESCANSO,Falta de Atenção à Condução,Saída de leito carroçável,Sem Vítimas,Pleno dia,Crescente,Garoa/Chuvisco,Simples,Curva,Não,1,0,0,0,1,0,0,1,-26.800833,-53.448235,SPRF-SC,DEL07-SC,UOP03-DEL07-SC,2018
154468.0,2018-08-21,terça-feira,14:10:00,SC,282,0.1,FLORIANOPOLIS,Falta de Atenção do Pedestre,Atropelamento de Pedestre,Com Vítimas Feridas,Pleno dia,Crescente,Garoa/Chuvisco,Dupla,Curva,Sim,2,0,1,0,1,0,1,2,-27.59845,-48.571995,SPRF-SC,DEL01-SC,UOP01-DEL01-SC,2018
154472.0,2018-08-21,terça-feira,11:25:00,SC,282,80.0,RANCHO QUEIMADO,Objeto estático sobre o leito carroçável,Saída de leito carroçável,Com Vítimas Feridas,Pleno dia,Decrescente,Chuva,Simples,Curva,Não,2,0,1,0,1,0,1,2,-27.66368887,-49.15947533,SPRF-SC,DEL01-SC,UOP03-DEL01-SC,2018
154581.0,2018-08-22,quarta-feira,08:00:00,SC,282,23.9,SANTO AMARO DA IMPERATRIZ,Defeito Mecânico no Veículo,Colisão lateral,Com Vítimas Feridas,Pleno dia,Crescente,Chuva,Simples,Curva,Sim,2,0,1,0,1,0,1,2,-27.687958,-48.736794,SPRF-SC,DEL01-SC,UOP03-DEL01-SC,2018
154738.0,2018-08-23,quinta-feira,04:00:00,SC,282,256.4,SAO JOSE DO CERRITO,Animais na Pista,Atropelamento de Animal,Sem Vítimas,Plena Noite,Crescente,Nevoeiro/Neblina,Simples,Aclive;Reta,Não,1,0,0,0,1,0,0,1,-27.66775582,-50.58421969,SPRF-SC,DEL05-SC,UOP02-DEL05-SC,2018
154741.0,2018-08-23,quinta-feira,04:40:00,SC,282,133.0,BOM RETIRO,Falta de Atenção à Condução,Colisão frontal,Com Vítimas Feridas,Amanhecer,Crescente,Nublado,Simples,Curva,Não,5,0,3,0,2,0,3,2,-27.80780208,-49.52877045,SPRF-SC,DEL05-SC,UOP01-DEL05-SC,2018
154744.0,2018-08-22,quarta-feira,10:30:00,SC,282,72.0,ALFREDO WAGNER,Velocidade Incompatível,Saída de leito carroçável,Sem Vítimas,Pleno dia,Decrescente,Chuva,Simples,Curva;Declive,Não,1,0,0,0,1,0,0,1,-27.683439,-49.105259,SPRF-SC,DEL01-SC,UOP03-DEL01-SC,2018
154881.0,2018-08-23,quinta-feira,19:30:00,SC,282,387.5,JOACABA,Falta de Atenção à Condução,Colisão lateral,Com Vítimas Feridas,Plena Noite,Crescente,Céu Claro,Simples,Rotatória,Sim,2,0,1,0,1,0,1,2,-27.185896,-51.518845,SPRF-SC,DEL07-SC,UOP05-DEL07-SC,2018
154902.0,2018-08-23,quinta-feira,22:50:00,SC,282,382.2,JOACABA,Ingestão de Álcool,Colisão lateral,Com Vítimas Feridas,Plena Noite,Crescente,Céu Claro,Simples,Reta,Não,3,0,1,0,2,0,1,3,-27.2026,-51.50155,SPRF-SC,DEL07-SC,UOP05-DEL07-SC,2018
154924.0,2018-08-24,sexta-feira,06:20:00,SC,282,323.0,CAMPOS NOVOS,Falta de Atenção à Condução,Saída de leito carroçável,Com Vítimas Feridas,Amanhecer,Decrescente,Garoa/Chuvisco,Simples,Curva,Não,1,0,1,0,0,0,1,1,-27.394375,-51.0495,SPRF-SC,DEL07-SC,UOP06-DEL07-SC,2018
154925.0,2018-08-24,sexta-feira,07:00:00,SC,282,30.8,SANTO AMARO DA IMPERATRIZ,Falta de Atenção à Condução,Saída de leito carroçável,Com Vítimas Feridas,Amanhecer,Decrescente,Garoa/Chuvisco,Simples,Curva,Não,1,0,1,0,0,0,1,1,-27.69509929,-48.79333556,SPRF-SC,DEL01-SC,UOP03-DEL01-SC,2018
154987.0,2018-08-24,sexta-feira,14:45:00,SC,282,65.9,RANCHO QUEIMADO,Falta de Atenção à Condução,Colisão traseira,Com Vítimas Feridas,Pleno dia,Decrescente,Chuva,Simples,Curva,Não,5,0,3,1,1,0,4,2,-27.68322406,-49.10648346,SPRF-SC,DEL01-SC,UOP03-DEL01-SC,2018
155051.0,2018-08-24,sexta-feira,16:10:00,SC,282,638.2,DESCANSO,Velocidade Incompatível,Saída de leito carroçável,Com Vítimas Fatais,Pleno dia,Crescente,Chuva,Simples,Curva,Não,2,1,1,0,0,0,1,1,-26.79850432,-53.44943047,SPRF-SC,DEL07-SC,UOP03-DEL07-SC,2018
155112.0,2018-08-24,sexta-feira,23:55:00,SC,282,581.5,PINHALZINHO,Ingestão de Álcool,Saída de leito carroçável,Com Vítimas Feridas,Plena Noite,Crescente,Céu Claro,Simples,Aclive;Curva,Sim,1,0,1,0,0,0,1,1,-26.82828343,-52.99899101,SPRF-SC,DEL07-SC,UOP02-DEL07-SC,2018
155121.0,2018-08-25,sábado,03:15:00,SC,282,3.5,FLORIANOPOLIS,Ingestão de Álcool,Colisão com objeto estático,Com Vítimas Feridas,Plena Noite,Crescente,Nublado,Dupla,Reta,Sim,1,0,1,0,0,0,1,1,-27.600384,-48.599705,SPRF-SC,DEL01-SC,UOP01-DEL01-SC,2018
155214.0,2018-08-25,sábado,15:45:00,SC,282,6.1,SAO JOSE,Falta de Atenção à Condução,Colisão lateral,Com Vítimas Feridas,Pleno dia,Crescente,Sol,Dupla,Curva,Sim,5,0,0,2,3,0,2,4,-27.591936,-48.618244,SPRF-SC,DEL01-SC,UOP01-DEL01-SC,2018
155350.0,2018-08-26,domingo,02:30:00,SC,282,410.0,CATANDUVAS,Falta de Atenção à Condução,Colisão com objeto estático,Sem Vítimas,Plena Noite,Crescente,Céu Claro,Simples,Reta,Sim,1,0,0,0,0,1,0,1,-27.061399,-51.671875,SPRF-SC,DEL07-SC,UOP05-DEL07-SC,2018
155352.0,2018-08-26,domingo,00:30:00,SC,282,407.7,CATANDUVAS,Ingestão de Álcool,Saída de leito carroçável,Com Vítimas Feridas,Plena Noite,Decrescente,Céu Claro,Simples,Curva,Não,2,0,2,0,0,0,2,1,-27.083517,-51.662014,SPRF-SC,DEL07-SC,UOP05-DEL07-SC,2018