id,data_inversa,dia_semana,horario,uf,br,km,municipio,causa_acidente,tipo_acidente,classificacao_acidente,fase_dia,sentido_via,condicao_metereologica,tipo_pista,tracado_via,uso_solo,pessoas,mortos,feridos_leves,feridos_graves,ilesos,ignorados,feridos,veiculos,latitude,longitude,regional,delegacia,uop,ano_arquivo
160643.0,2018-09-20,quinta-feira,12:20:00,SC,282,38.5,AGUAS MORNAS,Falta de Atenção à Condução,Colisão frontal,Com Vítimas Fatais,Pleno dia,Decrescente,Céu Claro,Simples,Curva,Não,3,1,0,0,2,0,0,3,-27.71345586,-48.85818601,SPRF-SC,DEL01-SC,UOP03-DEL01-SC,2018
160675.0,2018-09-20,quinta-feira,18:25:00,SC,282,223.2,LAGES,Falta de Atenção à Condução,Colisão transversal,Com Vítimas Feridas,Anoitecer,Crescente,Céu Claro,Simples,Reta;Interseção de Vias,Sim,2,0,1,0,1,0,1,2,-27.79836876,-50.36566257,SPRF-SC,DEL05-SC,UOP02-DEL05-SC,2018
160791.0,2018-09-21,sexta-feira,07:50:00,SC,282,578.1,PINHALZINHO,Desobediência às normas de trânsito pelo condutor,Colisão transversal,Com Vítimas Feridas,Pleno dia,Decrescente,Céu Claro,Simples,Rotatória,Não,3,0,1,0,2,0,1,2,-26.838364,-52.985279,SPRF-SC,DEL07-SC,UOP02-DEL07-SC,2018
160832.0,2018-09-21,sexta-feira,09:20:00,SC,282,529.1,CORDILHEIRA ALTA,Desobediência às normas de trânsito pelo condutor,Colisão transversal,Com Vítimas Feridas,Pleno dia,Crescente,Sol,Simples,Reta;Interseção de Vias,Não,2,0,1,0,1,0,1,2,-26.98238704,-52.59787202,SPRF-SC,DEL07-SC,UOP01-DEL07-SC,2018
160885.0,2018-09-21,sexta-feira,16:00:00,SC,282,89.0,ALFREDO WAGNER,Velocidade Incompatível,Saída de leito carroçável,Com Vítimas Feridas,Pleno dia,Crescente,Céu Claro,Simples,Curva,Não,1,0,1,0,0,0,1,1,-27.67791304,-49.21554208,SPRF-SC,DEL01-SC,UOP03-DEL01-SC,2018
160898.0,2018-09-21,sexta-feira,20:00:00,SC,282,22.0,PALHOCA,Falta de Atenção à Condução,Colisão transversal,Com Vítimas Feridas,Plena Noite,Crescente,Nublado,Simples,Reta,Não,2,0,1,0,1,0,1,2,-27.688507,-48.72739,SPRF-SC,DEL01-SC,UOP02-DEL01-SC,2018
161061.0,2018-09-22,sábado,16:30:00,SC,282,0.4,FLORIANOPOLIS,Não guardar distância de segurança,Colisão traseira,Com Vítimas Feridas,Pleno dia,Crescente,Céu Claro,Dupla,Reta,Não,3,0,2,0,1,0,2,2,-27.59940524,-48.5753935,SPRF-SC,DEL01-SC,UOP01-DEL01-SC,2018
161142.0,2018-09-22,sábado,21:50:00,SC,282,325.5,CAMPOS NOVOS,Ingestão de Álcool,Saída de leito carroçável,Com Vítimas Feridas,Anoitecer,Decrescente,Céu Claro,Simples,Reta,Não,1,0,1,0,0,0,1,1,-27.3781697,-51.094172,SPRF-SC,DEL07-SC,UOP06-DEL07-SC,2018
161257.0,2018-09-23,domingo,08:40:00,SC,282,92.5,ALFREDO WAGNER,Velocidade Incompatível,Saída de leito carroçável,Com Vítimas Feridas,Pleno dia,Decrescente,Céu Claro,Simples,Curva,Não,2,0,2,0,0,0,2,1,-27.697363,-49.23542,SPRF-SC,DEL01-SC,UOP03-DEL01-SC,2018
161263.0,2018-09-23,domingo,14:05:00,SC,282,610.2,MARAVILHA,Velocidade Incompatível,Saída de leito carroçável,Com Vítimas Feridas,Pleno dia,Crescente,Céu Claro,Simples,Curva;Declive,Não,1,0,1,0,0,0,1,1,-26.756321,-53.230247,SPRF-SC,DEL07-SC,UOP02-DEL07-SC,2018
161306.0,2018-09-23,domingo,17:30:00,SC,282,630.6,DESCANSO,Desobediência às normas de trânsito pelo condutor,Colisão lateral,Com Vítimas Feridas,Pleno dia,Decrescente,Céu Claro,Simples,Curva,Não,1,0,1,0,0,0,1,1,-26.82330483,-53.39097977,SPRF-SC,DEL07-SC,UOP03-DEL07-SC,2018
161311.0,2018-09-23,domingo,17:10:00,SC,282,516.6,XAXIM,Ingestão de Álcool,Colisão frontal,Com Vítimas Feridas,Pleno dia,Decrescente,Sol,Simples,Curva,Não,5,0,2,2,0,1,4,3,-26.93374471,-52.49829233,SPRF-SC,DEL07-SC,UOP01-DEL07-SC,2018
161421.0,2018-09-24,segunda-feira,08:00:00,SC,282,570.0,NOVA ERECHIM,Falta de Atenção à Condução,Colisão traseira,Sem Vítimas,Pleno dia,Crescente,Céu Claro,Simples,Reta,Não,2,0,0,0,2,0,0,2,-26.89368,-52.92601,SPRF-SC,DEL07-SC,UOP02-DEL07-SC,2018
161464.0,2018-09-24,segunda-feira,08:00:00,SC,282,638.7,DESCANSO,Falta de Atenção à Condução,Saída de leito carroçável,Sem Vítimas,Pleno dia,Decrescente,Céu Claro,Simples,Curva,Não,1,0,0,0,0,1,0,1,-26.800833,-53.448235,SPRF-SC,DEL07-SC,UOP03-DEL07-SC,2018
161482.0,2018-09-24,segunda-feira,14:45:00,SC,282,350.7,CAMPOS NOVOS,Defeito Mecânico no Veículo,Incêndio,Sem Vítimas,Pleno dia,Decrescente,Garoa/Chuvisco,Simples,Reta,Não,1,0,0,0,1,0,0,1,-27.358767,-51.29229,SPRF-SC,DEL07-SC,UOP06-DEL07-SC,2018
161517.0,2018-09-24,segunda-feira,19:05:00,SC,282,506.8,XANXERE,Falta de Atenção à Condução,Colisão lateral,Sem Vítimas,Plena Noite,Decrescente,Chuva,Dupla,Retorno Regulamentado,Sim,2,0,0,0,2,0,0,2,-26.8853302,-52.43426062,SPRF-SC,DEL07-SC,UOP01-DEL07-SC,2018
161671.0,2018-09-25,terça-feira,16:35:00,SC,282,517.7,XAXIM,Falta de Atenção à Condução,Colisão transversal,Sem Vítimas,Pleno dia,Crescente,Chuva,Simples,Reta;Declive,Sim,2,0,0,0,2,0,0,2,-26.94137261,-52.50320077,SPRF-SC,DEL07-SC,UOP01-DEL07-SC,2018
161803.0,2018-09-26,quarta-feira,15:00:00,SC,282,5.0,SAO JOSE,Falta de Atenção à Condução,Colisão traseira,Com Vítimas Feridas,Pleno dia,Decrescente,Céu Claro,Múltipla,Reta,Não,2,0,0,1,1,0,1,2,-27.58912663,-48.61148715,SPRF-SC,DEL01-SC,UOP01-DEL01-SC,2018
161851.0,2018-09-26,quarta-feira,18:50:00,SC,282,16.3,PALHOCA,Desobediência às normas de trânsito pelo condutor,Colisão transversal,Com Vítimas Feridas,Plena Noite,Decrescente,Nublado,Simples,Reta,Sim,2,0,1,0,1,0,1,2,-27.66071458,-48.68391752,SPRF-SC,DEL01-SC,UOP02-DEL01-SC,2018
162211.0,2018-09-28,sexta-feira,19:00:00,SC,282,4.0,SAO JOSE,Falta de Atenção do Pedestre,Atropelamento de Pedestre,Com Vítimas Feridas,Plena Noite,Crescente,Nublado,Dupla,Reta,Sim,2,0,1,1,0,0,2,2,-27.59076215,-48.60779978,SPRF-SC,DEL01-SC,UOP01-DEL01-SC,2018
162245.0,2018-09-28,sexta-feira,21:15:00,SC,480,128.6,CHAPECO,Falta de Atenção à Condução,Queda de ocupante de veículo,Com Vítimas Feridas,Plena Noite,Crescente,Nublado,Simples,Interseção de Vias,Sim,3,0,0,1,0,2,1,2,-27.03984328,-52.63516009,SPRF-SC,DEL07-SC,UOP01-DEL07-SC,2018
162251.0,2018-09-28,sexta-feira,19:45:00,SC,282,82.5,ALFREDO WAGNER,Velocidade Incompatível,Saída de leito carroçável,Com Vítimas Feridas,Plena Noite,Crescente,Chuva,Simples,Curva;Declive,Não,3,0,2,1,0,0,3,1,-27.66637823,-49.17469722,SPRF-SC,DEL01-SC,UOP03-DEL01-SC,2018
162295.0,2018-09-29,sábado,04:10:00,SC,282,145.0,BOM RETIRO,Falta de Atenção à Condução,Colisão transversal,Sem Vítimas,Plena Noite,Crescente,Garoa/Chuvisco,Simples,Reta,Não,2,0,0,0,0,2,0,2,-27.802912,-49.632038,SPRF-SC,DEL05-SC,UOP01-DEL05-SC,2018
162437.0,2018-09-29,sábado,16:30:00,SC,282,376.0,ERVAL VELHO,Falta de Atenção à Condução,Capotamento,Com Vítimas Feridas,Pleno dia,Crescente,Céu Claro,Simples,Reta,Não,2,0,2,0,0,0,2,1,-27.220205,-51.461185,SPRF-SC,DEL07-SC,UOP05-DEL07-SC,2018
162464.0,2018-09-29,sábado,22:30:00,SC,282,502.1,XANXERE,Desobediência às normas de trânsito pelo pedestre,Colisão lateral,Com Vítimas Feridas,Plena Noite,Decrescente,Céu Claro,Dupla,Interseção de Vias;Reta;Rotatória,Sim,2,0,1,0,1,0,1,2,-26.88272735,-52.38137484,SPRF-SC,DEL07-SC,UOP01-DEL07-SC,2018
162519.0,2018-09-30,domingo,03:30:00,SC,282,507.6,XANXERE,Velocidade Incompatível,Saída de leito carroçável,Com Vítimas Feridas,Plena Noite,Decrescente,Nublado,Simples,Reta,Não,1,0,0,1,0,0,1,1,-26.88582779,-52.44335532,SPRF-SC,DEL07-SC,UOP01-DEL07-SC,2018
162552.0,2018-09-30,domingo,11:30:00,SC,282,274.0,SAO JOSE DO CERRITO,Velocidade Incompatível,Saída de leito carroçável,Com Vítimas Feridas,Pleno dia,Crescente,Chuva,Simples,Curva,Não,2,0,2,0,0,0,2,1,-27.61434127,-50.71434975,SPRF-SC,DEL05-SC,UOP02-DEL05-SC,2018
162581.0,2018-09-30,domingo,10:10:00,SC,282,404.5,JOACABA,Velocidade Incompatível,Saída de leito carroçável,Com Vítimas Feridas,Pleno dia,Decrescente,Chuva,Simples,Curva,Não,2,0,2,0,0,0,2,1,-27.10771864,-51.64098859,SPRF-SC,DEL07-SC,UOP05-DEL07-SC,2018
162588.0,2018-09-30,domingo,16:15:00,SC,282,272.0,SAO JOSE DO CERRITO,Falta de Atenção à Condução,Colisão traseira,Com Vítimas Feridas,Pleno dia,Crescente,Nublado,Simples,Reta,Não,3,0,1,0,2,0,1,2,-27.613758,-50.6968,SPRF-SC,DEL05-SC,UOP02-DEL05-SC,2018
162631.0,2018-09-30,domingo,17:10:00,SC,282,304.7,VARGEM,Velocidade Incompatível,Colisão frontal,Com Vítimas Feridas,Pleno dia,Crescente,Chuva,Simples,Curva,Não,3,0,1,0,2,0,1,2,-27.5011334,-50.95101982,SPRF-SC,DEL07-SC,UOP06-DEL07-SC,2018
162640.0,2018-09-30,domingo,14:30:00,SC,282,516.0,XAXIM,Velocidade Incompatível,Saída de leito carroçável,Com Vítimas Feridas,Pleno dia,Crescente,Chuva,Simples,Curva,Não,1,0,1,0,0,0,1,1,-26.930862,-52.499157,SPRF-SC,DEL07-SC,UOP01-DEL07-SC,2018
162748.0,2018-10-01,segunda-feira,13:25:00,SC,282,22.8,SANTO AMARO DA IMPERATRIZ,Desobediência às normas de trânsito pelo condutor,Colisão frontal,Com Vítimas Feridas,Pleno dia,Crescente,Céu Claro,Simples,Reta,Sim,3,0,2,0,1,0,2,2,-27.688507,-48.72739,SPRF-SC,DEL01-SC,UOP02-DEL01-SC,2018
162811.0,2018-03-08,quinta-feira,08:51:00,SC,282,4.5,SAO JOSE,Falta de Atenção do Pedestre,Atropelamento de Pedestre,Com Vítimas Feridas,Pleno dia,Decrescente,Céu Claro,Dupla,Reta,Sim,3,0,3,0,0,0,3,2,-27.59836887,-48.59366655,SPRF-SC,DEL01-SC,UOP01-DEL01-SC,2018
162820.0,2018-10-01,segunda-feira,18:45:00,SC,282,522.1,XAXIM,Ingestão de Álcool,Saída de leito carroçável,Sem Vítimas,Anoitecer,Crescente,Chuva,Simples,Curva,Sim,1,0,0,0,1,0,0,1,-26.956238,-52.542637,SPRF-SC,DEL07-SC,UOP01-DEL07-SC,2018
162911.0,2018-10-02,terça-feira,14:00:00,SC,282,2.0,FLORIANOPOLIS,Desobediência às normas de trânsito pelo condutor,Queda de ocupante de veículo,Com Vítimas Feridas,Pleno dia,Decrescente,Céu Claro,Múltipla,Reta,Sim,2,0,1,0,0,1,1,2,-27.603289,-48.590416,SPRF-SC,DEL01-SC,UOP01-DEL01-SC,2018
162935.0,2018-10-02,terça-feira,13:45:00,SC,282,90.5,ALFREDO WAGNER,Velocidade Incompatível,Colisão frontal,Com Vítimas Feridas,Pleno dia,Crescente,Chuva,Simples,Curva,Não,4,0,1,3,0,0,4,2,-27.683796,-49.222366,SPRF-SC,DEL01-SC,UOP03-DEL01-SC,2018
162962.0,2018-10-02,terça-feira,18:45:00,SC,282,3.4,FLORIANOPOLIS,Desobediência às normas de trânsito pelo condutor,Colisão lateral,Com Vítimas Feridas,Plena Noite,Crescente,Chuva,Múltipla,Reta,Sim,4,0,1,0,3,0,1,3,-27.600384,-48.599705,SPRF-SC,DEL01-SC,UOP01-DEL01-SC,2018
163031.0,2018-10-03,quarta-feira,06:35:00,SC,282,4.9,SAO JOSE,Desobediência às normas de trânsito pelo condutor,Colisão lateral,Com Vítimas Feridas,Amanhecer,Decrescente,Nublado,Múltipla,Reta,Sim,2,0,1,0,1,0,1,2,-27.592646,-48.604034,SPRF-SC,DEL01-SC,UOP01-DEL01-SC,2018
163061.0,2018-10-03,quarta-feira,09:45:00,SC,282,37.4,AGUAS MORNAS,Velocidade Incompatível,Saída de leito carroçável,Com Vítimas Feridas,Pleno dia,Decrescente,Chuva,Simples,Curva,Não,1,0,1,0,0,0,1,1,-27.707325,-48.842983,SPRF-SC,DEL01-SC,UOP03-DEL01-SC,2018
163095.0,2018-10-03,quarta-feira,13:30:00,SC,282,2.0,FLORIANOPOLIS,Falta de Atenção à Condução,Colisão lateral,Com Vítimas Feridas,Pleno dia,Decrescente,Nublado,Dupla,Reta,Sim,2,0,1,0,1,0,1,2,-27.603289,-48.590416,SPRF-SC,DEL01-SC,UOP01-DEL01-SC,2018
163108.0,2018-10-03,quarta-feira,10:15:00,SC,282,381.0,HERVAL DOESTE,Velocidade Incompatível,Tombamento,Sem Vítimas,Pleno dia,Crescente,Chuva,Simples,Reta,Não,1,0,0,0,1,0,0,1,-27.21051841,-51.50064468,SPRF-SC,DEL07-SC,UOP05-DEL07-SC,2018
163189.0,2018-10-03,quarta-feira,22:40:00,SC,282,3.0,FLORIANOPOLIS,Falta de Atenção à Condução,Saída de leito carroçável,Com Vítimas Feridas,Plena Noite,Crescente,Nublado,Dupla,Aclive,Sim,3,0,1,0,0,2,1,2,-27.600384,-48.599705,SPRF-SC,DEL01-SC,UOP01-DEL01-SC,2018
163313.0,2018-10-04,quinta-feira,17:25:00,SC,282,52.1,AGUAS MORNAS,Pista Escorregadia,Colisão com objeto estático,Sem Vítimas,Pleno dia,Crescente,Chuva,Simples,Reta,Não,1,0,0,0,1,0,0,1,-27.69608726,-48.9646697,SPRF-SC,DEL01-SC,UOP03-DEL01-SC,2018
163588.0,2018-10-05,sexta-feira,22:10:00,SC,282,574.2,PINHALZINHO,Falta de Atenção à Condução,Colisão lateral,Com Vítimas Feridas,Plena Noite,Decrescente,Céu Claro,Simples,Reta,Não,2,0,1,0,1,0,1,2,-26.87421025,-52.95493472,SPRF-SC,DEL07-SC,UOP02-DEL07-SC,2018
163632.0,2018-10-06,sábado,01:50:00,SC,282,587.0,SAUDADES,Ingestão de Álcool,Colisão com objeto estático,Com Vítimas Feridas,Plena Noite,Crescente,Nublado,Simples,Ponte,Não,1,0,1,0,0,0,1,1,-26.830677,-53.04443,SPRF-SC,DEL07-SC,UOP02-DEL07-SC,2018
163782.0,2018-10-06,sábado,19:00:00,SC,282,225.4,LAGES,Falta de Atenção à Condução,Colisão transversal,Com Vítimas Feridas,Plena Noite,Crescente,Nublado,Simples,Reta,Não,6,0,1,0,5,0,1,2,-27.794176,-50.379559,SPRF-SC,DEL05-SC,UOP02-DEL05-SC,2018
163846.0,2018-10-06,sábado,19:15:00,SC,282,597.3,CUNHA PORA,Ingestão de álcool e/ou substâncias psicoativas pelo pedestre,Colisão traseira,Com Vítimas Feridas,Plena Noite,Crescente,Chuva,Simples,Reta,Não,3,0,0,1,1,1,1,3,-26.82843,-53.14134,SPRF-SC,DEL07-SC,UOP02-DEL07-SC,2018
163976.0,2018-10-07,domingo,11:20:00,SC,282,80.0,RANCHO QUEIMADO,Velocidade Incompatível,Colisão frontal,Com Vítimas Fatais,Pleno dia,Crescente,Chuva,Simples,Curva,Não,9,1,2,4,2,0,6,4,-27.663555,-49.159309,SPRF-SC,DEL01-SC,UOP03-DEL01-SC,2018
164104.0,2018-10-08,segunda-feira,04:30:00,SC,282,0.0,FLORIANOPOLIS,Velocidade Incompatível,Saída de leito carroçável,Com Vítimas Feridas,Plena Noite,Decrescente,Nublado,Dupla,Curva,Sim,1,0,1,0,0,0,1,1,-27.59845,-48.571995,SPRF-SC,DEL01-SC,UOP01-DEL01-SC,2018
164107.0,2018-10-08,segunda-feira,01:30:00,SC,282,261.0,SAO JOSE DO CERRITO,Ingestão de Álcool,Colisão frontal,Com Vítimas Feridas,Plena Noite,Crescente,Garoa/Chuvisco,Simples,Reta,Não,2,0,0,1,1,0,1,2,-27.63886578,-50.59742689,SPRF-SC,DEL05-SC,UOP02-DEL05-SC,2018
164114.0,2018-10-08,segunda-feira,06:10:00,SC,282,46.1,AGUAS MORNAS,Velocidade Incompatível,Saída de leito carroçável,Com Vítimas Feridas,Amanhecer,Decrescente,Garoa/Chuvisco,Simples,Curva,Não,1,0,1,0,0,0,1,1,-27.72142445,-48.92775714,SPRF-SC,DEL01-SC,UOP03-DEL01-SC,2018
164219.0,2018-10-08,segunda-feira,18:00:00,SC,282,576.5,PINHALZINHO,Ultrapassagem Indevida,Colisão frontal,Com Vítimas Feridas,Anoitecer,Crescente,Nublado,Simples,Reta,Sim,3,0,3,0,0,0,3,2,-26.86407502,-52.97238166,SPRF-SC,DEL07-SC,UOP02-DEL07-SC,2018
164287.0,2018-10-09,terça-feira,06:55:00,SC,282,5.1,SAO JOSE,Desobediência às normas de trânsito pelo condutor,Colisão traseira,Com Vítimas Feridas,Pleno dia,Decrescente,Sol,Dupla,Reta,Sim,2,0,1,0,1,0,1,2,-27.588425,-48.612919,SPRF-SC,DEL01-SC,UOP01-DEL01-SC,2018
164325.0,2018-10-09,terça-feira,10:15:00,SC,282,499.1,XANXERE,Sinalização da via insuficiente ou inadequada,Colisão transversal,Com Vítimas Feridas,Pleno dia,Crescente,Sol,Simples,Rotatória,Não,2,0,1,0,1,0,1,2,-26.88043066,-52.35899448,SPRF-SC,DEL07-SC,UOP01-DEL07-SC,2018
164388.0,2018-10-09,terça-feira,17:30:00,SC,282,3.5,FLORIANOPOLIS,Falta de Atenção do Pedestre,Atropelamento de Pedestre,Com Vítimas Feridas,Pleno dia,Decrescente,Nublado,Dupla,Reta,Sim,2,0,0,1,1,0,1,2,-27.600384,-48.599705,SPRF-SC,DEL01-SC,UOP01-DEL01-SC,2018
164479.0,2018-10-10,quarta-feira,03:00:00,SC,282,598.9,CUNHA PORA,Ingestão de Álcool,Saída de leito carroçável,Com Vítimas Feridas,Plena Noite,Decrescente,Nublado,Simples,Curva;Declive,Não,1,0,1,0,0,0,1,1,-26.825783,-53.147213,SPRF-SC,DEL07-SC,UOP02-DEL07-SC,2018
164614.0,2018-10-10,quarta-feira,18:30:00,SC,282,3.0,FLORIANOPOLIS,Desobediência às normas de trânsito pelo condutor,Colisão traseira,Com Vítimas Feridas,Plena Noite,Crescente,Céu Claro,Múltipla,Reta,Sim,2,0,0,1,1,0,1,2,-27.600384,-48.599705,SPRF-SC,DEL01-SC,UOP01-DEL01-SC,2018
164642.0,2018-10-10,quarta-feira,13:00:00,SC,282,483.5,FAXINAL DOS GUEDES,Velocidade Incompatível,Saída de leito carroçável,Com Vítimas Feridas,Pleno dia,Decrescente,Nublado,Simples,Reta,Não,4,0,3,1,0,0,4,1,-26.861937,-52.227974,SPRF-SC,DEL07-SC,UOP01-DEL07-SC,2018
164722.0,2018-10-11,quinta-feira,08:00:00,SC,480,125.8,CHAPECO,Não guardar distância de segurança,Colisão traseira,Com Vítimas Feridas,Pleno dia,Crescente,Nublado,Dupla,Reta,Sim,3,0,2,0,1,0,2,2,-27.01834006,-52.63674259,SPRF-SC,DEL07-SC,UOP01-DEL07-SC,2018
164837.0,2018-10-11,quinta-feira,18:30:00,SC,282,217.2,LAGES,Falta de Atenção à Condução,Colisão traseira,Com Vítimas Feridas,Plena Noite,Decrescente,Garoa/Chuvisco,Dupla,Reta,Sim,2,0,0,1,1,0,1,2,-27.79766645,-50.29446602,SPRF-SC,DEL05-SC,UOP01-DEL05-SC,2018
164843.0,2018-10-11,quinta-feira,20:00:00,SC,282,507.0,XANXERE,Desobediência às normas de trânsito pelo condutor,Colisão transversal,Sem Vítimas,Plena Noite,Decrescente,Nublado,Dupla,Curva,Sim,2,0,0,0,2,0,0,2,-26.88529192,-52.43387103,SPRF-SC,DEL07-SC,UOP01-DEL07-SC,2018
164847.0,2018-10-11,quinta-feira,18:00:00,SC,282,90.7,ALFREDO WAGNER,Pista Escorregadia,Colisão frontal,Com Vítimas Feridas,Pleno dia,Decrescente,Nublado,Simples,Curva,Não,3,0,3,0,0,0,3,2,-27.68784131,-49.22706485,SPRF-SC,DEL01-SC,UOP03-DEL01-SC,2018
164874.0,2018-10-11,quinta-feira,18:30:00,SC,282,563.8,NOVA ERECHIM,Deficiência ou não Acionamento do Sistema de Iluminação/Sinalização do Veículo,Colisão traseira,Com Vítimas Feridas,Anoitecer,Crescente,Nublado,Simples,Reta,Não,3,0,2,0,1,0,2,2,-26.8989559,-52.87736893,SPRF-SC,DEL07-SC,UOP02-DEL07-SC,2018
164910.0,2018-10-12,sexta-feira,04:00:00,SC,282,504.2,XANXERE,Velocidade Incompatível,Saída de leito carroçável,Com Vítimas Feridas,Plena Noite,Decrescente,Nublado,Simples,Reta,Sim,1,0,0,1,0,0,1,1,-26.8844594,-52.40842223,SPRF-SC,DEL07-SC,UOP01-DEL07-SC,2018
164928.0,2018-10-12,sexta-feira,03:30:00,SC,282,593.0,SAUDADES,Condutor Dormindo,Saída de leito carroçável,Sem Vítimas,Plena Noite,Crescente,Nublado,Simples,Curva;Declive,Não,1,0,0,0,0,1,0,1,-26.82502821,-53.10245991,SPRF-SC,DEL07-SC,UOP02-DEL07-SC,2018
164930.0,2018-10-12,sexta-feira,06:00:00,SC,282,481.0,VARGEAO,Ingestão de Álcool,Saída de leito carroçável,Com Vítimas Feridas,Amanhecer,Decrescente,Céu Claro,Simples,Reta,Não,1,0,1,0,0,0,1,1,-26.87377002,-52.19510078,SPRF-SC,DEL07-SC,UOP01-DEL07-SC,2018
165011.0,2018-10-12,sexta-feira,11:10:00,SC,282,72.7,RANCHO QUEIMADO,Velocidade Incompatível,Saída de leito carroçável,Com Vítimas Feridas,Pleno dia,Decrescente,Chuva,Múltipla,Curva;Declive,Não,3,0,1,0,2,0,1,1,-27.68137711,-49.10936737,SPRF-SC,DEL01-SC,UOP03-DEL01-SC,2018
165013.0,2018-10-12,sexta-feira,13:20:00,SC,282,223.1,LAGES,Desobediência às normas de trânsito pelo condutor,Colisão transversal,Sem Vítimas,Pleno dia,Crescente,Nublado,Simples,Rotatória,Sim,2,0,0,0,1,1,0,2,-27.79986828,-50.36369383,SPRF-SC,DEL05-SC,UOP02-DEL05-SC,2018
165034.0,2018-10-12,sexta-feira,13:00:00,SC,282,574.5,PINHALZINHO,Velocidade Incompatível,Colisão transversal,Com Vítimas Fatais,Pleno dia,Decrescente,Céu Claro,Simples,Reta,Não,5,2,0,2,0,1,2,3,-26.87955026,-52.94851519,SPRF-SC,DEL07-SC,UOP02-DEL07-SC,2018
165102.0,2018-10-12,sexta-feira,19:15:00,SC,282,530.7,CORDILHEIRA ALTA,Ingestão de Álcool,Colisão frontal,Com Vítimas Feridas,Plena Noite,Crescente,Nublado,Simples,Curva,Não,5,0,4,0,1,0,4,3,-26.98832424,-52.61006266,SPRF-SC,DEL07-SC,UOP01-DEL07-SC,2018
165103.0,2018-10-12,sexta-feira,19:45:00,SC,480,128.5,CHAPECO,Desobediência às normas de trânsito pelo pedestre,Atropelamento de Pedestre,Com Vítimas Feridas,Plena Noite,Crescente,Nublado,Simples,Reta,Sim,2,0,1,0,1,0,1,2,-27.03978595,-52.63423204,SPRF-SC,DEL07-SC,UOP01-DEL07-SC,2018
165129.0,2018-10-13,sábado,01:45:00,SC,282,137.3,BOM RETIRO,Velocidade Incompatível,Saída de leito carroçável,Com Vítimas Feridas,Plena Noite,Crescente,Chuva,Simples,Rotatória,Não,1,0,1,0,0,0,1,1,-27.8218,-49.567032,SPRF-SC,DEL05-SC,UOP01-DEL05-SC,2018
165143.0,2018-10-13,sábado,03:50:00,SC,282,602.0,CUNHA PORA,Velocidade Incompatível,Saída de leito carroçável,Com Vítimas Feridas,Plena Noite,Decrescente,Chuva,Simples,Interseção de Vias,Não,2,0,1,1,0,0,2,1,-26.80550455,-53.18133647,SPRF-SC,DEL07-SC,UOP02-DEL07-SC,2018
165175.0,2018-10-13,sábado,08:00:00,SC,282,638.5,DESCANSO,Avarias e/ou desgaste excessivo no pneu,Saída de leito carroçável,Com Vítimas Feridas,Pleno dia,Decrescente,Chuva,Simples,Curva,Não,2,0,1,0,1,0,1,1,-26.800833,-53.448235,SPRF-SC,DEL07-SC,UOP03-DEL07-SC,2018
165219.0,2018-10-13,sábado,12:45:00,SC,282,584.8,PINHALZINHO,Falta de Atenção à Condução,Colisão com objeto estático,Sem Vítimas,Pleno dia,Decrescente,Chuva,Simples,Curva,Sim,1,0,0,0,1,0,0,1,-26.831865,-53.016579,SPRF-SC,DEL07-SC,UOP02-DEL07-SC,2018
165340.0,2018-10-14,domingo,04:45:00,SC,282,533.9,CORDILHEIRA ALTA,Ingestão de álcool e/ou substâncias psicoativas pelo pedestre,Colisão transversal,Com Vítimas Feridas,Plena Noite,Decrescente,Chuva,Simples,Reta,Não,2,0,1,0,1,0,1,2,-26.995323,-52.625305,SPRF-SC,DEL07-SC,UOP01-DEL07-SC,2018
165348.0,2018-10-14,domingo,04:00:00,SC,282,30.6,SANTO AMARO DA IMPERATRIZ,Desobediência às normas de trânsito pelo condutor,Colisão frontal,Com Vítimas Feridas,Plena Noite,Decrescente,Céu Claro,Simples,Curva,Não,3,0,1,2,0,0,3,2,-27.6900026,-48.79315853,SPRF-SC,DEL01-SC,UOP03-DEL01-SC,2018
165411.0,2018-10-14,domingo,14:25:00,SC,282,262.3,SAO JOSE DO CERRITO,Pista Escorregadia,Saída de leito carroçável,Com Vítimas Feridas,Pleno dia,Crescente,Chuva,Simples,Aclive;Curva,Não,4,0,2,0,2,0,2,1,-27.631268,-50.605614,SPRF-SC,DEL05-SC,UOP02-DEL05-SC,2018
165460.0,2018-10-14,domingo,15:30:00,SC,282,425.7,VARGEM BONITA,Pista Escorregadia,Colisão frontal,Com Vítimas Feridas,Pleno dia,Crescente,Chuva,Simples,Curva,Não,4,0,0,1,3,0,1,4,-26.980412,-51.756256,SPRF-SC,DEL07-SC,UOP05-DEL07-SC,2018
165491.0,2018-10-14,domingo,18:00:00,SC,282,601.3,CUNHA PORA,Velocidade Incompatível,Saída de leito carroçável,Com Vítimas Fatais,Anoitecer,Crescente,Chuva,Simples,Curva,Não,1,1,0,0,0,0,0,1,-26.809002,-53.169399,SPRF-SC,DEL07-SC,UOP02-DEL07-SC,2018
165784.0,2018-10-16,terça-feira,07:20:00,SC,282,219.1,LAGES,Falta de Atenção à Condução,Atropelamento de Pedestre,Com Vítimas Feridas,Pleno dia,Decrescente,Garoa/Chuvisco,Simples,Reta,Sim,2,0,0,1,0,1,1,2,-27.795521,-50.323608,SPRF-SC,DEL05-SC,UOP01-DEL05-SC,2018