id,data_inversa,dia_semana,horario,uf,br,km,municipio,causa_acidente,tipo_acidente,classificacao_acidente,fase_dia,sentido_via,condicao_metereologica,tipo_pista,tracado_via,uso_solo,pessoas,mortos,feridos_leves,feridos_graves,ilesos,ignorados,feridos,veiculos,latitude,longitude,regional,delegacia,uop,ano_arquivo
174063.0,2018-11-26,segunda-feira,07:00:00,SC,282,576.3,PINHALZINHO,Falta de Atenção à Condução,Colisão transversal,Com Vítimas Feridas,Pleno dia,Decrescente,Sol,Simples,Reta,Sim,2,0,1,1,0,0,2,2,-26.856054,-52.98011,SPRF-SC,DEL07-SC,UOP02-DEL07-SC,2018
174085.0,2018-11-26,segunda-feira,10:10:00,SC,282,4.5,SAO JOSE,Falta de Atenção à Condução,Colisão lateral,Com Vítimas Feridas,Pleno dia,Crescente,Céu Claro,Múltipla,Reta,Sim,2,0,1,0,1,0,1,2,-27.592646,-48.604034,SPRF-SC,DEL01-SC,UOP01-DEL01-SC,2018
174119.0,2018-11-26,segunda-feira,12:30:00,SC,282,2.5,FLORIANOPOLIS,Falta de Atenção à Condução,Colisão lateral,Sem Vítimas,Pleno dia,Decrescente,Céu Claro,Dupla,Reta,Sim,2,0,0,0,2,0,0,2,-27.603289,-48.590416,SPRF-SC,DEL01-SC,UOP01-DEL01-SC,2018
174462.0,2018-11-27,terça-feira,21:00:00,SC,480,129.5,CHAPECO,Falta de Atenção à Condução,Colisão lateral,Com Vítimas Feridas,Plena Noite,Crescente,Céu Claro,Múltipla,Curva,Não,2,0,1,0,1,0,1,2,-27.05684703,-52.63590038,SPRF-SC,DEL07-SC,UOP01-DEL07-SC,2018
174478.0,2018-11-27,terça-feira,13:00:00,SC,282,57.9,RANCHO QUEIMADO,Velocidade Incompatível,Colisão lateral,Com Vítimas Feridas,Pleno dia,Decrescente,Céu Claro,Simples,Curva,Sim,2,0,1,0,1,0,1,2,-27.688864,-48.998455,SPRF-SC,DEL01-SC,UOP03-DEL01-SC,2018
174506.0,2018-11-28,quarta-feira,07:45:00,SC,282,5.1,SAO JOSE,Falta de Atenção à Condução,Colisão lateral,Com Vítimas Feridas,Pleno dia,Decrescente,Céu Claro,Dupla,Reta,Não,2,0,1,0,1,0,1,2,-27.588425,-48.612919,SPRF-SC,DEL01-SC,UOP01-DEL01-SC,2018
174532.0,2018-11-28,quarta-feira,10:10:00,SC,282,3.0,FLORIANOPOLIS,Falta de Atenção à Condução,Colisão traseira,Com Vítimas Feridas,Pleno dia,Decrescente,Céu Claro,Dupla,Reta,Sim,2,0,1,0,1,0,1,2,-27.600384,-48.599705,SPRF-SC,DEL01-SC,UOP01-DEL01-SC,2018
174675.0,2018-11-29,quinta-feira,07:00:00,SC,282,80.0,RANCHO QUEIMADO,Velocidade Incompatível,Saída de leito carroçável,Com Vítimas Feridas,Amanhecer,Decrescente,Garoa/Chuvisco,Simples,Curva,Não,2,0,1,0,1,0,1,1,-27.66360335,-49.15937126,SPRF-SC,DEL01-SC,UOP03-DEL01-SC,2018
174685.0,2018-11-29,quinta-feira,08:30:00,SC,282,5.0,SAO JOSE,Desobediência às normas de trânsito pelo condutor,Colisão lateral,Com Vítimas Feridas,Pleno dia,Decrescente,Garoa/Chuvisco,Dupla,Reta,Sim,2,0,1,0,1,0,1,2,-27.588425,-48.612919,SPRF-SC,DEL01-SC,UOP01-DEL01-SC,2018
174688.0,2018-11-29,quinta-feira,09:05:00,SC,282,5.2,SAO JOSE,Falta de Atenção à Condução,Tombamento,Com Vítimas Feridas,Pleno dia,Decrescente,Chuva,Múltipla,Reta,Sim,1,0,1,0,0,0,1,1,-27.588425,-48.612919,SPRF-SC,DEL01-SC,UOP01-DEL01-SC,2018
175004.0,2018-11-30,sexta-feira,15:58:00,SC,282,378.8,HERVAL DOESTE,Desobediência às normas de trânsito pelo condutor,Colisão com objeto estático,Com Vítimas Fatais,Pleno dia,Crescente,Chuva,Simples,Curva,Não,9,2,3,4,0,0,7,1,-27.21542442,-51.47380114,SPRF-SC,DEL07-SC,UOP05-DEL07-SC,2018
175193.0,2018-12-01,sábado,09:25:00,SC,282,242.5,SAO JOSE DO CERRITO,Falta de Atenção à Condução,Colisão lateral,Com Vítimas Feridas,Pleno dia,Decrescente,Céu Claro,Simples,Declive;Curva,Não,3,0,2,0,1,0,2,2,-27.747908,-50.503834,SPRF-SC,DEL05-SC,UOP02-DEL05-SC,2018
175226.0,2018-12-01,sábado,08:50:00,SC,282,198.0,LAGES,Ingestão de Álcool,Saída de leito carroçável,Com Vítimas Feridas,Pleno dia,Decrescente,Nublado,Simples,Curva,Não,1,0,1,0,0,0,1,1,-27.754335,-50.113693,SPRF-SC,DEL05-SC,UOP01-DEL05-SC,2018
175275.0,2018-12-01,sábado,17:30:00,SC,282,573.0,PINHALZINHO,Ultrapassagem Indevida,Colisão lateral,Com Vítimas Feridas,Pleno dia,Crescente,Céu Claro,Simples,Curva,Não,6,0,1,0,3,2,1,4,-26.872942,-52.956654,SPRF-SC,DEL07-SC,UOP02-DEL07-SC,2018
175463.0,2018-12-02,domingo,15:45:00,SC,282,32.0,AGUAS MORNAS,Desobediência às normas de trânsito pelo condutor,Colisão transversal,Com Vítimas Feridas,Pleno dia,Decrescente,Céu Claro,Simples,Rotatória,Sim,2,0,1,0,1,0,1,2,-27.70443277,-48.80481541,SPRF-SC,DEL01-SC,UOP03-DEL01-SC,2018
175529.0,2018-12-02,domingo,08:50:00,SC,282,54.4,AGUAS MORNAS,Ingestão de Álcool,Tombamento,Com Vítimas Feridas,Plena Noite,Decrescente,Sol,Simples,Curva,Não,1,0,0,1,0,0,1,1,-27.68809623,-48.97715271,SPRF-SC,DEL01-SC,UOP03-DEL01-SC,2018
175855.0,2018-12-04,terça-feira,17:00:00,SC,282,5.0,SAO JOSE,Defeito Mecânico no Veículo,Tombamento,Com Vítimas Feridas,Pleno dia,Crescente,Céu Claro,Múltipla,Reta,Sim,2,0,2,0,0,0,2,1,-27.588425,-48.612919,SPRF-SC,DEL01-SC,UOP01-DEL01-SC,2018
175903.0,2018-12-04,terça-feira,17:00:00,SC,480,129.1,CHAPECO,Falta de Atenção à Condução,Colisão com objeto estático,Com Vítimas Feridas,Pleno dia,Decrescente,Sol,Dupla,Reta,Sim,2,0,1,0,1,0,1,1,-27.04752394,-52.63551682,SPRF-SC,DEL07-SC,UOP01-DEL07-SC,2018
175950.0,2018-12-05,quarta-feira,02:30:00,SC,282,520.5,XAXIM,Ingestão de Álcool,Capotamento,Com Vítimas Feridas,Plena Noite,Decrescente,Céu Claro,Simples,Rotatória,Sim,1,0,1,0,0,0,1,1,-26.950415,-52.526096,SPRF-SC,DEL07-SC,UOP01-DEL07-SC,2018
176029.0,2018-12-05,quarta-feira,14:35:00,SC,282,1.9,FLORIANOPOLIS,Falta de Atenção à Condução,Engavetamento,Com Vítimas Feridas,Pleno dia,Decrescente,Sol,Múltipla,Reta,Sim,6,0,4,0,2,0,4,4,-27.602955,-48.580509,SPRF-SC,DEL01-SC,UOP01-DEL01-SC,2018
176042.0,2018-12-05,quarta-feira,16:00:00,SC,282,42.6,AGUAS MORNAS,Não guardar distância de segurança,Colisão traseira,Com Vítimas Feridas,Pleno dia,Crescente,Céu Claro,Simples,Curva,Não,3,0,1,0,2,0,1,2,-27.72077,-48.887478,SPRF-SC,DEL01-SC,UOP03-DEL01-SC,2018
176073.0,2018-12-05,quarta-feira,19:30:00,SC,282,17.0,PALHOCA,Falta de Atenção à Condução,Colisão transversal,Com Vítimas Feridas,Pleno dia,Crescente,Céu Claro,Simples,Reta,Sim,2,0,0,1,1,0,1,2,-27.665707,-48.688065,SPRF-SC,DEL01-SC,UOP02-DEL01-SC,2018
176082.0,2018-12-05,quarta-feira,15:55:00,SC,282,623.5,IRACEMINHA,Agressão Externa,Tombamento,Com Vítimas Feridas,Pleno dia,Decrescente,Céu Claro,Simples,Curva,Não,1,0,1,0,0,0,1,1,-26.799004,-53.332302,SPRF-SC,DEL07-SC,UOP02-DEL07-SC,2018
176139.0,2018-11-30,sexta-feira,09:30:00,SC,282,2.9,FLORIANOPOLIS,Falta de Atenção à Condução,Colisão traseira,Com Vítimas Feridas,Pleno dia,Crescente,Nublado,Dupla,Curva,Sim,4,0,2,0,2,0,2,3,-27.603289,-48.590416,SPRF-SC,DEL01-SC,UOP01-DEL01-SC,2018
176141.0,2018-12-06,quinta-feira,07:55:00,SC,282,5.0,SAO JOSE,Falta de Atenção à Condução,Colisão traseira,Com Vítimas Feridas,Pleno dia,Decrescente,Céu Claro,Dupla,Reta,Não,2,0,1,0,1,0,1,2,-27.59081058,-48.60824704,SPRF-SC,DEL01-SC,UOP01-DEL01-SC,2018
176170.0,2018-12-06,quinta-feira,10:10:00,SC,282,4.0,FLORIANOPOLIS,Falta de Atenção à Condução,Colisão traseira,Com Vítimas Feridas,Pleno dia,Crescente,Céu Claro,Múltipla,Reta,Sim,2,0,2,0,0,0,2,2,-27.592646,-48.604034,SPRF-SC,DEL01-SC,UOP01-DEL01-SC,2018
176238.0,2018-12-06,quinta-feira,15:00:00,SC,282,454.9,PONTE SERRADA,Ultrapassagem Indevida,Capotamento,Sem Vítimas,Pleno dia,Decrescente,Céu Claro,Simples,Curva,Não,1,0,0,0,1,0,0,1,-26.891756,-51.98447,SPRF-SC,DEL07-SC,UOP04-DEL07-SC,2018
176240.0,2018-12-06,quinta-feira,16:50:00,SC,282,3.5,FLORIANOPOLIS,Falta de Atenção à Condução,Colisão traseira,Com Vítimas Feridas,Pleno dia,Crescente,Nublado,Dupla,Reta,Sim,2,0,1,0,1,0,1,2,-27.59704275,-48.60038991,SPRF-SC,DEL01-SC,UOP01-DEL01-SC,2018
176310.0,2018-11-29,quinta-feira,19:00:00,SC,282,451.2,PONTE SERRADA,Pista Escorregadia,Capotamento,Sem Vítimas,Anoitecer,Crescente,Garoa/Chuvisco,Simples,Declive,Não,1,0,0,0,1,0,0,1,-26.912806,-51.962536,SPRF-SC,DEL07-SC,UOP04-DEL07-SC,2018
176346.0,2018-12-06,quinta-feira,23:45:00,SC,480,129.6,CHAPECO,Falta de Atenção à Condução,Tombamento,Com Vítimas Feridas,Plena Noite,Decrescente,Céu Claro,Simples,Declive;Curva,Sim,2,0,0,1,1,0,1,2,-27.05201706,-52.63534784,SPRF-SC,DEL07-SC,UOP01-DEL07-SC,2018
176444.0,2018-12-07,sexta-feira,17:30:00,SC,282,505.0,XANXERE,Falta de Atenção à Condução,Colisão lateral,Com Vítimas Feridas,Pleno dia,Decrescente,Sol,Simples,Interseção de Vias,Sim,2,0,1,0,1,0,1,2,-26.885883,-52.418762,SPRF-SC,DEL07-SC,UOP01-DEL07-SC,2018
176497.0,2018-12-07,sexta-feira,22:35:00,SC,282,4.7,SAO JOSE,Falta de Atenção à Condução,Colisão lateral,Com Vítimas Feridas,Plena Noite,Decrescente,Nublado,Dupla,Reta,Sim,2,0,1,0,1,0,1,2,-27.592646,-48.604034,SPRF-SC,DEL01-SC,UOP01-DEL01-SC,2018
176555.0,2018-12-08,sábado,05:15:00,SC,282,17.8,PALHOCA,Falta de Atenção à Condução,Colisão transversal,Com Vítimas Feridas,Plena Noite,Decrescente,Céu Claro,Simples,Reta,Sim,3,0,2,1,0,0,3,2,-27.665707,-48.688065,SPRF-SC,DEL01-SC,UOP02-DEL01-SC,2018
176581.0,2018-12-08,sábado,09:00:00,SC,282,17.7,PALHOCA,Falta de Atenção à Condução,Colisão transversal,Com Vítimas Feridas,Pleno dia,Crescente,Céu Claro,Simples,Reta,Sim,3,0,2,0,1,0,2,2,-27.665707,-48.688065,SPRF-SC,DEL01-SC,UOP02-DEL01-SC,2018
176734.0,2018-12-08,sábado,18:45:00,SC,282,641.0,DESCANSO,Ingestão de Álcool,Saída de leito carroçável,Com Vítimas Feridas,Pleno dia,Decrescente,Sol,Simples,Curva;Declive,Não,2,0,2,0,0,0,2,1,-26.779949,-53.460857,SPRF-SC,DEL07-SC,UOP03-DEL07-SC,2018
176749.0,2018-12-08,sábado,22:00:00,SC,282,0.8,FLORIANOPOLIS,Falta de Atenção à Condução,Colisão traseira,Com Vítimas Feridas,Plena Noite,Crescente,Céu Claro,Múltipla,Em Obras,Sim,4,0,1,1,1,1,2,3,-27.59845,-48.571995,SPRF-SC,DEL01-SC,UOP01-DEL01-SC,2018
176751.0,2018-12-08,sábado,16:10:00,SC,282,305.4,VARGEM,Velocidade Incompatível,Saída de leito carroçável,Com Vítimas Feridas,Pleno dia,Decrescente,Céu Claro,Simples,Curva,Não,1,0,1,0,0,0,1,1,-27.500679,-50.949047,SPRF-SC,DEL07-SC,UOP06-DEL07-SC,2018
176805.0,2018-12-09,domingo,01:30:00,SC,282,499.6,XANXERE,Ingestão de Álcool,Saída de leito carroçável,Com Vítimas Feridas,Plena Noite,Decrescente,Céu Claro,Dupla,Reta,Sim,2,0,1,1,0,0,2,1,-26.880869,-52.363121,SPRF-SC,DEL07-SC,UOP01-DEL07-SC,2018
177134.0,2018-12-10,segunda-feira,10:05:00,SC,282,1.0,FLORIANOPOLIS,Falta de Atenção à Condução,Colisão traseira,Com Vítimas Feridas,Pleno dia,Decrescente,Céu Claro,Múltipla,Reta,Sim,2,0,1,0,1,0,1,2,-27.602955,-48.580509,SPRF-SC,DEL01-SC,UOP01-DEL01-SC,2018
177210.0,2018-12-10,segunda-feira,17:10:00,SC,282,17.0,PALHOCA,Não guardar distância de segurança,Colisão traseira,Com Vítimas Feridas,Pleno dia,Decrescente,Céu Claro,Simples,Reta,Não,3,0,0,2,1,0,2,2,-27.658611,-48.681847,SPRF-SC,DEL01-SC,UOP02-DEL01-SC,2018
177240.0,2018-12-10,segunda-feira,19:20:00,SC,282,20.0,PALHOCA,Desobediência às normas de trânsito pelo condutor,Colisão transversal,Com Vítimas Feridas,Anoitecer,Crescente,Céu Claro,Simples,Reta,Sim,2,0,1,0,1,0,1,2,-27.683958,-48.71006,SPRF-SC,DEL01-SC,UOP02-DEL01-SC,2018
177452.0,2018-12-11,terça-feira,18:30:00,SC,282,437.0,VARGEM BONITA,Falta de Atenção à Condução,Colisão traseira,Sem Vítimas,Pleno dia,Crescente,Céu Claro,Simples,Interseção de Vias,Não,2,0,0,0,2,0,0,2,-26.963764,-51.854839,SPRF-SC,DEL07-SC,UOP04-DEL07-SC,2018
177500.0,2018-12-12,quarta-feira,07:00:00,SC,282,5.8,SAO JOSE,Falta de Atenção à Condução,Colisão lateral,Com Vítimas Feridas,Pleno dia,Decrescente,Céu Claro,Dupla,Reta,Não,2,0,0,1,1,0,1,2,-27.588425,-48.612919,SPRF-SC,DEL01-SC,UOP01-DEL01-SC,2018
177539.0,2018-12-12,quarta-feira,11:00:00,SC,282,221.5,LAGES,Pista Escorregadia,Tombamento,Com Vítimas Feridas,Pleno dia,Decrescente,Sol,Simples,Curva;Aclive,Sim,1,0,1,0,0,0,1,1,-27.796358,-50.343426,SPRF-SC,DEL05-SC,UOP01-DEL05-SC,2018
177618.0,2018-12-12,quarta-feira,17:00:00,SC,282,2.0,FLORIANOPOLIS,Falta de Atenção à Condução,Colisão lateral,Com Vítimas Feridas,Pleno dia,Decrescente,Céu Claro,Dupla,Reta,Sim,2,0,1,0,1,0,1,2,-27.603289,-48.590416,SPRF-SC,DEL01-SC,UOP01-DEL01-SC,2018
177624.0,2018-12-12,quarta-feira,11:55:00,SC,282,217.8,LAGES,Não guardar distância de segurança,Colisão traseira,Com Vítimas Feridas,Pleno dia,Decrescente,Céu Claro,Dupla,Desvio Temporário;Reta,Sim,3,0,2,0,1,0,2,2,-27.797916,-50.302944,SPRF-SC,DEL05-SC,UOP01-DEL05-SC,2018
177927.0,2018-12-13,quinta-feira,16:50:00,SC,282,502.5,XANXERE,Defeito Mecânico no Veículo,Queda de ocupante de veículo,Com Vítimas Feridas,Pleno dia,Decrescente,Céu Claro,Múltipla,Rotatória,Não,2,0,1,0,1,0,1,1,-26.884584,-52.390911,SPRF-SC,DEL07-SC,UOP01-DEL07-SC,2018
177948.0,2018-12-14,sexta-feira,01:40:00,SC,282,2.3,FLORIANOPOLIS,Falta de Atenção à Condução,Colisão traseira,Com Vítimas Fatais,Plena Noite,Decrescente,Céu Claro,Dupla,Desvio Temporário;Reta;Em Obras,Sim,5,1,0,0,1,3,0,3,-27.603289,-48.590416,SPRF-SC,DEL01-SC,UOP01-DEL01-SC,2018
177991.0,2018-12-14,sexta-feira,08:50:00,SC,282,5.0,SAO JOSE,Falta de Atenção à Condução,Colisão lateral,Com Vítimas Feridas,Pleno dia,Decrescente,Céu Claro,Dupla,Reta,Não,2,0,1,0,1,0,1,2,-27.588425,-48.612919,SPRF-SC,DEL01-SC,UOP01-DEL01-SC,2018
178191.0,2018-12-15,sábado,00:10:00,SC,282,48.7,AGUAS MORNAS,Velocidade Incompatível,Capotamento,Com Vítimas Feridas,Plena Noite,Crescente,Nublado,Simples,Curva,Não,1,0,1,0,0,0,1,1,-27.714352,-48.938072,SPRF-SC,DEL01-SC,UOP03-DEL01-SC,2018
178239.0,2018-12-15,sábado,07:00:00,SC,282,4.6,SAO JOSE,Condutor Dormindo,Saída de leito carroçável,Com Vítimas Feridas,Pleno dia,Decrescente,Céu Claro,Múltipla,Reta,Não,1,0,1,0,0,0,1,1,-27.59108069,-48.6076355,SPRF-SC,DEL01-SC,UOP01-DEL01-SC,2018
178283.0,2018-12-15,sábado,10:40:00,SC,282,0.3,FLORIANOPOLIS,Falta de Atenção à Condução,Colisão traseira,Com Vítimas Feridas,Pleno dia,Crescente,Sol,Dupla,Reta,Sim,3,0,1,0,2,0,1,2,-27.59845,-48.571995,SPRF-SC,DEL01-SC,UOP01-DEL01-SC,2018
178368.0,2018-12-15,sábado,14:40:00,SC,282,516.0,XAXIM,Velocidade Incompatível,Saída de leito carroçável,Com Vítimas Feridas,Pleno dia,Decrescente,Nublado,Simples,Curva,Não,1,0,0,1,0,0,1,1,-26.930862,-52.499157,SPRF-SC,DEL07-SC,UOP01-DEL07-SC,2018
178414.0,2018-12-15,sábado,21:20:00,SC,282,231.2,LAGES,Desobediência às normas de trânsito pelo condutor,Colisão transversal,Com Vítimas Feridas,Plena Noite,Crescente,Céu Claro,Simples,Reta,Não,7,0,6,0,1,0,6,2,-27.787624,-50.435722,SPRF-SC,DEL05-SC,UOP02-DEL05-SC,2018
178553.0,2018-12-16,domingo,09:45:00,SC,282,102.4,ALFREDO WAGNER,Falta de Atenção à Condução,Colisão frontal,Com Vítimas Fatais,Pleno dia,Crescente,Sol,Simples,Curva,Não,5,1,0,1,1,2,1,3,-27.694818,-49.314419,SPRF-SC,DEL01-SC,UOP03-DEL01-SC,2018
178616.0,2018-12-16,domingo,15:50:00,SC,282,631.9,DESCANSO,Avarias e/ou desgaste excessivo no pneu,Saída de leito carroçável,Sem Vítimas,Pleno dia,Decrescente,Chuva,Simples,Declive;Curva,Não,1,0,0,0,0,1,0,1,-26.824362,-53.394367,SPRF-SC,DEL07-SC,UOP03-DEL07-SC,2018
178677.0,2018-12-16,domingo,18:40:00,SC,282,461.5,PONTE SERRADA,Desobediência às normas de trânsito pelo condutor,Colisão transversal,Sem Vítimas,Pleno dia,Crescente,Sol,Simples,Reta,Sim,3,0,0,0,3,0,0,3,-26.856403,-52.041328,SPRF-SC,DEL07-SC,UOP04-DEL07-SC,2018
178807.0,2018-12-17,segunda-feira,09:00:00,SC,282,502.3,XANXERE,Desobediência às normas de trânsito pelo condutor,Colisão lateral,Sem Vítimas,Pleno dia,Crescente,Céu Claro,Simples,Interseção de Vias,Sim,2,0,0,0,2,0,0,2,-26.884584,-52.390911,SPRF-SC,DEL07-SC,UOP01-DEL07-SC,2018
179130.0,2018-12-18,terça-feira,17:10:00,SC,282,584.2,PINHALZINHO,Mal Súbito,Saída de leito carroçável,Com Vítimas Feridas,Pleno dia,Crescente,Céu Claro,Simples,Curva;Declive,Não,1,0,1,0,0,0,1,1,-26.831865,-53.016579,SPRF-SC,DEL07-SC,UOP02-DEL07-SC,2018
179134.0,2018-12-18,terça-feira,20:30:00,SC,282,419.7,VARGEM BONITA,Falta de Atenção à Condução,Saída de leito carroçável,Com Vítimas Feridas,Plena Noite,Crescente,Chuva,Simples,Curva,Não,2,0,2,0,0,0,2,1,-27.019398,-51.729195,SPRF-SC,DEL07-SC,UOP05-DEL07-SC,2018
179158.0,2018-12-19,quarta-feira,02:40:00,SC,282,395.0,JOACABA,Ingestão de Álcool,Saída de leito carroçável,Com Vítimas Feridas,Plena Noite,Crescente,Céu Claro,Simples,Curva,Não,1,0,1,0,0,0,1,1,-27.15962992,-51.58508241,SPRF-SC,DEL07-SC,UOP05-DEL07-SC,2018
179172.0,2018-12-19,quarta-feira,07:30:00,SC,282,16.0,PALHOCA,Desobediência às normas de trânsito pelo condutor,Colisão lateral,Com Vítimas Feridas,Pleno dia,Crescente,Nublado,Simples,Reta,Sim,3,0,1,1,1,0,2,2,-27.658611,-48.681847,SPRF-SC,DEL01-SC,UOP02-DEL01-SC,2018
179240.0,2018-12-19,quarta-feira,13:00:00,SC,282,2.8,FLORIANOPOLIS,Não guardar distância de segurança,Colisão traseira,Com Vítimas Feridas,Pleno dia,Decrescente,Sol,Dupla,Reta,Sim,2,0,1,0,0,1,1,2,-27.603289,-48.590416,SPRF-SC,DEL01-SC,UOP01-DEL01-SC,2018
179333.0,2018-12-19,quarta-feira,20:40:00,SC,282,17.3,PALHOCA,Desobediência às normas de trânsito pelo condutor,Colisão traseira,Com Vítimas Feridas,Plena Noite,Crescente,Nublado,Simples,Reta,Sim,2,0,1,0,1,0,1,2,-27.665707,-48.688065,SPRF-SC,DEL01-SC,UOP02-DEL01-SC,2018
179588.0,2018-12-20,quinta-feira,18:20:00,SC,282,301.8,VARGEM,Velocidade Incompatível,Saída de leito carroçável,Com Vítimas Feridas,Pleno dia,Decrescente,Chuva,Simples,Curva,Não,1,0,1,0,0,0,1,1,-27.510321,-50.922432,SPRF-SC,DEL07-SC,UOP06-DEL07-SC,2018
179595.0,2018-12-20,quinta-feira,19:50:00,SC,282,137.0,BOM RETIRO,Velocidade Incompatível,Capotamento,Com Vítimas Feridas,Anoitecer,Decrescente,Chuva,Simples,Rotatória,Não,2,0,0,1,1,0,1,1,-27.82283814,-49.56948822,SPRF-SC,DEL05-SC,UOP01-DEL05-SC,2018
179600.0,2018-12-20,quinta-feira,20:00:00,SC,282,506.9,XANXERE,Velocidade Incompatível,Saída de leito carroçável,Com Vítimas Feridas,Anoitecer,Crescente,Nublado,Dupla,Rotatória,Sim,2,0,1,0,1,0,1,1,-26.885712,-52.42907,SPRF-SC,DEL07-SC,UOP01-DEL07-SC,2018
179706.0,2018-12-21,sexta-feira,09:55:00,SC,282,2.0,FLORIANOPOLIS,Não guardar distância de segurança,Colisão traseira,Com Vítimas Feridas,Pleno dia,Crescente,Céu Claro,Dupla,Reta,Sim,2,0,1,0,1,0,1,2,-27.603289,-48.590416,SPRF-SC,DEL01-SC,UOP01-DEL01-SC,2018
179870.0,2018-12-21,sexta-feira,18:00:00,SC,282,97.0,ALFREDO WAGNER,Velocidade Incompatível,Saída de leito carroçável,Com Vítimas Feridas,Pleno dia,Decrescente,Chuva,Simples,Reta,Não,1,0,1,0,0,0,1,1,-27.707966,-49.272182,SPRF-SC,DEL01-SC,UOP03-DEL01-SC,2018
179876.0,2018-12-21,sexta-feira,16:30:00,SC,282,82.6,ALFREDO WAGNER,Pista Escorregadia,Saída de leito carroçável,Sem Vítimas,Pleno dia,Crescente,Chuva,Simples,Curva,Não,1,0,0,0,1,0,0,1,-27.662027,-49.178356,SPRF-SC,DEL01-SC,UOP03-DEL01-SC,2018
179969.0,2018-12-22,sábado,03:40:00,SC,282,163.5,BOM RETIRO,Velocidade Incompatível,Saída de leito carroçável,Com Vítimas Feridas,Plena Noite,Crescente,Céu Claro,Simples,Curva,Não,2,0,1,0,1,0,1,1,-27.729801,-49.783264,SPRF-SC,DEL05-SC,UOP01-DEL05-SC,2018
179970.0,2018-12-22,sábado,04:45:00,SC,282,492.0,FAXINAL DOS GUEDES,Ingestão de álcool e/ou substâncias psicoativas pelo pedestre,Saída de leito carroçável,Sem Vítimas,Plena Noite,Decrescente,Céu Claro,Dupla,Aclive,Não,1,0,0,0,1,0,0,1,-26.871534,-52.300915,SPRF-SC,DEL07-SC,UOP01-DEL07-SC,2018
180010.0,2018-12-22,sábado,08:00:00,SC,282,154.5,BOM RETIRO,Falta de Atenção do Pedestre,Atropelamento de Pedestre,Com Vítimas Feridas,Pleno dia,Decrescente,Nublado,Simples,Aclive;Reta,Não,3,0,0,1,1,1,1,2,-27.754395,-49.69775,SPRF-SC,DEL05-SC,UOP01-DEL05-SC,2018
180038.0,2018-12-22,sábado,11:10:00,SC,282,5.0,SAO JOSE,Falta de Atenção à Condução,Colisão traseira,Com Vítimas Feridas,Pleno dia,Decrescente,Céu Claro,Dupla,Reta,Sim,2,0,1,0,1,0,1,2,-27.588425,-48.612919,SPRF-SC,DEL01-SC,UOP01-DEL01-SC,2018
180048.0,2018-12-22,sábado,12:00:00,SC,282,19.0,PALHOCA,Falta de Atenção à Condução,Colisão traseira,Com Vítimas Feridas,Pleno dia,Crescente,Céu Claro,Simples,Aclive,Sim,2,0,1,0,1,0,1,2,-27.678635,-48.70192,SPRF-SC,DEL01-SC,UOP02-DEL01-SC,2018
180151.0,2018-12-22,sábado,17:00:00,SC,282,17.0,PALHOCA,Desobediência às normas de trânsito pelo condutor,Colisão transversal,Com Vítimas Feridas,Pleno dia,Crescente,Céu Claro,Simples,Reta,Sim,2,0,1,1,0,0,2,2,-27.665707,-48.688065,SPRF-SC,DEL01-SC,UOP02-DEL01-SC,2018
180183.0,2018-12-22,sábado,18:25:00,SC,282,64.0,RANCHO QUEIMADO,Pista Escorregadia,Saída de leito carroçável,Com Vítimas Feridas,Pleno dia,Decrescente,Chuva,Simples,Curva,Não,2,0,1,0,1,0,1,1,-27.696323,-49.052456,SPRF-SC,DEL01-SC,UOP03-DEL01-SC,2018
180191.0,2018-12-22,sábado,17:00:00,SC,282,535.1,CHAPECO,Falta de Atenção à Condução,Colisão traseira,Com Vítimas Feridas,Pleno dia,Crescente,Garoa/Chuvisco,Dupla,Interseção de Vias,Sim,2,0,1,0,1,0,1,2,-26.99951897,-52.64613032,SPRF-SC,DEL07-SC,UOP01-DEL07-SC,2018
180193.0,2018-12-22,sábado,18:30:00,SC,282,499.0,XANXERE,Falta de Atenção à Condução,Colisão lateral,Sem Vítimas,Pleno dia,Crescente,Nublado,Dupla,Declive;Curva,Sim,1,0,0,0,1,0,0,1,-26.880869,-52.363121,SPRF-SC,DEL07-SC,UOP01-DEL07-SC,2018
180230.0,2018-12-22,sábado,18:30:00,SC,282,355.0,CAMPOS NOVOS,Ingestão de Álcool,Colisão lateral,Sem Vítimas,Pleno dia,Crescente,Chuva,Simples,Reta,Não,4,0,0,0,3,1,0,3,-27.350309,-51.335823,SPRF-SC,DEL07-SC,UOP06-DEL07-SC,2018
180278.0,2018-12-22,sábado,19:10:00,SC,282,660.0,SAO MIGUEL DO OESTE,Velocidade Incompatível,Saída de leito carroçável,Sem Vítimas,Pleno dia,Decrescente,Nublado,Simples,Curva,Não,1,0,0,0,1,0,0,1,-26.675064,-53.566074,SPRF-SC,DEL07-SC,UOP03-DEL07-SC,2018
180304.0,2018-12-23,domingo,03:30:00,SC,282,21.0,PALHOCA,Ingestão de Álcool,Colisão frontal,Com Vítimas Feridas,Plena Noite,Crescente,Chuva,Simples,Reta,Sim,3,0,1,0,1,1,1,2,-27.68907,-48.717541,SPRF-SC,DEL01-SC,UOP02-DEL01-SC,2018
180327.0,2018-12-23,domingo,05:30:00,SC,282,342.0,CAMPOS NOVOS,Ingestão de álcool e/ou substâncias psicoativas pelo pedestre,Saída de leito carroçável,Sem Vítimas,Amanhecer,Decrescente,Nublado,Simples,Rotatória,Sim,1,0,0,0,1,0,0,1,-27.390287,-51.223286,SPRF-SC,DEL07-SC,UOP06-DEL07-SC,2018