id,data_inversa,dia_semana,horario,uf,br,km,municipio,causa_acidente,tipo_acidente,classificacao_acidente,fase_dia,sentido_via,condicao_metereologica,tipo_pista,tracado_via,uso_solo,pessoas,mortos,feridos_leves,feridos_graves,ilesos,ignorados,feridos,veiculos,latitude,longitude,regional,delegacia,uop,ano_arquivo
214599.0,2019-06-09,domingo,10:20:00,SC,282,642.3,SAO MIGUEL DO OESTE,Velocidade Incompatível,Colisão frontal,Sem Vítimas,Pleno dia,Decrescente,Nublado,Simples,Curva,Não,8,0,0,0,7,2,0,5,-26.76854759,-53.46606284,SPRF-SC,DEL07-SC,UOP03-DEL07-SC,2019
214697.0,2019-06-09,domingo,17:55:00,SC,282,519.8,XAXIM,Velocidade Incompatível,Colisão traseira,Com Vítimas Feridas,Plena Noite,Crescente,Céu Claro,Simples,Reta,Não,5,0,2,0,2,1,2,3,-26.947527,-52.517536,SPRF-SC,DEL07-SC,UOP01-DEL07-SC,2019
214784.0,2019-06-09,domingo,20:10:00,SC,282,561.3,NOVA ERECHIM,Ingestão de Álcool,Tombamento,Com Vítimas Feridas,Plena Noite,Decrescente,Céu Claro,Simples,Ponte;Curva;Declive,Não,1,0,1,0,0,0,1,1,-26.919464,-52.861614,SPRF-SC,DEL07-SC,UOP02-DEL07-SC,2019
214846.0,2019-03-23,sábado,13:45:00,SC,282,503.1,XANXERE,Velocidade Incompatível,Colisão lateral,Com Vítimas Feridas,Pleno dia,Decrescente,Sol,Dupla,Curva,Sim,4,0,0,1,1,2,1,4,-26.88576081,-52.39802599,SPRF-SC,DEL07-SC,UOP01-DEL07-SC,2019
214939.0,2019-06-10,segunda-feira,21:30:00,SC,282,398.5,JOACABA,Desobediência às normas de trânsito pelo condutor,Colisão frontal,Com Vítimas Feridas,Plena Noite,Decrescente,Céu Claro,Simples,Reta;Declive,Não,2,0,1,0,0,1,1,2,-27.143419,-51.613823,SPRF-SC,DEL07-SC,UOP05-DEL07-SC,2019
215225.0,2019-06-12,quarta-feira,10:30:00,SC,282,288.0,SAO JOSE DO CERRITO,Velocidade Incompatível,Colisão transversal,Com Vítimas Feridas,Pleno dia,Crescente,Céu Claro,Simples,Reta,Não,3,0,0,2,1,0,2,2,-27.565604,-50.824675,SPRF-SC,DEL05-SC,UOP02-DEL05-SC,2019
215274.0,2019-06-12,quarta-feira,18:20:00,SC,282,610.3,MARAVILHA,Sinalização da via insuficiente ou inadequada,Colisão traseira,Sem Vítimas,Plena Noite,Crescente,Céu Claro,Simples,Declive;Em Obras;Reta,Não,6,0,0,0,3,3,0,5,-26.75497325,-53.23482784,SPRF-SC,DEL07-SC,UOP02-DEL07-SC,2019
215324.0,2019-06-12,quarta-feira,18:00:00,SC,480,128.5,CHAPECO,Falta de Atenção à Condução,Tombamento,Com Vítimas Feridas,Anoitecer,Decrescente,Céu Claro,Dupla,Reta,Sim,2,0,1,0,0,1,1,2,-27.03781899,-52.63432603,SPRF-SC,DEL07-SC,UOP01-DEL07-SC,2019
215451.0,2019-06-13,quinta-feira,13:10:00,SC,282,572.9,PINHALZINHO,Falta de Atenção à Condução,Colisão traseira,Com Vítimas Feridas,Pleno dia,Decrescente,Céu Claro,Simples,Reta,Não,3,0,1,0,1,2,1,4,-26.879332,-52.949421,SPRF-SC,DEL07-SC,UOP02-DEL07-SC,2019
215688.0,2019-06-14,sexta-feira,19:20:00,SC,282,483.7,FAXINAL DOS GUEDES,Falta de Atenção à Condução,Colisão lateral,Com Vítimas Feridas,Plena Noite,Decrescente,Céu Claro,Simples,Curva,Não,3,0,1,0,1,1,1,3,-26.861937,-52.227974,SPRF-SC,DEL07-SC,UOP01-DEL07-SC,2019
216185.0,2019-06-16,domingo,19:55:00,SC,282,316.6,VARGEM,Falta de Atenção à Condução,Colisão lateral,Com Vítimas Feridas,Plena Noite,Decrescente,Céu Claro,Simples,Declive,Não,4,0,1,0,3,0,1,2,-27.44067,-51.011322,SPRF-SC,DEL07-SC,UOP06-DEL07-SC,2019
216400.0,2019-06-17,segunda-feira,17:40:00,SC,282,460.0,PONTE SERRADA,Falta de Atenção à Condução,Colisão transversal,Com Vítimas Feridas,Anoitecer,Crescente,Céu Claro,Simples,Reta,Sim,2,0,0,1,1,0,1,2,-26.8787464,-52.01511383,SPRF-SC,DEL07-SC,UOP04-DEL07-SC,2019
216984.0,2019-06-20,quinta-feira,19:20:00,SC,282,554.1,NOVA ITABERABA,Mal Súbito,Colisão frontal,Com Vítimas Fatais,Plena Noite,Crescente,Céu Claro,Simples,Curva,Não,3,1,0,0,1,1,0,3,-26.93523207,-52.79763222,SPRF-SC,DEL07-SC,UOP01-DEL07-SC,2019
217042.0,2019-06-21,sexta-feira,02:45:00,SC,282,213.0,LAGES,Animais na Pista,Atropelamento de Animal,Com Vítimas Feridas,Plena Noite,Crescente,Nevoeiro/Neblina,Simples,Curva;Aclive,Não,1,0,1,0,0,0,1,1,-27.785299,-50.261921,SPRF-SC,DEL05-SC,UOP01-DEL05-SC,2019
217797.0,2019-06-24,segunda-feira,14:30:00,SC,282,463.0,PONTE SERRADA,Falta de Atenção à Condução,Colisão transversal,Com Vítimas Feridas,Pleno dia,Crescente,Céu Claro,Simples,Reta,Sim,4,0,2,0,2,0,2,2,-26.855036,-52.059551,SPRF-SC,DEL07-SC,UOP04-DEL07-SC,2019
218034.0,2019-06-25,terça-feira,22:40:00,SC,282,174.5,BOCAINA DO SUL,Condutor Dormindo,Saída de leito carroçável,Com Vítimas Feridas,Plena Noite,Crescente,Nublado,Simples,Curva,Não,7,0,6,0,1,0,6,1,-27.742559,-49.882248,SPRF-SC,DEL05-SC,UOP01-DEL05-SC,2019
218141.0,2019-06-26,quarta-feira,11:45:00,SC,282,486.6,FAXINAL DOS GUEDES,Falta de Atenção à Condução,Colisão traseira,Com Vítimas Feridas,Pleno dia,Crescente,Nevoeiro/Neblina,Simples,Reta,Sim,3,0,1,0,2,0,1,3,-26.855415,-52.25423,SPRF-SC,DEL07-SC,UOP01-DEL07-SC,2019
218344.0,2019-06-27,quinta-feira,14:30:00,SC,282,5.0,SAO JOSE,Não guardar distância de segurança,Colisão traseira,Sem Vítimas,Pleno dia,Decrescente,Céu Claro,Dupla,Reta,Sim,4,0,0,0,4,0,0,4,-27.588425,-48.612919,SPRF-SC,DEL01-SC,UOP01-DEL01-SC,2019
218439.0,2019-06-27,quinta-feira,21:30:00,SC,282,343.0,CAMPOS NOVOS,Falta de Atenção à Condução,Colisão traseira,Sem Vítimas,Plena Noite,Decrescente,Nublado,Simples,Reta,Não,2,0,0,0,2,0,0,2,-27.38015,-51.241215,SPRF-SC,DEL07-SC,UOP06-DEL07-SC,2019
218473.0,2019-06-28,sexta-feira,05:30:00,SC,480,127.3,CHAPECO,Velocidade Incompatível,Tombamento,Sem Vítimas,Amanhecer,Decrescente,Céu Claro,Dupla,Reta,Sim,1,0,0,0,1,0,0,1,-27.02885905,-52.63380035,SPRF-SC,DEL07-SC,UOP01-DEL07-SC,2019
218559.0,2019-06-28,sexta-feira,12:40:00,SC,282,592.7,SAUDADES,Mal Súbito,Colisão traseira,Com Vítimas Feridas,Pleno dia,Decrescente,Céu Claro,Simples,Reta,Não,2,0,0,1,0,1,1,2,-26.825869,-53.091843,SPRF-SC,DEL07-SC,UOP02-DEL07-SC,2019
218858.0,2019-06-29,sábado,17:40:00,SC,282,408.4,CATANDUVAS,Velocidade Incompatível,Colisão frontal,Com Vítimas Fatais,Anoitecer,Decrescente,Céu Claro,Simples,Curva;Declive,Não,3,1,0,0,2,0,0,2,-27.074812,-51.663269,SPRF-SC,DEL07-SC,UOP05-DEL07-SC,2019
218961.0,2019-06-30,domingo,06:24:00,SC,282,619.7,IRACEMINHA,Ingestão de álcool e/ou substâncias psicoativas pelo pedestre,Colisão lateral,Com Vítimas Feridas,Amanhecer,Decrescente,Céu Claro,Simples,Reta,Não,3,0,1,0,1,3,1,5,-26.794798,-53.299477,SPRF-SC,DEL07-SC,UOP02-DEL07-SC,2019
218989.0,2019-06-30,domingo,11:10:00,SC,282,604.6,MARAVILHA,Falta de Atenção do Pedestre,Atropelamento de Pedestre,Com Vítimas Feridas,Pleno dia,Decrescente,Garoa/Chuvisco,Simples,Declive,Sim,3,0,0,1,1,1,1,2,-26.7906896,-53.19503903,SPRF-SC,DEL07-SC,UOP02-DEL07-SC,2019
219331.0,2019-07-01,segunda-feira,19:00:00,SC,282,596.0,SAUDADES,Falta de Atenção à Condução,Colisão transversal,Com Vítimas Feridas,Pleno dia,Crescente,Garoa/Chuvisco,Simples,Reta,Não,2,0,1,0,1,0,1,2,-26.829437,-53.127995,SPRF-SC,DEL07-SC,UOP02-DEL07-SC,2019
219444.0,2019-07-02,terça-feira,10:00:00,SC,282,432.6,VARGEM BONITA,Falta de Atenção à Condução,Colisão lateral,Com Vítimas Feridas,Pleno dia,Decrescente,Chuva,Simples,Curva,Não,4,0,1,0,2,3,1,6,-26.981241,-51.814842,SPRF-SC,DEL07-SC,UOP05-DEL07-SC,2019
219448.0,2019-07-02,terça-feira,11:00:00,SC,282,446.3,PONTE SERRADA,Pista Escorregadia,Colisão frontal,Com Vítimas Feridas,Pleno dia,Decrescente,Chuva,Simples,Curva,Não,3,0,1,0,1,2,1,4,-26.910217,-51.914951,SPRF-SC,DEL07-SC,UOP04-DEL07-SC,2019
219455.0,2019-07-02,terça-feira,13:35:00,SC,282,70.3,RANCHO QUEIMADO,Velocidade Incompatível,Saída de leito carroçável,Com Vítimas Feridas,Pleno dia,Decrescente,Chuva,Simples,Curva,Não,2,0,2,0,0,0,2,1,-27.69050136,-49.0907979,SPRF-SC,DEL01-SC,UOP03-DEL01-SC,2019
219501.0,2019-07-02,terça-feira,15:30:00,SC,282,586.9,PINHALZINHO,Velocidade Incompatível,Saída de leito carroçável,Com Vítimas Feridas,Pleno dia,Decrescente,Nevoeiro/Neblina,Simples,Curva;Em Obras,Não,1,0,1,0,0,0,1,1,-26.83081094,-53.04379463,SPRF-SC,DEL07-SC,UOP02-DEL07-SC,2019
220032.0,2019-07-05,sexta-feira,12:10:00,SC,282,391.4,JOACABA,Falta de Atenção à Condução,Colisão lateral,Com Vítimas Feridas,Pleno dia,Crescente,Céu Claro,Simples,Aclive,Não,5,0,0,1,1,3,1,5,-27.170649,-51.559193,SPRF-SC,DEL07-SC,UOP05-DEL07-SC,2019
220171.0,2019-07-05,sexta-feira,20:25:00,SC,282,457.7,PONTE SERRADA,Ultrapassagem Indevida,Colisão lateral,Com Vítimas Feridas,Plena Noite,Decrescente,Céu Claro,Simples,Curva,Não,4,0,1,0,2,2,1,5,-26.880604,-52.013371,SPRF-SC,DEL07-SC,UOP04-DEL07-SC,2019
220930.0,2019-07-09,terça-feira,08:05:00,SC,282,530.1,CORDILHEIRA ALTA,Desobediência às normas de trânsito pelo condutor,Saída de leito carroçável,Sem Vítimas,Pleno dia,Crescente,Sol,Simples,Interseção de Vias,Sim,2,0,0,0,2,0,0,2,-26.986555,-52.60524,SPRF-SC,DEL07-SC,UOP01-DEL07-SC,2019
220946.0,2019-07-09,terça-feira,14:15:00,SC,282,5.9,SAO JOSE,Ingestão de Álcool,Colisão com objeto estático,Com Vítimas Feridas,Pleno dia,Crescente,Sol,Dupla,Curva,Sim,7,0,1,2,3,1,3,5,-27.588425,-48.612919,SPRF-SC,DEL01-SC,UOP01-DEL01-SC,2019
221097.0,2019-07-10,quarta-feira,08:50:00,SC,282,73.1,RANCHO QUEIMADO,Falta de Atenção à Condução,Colisão traseira,Com Vítimas Feridas,Pleno dia,Decrescente,Céu Claro,Simples,Reta,Não,2,0,1,0,1,0,1,2,-27.681437,-49.113388,SPRF-SC,DEL01-SC,UOP03-DEL01-SC,2019
221243.0,2019-07-10,quarta-feira,18:10:00,SC,480,127.3,CHAPECO,Não guardar distância de segurança,Engavetamento,Com Vítimas Fatais,Plena Noite,Decrescente,Céu Claro,Dupla,Reta,Sim,4,1,0,0,3,0,0,4,-27.02885905,-52.63380035,SPRF-SC,DEL07-SC,UOP01-DEL07-SC,2019
222493.0,2019-07-16,terça-feira,09:40:00,SC,282,127.8,BOM RETIRO,Desobediência às normas de trânsito pelo condutor,Colisão com objeto estático,Sem Vítimas,Pleno dia,Decrescente,Céu Claro,Simples,Reta,Sim,1,0,0,0,1,0,0,1,-27.800486,-49.478535,SPRF-SC,DEL05-SC,UOP01-DEL05-SC,2019
222541.0,2019-07-16,terça-feira,20:45:00,SC,282,527.5,XAXIM,Ultrapassagem Indevida,Colisão frontal,Com Vítimas Feridas,Plena Noite,Decrescente,Céu Claro,Simples,Curva,Sim,2,0,0,1,1,0,1,2,-26.973196,-52.583321,SPRF-SC,DEL07-SC,UOP01-DEL07-SC,2019
222683.0,2019-05-13,segunda-feira,06:00:00,SC,282,381.3,HERVAL DOESTE,Pista Escorregadia,Colisão traseira,Com Vítimas Feridas,Pleno dia,Crescente,Garoa/Chuvisco,Simples,Reta,Não,4,0,1,0,2,1,1,4,-27.204979,-51.501442,SPRF-SC,DEL07-SC,UOP05-DEL07-SC,2019
222705.0,2019-07-17,quarta-feira,18:20:00,SC,282,570.8,NOVA ERECHIM,Não guardar distância de segurança,Colisão traseira,Com Vítimas Feridas,Plena Noite,Crescente,Céu Claro,Simples,Reta,Não,3,0,1,0,2,0,1,2,-26.89006,-52.93306,SPRF-SC,DEL07-SC,UOP02-DEL07-SC,2019
222915.0,2019-07-18,quinta-feira,21:00:00,SC,282,66.0,RANCHO QUEIMADO,Velocidade Incompatível,Colisão lateral,Com Vítimas Feridas,Plena Noite,Decrescente,Chuva,Simples,Declive;Curva,Não,4,0,1,1,1,2,2,4,-27.699602,-49.062912,SPRF-SC,DEL01-SC,UOP03-DEL01-SC,2019
223397.0,2019-07-20,sábado,20:30:00,SC,282,625.0,IRACEMINHA,Ingestão de Álcool,Colisão frontal,Com Vítimas Feridas,Plena Noite,Decrescente,Céu Claro,Simples,Reta,Não,3,0,1,0,1,1,1,3,-26.800232,-53.351334,SPRF-SC,DEL07-SC,UOP02-DEL07-SC,2019
223985.0,2019-07-22,segunda-feira,12:00:00,SC,282,231.4,LAGES,Falta de Atenção à Condução,Colisão transversal,Com Vítimas Feridas,Pleno dia,Crescente,Sol,Simples,Interseção de Vias,Não,2,0,2,0,0,0,2,2,-27.787624,-50.435722,SPRF-SC,DEL05-SC,UOP02-DEL05-SC,2019
224009.0,2019-07-22,segunda-feira,13:15:00,SC,282,239.9,SAO JOSE DO CERRITO,Falta de Atenção à Condução,Colisão traseira,Com Vítimas Feridas,Pleno dia,Crescente,Sol,Dupla,Reta,Não,2,0,1,0,1,0,1,2,-27.771513,-50.496738,SPRF-SC,DEL05-SC,UOP02-DEL05-SC,2019
224081.0,2019-07-22,segunda-feira,14:15:00,SC,282,48.8,AGUAS MORNAS,Falta de Atenção à Condução,Colisão frontal,Com Vítimas Feridas,Pleno dia,Decrescente,Céu Claro,Simples,Declive;Curva,Não,6,0,1,2,2,1,3,4,-27.714352,-48.938072,SPRF-SC,DEL01-SC,UOP03-DEL01-SC,2019
224379.0,2019-07-24,quarta-feira,13:50:00,SC,282,382.6,HERVAL DOESTE,Não guardar distância de segurança,Colisão traseira,Com Vítimas Feridas,Pleno dia,Crescente,Céu Claro,Simples,Declive;Reta,Não,4,0,0,2,1,1,2,3,-27.19607,-51.503044,SPRF-SC,DEL07-SC,UOP05-DEL07-SC,2019
224580.0,2019-07-25,quinta-feira,12:10:00,SC,282,382.0,HERVAL DOESTE,Mal Súbito,Colisão frontal,Com Vítimas Feridas,Pleno dia,Decrescente,Céu Claro,Simples,Aclive;Reta,Não,3,0,1,0,1,1,1,3,-27.19607,-51.503044,SPRF-SC,DEL07-SC,UOP05-DEL07-SC,2019
225063.0,2019-07-27,sábado,18:40:00,SC,480,123.9,CHAPECO,Velocidade Incompatível,Colisão traseira,Com Vítimas Feridas,Plena Noite,Decrescente,Céu Claro,Dupla,Reta,Sim,2,0,0,1,1,0,1,2,-26.99739704,-52.64201951,SPRF-SC,DEL07-SC,UOP01-DEL07-SC,2019
225259.0,2019-07-28,domingo,16:00:00,SC,282,514.2,XAXIM,Não guardar distância de segurança,Colisão traseira,Com Vítimas Feridas,Pleno dia,Crescente,Sol,Simples,Reta,Não,3,0,0,1,1,1,1,3,-26.916084,-52.49052,SPRF-SC,DEL07-SC,UOP01-DEL07-SC,2019
225420.0,2019-07-29,segunda-feira,09:30:00,SC,282,512.0,XANXERE,Falta de Atenção à Condução,Tombamento,Com Vítimas Feridas,Pleno dia,Decrescente,Céu Claro,Simples,Reta,Não,2,0,1,0,0,1,1,2,-26.910799,-52.472099,SPRF-SC,DEL07-SC,UOP01-DEL07-SC,2019
225434.0,2019-07-29,segunda-feira,10:50:00,SC,282,402.8,JOACABA,Falta de Atenção à Condução,Colisão frontal,Com Vítimas Fatais,Pleno dia,Crescente,Céu Claro,Simples,Curva,Não,6,1,0,2,3,0,2,3,-27.115656,-51.631065,SPRF-SC,DEL07-SC,UOP05-DEL07-SC,2019
225685.0,2019-07-30,terça-feira,20:45:00,SC,282,570.0,NOVA ERECHIM,Ingestão de álcool e/ou substâncias psicoativas pelo pedestre,Colisão frontal,Sem Vítimas,Plena Noite,Decrescente,Céu Claro,Simples,Curva,Não,2,0,0,0,2,0,0,2,-26.89006,-52.93306,SPRF-SC,DEL07-SC,UOP02-DEL07-SC,2019
226129.0,2019-08-02,sexta-feira,06:30:00,SC,282,386.4,JOACABA,Ultrapassagem Indevida,Colisão frontal,Com Vítimas Feridas,Amanhecer,Crescente,Chuva,Simples,Reta,Não,5,0,0,1,3,1,1,5,-27.185896,-51.518845,SPRF-SC,DEL07-SC,UOP05-DEL07-SC,2019
226268.0,2019-08-02,sexta-feira,10:20:00,SC,282,620.8,IRACEMINHA,Velocidade Incompatível,Colisão lateral,Com Vítimas Feridas,Pleno dia,Decrescente,Chuva,Simples,Curva;Em Obras;Declive,Não,3,0,0,1,1,4,1,6,-26.80356585,-53.31522882,SPRF-SC,DEL07-SC,UOP02-DEL07-SC,2019
226329.0,2019-08-03,sábado,05:10:00,SC,282,83.0,ALFREDO WAGNER,Ingestão de Álcool,Saída de leito carroçável,Sem Vítimas,Plena Noite,Decrescente,Nublado,Simples,Curva,Não,1,0,0,0,1,0,0,1,-27.666153,-49.175022,SPRF-SC,DEL01-SC,UOP03-DEL01-SC,2019
226348.0,2019-08-03,sábado,07:40:00,SC,282,523.8,XAXIM,Não guardar distância de segurança,Colisão traseira,Com Vítimas Feridas,Pleno dia,Decrescente,Céu Claro,Simples,Reta,Não,2,0,1,0,1,0,1,2,-26.963129,-52.548851,SPRF-SC,DEL07-SC,UOP01-DEL07-SC,2019
227194.0,2019-08-07,quarta-feira,08:35:00,SC,282,216.0,LAGES,Desobediência às normas de trânsito pelo condutor,Colisão lateral,Com Vítimas Feridas,Pleno dia,Crescente,Céu Claro,Simples,Rotatória,Sim,2,0,1,0,1,0,1,2,-27.797529,-50.291862,SPRF-SC,DEL05-SC,UOP01-DEL05-SC,2019
227481.0,2019-08-08,quinta-feira,13:15:00,SC,282,31.9,SANTO AMARO DA IMPERATRIZ,Falta de Atenção à Condução,Colisão lateral,Com Vítimas Feridas,Pleno dia,Crescente,Céu Claro,Simples,Reta,Não,2,0,0,1,1,0,1,2,-27.69933606,-48.79689217,SPRF-SC,DEL01-SC,UOP03-DEL01-SC,2019
227751.0,2019-08-09,sexta-feira,21:30:00,SC,282,214.1,LAGES,Condutor Dormindo,Colisão frontal,Com Vítimas Feridas,Plena Noite,Decrescente,Céu Claro,Simples,Reta,Sim,3,0,2,1,0,0,3,2,-27.78973191,-50.27264357,SPRF-SC,DEL05-SC,UOP01-DEL05-SC,2019
228427.0,2019-08-12,segunda-feira,15:40:00,SC,282,142.6,BOM RETIRO,Desobediência às normas de trânsito pelo condutor,Colisão lateral,Com Vítimas Feridas,Pleno dia,Crescente,Céu Claro,Simples,Curva,Não,2,0,1,0,1,0,1,2,-27.813843,-49.606209,SPRF-SC,DEL05-SC,UOP01-DEL05-SC,2019
228431.0,2019-08-12,segunda-feira,14:00:00,SC,282,575.0,VARGEAO,Fenômenos da Natureza,Colisão lateral,Com Vítimas Feridas,Pleno dia,Decrescente,Céu Claro,Simples,Reta,Não,3,0,0,1,2,0,1,2,-26.87180378,-52.14658683,SPRF-SC,DEL07-SC,UOP02-DEL07-SC,2019
229280.0,2019-08-17,sábado,08:10:00,SC,282,1.1,FLORIANOPOLIS,Desobediência às normas de trânsito pelo condutor,Colisão com objeto estático,Sem Vítimas,Pleno dia,Decrescente,Céu Claro,Múltipla,Viaduto,Sim,2,0,0,0,1,1,0,2,-27.602955,-48.580509,SPRF-SC,DEL01-SC,UOP01-DEL01-SC,2019
230256.0,2019-08-21,quarta-feira,18:20:00,SC,282,602.0,MARAVILHA,Velocidade Incompatível,Saída de leito carroçável,Com Vítimas Feridas,Plena Noite,Crescente,Céu Claro,Simples,Interseção de Vias,Não,2,0,1,0,1,0,1,2,-26.806049,-53.178757,SPRF-SC,DEL07-SC,UOP02-DEL07-SC,2019
230276.0,2019-08-21,quarta-feira,19:30:00,SC,480,127.6,CHAPECO,Falta de Atenção do Pedestre,Atropelamento de Pedestre,Com Vítimas Feridas,Plena Noite,Crescente,Céu Claro,Simples,Reta,Sim,2,0,0,1,1,0,1,2,-27.02885905,-52.63380035,SPRF-SC,DEL07-SC,UOP01-DEL07-SC,2019
230299.0,2019-08-21,quarta-feira,22:30:00,SC,282,383.0,HERVAL DOESTE,Falta de Atenção à Condução,Tombamento,Com Vítimas Feridas,Plena Noite,Decrescente,Céu Claro,Simples,Aclive;Curva,Não,2,0,1,0,0,1,1,2,-27.19525096,-51.50553703,SPRF-SC,DEL07-SC,UOP05-DEL07-SC,2019
230675.0,2019-08-23,sexta-feira,19:00:00,SC,282,446.2,PONTE SERRADA,Velocidade Incompatível,Colisão lateral,Com Vítimas Feridas,Plena Noite,Crescente,Céu Claro,Simples,Curva,Não,3,0,2,0,1,0,2,2,-26.91082051,-51.9047437,SPRF-SC,DEL07-SC,UOP04-DEL07-SC,2019
231010.0,2019-08-25,domingo,10:30:00,SC,282,420.8,VARGEM BONITA,Velocidade Incompatível,Tombamento,Com Vítimas Feridas,Pleno dia,Crescente,Céu Claro,Simples,Curva,Não,2,0,1,0,0,2,1,3,-27.014505,-51.736427,SPRF-SC,DEL07-SC,UOP05-DEL07-SC,2019
231142.0,2019-08-25,domingo,17:40:00,SC,282,128.5,BOM RETIRO,Falta de Atenção à Condução,Colisão transversal,Com Vítimas Feridas,Plena Noite,Crescente,Nublado,Simples,Reta,Não,2,0,1,0,1,0,1,2,-27.803921,-49.487785,SPRF-SC,DEL05-SC,UOP01-DEL05-SC,2019
231231.0,2019-08-27,terça-feira,08:20:00,SC,282,370.0,ERVAL VELHO,Velocidade Incompatível,Tombamento,Com Vítimas Feridas,Pleno dia,Crescente,Céu Claro,Simples,Rotatória,Sim,3,0,1,0,0,2,1,3,-27.268663,-51.443768,SPRF-SC,DEL07-SC,UOP05-DEL07-SC,2019
231279.0,2019-08-26,segunda-feira,17:10:00,SC,282,523.7,XAXIM,Falta de Atenção à Condução,Saída de leito carroçável,Sem Vítimas,Pleno dia,Decrescente,Sol,Simples,Curva,Sim,2,0,0,0,1,1,0,2,-26.963129,-52.548851,SPRF-SC,DEL07-SC,UOP01-DEL07-SC,2019
231347.0,2019-08-27,terça-feira,19:40:00,SC,282,601.7,CUNHA PORA,Falta de Atenção à Condução,Colisão transversal,Com Vítimas Feridas,Plena Noite,Crescente,Céu Claro,Simples,Interseção de Vias,Não,4,0,0,1,2,2,1,4,-26.8057631,-53.18120956,SPRF-SC,DEL07-SC,UOP02-DEL07-SC,2019
231921.0,2019-08-30,sexta-feira,07:40:00,SC,282,562.0,NOVA ERECHIM,Falta de Atenção à Condução,Colisão traseira,Com Vítimas Feridas,Pleno dia,Crescente,Céu Claro,Simples,Aclive,Não,4,0,2,0,1,1,2,3,-26.91809036,-52.86346436,SPRF-SC,DEL07-SC,UOP02-DEL07-SC,2019
231941.0,2019-08-26,segunda-feira,16:00:00,SC,282,153.7,BOM RETIRO,Falta de Atenção à Condução,Saída de leito carroçável,Sem Vítimas,Pleno dia,Decrescente,Céu Claro,Simples,Reta,Não,4,0,0,0,4,0,0,2,-27.755888,-49.687778,SPRF-SC,DEL05-SC,UOP01-DEL05-SC,2019
232239.0,2019-08-31,sábado,11:20:00,SC,282,223.0,LAGES,Velocidade Incompatível,Saída de leito carroçável,Com Vítimas Feridas,Pleno dia,Decrescente,Chuva,Simples,Curva,Não,2,0,1,0,1,0,1,1,-27.800127,-50.362751,SPRF-SC,DEL05-SC,UOP01-DEL05-SC,2019
232300.0,2019-08-31,sábado,10:15:00,SC,282,618.8,IRACEMINHA,Velocidade Incompatível,Tombamento,Com Vítimas Feridas,Pleno dia,Crescente,Chuva,Simples,Reta;Declive,Não,3,0,1,0,1,3,1,5,-26.788088,-53.293259,SPRF-SC,DEL07-SC,UOP02-DEL07-SC,2019
232609.0,2019-08-29,quinta-feira,07:40:00,SC,282,216.0,LAGES,Defeito Mecânico no Veículo,Derramamento de carga,Sem Vítimas,Pleno dia,Decrescente,Céu Claro,Simples,Rotatória,Sim,2,0,0,0,1,2,0,3,-27.797529,-50.291862,SPRF-SC,DEL05-SC,UOP01-DEL05-SC,2019
232705.0,2019-09-02,segunda-feira,06:50:00,SC,282,507.0,XANXERE,Fenômenos da Natureza,Colisão traseira,Com Vítimas Feridas,Pleno dia,Decrescente,Sol,Dupla,Rotatória,Sim,3,0,0,1,1,1,1,3,-26.886171,-52.43911,SPRF-SC,DEL07-SC,UOP01-DEL07-SC,2019
232825.0,2019-09-02,segunda-feira,18:12:00,SC,282,3.2,FLORIANOPOLIS,Desobediência às normas de trânsito pelo condutor,Colisão traseira,Com Vítimas Feridas,Anoitecer,Crescente,Céu Claro,Múltipla,Reta,Sim,3,0,1,0,2,0,1,3,-27.600384,-48.599705,SPRF-SC,DEL01-SC,UOP01-DEL01-SC,2019
233409.0,2019-09-05,quinta-feira,19:50:00,SC,282,374.0,ERVAL VELHO,Desobediência às normas de trânsito pelo condutor,Colisão transversal,Com Vítimas Feridas,Plena Noite,Decrescente,Nublado,Simples,Interseção de Vias;Curva,Sim,4,0,1,0,3,0,1,2,-27.236115,-51.452618,SPRF-SC,DEL07-SC,UOP05-DEL07-SC,2019
233461.0,2019-09-06,sexta-feira,03:45:00,SC,282,421.8,VARGEM BONITA,Desobediência às normas de trânsito pelo condutor,Tombamento,Com Vítimas Feridas,Plena Noite,Decrescente,Nublado,Simples,Curva,Não,2,0,1,0,1,0,1,1,-27.006414,-51.737789,SPRF-SC,DEL07-SC,UOP05-DEL07-SC,2019
233527.0,2019-09-06,sexta-feira,08:20:00,SC,282,446.2,PONTE SERRADA,Velocidade Incompatível,Colisão frontal,Com Vítimas Feridas,Pleno dia,Crescente,Chuva,Simples,Curva,Não,5,0,1,1,2,1,2,5,-26.90768162,-51.90731049,SPRF-SC,DEL07-SC,UOP04-DEL07-SC,2019
233683.0,2019-09-06,sexta-feira,12:30:00,SC,282,52.0,AGUAS MORNAS,Velocidade Incompatível,Colisão frontal,Com Vítimas Fatais,Pleno dia,Decrescente,Chuva,Simples,Declive;Curva,Não,8,2,0,4,1,1,4,3,-27.696936,-48.964138,SPRF-SC,DEL01-SC,UOP03-DEL01-SC,2019
233709.0,2019-09-06,sexta-feira,22:50:00,SC,282,421.6,VARGEM BONITA,Falta de Atenção à Condução,Colisão lateral,Com Vítimas Feridas,Plena Noite,Decrescente,Céu Claro,Simples,Curva,Sim,5,0,2,1,1,2,3,4,-27.006414,-51.737789,SPRF-SC,DEL07-SC,UOP05-DEL07-SC,2019
233776.0,2019-09-07,sábado,02:05:00,SC,282,377.3,HERVAL DOESTE,Velocidade Incompatível,Colisão com objeto estático,Com Vítimas Feridas,Plena Noite,Crescente,Nublado,Simples,Curva,Não,2,0,1,0,0,1,1,2,-27.21860931,-51.46536827,SPRF-SC,DEL07-SC,UOP05-DEL07-SC,2019