id,data_inversa,dia_semana,horario,uf,br,km,municipio,causa_acidente,tipo_acidente,classificacao_acidente,fase_dia,sentido_via,condicao_metereologica,tipo_pista,tracado_via,uso_solo,pessoas,mortos,feridos_leves,feridos_graves,ilesos,ignorados,feridos,veiculos,latitude,longitude,regional,delegacia,uop,ano_arquivo
187464.0,2019-01-25,sexta-feira,23:15:00,SC,282,216.6,LAGES,Desobediência às normas de trânsito pelo condutor,Colisão lateral,Com Vítimas Feridas,Plena Noite,Crescente,Céu Claro,Simples,Curva,Sim,4,0,2,0,2,0,2,2,-27.797529,-50.291862,SPRF-SC,DEL05-SC,UOP01-DEL05-SC,2019
187477.0,2019-01-26,sábado,00:25:00,SC,282,21.2,PALHOCA,Ingestão de álcool e/ou substâncias psicoativas pelo pedestre,Colisão com objeto estático,Com Vítimas Feridas,Plena Noite,Crescente,Nublado,Simples,Reta,Sim,4,0,4,0,0,0,4,1,-27.68907,-48.717541,SPRF-SC,DEL01-SC,UOP02-DEL01-SC,2019
187488.0,2019-01-26,sábado,00:20:00,SC,282,539.5,CHAPECO,Ingestão de Álcool,Saída de leito carroçável,Sem Vítimas,Plena Noite,Decrescente,Céu Claro,Simples,Curva,Não,1,0,0,0,1,0,0,1,-26.993254,-52.681767,SPRF-SC,DEL07-SC,UOP01-DEL07-SC,2019
187511.0,2019-01-26,sábado,05:50:00,SC,282,5.0,SAO JOSE,Falta de Atenção à Condução,Colisão traseira,Sem Vítimas,Plena Noite,Decrescente,Céu Claro,Múltipla,Reta,Sim,1,0,0,0,0,1,0,1,-27.588425,-48.612919,SPRF-SC,DEL01-SC,UOP01-DEL01-SC,2019
187572.0,2019-01-26,sábado,11:45:00,SC,282,138.0,BOM RETIRO,Falta de Atenção à Condução,Colisão transversal,Com Vítimas Feridas,Pleno dia,Decrescente,Céu Claro,Simples,Reta,Não,6,0,2,0,4,0,2,2,-27.825998,-49.575924,SPRF-SC,DEL05-SC,UOP01-DEL05-SC,2019
187573.0,2019-01-18,sexta-feira,11:00:00,SC,282,2.5,FLORIANOPOLIS,Não guardar distância de segurança,Colisão lateral,Com Vítimas Feridas,Pleno dia,Decrescente,Nublado,Múltipla,Reta,Sim,2,0,1,0,1,0,1,2,-27.603289,-48.590416,SPRF-SC,DEL01-SC,UOP01-DEL01-SC,2019
187583.0,2019-01-26,sábado,13:15:00,SC,282,75.5,RANCHO QUEIMADO,Velocidade Incompatível,Saída de leito carroçável,Com Vítimas Feridas,Pleno dia,Crescente,Garoa/Chuvisco,Simples,Curva,Não,2,0,1,0,1,0,1,1,-27.690931,-49.129143,SPRF-SC,DEL01-SC,UOP03-DEL01-SC,2019
187630.0,2019-01-26,sábado,19:05:00,SC,282,510.0,XANXERE,Velocidade Incompatível,Colisão frontal,Com Vítimas Fatais,Anoitecer,Crescente,Céu Claro,Simples,Reta,Não,5,1,1,3,0,0,4,2,-26.897114,-52.463585,SPRF-SC,DEL07-SC,UOP01-DEL07-SC,2019
187643.0,2019-01-26,sábado,21:53:00,SC,282,523.9,XAXIM,Velocidade Incompatível,Colisão frontal,Com Vítimas Feridas,Plena Noite,Crescente,Céu Claro,Simples,Curva,Não,4,0,4,0,0,0,4,2,-26.963129,-52.548851,SPRF-SC,DEL07-SC,UOP01-DEL07-SC,2019
187880.0,2019-01-28,segunda-feira,03:00:00,SC,282,427.2,VARGEM BONITA,Defeito Mecânico no Veículo,Incêndio,Sem Vítimas,Plena Noite,Crescente,Céu Claro,Simples,Reta,Não,43,0,0,0,43,0,0,1,-26.975946,-51.771011,SPRF-SC,DEL07-SC,UOP05-DEL07-SC,2019
187921.0,2019-01-28,segunda-feira,09:30:00,SC,282,31.6,AGUAS MORNAS,Mal Súbito,Saída de leito carroçável,Com Vítimas Feridas,Pleno dia,Crescente,Céu Claro,Simples,Reta,Não,2,0,2,0,0,0,2,1,-27.70012148,-48.79889468,SPRF-SC,DEL01-SC,UOP03-DEL01-SC,2019
187967.0,2019-01-28,segunda-feira,08:30:00,SC,282,524.0,XAXIM,Não guardar distância de segurança,Colisão traseira,Com Vítimas Feridas,Pleno dia,Crescente,Sol,Simples,Curva,Sim,3,0,2,0,1,0,2,2,-26.965002,-52.557384,SPRF-SC,DEL07-SC,UOP01-DEL07-SC,2019
187980.0,2019-01-28,segunda-feira,12:40:00,SC,282,40.4,AGUAS MORNAS,Falta de Atenção à Condução,Colisão transversal,Com Vítimas Feridas,Pleno dia,Decrescente,Sol,Simples,Interseção de Vias,Sim,2,0,2,0,0,0,2,2,-27.71524623,-48.87471378,SPRF-SC,DEL01-SC,UOP03-DEL01-SC,2019
188035.0,2019-01-28,segunda-feira,18:40:00,SC,282,377.0,HERVAL DOESTE,Velocidade Incompatível,Colisão frontal,Com Vítimas Feridas,Pleno dia,Crescente,Céu Claro,Simples,Reta,Não,5,0,4,0,1,0,4,3,-27.216974,-51.470055,SPRF-SC,DEL07-SC,UOP05-DEL07-SC,2019
188141.0,2019-01-29,terça-feira,08:30:00,SC,282,179.8,BOCAINA DO SUL,Condutor Dormindo,Saída de leito carroçável,Com Vítimas Feridas,Pleno dia,Crescente,Céu Claro,Simples,Curva,Não,5,0,4,0,1,0,4,1,-27.740141,-49.930519,SPRF-SC,DEL05-SC,UOP01-DEL05-SC,2019
188294.0,2019-01-30,quarta-feira,11:20:00,SC,282,21.0,PALHOCA,Desobediência às normas de trânsito pelo condutor,Colisão frontal,Com Vítimas Feridas,Pleno dia,Crescente,Céu Claro,Simples,Reta,Sim,2,0,1,0,1,0,1,2,-27.68907,-48.717541,SPRF-SC,DEL01-SC,UOP02-DEL01-SC,2019
188315.0,2019-01-30,quarta-feira,13:30:00,SC,282,499.0,XANXERE,Defeito Mecânico no Veículo,Saída de leito carroçável,Com Vítimas Feridas,Pleno dia,Decrescente,Sol,Dupla,Reta,Não,1,0,1,0,0,0,1,1,-26.88062205,-52.35809326,SPRF-SC,DEL07-SC,UOP01-DEL07-SC,2019
188360.0,2019-01-30,quarta-feira,19:10:00,SC,282,16.8,PALHOCA,Não guardar distância de segurança,Colisão traseira,Com Vítimas Feridas,Pleno dia,Decrescente,Céu Claro,Simples,Reta,Sim,2,0,1,0,1,0,1,2,-27.658611,-48.681847,SPRF-SC,DEL01-SC,UOP02-DEL01-SC,2019
188534.0,2019-01-31,quinta-feira,20:00:00,SC,282,3.0,FLORIANOPOLIS,Defeito Mecânico no Veículo,Tombamento,Com Vítimas Feridas,Plena Noite,Crescente,Céu Claro,Dupla,Reta,Não,2,0,1,1,0,0,2,1,-27.600384,-48.599705,SPRF-SC,DEL01-SC,UOP01-DEL01-SC,2019
188546.0,2019-01-31,quinta-feira,16:00:00,SC,282,37.4,AGUAS MORNAS,Velocidade Incompatível,Saída de leito carroçável,Com Vítimas Feridas,Pleno dia,Decrescente,Chuva,Simples,Reta,Não,2,0,2,0,0,0,2,1,-27.70492151,-48.83431435,SPRF-SC,DEL01-SC,UOP03-DEL01-SC,2019
188673.0,2019-02-01,sexta-feira,17:55:00,SC,282,221.0,LAGES,Falta de Atenção à Condução,Tombamento,Com Vítimas Feridas,Pleno dia,Crescente,Chuva,Dupla,Aclive,Sim,2,0,2,0,0,0,2,1,-27.796358,-50.343426,SPRF-SC,DEL05-SC,UOP01-DEL05-SC,2019
188769.0,2019-02-02,sábado,03:00:00,SC,282,6.0,SAO JOSE,Falta de Atenção à Condução,Saída de leito carroçável,Sem Vítimas,Plena Noite,Decrescente,Chuva,Dupla,Curva,Não,1,0,0,0,0,1,0,1,-27.591936,-48.618244,SPRF-SC,DEL01-SC,UOP01-DEL01-SC,2019
188795.0,2019-02-01,sexta-feira,23:00:00,SC,480,124.5,CHAPECO,Desobediência às normas de trânsito pelo condutor,Colisão traseira,Com Vítimas Feridas,Plena Noite,Crescente,Chuva,Dupla,Reta,Sim,3,0,1,0,2,0,1,3,-27.01820625,-52.63710737,SPRF-SC,DEL07-SC,UOP01-DEL07-SC,2019
188823.0,2019-02-02,sábado,04:30:00,SC,282,409.0,CATANDUVAS,Velocidade Incompatível,Saída de leito carroçável,Com Vítimas Feridas,Plena Noite,Decrescente,Céu Claro,Simples,Curva,Sim,3,0,2,1,0,0,3,1,-27.065756,-51.664165,SPRF-SC,DEL07-SC,UOP05-DEL07-SC,2019
188825.0,2019-02-02,sábado,04:45:00,SC,282,415.7,CATANDUVAS,Falta de Atenção à Condução,Colisão frontal,Com Vítimas Feridas,Plena Noite,Crescente,Céu Claro,Simples,Curva;Declive,Não,2,0,0,1,1,0,1,2,-27.039997,-51.708958,SPRF-SC,DEL07-SC,UOP05-DEL07-SC,2019
188857.0,2019-02-02,sábado,11:20:00,SC,282,569.0,NOVA ERECHIM,Falta de Atenção à Condução,Colisão traseira,Com Vítimas Feridas,Pleno dia,Crescente,Sol,Simples,Reta,Não,2,0,1,0,1,0,1,2,-26.90393117,-52.90989876,SPRF-SC,DEL07-SC,UOP02-DEL07-SC,2019
188957.0,2019-02-02,sábado,17:15:00,SC,282,534.7,CHAPECO,Falta de Atenção à Condução,Colisão frontal,Com Vítimas Feridas,Pleno dia,Decrescente,Chuva,Simples,Curva,Sim,4,0,4,0,0,0,4,2,-26.99608706,-52.63936043,SPRF-SC,DEL07-SC,UOP01-DEL07-SC,2019
188971.0,2019-02-02,sábado,23:45:00,SC,282,3.5,FLORIANOPOLIS,Falta de Atenção à Condução,Colisão traseira,Com Vítimas Feridas,Plena Noite,Crescente,Nublado,Múltipla,Reta,Sim,4,0,2,0,2,0,2,2,-27.600384,-48.599705,SPRF-SC,DEL01-SC,UOP01-DEL01-SC,2019
189047.0,2019-02-03,domingo,09:50:00,SC,282,222.4,LAGES,Condutor Dormindo,Saída de leito carroçável,Com Vítimas Feridas,Pleno dia,Crescente,Garoa/Chuvisco,Simples,Curva,Não,1,0,1,0,0,0,1,1,-27.797739,-50.353409,SPRF-SC,DEL05-SC,UOP01-DEL05-SC,2019
189050.0,2019-02-03,domingo,10:30:00,SC,282,236.1,LAGES,Falta de Atenção à Condução,Saída de leito carroçável,Com Vítimas Feridas,Pleno dia,Decrescente,Garoa/Chuvisco,Simples,Curva,Não,3,0,2,0,1,0,2,1,-27.787489,-50.482494,SPRF-SC,DEL05-SC,UOP02-DEL05-SC,2019
189169.0,2019-02-03,domingo,15:50:00,SC,282,259.0,SAO JOSE DO CERRITO,Desobediência às normas de trânsito pelo condutor,Colisão transversal,Com Vítimas Feridas,Pleno dia,Crescente,Chuva,Simples,Reta,Não,5,0,3,0,2,0,3,2,-27.653334,-50.59449,SPRF-SC,DEL05-SC,UOP02-DEL05-SC,2019
189172.0,2019-02-03,domingo,19:30:00,SC,282,308.6,VARGEM,Avarias e/ou desgaste excessivo no pneu,Saída de leito carroçável,Com Vítimas Feridas,Anoitecer,Crescente,Garoa/Chuvisco,Simples,Curva,Não,4,0,1,0,3,0,1,1,-27.49292,-50.971973,SPRF-SC,DEL07-SC,UOP06-DEL07-SC,2019
189176.0,2019-02-03,domingo,19:00:00,SC,282,53.5,AGUAS MORNAS,Velocidade Incompatível,Saída de leito carroçável,Com Vítimas Feridas,Anoitecer,Decrescente,Chuva,Simples,Curva,Não,4,0,3,0,1,0,3,1,-27.691511,-48.970215,SPRF-SC,DEL01-SC,UOP03-DEL01-SC,2019
189237.0,2019-02-04,segunda-feira,08:00:00,SC,282,3.5,FLORIANOPOLIS,Não guardar distância de segurança,Colisão traseira,Com Vítimas Feridas,Pleno dia,Decrescente,Céu Claro,Dupla,Reta,Sim,2,0,0,1,1,0,1,2,-27.600384,-48.599705,SPRF-SC,DEL01-SC,UOP01-DEL01-SC,2019
189254.0,2019-02-04,segunda-feira,08:00:00,SC,282,442.0,PONTE SERRADA,Falta de Atenção à Condução,Saída de leito carroçável,Sem Vítimas,Pleno dia,Decrescente,Céu Claro,Simples,Curva,Não,1,0,0,0,1,0,0,1,-26.92168,-51.880993,SPRF-SC,DEL07-SC,UOP04-DEL07-SC,2019
189259.0,2019-02-04,segunda-feira,09:45:00,SC,282,60.0,RANCHO QUEIMADO,Velocidade Incompatível,Saída de leito carroçável,Com Vítimas Feridas,Pleno dia,Decrescente,Nublado,Simples,Curva,Não,3,0,2,1,0,0,3,1,-27.680164,-49.019672,SPRF-SC,DEL01-SC,UOP03-DEL01-SC,2019
189291.0,2019-02-04,segunda-feira,10:20:00,SC,282,436.3,VARGEM BONITA,Desobediência às normas de trânsito pelo condutor,Colisão transversal,Com Vítimas Feridas,Pleno dia,Decrescente,Céu Claro,Simples,Rotatória,Não,3,0,1,0,2,0,1,2,-26.96976153,-51.85429042,SPRF-SC,DEL07-SC,UOP04-DEL07-SC,2019
189295.0,2019-02-04,segunda-feira,13:20:00,SC,282,3.0,FLORIANOPOLIS,Não guardar distância de segurança,Colisão traseira,Com Vítimas Feridas,Pleno dia,Crescente,Nublado,Dupla,Reta,Sim,2,0,1,0,1,0,1,2,-27.600384,-48.599705,SPRF-SC,DEL01-SC,UOP01-DEL01-SC,2019
189332.0,2019-02-04,segunda-feira,15:15:00,SC,282,524.2,XAXIM,Falta de Atenção à Condução,Colisão com objeto estático,Com Vítimas Feridas,Pleno dia,Crescente,Nublado,Simples,Curva,Não,3,0,2,0,1,0,2,3,-26.965002,-52.557384,SPRF-SC,DEL07-SC,UOP01-DEL07-SC,2019
189444.0,2019-02-05,terça-feira,07:30:00,SC,282,501.3,XANXERE,Não guardar distância de segurança,Colisão lateral,Com Vítimas Feridas,Pleno dia,Decrescente,Céu Claro,Dupla,Rotatória,Não,2,0,1,0,1,0,1,2,-26.882715,-52.381729,SPRF-SC,DEL07-SC,UOP01-DEL07-SC,2019
189450.0,2019-02-05,terça-feira,07:00:00,SC,282,575.7,PINHALZINHO,Condutor Dormindo,Colisão lateral,Com Vítimas Feridas,Amanhecer,Crescente,Céu Claro,Simples,Curva,Sim,2,0,1,0,1,0,1,2,-26.87620261,-52.95227766,SPRF-SC,DEL07-SC,UOP02-DEL07-SC,2019
189538.0,2019-02-05,terça-feira,13:00:00,SC,282,466.1,PONTE SERRADA,Condutor Dormindo,Saída de leito carroçável,Sem Vítimas,Pleno dia,Crescente,Céu Claro,Simples,Reta,Não,1,0,0,0,1,0,0,1,-26.854576,-52.086765,SPRF-SC,DEL07-SC,UOP04-DEL07-SC,2019
189805.0,2019-02-07,quinta-feira,06:15:00,SC,282,460.0,PONTE SERRADA,Falta de Atenção à Condução,Colisão transversal,Com Vítimas Feridas,Amanhecer,Crescente,Céu Claro,Simples,Reta,Sim,2,0,2,0,0,0,2,2,-26.856062,-52.03215,SPRF-SC,DEL07-SC,UOP04-DEL07-SC,2019
189820.0,2019-02-07,quinta-feira,07:50:00,SC,282,1.4,SAO JOSE,Falta de Atenção à Condução,Colisão traseira,Sem Vítimas,Pleno dia,Decrescente,Céu Claro,Dupla,Reta,Não,3,0,0,0,3,0,0,2,-27.602955,-48.580509,SPRF-SC,DEL01-SC,UOP01-DEL01-SC,2019
189836.0,2019-02-07,quinta-feira,10:05:00,SC,282,52.0,GUARAMIRIM,Desobediência às normas de trânsito pelo condutor,Colisão transversal,Com Vítimas Feridas,Pleno dia,Decrescente,Sol,Simples,Interseção de Vias,Sim,2,0,0,1,1,0,1,2,-26.47521694,-48.98189485,SPRF-SC,DEL01-SC,UOP03-DEL01-SC,2019
189918.0,2019-02-07,quinta-feira,18:49:00,SC,282,17.1,PALHOCA,Desobediência às normas de trânsito pelo condutor,Colisão lateral,Com Vítimas Feridas,Pleno dia,Crescente,Céu Claro,Simples,Reta,Sim,2,0,1,0,1,0,1,2,-27.665707,-48.688065,SPRF-SC,DEL01-SC,UOP02-DEL01-SC,2019
189944.0,2019-02-07,quinta-feira,19:30:00,SC,282,209.2,LAGES,Não guardar distância de segurança,Colisão traseira,Com Vítimas Feridas,Pleno dia,Decrescente,Céu Claro,Simples,Declive;Reta,Não,2,0,1,0,1,0,1,2,-27.776926,-50.221893,SPRF-SC,DEL05-SC,UOP01-DEL05-SC,2019
190011.0,2019-01-11,sexta-feira,18:20:00,SC,282,20.0,SANTO AMARO DA IMPERATRIZ,Falta de Atenção do Pedestre,Atropelamento de Pedestre,Com Vítimas Feridas,Pleno dia,Crescente,Céu Claro,Simples,Reta,Sim,2,0,1,0,1,0,1,2,-27.683958,-48.71006,SPRF-SC,DEL01-SC,UOP02-DEL01-SC,2019
190037.0,2019-02-08,sexta-feira,08:45:00,SC,480,130.7,CHAPECO,Velocidade Incompatível,Saída de leito carroçável,Com Vítimas Feridas,Pleno dia,Decrescente,Sol,Simples,Reta,Sim,1,0,1,0,0,0,1,1,-27.06233603,-52.63288021,SPRF-SC,DEL07-SC,UOP01-DEL07-SC,2019
190050.0,2019-02-08,sexta-feira,11:50:00,SC,282,1.0,FLORIANOPOLIS,Não guardar distância de segurança,Colisão traseira,Com Vítimas Feridas,Pleno dia,Decrescente,Céu Claro,Dupla,Reta,Sim,2,0,1,0,1,0,1,2,-27.602955,-48.580509,SPRF-SC,DEL01-SC,UOP01-DEL01-SC,2019
190053.0,2019-02-08,sexta-feira,12:45:00,SC,282,207.0,LAGES,Falta de Atenção à Condução,Queda de ocupante de veículo,Com Vítimas Feridas,Pleno dia,Crescente,Céu Claro,Simples,Rotatória,Não,2,0,1,0,1,0,1,1,-27.773464,-50.202095,SPRF-SC,DEL05-SC,UOP01-DEL05-SC,2019
190066.0,2019-02-08,sexta-feira,14:00:00,SC,282,3.7,FLORIANOPOLIS,Defeito Mecânico no Veículo,Incêndio,Sem Vítimas,Pleno dia,Decrescente,Céu Claro,Dupla,Reta,Sim,1,0,0,0,1,0,0,1,-27.600384,-48.599705,SPRF-SC,DEL01-SC,UOP01-DEL01-SC,2019
190118.0,2019-02-08,sexta-feira,17:20:00,SC,282,4.5,FLORIANOPOLIS,Não guardar distância de segurança,Colisão traseira,Com Vítimas Feridas,Pleno dia,Crescente,Céu Claro,Dupla,Reta,Sim,2,0,1,0,1,0,1,2,-27.592646,-48.604034,SPRF-SC,DEL01-SC,UOP01-DEL01-SC,2019
190216.0,2019-02-09,sábado,02:45:00,SC,282,497.0,XANXERE,Ingestão de Álcool,Saída de leito carroçável,Com Vítimas Feridas,Plena Noite,Decrescente,Nublado,Simples,Reta,Não,1,0,1,0,0,0,1,1,-26.880062,-52.344685,SPRF-SC,DEL07-SC,UOP01-DEL07-SC,2019
190243.0,2019-02-09,sábado,06:30:00,SC,282,395.0,JOACABA,Condutor Dormindo,Saída de leito carroçável,Com Vítimas Feridas,Amanhecer,Decrescente,Céu Claro,Simples,Curva,Não,1,0,1,0,0,0,1,1,-27.156887,-51.592079,SPRF-SC,DEL07-SC,UOP05-DEL07-SC,2019
190318.0,2019-02-09,sábado,15:10:00,SC,282,237.3,LAGES,Falta de Atenção à Condução,Saída de leito carroçável,Com Vítimas Feridas,Pleno dia,Decrescente,Céu Claro,Simples,Curva,Não,2,0,2,0,0,0,2,1,-27.785622,-50.491371,SPRF-SC,DEL05-SC,UOP02-DEL05-SC,2019
190396.0,2019-02-09,sábado,19:45:00,SC,282,407.7,CATANDUVAS,Falta de Atenção à Condução,Saída de leito carroçável,Com Vítimas Feridas,Plena Noite,Crescente,Céu Claro,Simples,Curva;Declive,Não,1,0,1,0,0,0,1,1,-27.083517,-51.662014,SPRF-SC,DEL07-SC,UOP05-DEL07-SC,2019
190450.0,2019-02-10,domingo,06:00:00,SC,282,527.6,CORDILHEIRA ALTA,Velocidade Incompatível,Capotamento,Sem Vítimas,Amanhecer,Crescente,Céu Claro,Simples,Curva,Não,1,0,0,0,1,0,0,1,-26.973196,-52.583321,SPRF-SC,DEL07-SC,UOP01-DEL07-SC,2019
190502.0,2019-02-10,domingo,14:00:00,SC,282,5.0,SAO JOSE,Falta de Atenção à Condução,Colisão lateral,Com Vítimas Feridas,Pleno dia,Decrescente,Céu Claro,Dupla,Reta,Sim,3,0,1,1,1,0,2,2,-27.588425,-48.612919,SPRF-SC,DEL01-SC,UOP01-DEL01-SC,2019
190799.0,2019-02-11,segunda-feira,09:50:00,SC,282,219.5,LAGES,Ingestão de álcool e/ou substâncias psicoativas pelo pedestre,Atropelamento de Pedestre,Com Vítimas Feridas,Pleno dia,Crescente,Sol,Simples,Reta,Sim,2,0,0,1,1,0,1,2,-27.795521,-50.323608,SPRF-SC,DEL05-SC,UOP01-DEL05-SC,2019
190815.0,2019-02-11,segunda-feira,19:30:00,SC,282,397.1,JOACABA,Velocidade Incompatível,Saída de leito carroçável,Com Vítimas Feridas,Plena Noite,Crescente,Chuva,Simples,Curva,Não,1,0,0,1,0,0,1,1,-27.149353,-51.607876,SPRF-SC,DEL07-SC,UOP05-DEL07-SC,2019
190887.0,2019-01-04,sexta-feira,17:20:00,SC,282,35.0,AGUAS MORNAS,Velocidade Incompatível,Saída de leito carroçável,Com Vítimas Feridas,Pleno dia,Decrescente,Nublado,Simples,Curva,Não,3,0,1,0,2,0,1,1,-27.702084,-48.826664,SPRF-SC,DEL01-SC,UOP03-DEL01-SC,2019
191119.0,2019-02-13,quarta-feira,17:50:00,SC,282,3.0,FLORIANOPOLIS,Não guardar distância de segurança,Colisão lateral,Com Vítimas Feridas,Pleno dia,Decrescente,Céu Claro,Dupla,Reta,Sim,3,0,1,1,1,0,2,2,-27.600384,-48.599705,SPRF-SC,DEL01-SC,UOP01-DEL01-SC,2019
191185.0,2019-02-14,quinta-feira,05:15:00,SC,282,23.0,PALHOCA,Falta de Atenção à Condução,Colisão traseira,Com Vítimas Feridas,Plena Noite,Crescente,Céu Claro,Simples,Reta,Sim,3,0,1,0,2,0,1,2,-27.687958,-48.736794,SPRF-SC,DEL01-SC,UOP02-DEL01-SC,2019
191205.0,2019-02-14,quinta-feira,08:12:00,SC,282,5.7,SAO JOSE,Falta de Atenção à Condução,Colisão traseira,Com Vítimas Feridas,Pleno dia,Crescente,Céu Claro,Dupla,Reta,Sim,2,0,0,1,1,0,1,2,-27.588425,-48.612919,SPRF-SC,DEL01-SC,UOP01-DEL01-SC,2019
191224.0,2019-02-14,quinta-feira,03:50:00,SC,282,153.9,BOM RETIRO,Condutor Dormindo,Colisão frontal,Com Vítimas Fatais,Plena Noite,Decrescente,Garoa/Chuvisco,Simples,Reta,Não,6,1,0,2,1,2,2,3,-27.755888,-49.687778,SPRF-SC,DEL05-SC,UOP01-DEL05-SC,2019
191232.0,2019-02-14,quinta-feira,11:45:00,SC,282,3.5,FLORIANOPOLIS,Falta de Atenção à Condução,Colisão traseira,Com Vítimas Feridas,Pleno dia,Crescente,Nublado,Múltipla,Em Obras,Sim,2,0,1,0,1,0,1,2,-27.600384,-48.599705,SPRF-SC,DEL01-SC,UOP01-DEL01-SC,2019
191341.0,2019-02-02,sábado,10:20:00,SC,282,5.0,SAO JOSE,Falta de Atenção à Condução,Engavetamento,Com Vítimas Feridas,Pleno dia,Decrescente,Ignorado,Dupla,Reta,Sim,4,0,1,0,1,2,1,3,-27.588425,-48.612919,SPRF-SC,DEL01-SC,UOP01-DEL01-SC,2019
191490.0,2019-02-15,sexta-feira,17:50:00,SC,282,17.1,PALHOCA,Desobediência às normas de trânsito pelo condutor,Colisão transversal,Com Vítimas Feridas,Pleno dia,Decrescente,Céu Claro,Simples,Reta,Sim,2,0,1,0,1,0,1,2,-27.665707,-48.688065,SPRF-SC,DEL01-SC,UOP02-DEL01-SC,2019
191524.0,2019-02-15,sexta-feira,15:15:00,SC,282,500.9,XANXERE,Velocidade Incompatível,Capotamento,Com Vítimas Feridas,Pleno dia,Decrescente,Chuva,Múltipla,Reta,Não,2,0,2,0,0,0,2,1,-26.881372,-52.37252,SPRF-SC,DEL07-SC,UOP01-DEL07-SC,2019
191551.0,2019-02-15,sexta-feira,17:15:00,SC,282,92.0,ALFREDO WAGNER,Velocidade Incompatível,Colisão frontal,Sem Vítimas,Pleno dia,Crescente,Nublado,Simples,Curva,Não,2,0,0,0,2,0,0,2,-27.697363,-49.23542,SPRF-SC,DEL01-SC,UOP03-DEL01-SC,2019
191559.0,2019-02-15,sexta-feira,20:55:00,SC,480,130.5,CHAPECO,Velocidade Incompatível,Capotamento,Com Vítimas Feridas,Plena Noite,Crescente,Chuva,Múltipla,Reta,Não,1,0,1,0,0,0,1,1,-27.05929299,-52.6362437,SPRF-SC,DEL07-SC,UOP01-DEL07-SC,2019
191592.0,2019-02-15,sexta-feira,14:40:00,SC,282,87.0,ALFREDO WAGNER,Ultrapassagem Indevida,Saída de leito carroçável,Sem Vítimas,Pleno dia,Decrescente,Chuva,Simples,Curva,Não,1,0,0,0,1,0,0,1,-27.664766,-49.20578,SPRF-SC,DEL01-SC,UOP03-DEL01-SC,2019
191711.0,2019-02-16,sábado,15:20:00,SC,282,171.9,BOCAINA DO SUL,Condutor Dormindo,Tombamento,Com Vítimas Feridas,Pleno dia,Decrescente,Nublado,Simples,Aclive,Não,1,0,1,0,0,0,1,1,-27.744198,-49.85305,SPRF-SC,DEL05-SC,UOP01-DEL05-SC,2019
191869.0,2019-02-17,domingo,04:00:00,SC,282,2.6,FLORIANOPOLIS,Ingestão de Álcool,Saída de leito carroçável,Com Vítimas Feridas,Plena Noite,Decrescente,Chuva,Dupla,Reta,Não,2,0,1,0,1,0,1,1,-27.603289,-48.590416,SPRF-SC,DEL01-SC,UOP01-DEL01-SC,2019
191924.0,2019-02-01,sexta-feira,20:20:00,SC,282,3.2,FLORIANOPOLIS,Fenômenos da Natureza,Tombamento,Com Vítimas Feridas,Plena Noite,Crescente,Vento,Múltipla,Reta,Sim,1,0,1,0,0,0,1,1,-27.600384,-48.599705,SPRF-SC,DEL01-SC,UOP01-DEL01-SC,2019
191927.0,2019-02-17,domingo,11:15:00,SC,282,204.0,LAGES,Falta de Atenção à Condução,Colisão traseira,Sem Vítimas,Pleno dia,Crescente,Chuva,Simples,Aclive,Não,3,0,0,0,3,0,0,3,-27.768663,-50.172195,SPRF-SC,DEL05-SC,UOP01-DEL05-SC,2019
192016.0,2019-02-17,domingo,14:30:00,SC,282,47.8,AGUAS MORNAS,Pista Escorregadia,Saída de leito carroçável,Com Vítimas Feridas,Pleno dia,Decrescente,Chuva,Simples,Curva;Declive,Não,2,0,1,0,1,0,1,1,-27.721771,-48.934837,SPRF-SC,DEL01-SC,UOP03-DEL01-SC,2019
192020.0,2019-02-17,domingo,17:00:00,SC,282,234.0,LAGES,Não guardar distância de segurança,Colisão transversal,Com Vítimas Feridas,Pleno dia,Decrescente,Garoa/Chuvisco,Simples,Reta,Não,3,0,1,0,2,0,1,2,-27.783495,-50.463604,SPRF-SC,DEL05-SC,UOP02-DEL05-SC,2019
192039.0,2019-02-17,domingo,20:55:00,SC,282,389.0,JOACABA,Ingestão de Álcool,Saída de leito carroçável,Com Vítimas Feridas,Plena Noite,Crescente,Nublado,Simples,Curva,Não,2,0,2,0,0,0,2,1,-27.17944695,-51.53373241,SPRF-SC,DEL07-SC,UOP05-DEL07-SC,2019
192071.0,2019-02-18,segunda-feira,04:00:00,SC,282,504.0,XANXERE,Ingestão de Álcool,Colisão traseira,Sem Vítimas,Plena Noite,Crescente,Céu Claro,Dupla,Aclive,Sim,2,0,0,0,1,1,0,2,-26.885443,-52.41375,SPRF-SC,DEL07-SC,UOP01-DEL07-SC,2019
192083.0,2019-02-17,domingo,13:55:00,SC,282,55.2,AGUAS MORNAS,Velocidade Incompatível,Saída de leito carroçável,Com Vítimas Feridas,Pleno dia,Decrescente,Chuva,Simples,Curva,Não,4,0,3,1,0,0,4,1,-27.689514,-48.982376,SPRF-SC,DEL01-SC,UOP03-DEL01-SC,2019
192138.0,2019-02-18,segunda-feira,11:00:00,SC,282,3.5,FLORIANOPOLIS,Falta de Atenção à Condução,Colisão traseira,Com Vítimas Feridas,Pleno dia,Decrescente,Céu Claro,Dupla,Reta,Sim,2,0,1,0,1,0,1,2,-27.600384,-48.599705,SPRF-SC,DEL01-SC,UOP01-DEL01-SC,2019