id,data_inversa,dia_semana,horario,uf,br,km,municipio,causa_acidente,tipo_acidente,classificacao_acidente,fase_dia,sentido_via,condicao_metereologica,tipo_pista,tracado_via,uso_solo,pessoas,mortos,feridos_leves,feridos_graves,ilesos,ignorados,feridos,veiculos,latitude,longitude,regional,delegacia,uop,ano_arquivo
192175.0,2019-02-18,segunda-feira,15:00:00,SC,282,0.3,FLORIANOPOLIS,Falta de Atenção à Condução,Colisão traseira,Com Vítimas Feridas,Pleno dia,Decrescente,Nublado,Dupla,Reta,Sim,4,0,3,0,1,0,3,2,-27.59925312,-48.57486963,SPRF-SC,DEL01-SC,UOP01-DEL01-SC,2019
192210.0,2019-02-18,segunda-feira,17:20:00,SC,282,526.9,XAXIM,Velocidade Incompatível,Tombamento,Com Vítimas Feridas,Pleno dia,Decrescente,Chuva,Simples,Curva,Não,1,0,0,1,0,0,1,1,-26.969427,-52.57497,SPRF-SC,DEL07-SC,UOP01-DEL07-SC,2019
192219.0,2019-02-18,segunda-feira,14:40:00,SC,282,378.6,HERVAL DOESTE,Carga excessiva e/ou mal acondicionada,Colisão lateral,Com Vítimas Feridas,Pleno dia,Decrescente,Nublado,Simples,Curva,Não,3,0,2,0,1,0,2,3,-27.214546,-51.47958,SPRF-SC,DEL07-SC,UOP05-DEL07-SC,2019
192242.0,2019-02-16,sábado,12:00:00,SC,282,307.3,VARGEM,Condutor Dormindo,Saída de leito carroçável,Com Vítimas Fatais,Pleno dia,Crescente,Céu Claro,Simples,Curva;Declive,Não,2,1,0,0,0,1,0,2,-27.495266,-50.962605,SPRF-SC,DEL07-SC,UOP06-DEL07-SC,2019
192314.0,2019-02-19,terça-feira,10:30:00,SC,282,3.0,FLORIANOPOLIS,Não guardar distância de segurança,Colisão lateral,Com Vítimas Feridas,Pleno dia,Decrescente,Céu Claro,Dupla,Reta,Sim,2,0,1,0,1,0,1,2,-27.600384,-48.599705,SPRF-SC,DEL01-SC,UOP01-DEL01-SC,2019
192516.0,2019-02-20,quarta-feira,12:20:00,SC,282,523.9,XAXIM,Velocidade Incompatível,Saída de leito carroçável,Com Vítimas Feridas,Pleno dia,Decrescente,Sol,Simples,Curva,Sim,1,0,1,0,0,0,1,1,-26.963129,-52.548851,SPRF-SC,DEL07-SC,UOP01-DEL07-SC,2019
192565.0,2019-02-20,quarta-feira,17:00:00,SC,480,129.5,CHAPECO,Falta de Atenção à Condução,Tombamento,Com Vítimas Feridas,Pleno dia,Crescente,Nublado,Simples,Reta;Aclive,Sim,1,0,1,0,0,0,1,1,-27.05100422,-52.63566971,SPRF-SC,DEL07-SC,UOP01-DEL07-SC,2019
192619.0,2019-02-21,quinta-feira,04:15:00,SC,282,507.1,XANXERE,Ingestão de álcool e/ou substâncias psicoativas pelo pedestre,Capotamento,Sem Vítimas,Plena Noite,Decrescente,Céu Claro,Simples,Reta,Sim,1,0,0,0,1,0,0,1,-26.88591391,-52.43662834,SPRF-SC,DEL07-SC,UOP01-DEL07-SC,2019
192684.0,2019-01-28,segunda-feira,08:32:00,SC,282,505.3,XANXERE,Falta de Atenção à Condução,Colisão transversal,Com Vítimas Feridas,Pleno dia,Decrescente,Ignorado,Dupla,Interseção de Vias,Sim,2,0,1,0,1,0,1,2,-26.88566601,-52.41845738,SPRF-SC,DEL07-SC,UOP01-DEL07-SC,2019
193053.0,2019-02-23,sábado,09:10:00,SC,282,606.0,MARAVILHA,Falta de Atenção à Condução,Colisão transversal,Com Vítimas Feridas,Pleno dia,Decrescente,Céu Claro,Simples,Interseção de Vias,Não,3,0,2,0,1,0,2,2,-26.77450823,-53.20328414,SPRF-SC,DEL07-SC,UOP02-DEL07-SC,2019
193054.0,2019-02-23,sábado,08:20:00,SC,282,326.0,CAMPOS NOVOS,Desobediência às normas de trânsito pelo condutor,Colisão frontal,Com Vítimas Feridas,Pleno dia,Crescente,Céu Claro,Simples,Declive;Reta,Não,4,0,2,1,1,0,3,2,-27.374018,-51.068764,SPRF-SC,DEL07-SC,UOP06-DEL07-SC,2019
193090.0,2019-02-23,sábado,10:20:00,SC,282,493.3,FAXINAL DOS GUEDES,Ingestão de álcool e/ou substâncias psicoativas pelo pedestre,Colisão traseira,Sem Vítimas,Pleno dia,Decrescente,Céu Claro,Simples,Aclive,Não,2,0,0,0,2,0,0,2,-26.869814,-52.310135,SPRF-SC,DEL07-SC,UOP01-DEL07-SC,2019
193228.0,2019-02-24,domingo,03:50:00,SC,282,599.0,CUNHA PORA,Velocidade Incompatível,Saída de leito carroçável,Com Vítimas Fatais,Plena Noite,Decrescente,Céu Claro,Simples,Curva,Não,1,1,0,0,0,0,0,1,-26.820206,-53.155052,SPRF-SC,DEL07-SC,UOP02-DEL07-SC,2019
193295.0,2019-02-24,domingo,12:30:00,SC,282,72.9,RANCHO QUEIMADO,Falta de Atenção à Condução,Colisão lateral,Com Vítimas Feridas,Pleno dia,Decrescente,Sol,Simples,Curva,Não,4,0,0,1,1,2,1,3,-27.683439,-49.105259,SPRF-SC,DEL01-SC,UOP03-DEL01-SC,2019
193374.0,2019-02-24,domingo,17:40:00,SC,282,409.0,CATANDUVAS,Falta de Atenção à Condução,Colisão lateral,Com Vítimas Feridas,Pleno dia,Decrescente,Céu Claro,Simples,Curva,Sim,3,0,1,0,2,0,1,2,-27.065756,-51.664165,SPRF-SC,DEL07-SC,UOP05-DEL07-SC,2019
193442.0,2019-02-24,domingo,23:05:00,SC,282,652.5,SAO MIGUEL DO OESTE,Desobediência às normas de trânsito pelo condutor,Colisão frontal,Com Vítimas Fatais,Plena Noite,Crescente,Céu Claro,Simples,Curva,Não,4,1,0,0,3,0,0,2,-26.70715377,-53.51609764,SPRF-SC,DEL07-SC,UOP03-DEL07-SC,2019
193468.0,2019-02-25,segunda-feira,06:20:00,SC,282,4.0,SAO JOSE,Desobediência às normas de trânsito pelo condutor,Colisão lateral,Com Vítimas Feridas,Amanhecer,Decrescente,Céu Claro,Dupla,Reta,Não,2,0,1,0,1,0,1,2,-27.592646,-48.604034,SPRF-SC,DEL01-SC,UOP01-DEL01-SC,2019
193470.0,2019-02-25,segunda-feira,06:30:00,SC,282,300.7,VARGEM,Velocidade Incompatível,Saída de leito carroçável,Sem Vítimas,Pleno dia,Decrescente,Garoa/Chuvisco,Simples,Curva,Não,3,0,0,0,3,0,0,1,-27.515957,-50.917877,SPRF-SC,DEL07-SC,UOP06-DEL07-SC,2019
193521.0,2019-02-25,segunda-feira,11:50:00,SC,282,2.0,FLORIANOPOLIS,Não guardar distância de segurança,Queda de ocupante de veículo,Com Vítimas Feridas,Pleno dia,Decrescente,Garoa/Chuvisco,Dupla,Curva,Sim,2,0,1,0,1,0,1,2,-27.603289,-48.590416,SPRF-SC,DEL01-SC,UOP01-DEL01-SC,2019
193556.0,2019-02-25,segunda-feira,12:40:00,SC,282,305.0,VARGEM,Velocidade Incompatível,Saída de leito carroçável,Com Vítimas Feridas,Pleno dia,Crescente,Chuva,Simples,Curva,Não,2,0,2,0,0,0,2,1,-27.500679,-50.949047,SPRF-SC,DEL07-SC,UOP06-DEL07-SC,2019
193561.0,2019-02-25,segunda-feira,11:10:00,SC,282,286.8,SAO JOSE DO CERRITO,Velocidade Incompatível,Saída de leito carroçável,Com Vítimas Feridas,Pleno dia,Decrescente,Chuva,Simples,Curva,Não,2,0,1,1,0,0,2,1,-27.57067786,-50.80962181,SPRF-SC,DEL05-SC,UOP02-DEL05-SC,2019
193663.0,2019-02-26,terça-feira,01:30:00,SC,282,477.0,VARGEAO,Falta de Atenção à Condução,Capotamento,Com Vítimas Feridas,Plena Noite,Crescente,Nublado,Simples,Curva,Não,4,0,3,0,1,0,3,1,-26.882938,-52.178337,SPRF-SC,DEL07-SC,UOP01-DEL07-SC,2019
194098.0,2019-02-28,quinta-feira,13:15:00,SC,282,2.9,FLORIANOPOLIS,Falta de Atenção à Condução,Colisão lateral,Com Vítimas Feridas,Pleno dia,Decrescente,Céu Claro,Dupla,Reta,Não,2,0,1,0,1,0,1,2,-27.603289,-48.590416,SPRF-SC,DEL01-SC,UOP01-DEL01-SC,2019
194119.0,2019-02-28,quinta-feira,15:15:00,SC,282,1.9,FLORIANOPOLIS,Falta de Atenção à Condução,Colisão traseira,Com Vítimas Feridas,Pleno dia,Crescente,Céu Claro,Dupla,Reta,Sim,3,0,2,0,1,0,2,2,-27.602955,-48.580509,SPRF-SC,DEL01-SC,UOP01-DEL01-SC,2019
194243.0,2019-03-01,sexta-feira,06:40:00,SC,282,1.0,FLORIANOPOLIS,Não guardar distância de segurança,Colisão traseira,Com Vítimas Feridas,Pleno dia,Decrescente,Céu Claro,Dupla,Declive,Não,3,0,2,0,1,0,2,2,-27.602955,-48.580509,SPRF-SC,DEL01-SC,UOP01-DEL01-SC,2019
194341.0,2019-03-01,sexta-feira,11:00:00,SC,282,409.9,CATANDUVAS,Falta de Atenção à Condução,Colisão transversal,Com Vítimas Feridas,Pleno dia,Crescente,Sol,Simples,Rotatória,Sim,6,0,4,0,2,0,4,2,-27.065756,-51.664165,SPRF-SC,DEL07-SC,UOP05-DEL07-SC,2019
194395.0,2019-03-01,sexta-feira,13:30:00,SC,282,163.6,BOM RETIRO,Velocidade Incompatível,Saída de leito carroçável,Com Vítimas Feridas,Pleno dia,Decrescente,Céu Claro,Simples,Reta,Não,1,0,0,1,0,0,1,1,-27.729801,-49.783264,SPRF-SC,DEL05-SC,UOP01-DEL05-SC,2019
194515.0,2019-03-02,sábado,04:20:00,SC,282,16.8,PALHOCA,Ingestão de Álcool,Colisão traseira,Com Vítimas Feridas,Plena Noite,Crescente,Nublado,Simples,Reta,Não,3,0,2,1,0,0,3,2,-27.665707,-48.688065,SPRF-SC,DEL01-SC,UOP02-DEL01-SC,2019
194531.0,2019-03-02,sábado,04:30:00,SC,282,384.3,JOACABA,Ingestão de Álcool,Colisão com objeto estático,Com Vítimas Feridas,Plena Noite,Decrescente,Céu Claro,Simples,Rotatória,Não,1,0,1,0,0,0,1,1,-27.20299,-51.515095,SPRF-SC,DEL07-SC,UOP05-DEL07-SC,2019
194551.0,2019-03-02,sábado,09:15:00,SC,282,15.6,PALHOCA,Falta de Atenção à Condução,Colisão traseira,Sem Vítimas,Pleno dia,Crescente,Sol,Simples,Reta,Sim,2,0,0,0,2,0,0,2,-27.651848,-48.676048,SPRF-SC,DEL01-SC,UOP02-DEL01-SC,2019
194654.0,2019-03-02,sábado,17:40:00,SC,282,213.6,LAGES,Falta de Atenção à Condução,Colisão transversal,Com Vítimas Feridas,Pleno dia,Crescente,Céu Claro,Simples,Reta,Sim,2,0,0,1,1,0,1,2,-27.785299,-50.261921,SPRF-SC,DEL05-SC,UOP01-DEL05-SC,2019
194909.0,2019-03-03,domingo,17:45:00,SC,282,501.9,XANXERE,Ingestão de Álcool,Saída de leito carroçável,Sem Vítimas,Pleno dia,Decrescente,Céu Claro,Simples,Reta,Sim,1,0,0,0,1,0,0,1,-26.882715,-52.381729,SPRF-SC,DEL07-SC,UOP01-DEL07-SC,2019
194980.0,2019-03-03,domingo,23:15:00,SC,282,496.7,XANXERE,Animais na Pista,Atropelamento de Animal,Com Vítimas Fatais,Plena Noite,Crescente,Céu Claro,Simples,Declive,Não,2,1,0,1,0,0,1,1,-26.878679,-52.335735,SPRF-SC,DEL07-SC,UOP01-DEL07-SC,2019
195241.0,2019-03-05,terça-feira,03:30:00,SC,282,180.6,BOCAINA DO SUL,Velocidade Incompatível,Capotamento,Com Vítimas Feridas,Plena Noite,Decrescente,Nublado,Simples,Rotatória,Sim,1,0,1,0,0,0,1,1,-27.742239,-49.939873,SPRF-SC,DEL05-SC,UOP01-DEL05-SC,2019
195317.0,2019-03-05,terça-feira,17:40:00,SC,282,462.1,PONTE SERRADA,Falta de Atenção à Condução,Colisão transversal,Com Vítimas Feridas,Pleno dia,Crescente,Garoa/Chuvisco,Simples,Reta,Sim,2,0,1,0,1,0,1,2,-26.857594,-52.050583,SPRF-SC,DEL07-SC,UOP04-DEL07-SC,2019
195323.0,2019-03-06,quarta-feira,00:10:00,SC,282,6.0,SAO JOSE,Condutor Dormindo,Colisão com objeto estático,Com Vítimas Feridas,Plena Noite,Crescente,Céu Claro,Dupla,Curva,Sim,1,0,1,0,0,0,1,1,-27.591936,-48.618244,SPRF-SC,DEL01-SC,UOP01-DEL01-SC,2019
195434.0,2019-03-06,quarta-feira,15:15:00,SC,282,48.8,AGUAS MORNAS,Falta de Atenção à Condução,Colisão frontal,Com Vítimas Feridas,Pleno dia,Crescente,Chuva,Simples,Curva,Não,2,0,0,1,1,0,1,2,-27.714352,-48.938072,SPRF-SC,DEL01-SC,UOP03-DEL01-SC,2019
195486.0,2019-03-06,quarta-feira,19:00:00,SC,282,2.0,FLORIANOPOLIS,Falta de Atenção à Condução,Colisão traseira,Com Vítimas Feridas,Plena Noite,Crescente,Nublado,Dupla,Reta,Sim,4,0,1,1,2,0,2,3,-27.603289,-48.590416,SPRF-SC,DEL01-SC,UOP01-DEL01-SC,2019
195664.0,2019-03-07,quinta-feira,22:45:00,SC,282,495.1,XANXERE,Avarias e/ou desgaste excessivo no pneu,Saída de leito carroçável,Sem Vítimas,Plena Noite,Crescente,Nublado,Simples,Curva,Não,1,0,0,0,1,0,0,1,-26.875349,-52.327076,SPRF-SC,DEL07-SC,UOP01-DEL07-SC,2019
195701.0,2019-03-08,sexta-feira,08:55:00,SC,282,232.0,LAGES,Desobediência às normas de trânsito pelo condutor,Colisão frontal,Com Vítimas Feridas,Pleno dia,Crescente,Céu Claro,Simples,Reta,Não,3,0,0,1,2,0,1,2,-27.785076,-50.445385,SPRF-SC,DEL05-SC,UOP02-DEL05-SC,2019
195721.0,2019-03-08,sexta-feira,10:45:00,SC,282,106.7,ALFREDO WAGNER,Defeito na Via,Saída de leito carroçável,Com Vítimas Feridas,Pleno dia,Crescente,Nublado,Simples,Reta,Não,3,0,3,0,0,0,3,1,-27.697609,-49.344734,SPRF-SC,DEL01-SC,UOP03-DEL01-SC,2019
195783.0,2019-03-08,sexta-feira,17:00:00,SC,282,0.4,FLORIANOPOLIS,Falta de Atenção à Condução,Colisão transversal,Com Vítimas Feridas,Pleno dia,Crescente,Céu Claro,Dupla,Reta,Não,4,0,2,0,2,0,2,3,-27.59845,-48.571995,SPRF-SC,DEL01-SC,UOP01-DEL01-SC,2019
195880.0,2019-03-09,sábado,00:15:00,SC,282,148.6,BOM RETIRO,Restrição de Visibilidade,Colisão frontal,Sem Vítimas,Plena Noite,Decrescente,Chuva,Simples,Reta,Não,2,0,0,0,2,0,0,2,-27.781294,-49.648487,SPRF-SC,DEL05-SC,UOP01-DEL05-SC,2019
195938.0,2019-03-09,sábado,12:25:00,SC,282,5.0,SAO JOSE,Falta de Atenção à Condução,Colisão lateral,Sem Vítimas,Pleno dia,Decrescente,Céu Claro,Múltipla,Em Obras,Sim,3,0,0,0,2,1,0,3,-27.588425,-48.612919,SPRF-SC,DEL01-SC,UOP01-DEL01-SC,2019
196110.0,2019-03-10,domingo,08:35:00,SC,282,16.0,PALHOCA,Falta de Atenção à Condução,Queda de ocupante de veículo,Com Vítimas Feridas,Pleno dia,Crescente,Céu Claro,Múltipla,Rotatória,Não,2,0,1,0,1,0,1,2,-27.658611,-48.681847,SPRF-SC,DEL01-SC,UOP02-DEL01-SC,2019
196222.0,2019-03-10,domingo,18:00:00,SC,282,300.9,VARGEM,Velocidade Incompatível,Saída de leito carroçável,Sem Vítimas,Pleno dia,Crescente,Nublado,Simples,Curva,Não,1,0,0,0,0,1,0,1,-27.515957,-50.917877,SPRF-SC,DEL07-SC,UOP06-DEL07-SC,2019
196296.0,2019-03-11,segunda-feira,06:50:00,SC,282,4.7,FLORIANOPOLIS,Não guardar distância de segurança,Colisão traseira,Com Vítimas Feridas,Amanhecer,Decrescente,Nublado,Múltipla,Reta,Sim,2,0,1,0,1,0,1,2,-27.592646,-48.604034,SPRF-SC,DEL01-SC,UOP01-DEL01-SC,2019
196326.0,2019-02-28,quinta-feira,11:50:00,SC,282,4.6,SAO JOSE,Falta de Atenção à Condução,Colisão traseira,Com Vítimas Feridas,Pleno dia,Decrescente,Céu Claro,Dupla,Aclive,Sim,3,0,1,0,2,0,1,3,-27.592646,-48.604034,SPRF-SC,DEL01-SC,UOP01-DEL01-SC,2019
196332.0,2019-03-11,segunda-feira,07:40:00,SC,282,377.0,HERVAL DOESTE,Falta de Atenção à Condução,Colisão traseira,Com Vítimas Feridas,Pleno dia,Crescente,Nublado,Simples,Declive;Curva,Não,3,0,1,0,2,0,1,2,-27.216974,-51.470055,SPRF-SC,DEL07-SC,UOP05-DEL07-SC,2019
196335.0,2019-03-11,segunda-feira,08:45:00,SC,282,516.0,XAXIM,Velocidade Incompatível,Tombamento,Com Vítimas Feridas,Pleno dia,Decrescente,Nublado,Simples,Curva,Não,1,0,1,0,0,0,1,1,-26.930862,-52.499157,SPRF-SC,DEL07-SC,UOP01-DEL07-SC,2019
196391.0,2019-03-11,segunda-feira,17:15:00,SC,282,392.5,JOACABA,Falta de Atenção à Condução,Colisão traseira,Com Vítimas Feridas,Pleno dia,Crescente,Chuva,Simples,Reta,Não,3,0,1,0,2,0,1,2,-27.164942,-51.56567,SPRF-SC,DEL07-SC,UOP05-DEL07-SC,2019
196437.0,2019-03-11,segunda-feira,17:40:00,SC,282,378.9,HERVAL DOESTE,Velocidade Incompatível,Saída de leito carroçável,Com Vítimas Feridas,Pleno dia,Crescente,Chuva,Simples,Curva,Não,1,0,1,0,0,0,1,1,-27.21708277,-51.47000313,SPRF-SC,DEL07-SC,UOP05-DEL07-SC,2019
196454.0,2019-03-11,segunda-feira,18:05:00,SC,282,467.2,PONTE SERRADA,Não guardar distância de segurança,Colisão traseira,Com Vítimas Feridas,Anoitecer,Decrescente,Chuva,Simples,Reta,Não,3,0,1,0,2,0,1,2,-26.854425,-52.096107,SPRF-SC,DEL07-SC,UOP04-DEL07-SC,2019
196520.0,2019-03-09,sábado,04:05:00,SC,282,212.0,PALHOCA,Ultrapassagem Indevida,Colisão com objeto estático,Com Vítimas Feridas,Plena Noite,Crescente,Nublado,Múltipla,Reta,Sim,2,0,1,0,0,1,1,2,-27.63370869,-48.66273344,SPRF-SC,DEL05-SC,UOP01-DEL05-SC,2019
196659.0,2019-03-13,quarta-feira,07:10:00,SC,282,0.0,FLORIANOPOLIS,Não guardar distância de segurança,Colisão traseira,Com Vítimas Feridas,Pleno dia,Crescente,Céu Claro,Múltipla,Reta,Não,3,0,1,0,1,1,1,2,-27.59845,-48.571995,SPRF-SC,DEL01-SC,UOP01-DEL01-SC,2019
196684.0,2019-03-13,quarta-feira,07:20:00,SC,282,40.4,AGUAS MORNAS,Desobediência às normas de trânsito pelo condutor,Colisão lateral,Com Vítimas Feridas,Pleno dia,Decrescente,Céu Claro,Simples,Curva,Sim,3,0,1,0,1,1,1,3,-27.716148,-48.869583,SPRF-SC,DEL01-SC,UOP03-DEL01-SC,2019
196747.0,2019-03-13,quarta-feira,13:59:00,SC,282,331.0,CAMPOS NOVOS,Defeito na Via,Tombamento,Com Vítimas Feridas,Pleno dia,Decrescente,Céu Claro,Simples,Reta,Não,1,0,0,1,0,0,1,1,-27.387941,-51.116081,SPRF-SC,DEL07-SC,UOP06-DEL07-SC,2019
196759.0,2019-03-13,quarta-feira,13:45:00,SC,282,420.6,VARGEM BONITA,Velocidade Incompatível,Colisão com objeto estático,Com Vítimas Feridas,Pleno dia,Crescente,Chuva,Simples,Aclive;Curva,Sim,4,0,3,0,1,0,3,1,-27.00973762,-51.73547745,SPRF-SC,DEL07-SC,UOP05-DEL07-SC,2019
196798.0,2019-03-13,quarta-feira,18:40:00,SC,282,4.5,SAO JOSE,Falta de Atenção à Condução,Colisão lateral,Com Vítimas Feridas,Plena Noite,Crescente,Nublado,Dupla,Reta,Não,2,0,1,0,1,0,1,2,-27.59164645,-48.60597253,SPRF-SC,DEL01-SC,UOP01-DEL01-SC,2019
196828.0,2019-03-13,quarta-feira,17:20:00,SC,282,387.4,JOACABA,Falta de Atenção à Condução,Saída de leito carroçável,Com Vítimas Feridas,Pleno dia,Crescente,Ignorado,Simples,Aclive;Reta,Sim,1,0,0,1,0,0,1,1,-27.178274,-51.524025,SPRF-SC,DEL07-SC,UOP05-DEL07-SC,2019
196833.0,2019-03-13,quarta-feira,21:30:00,SC,282,406.0,CATANDUVAS,Falta de Atenção à Condução,Tombamento,Com Vítimas Feridas,Plena Noite,Crescente,Garoa/Chuvisco,Simples,Rotatória,Não,1,0,1,0,0,0,1,1,-27.092703,-51.659904,SPRF-SC,DEL07-SC,UOP05-DEL07-SC,2019
196894.0,2019-03-14,quinta-feira,09:30:00,SC,282,2.0,FLORIANOPOLIS,Não guardar distância de segurança,Colisão traseira,Com Vítimas Feridas,Pleno dia,Crescente,Sol,Dupla,Reta,Sim,4,0,1,0,3,0,1,3,-27.603289,-48.590416,SPRF-SC,DEL01-SC,UOP01-DEL01-SC,2019
197072.0,2019-03-15,sexta-feira,10:00:00,SC,282,223.1,LAGES,Desobediência às normas de trânsito pelo condutor,Colisão transversal,Com Vítimas Feridas,Pleno dia,Crescente,Céu Claro,Simples,Rotatória,Não,6,0,1,0,5,0,1,2,-27.800127,-50.362751,SPRF-SC,DEL05-SC,UOP02-DEL05-SC,2019
197292.0,2019-03-16,sábado,07:30:00,SC,282,19.0,PALHOCA,Falta de Atenção à Condução,Colisão traseira,Com Vítimas Feridas,Pleno dia,Decrescente,Céu Claro,Simples,Reta,Não,2,0,1,0,1,0,1,2,-27.678635,-48.70192,SPRF-SC,DEL01-SC,UOP02-DEL01-SC,2019
197327.0,2019-03-16,sábado,11:40:00,SC,282,32.7,SANTO AMARO DA IMPERATRIZ,Falta de Atenção à Condução,Colisão transversal,Com Vítimas Feridas,Pleno dia,Decrescente,Sol,Simples,Rotatória,Sim,2,0,2,0,0,0,2,2,-27.70437058,-48.80481005,SPRF-SC,DEL01-SC,UOP03-DEL01-SC,2019
197461.0,2019-03-16,sábado,14:10:00,SC,282,450.1,PONTE SERRADA,Ingestão de Álcool,Saída de leito carroçável,Sem Vítimas,Pleno dia,Decrescente,Céu Claro,Simples,Reta,Não,1,0,0,0,1,0,0,1,-26.919556,-51.954494,SPRF-SC,DEL07-SC,UOP04-DEL07-SC,2019
197488.0,2019-03-17,domingo,00:40:00,SC,282,503.7,XANXERE,Velocidade Incompatível,Colisão com objeto estático,Sem Vítimas,Plena Noite,Decrescente,Céu Claro,Dupla,Declive;Curva,Sim,1,0,0,0,0,1,0,1,-26.88247854,-52.40403414,SPRF-SC,DEL07-SC,UOP01-DEL07-SC,2019
197548.0,2019-03-17,domingo,10:30:00,SC,282,51.2,RANCHO QUEIMADO,Pista Escorregadia,Capotamento,Com Vítimas Feridas,Pleno dia,Crescente,Garoa/Chuvisco,Simples,Declive,Não,2,0,2,0,0,0,2,1,-27.703712,-48.959267,SPRF-SC,DEL01-SC,UOP03-DEL01-SC,2019
197650.0,2019-03-17,domingo,17:25:00,SC,282,300.9,VARGEM,Pista Escorregadia,Saída de leito carroçável,Com Vítimas Feridas,Pleno dia,Decrescente,Chuva,Simples,Curva,Não,2,0,2,0,0,0,2,1,-27.515957,-50.917877,SPRF-SC,DEL07-SC,UOP06-DEL07-SC,2019
197654.0,2019-03-17,domingo,17:25:00,SC,282,307.5,VARGEM,Pista Escorregadia,Saída de leito carroçável,Sem Vítimas,Pleno dia,Decrescente,Chuva,Simples,Curva,Não,1,0,0,0,1,0,0,1,-27.495266,-50.962605,SPRF-SC,DEL07-SC,UOP06-DEL07-SC,2019
197657.0,2019-03-17,domingo,20:00:00,SC,282,476.5,VARGEAO,Falta de Atenção à Condução,Colisão transversal,Com Vítimas Feridas,Plena Noite,Crescente,Nublado,Simples,Interseção de Vias,Não,2,0,1,0,1,0,1,2,-26.882666,-52.169231,SPRF-SC,DEL07-SC,UOP01-DEL07-SC,2019
197702.0,2019-03-18,segunda-feira,03:15:00,SC,282,411.9,CATANDUVAS,Velocidade Incompatível,Colisão com objeto estático,Sem Vítimas,Plena Noite,Decrescente,Chuva,Simples,Curva;Aclive,Não,1,0,0,0,0,1,0,1,-27.060086,-51.6784215,SPRF-SC,DEL07-SC,UOP05-DEL07-SC,2019
197827.0,2019-03-18,segunda-feira,14:00:00,SC,282,499.2,XANXERE,Velocidade Incompatível,Saída de leito carroçável,Sem Vítimas,Pleno dia,Crescente,Chuva,Simples,Rotatória,Não,1,0,0,0,1,0,0,1,-26.880869,-52.363121,SPRF-SC,DEL07-SC,UOP01-DEL07-SC,2019
197863.0,2019-03-18,segunda-feira,16:30:00,SC,282,54.0,RANCHO QUEIMADO,Velocidade Incompatível,Saída de leito carroçável,Com Vítimas Feridas,Pleno dia,Crescente,Nublado,Simples,Curva,Não,2,0,1,0,1,0,1,1,-27.685799,-48.974514,SPRF-SC,DEL01-SC,UOP03-DEL01-SC,2019
197907.0,2019-03-18,segunda-feira,22:30:00,SC,282,166.8,BOCAINA DO SUL,Restrição de Visibilidade,Queda de ocupante de veículo,Com Vítimas Feridas,Plena Noite,Decrescente,Nevoeiro/Neblina,Simples,Reta,Não,1,0,1,0,0,0,1,1,-27.744968,-49.8083,SPRF-SC,DEL05-SC,UOP01-DEL05-SC,2019
198279.0,2019-03-21,quinta-feira,07:50:00,SC,282,21.0,PALHOCA,Não guardar distância de segurança,Colisão traseira,Com Vítimas Feridas,Pleno dia,Crescente,Céu Claro,Simples,Reta,Sim,3,0,1,0,2,0,1,2,-27.683958,-48.71006,SPRF-SC,DEL01-SC,UOP02-DEL01-SC,2019
198352.0,2019-01-20,domingo,21:55:00,SC,282,495.3,XANXERE,Não guardar distância de segurança,Colisão traseira,Com Vítimas Feridas,Plena Noite,Decrescente,Ignorado,Simples,Reta,Não,3,0,1,0,1,1,1,2,-26.875349,-52.327076,SPRF-SC,DEL07-SC,UOP01-DEL07-SC,2019
198381.0,2019-03-21,quinta-feira,17:20:00,SC,282,566.5,NOVA ERECHIM,Animais na Pista,Atropelamento de Animal,Com Vítimas Feridas,Pleno dia,Decrescente,Sol,Simples,Declive;Reta,Não,1,0,1,0,0,0,1,1,-26.905043,-52.89735,SPRF-SC,DEL07-SC,UOP02-DEL07-SC,2019
198549.0,2019-03-22,sexta-feira,11:10:00,SC,282,29.1,SANTO AMARO DA IMPERATRIZ,Falta de Atenção à Condução,Colisão transversal,Com Vítimas Feridas,Pleno dia,Decrescente,Nublado,Simples,Curva,Não,2,0,0,1,1,0,1,2,-27.679737,-48.786785,SPRF-SC,DEL01-SC,UOP03-DEL01-SC,2019
198550.0,2019-03-22,sexta-feira,10:00:00,SC,282,463.0,PONTE SERRADA,Falta de Atenção à Condução,Colisão transversal,Com Vítimas Feridas,Pleno dia,Crescente,Céu Claro,Simples,Reta,Sim,5,0,1,2,2,0,3,3,-26.855036,-52.059551,SPRF-SC,DEL07-SC,UOP04-DEL07-SC,2019
198551.0,2019-03-22,sexta-feira,14:30:00,SC,282,257.9,SAO JOSE DO CERRITO,Desobediência às normas de trânsito pelo condutor,Colisão lateral,Sem Vítimas,Pleno dia,Crescente,Nublado,Simples,Aclive;Curva,Não,2,0,0,0,2,0,0,2,-27.664351,-50.584618,SPRF-SC,DEL05-SC,UOP02-DEL05-SC,2019
198613.0,2019-03-22,sexta-feira,13:50:00,SC,282,391.5,JOACABA,Falta de Atenção à Condução,Saída de leito carroçável,Com Vítimas Feridas,Pleno dia,Decrescente,Chuva,Simples,Aclive;Curva,Não,1,0,1,0,0,0,1,1,-27.170649,-51.559193,SPRF-SC,DEL07-SC,UOP05-DEL07-SC,2019
198616.0,2019-03-22,sexta-feira,18:30:00,SC,282,578.9,PINHALZINHO,Desobediência às normas de trânsito pelo condutor,Colisão frontal,Com Vítimas Feridas,Anoitecer,Crescente,Céu Claro,Simples,Interseção de Vias,Não,2,0,1,0,1,0,1,2,-26.838364,-52.985279,SPRF-SC,DEL07-SC,UOP02-DEL07-SC,2019