id,data_inversa,dia_semana,horario,uf,br,km,municipio,causa_acidente,tipo_acidente,classificacao_acidente,fase_dia,sentido_via,condicao_metereologica,tipo_pista,tracado_via,uso_solo,pessoas,mortos,feridos_leves,feridos_graves,ilesos,ignorados,feridos,veiculos,latitude,longitude,regional,delegacia,uop,ano_arquivo
198629.0,2019-03-22,sexta-feira,20:30:00,SC,282,0.5,FLORIANOPOLIS,Falta de Atenção à Condução,Colisão traseira,Com Vítimas Feridas,Plena Noite,Crescente,Garoa/Chuvisco,Dupla,Declive,Sim,3,0,2,0,1,0,2,2,-27.59845,-48.571995,SPRF-SC,DEL01-SC,UOP01-DEL01-SC,2019
198642.0,2019-03-22,sexta-feira,19:00:00,SC,282,425.0,VARGEM BONITA,Pista Escorregadia,Saída de leito carroçável,Sem Vítimas,Plena Noite,Crescente,Chuva,Simples,Curva,Não,1,0,0,0,1,0,0,1,-26.980412,-51.756256,SPRF-SC,DEL07-SC,UOP05-DEL07-SC,2019
198652.0,2019-03-22,sexta-feira,21:20:00,SC,282,71.9,RANCHO QUEIMADO,Condutor Dormindo,Colisão frontal,Com Vítimas Feridas,Plena Noite,Crescente,Chuva,Simples,Curva,Não,6,0,2,2,2,0,4,3,-27.689093,-49.097748,SPRF-SC,DEL01-SC,UOP03-DEL01-SC,2019
198765.0,2019-03-23,sábado,12:50:00,SC,282,6.0,SAO JOSE,Velocidade Incompatível,Tombamento,Com Vítimas Feridas,Pleno dia,Crescente,Céu Claro,Simples,Curva,Não,2,0,2,0,0,0,2,1,-27.591936,-48.618244,SPRF-SC,DEL01-SC,UOP01-DEL01-SC,2019
198778.0,2019-03-23,sábado,09:50:00,SC,282,6.0,SAO JOSE,Falta de Atenção à Condução,Tombamento,Com Vítimas Feridas,Pleno dia,Crescente,Céu Claro,Múltipla,Curva,Sim,1,0,1,0,0,0,1,1,-27.591936,-48.618244,SPRF-SC,DEL01-SC,UOP01-DEL01-SC,2019
198876.0,2019-03-23,sábado,20:55:00,SC,282,350.0,CAMPOS NOVOS,Ingestão de álcool e/ou substâncias psicoativas pelo pedestre,Colisão lateral,Com Vítimas Feridas,Plena Noite,Decrescente,Céu Claro,Simples,Reta,Não,5,0,1,0,4,0,1,2,-27.358767,-51.29229,SPRF-SC,DEL07-SC,UOP06-DEL07-SC,2019
198883.0,2019-03-23,sábado,22:40:00,SC,282,3.0,FLORIANOPOLIS,Falta de Atenção à Condução,Colisão lateral,Com Vítimas Feridas,Plena Noite,Crescente,Céu Claro,Dupla,Reta;Desvio Temporário;Em Obras,Sim,3,0,0,1,2,0,1,3,-27.600384,-48.599705,SPRF-SC,DEL01-SC,UOP01-DEL01-SC,2019
198918.0,2019-03-24,domingo,03:25:00,SC,282,15.5,PALHOCA,Desobediência às normas de trânsito pelo condutor,Colisão transversal,Com Vítimas Feridas,Plena Noite,Crescente,Nublado,Simples,Reta,Sim,2,0,1,0,1,0,1,2,-27.651848,-48.676048,SPRF-SC,DEL01-SC,UOP02-DEL01-SC,2019
198951.0,2019-03-24,domingo,05:00:00,SC,282,377.0,HERVAL DOESTE,Ingestão de Álcool,Saída de leito carroçável,Com Vítimas Feridas,Amanhecer,Crescente,Céu Claro,Simples,Curva;Declive,Não,2,0,0,1,1,0,1,1,-27.216974,-51.470055,SPRF-SC,DEL07-SC,UOP05-DEL07-SC,2019
199014.0,2019-03-24,domingo,16:20:00,SC,282,2.8,FLORIANOPOLIS,Falta de Atenção à Condução,Colisão lateral,Com Vítimas Feridas,Pleno dia,Decrescente,Céu Claro,Dupla,Reta,Sim,2,0,1,0,1,0,1,2,-27.603289,-48.590416,SPRF-SC,DEL01-SC,UOP01-DEL01-SC,2019
199032.0,2019-03-23,sábado,12:00:00,SC,282,521.1,IRACEMINHA,Mal Súbito,Saída de leito carroçável,Com Vítimas Fatais,Pleno dia,Crescente,Céu Claro,Simples,Curva;Declive;Em Obras,Não,1,1,0,0,0,0,0,1,-26.79975974,-53.33545804,SPRF-SC,DEL07-SC,UOP01-DEL07-SC,2019
199111.0,2019-03-24,domingo,21:45:00,SC,282,507.0,XANXERE,Falta de Atenção à Condução,Colisão lateral,Com Vítimas Feridas,Plena Noite,Crescente,Céu Claro,Dupla,Interseção de Vias,Sim,3,0,0,1,1,1,1,3,-26.886171,-52.43911,SPRF-SC,DEL07-SC,UOP01-DEL07-SC,2019
199112.0,2019-03-24,domingo,21:00:00,SC,282,518.6,XAXIM,Falta de Atenção à Condução,Saída de leito carroçável,Sem Vítimas,Plena Noite,Decrescente,Céu Claro,Simples,Curva,Não,1,0,0,0,1,0,0,1,-26.94540873,-52.51280308,SPRF-SC,DEL07-SC,UOP01-DEL07-SC,2019
199121.0,2019-03-24,domingo,23:45:00,SC,282,345.5,CAMPOS NOVOS,Ingestão de Álcool,Colisão com objeto estático,Com Vítimas Feridas,Plena Noite,Crescente,Céu Claro,Simples,Reta,Não,2,0,0,2,0,0,2,1,-27.374619,-51.247044,SPRF-SC,DEL07-SC,UOP06-DEL07-SC,2019
199134.0,2019-03-25,segunda-feira,06:00:00,SC,282,17.0,PALHOCA,Falta de Atenção à Condução,Colisão traseira,Sem Vítimas,Amanhecer,Decrescente,Céu Claro,Simples,Reta,Não,3,0,0,0,3,0,0,3,-27.665707,-48.688065,SPRF-SC,DEL01-SC,UOP02-DEL01-SC,2019
199137.0,2019-03-25,segunda-feira,06:30:00,SC,282,17.0,PALHOCA,Falta de Atenção à Condução,Colisão traseira,Com Vítimas Feridas,Amanhecer,Decrescente,Céu Claro,Simples,Reta,Não,2,0,1,0,1,0,1,2,-27.665707,-48.688065,SPRF-SC,DEL01-SC,UOP02-DEL01-SC,2019
199140.0,2019-03-25,segunda-feira,03:40:00,SC,282,587.5,SAUDADES,Ingestão de Álcool,Saída de leito carroçável,Sem Vítimas,Plena Noite,Decrescente,Céu Claro,Simples,Curva,Não,1,0,0,0,1,0,0,1,-26.830677,-53.04443,SPRF-SC,DEL07-SC,UOP02-DEL07-SC,2019
199369.0,2019-03-26,terça-feira,09:15:00,SC,282,535.2,CHAPECO,Falta de Atenção à Condução,Colisão transversal,Com Vítimas Feridas,Pleno dia,Decrescente,Sol,Simples,Interseção de Vias,Sim,2,0,1,0,1,0,1,2,-26.998245,-52.643768,SPRF-SC,DEL07-SC,UOP01-DEL07-SC,2019
199406.0,2019-03-26,terça-feira,13:25:00,SC,282,80.7,RANCHO QUEIMADO,Velocidade Incompatível,Saída de leito carroçável,Com Vítimas Feridas,Pleno dia,Crescente,Garoa/Chuvisco,Simples,Curva,Não,3,0,1,2,0,0,3,1,-27.663555,-49.159309,SPRF-SC,DEL01-SC,UOP03-DEL01-SC,2019
199419.0,2019-03-26,terça-feira,13:50:00,SC,282,275.4,SAO JOSE DO CERRITO,Pista Escorregadia,Capotamento,Com Vítimas Feridas,Pleno dia,Decrescente,Chuva,Simples,Curva,Não,1,0,1,0,0,0,1,1,-27.606421,-50.720207,SPRF-SC,DEL05-SC,UOP02-DEL05-SC,2019
199684.0,2019-03-28,quinta-feira,09:15:00,SC,282,486.0,FAXINAL DOS GUEDES,Velocidade Incompatível,Capotamento,Com Vítimas Feridas,Pleno dia,Decrescente,Céu Claro,Simples,Reta,Não,4,0,3,0,1,0,3,2,-26.855415,-52.25423,SPRF-SC,DEL07-SC,UOP01-DEL07-SC,2019
199790.0,2019-03-28,quinta-feira,21:00:00,SC,282,5.5,SAO JOSE,Falta de Atenção à Condução,Colisão com objeto estático,Com Vítimas Feridas,Plena Noite,Crescente,Nublado,Dupla,Curva,Sim,1,0,1,0,0,0,1,1,-27.588425,-48.612919,SPRF-SC,DEL01-SC,UOP01-DEL01-SC,2019
199830.0,2019-03-28,quinta-feira,21:15:00,SC,282,531.8,CORDILHEIRA ALTA,Velocidade Incompatível,Capotamento,Com Vítimas Feridas,Plena Noite,Decrescente,Céu Claro,Simples,Curva,Não,1,0,0,1,0,0,1,1,-26.99698134,-52.61447137,SPRF-SC,DEL07-SC,UOP01-DEL07-SC,2019
199834.0,2019-03-29,sexta-feira,06:40:00,SC,282,69.7,RANCHO QUEIMADO,Velocidade Incompatível,Saída de leito carroçável,Com Vítimas Feridas,Amanhecer,Decrescente,Garoa/Chuvisco,Simples,Curva,Não,1,0,1,0,0,0,1,1,-27.692406,-49.075939,SPRF-SC,DEL01-SC,UOP03-DEL01-SC,2019
199888.0,2019-03-29,sexta-feira,12:10:00,SC,282,3.0,FLORIANOPOLIS,Falta de Atenção à Condução,Engavetamento,Com Vítimas Feridas,Pleno dia,Decrescente,Céu Claro,Dupla,Reta,Sim,3,0,1,0,2,0,1,3,-27.600384,-48.599705,SPRF-SC,DEL01-SC,UOP01-DEL01-SC,2019
199931.0,2019-03-29,sexta-feira,16:10:00,SC,282,223.1,LAGES,Ingestão de Álcool,Colisão transversal,Sem Vítimas,Pleno dia,Decrescente,Céu Claro,Simples,Aclive,Sim,2,0,0,0,2,0,0,2,-27.80009605,-50.3613925,SPRF-SC,DEL05-SC,UOP02-DEL05-SC,2019
200047.0,2019-03-29,sexta-feira,18:20:00,SC,282,46.0,AGUAS MORNAS,Velocidade Incompatível,Capotamento,Com Vítimas Feridas,Plena Noite,Decrescente,Garoa/Chuvisco,Simples,Declive,Não,2,0,1,1,0,0,2,1,-27.721041,-48.925152,SPRF-SC,DEL01-SC,UOP03-DEL01-SC,2019
200052.0,2019-03-29,sexta-feira,11:40:00,SC,282,25.6,SANTO AMARO DA IMPERATRIZ,Mal Súbito,Saída de leito carroçável,Com Vítimas Feridas,Pleno dia,Decrescente,Garoa/Chuvisco,Simples,Reta,Não,1,0,1,0,0,0,1,1,-27.678228,-48.752895,SPRF-SC,DEL01-SC,UOP03-DEL01-SC,2019
200058.0,2019-03-29,sexta-feira,14:05:00,SC,282,80.0,ALFREDO WAGNER,Velocidade Incompatível,Colisão frontal,Com Vítimas Feridas,Pleno dia,Decrescente,Chuva,Simples,Curva,Não,6,0,5,0,1,0,5,3,-27.663555,-49.159309,SPRF-SC,DEL01-SC,UOP03-DEL01-SC,2019
200080.0,2019-03-30,sábado,07:40:00,SC,282,28.6,SANTO AMARO DA IMPERATRIZ,Falta de Atenção à Condução,Colisão transversal,Com Vítimas Feridas,Pleno dia,Decrescente,Céu Claro,Simples,Rotatória,Não,2,0,1,0,1,0,1,2,-27.67478,-48.778904,SPRF-SC,DEL01-SC,UOP03-DEL01-SC,2019
200114.0,2019-03-30,sábado,10:00:00,SC,282,567.1,NOVA ERECHIM,Falta de Atenção à Condução,Colisão com objeto estático,Com Vítimas Feridas,Pleno dia,Crescente,Céu Claro,Simples,Reta,Não,1,0,0,1,0,0,1,1,-26.90431388,-52.89599419,SPRF-SC,DEL07-SC,UOP02-DEL07-SC,2019
200124.0,2019-02-22,sexta-feira,11:10:00,SC,282,1.0,FLORIANOPOLIS,Falta de Atenção à Condução,Colisão traseira,Com Vítimas Feridas,Pleno dia,Decrescente,Ignorado,Dupla,Reta,Sim,2,0,1,0,0,1,1,2,-27.602955,-48.580509,SPRF-SC,DEL01-SC,UOP01-DEL01-SC,2019
200211.0,2019-03-30,sábado,20:02:00,SC,282,506.9,XANXERE,Ingestão de Álcool,Colisão traseira,Sem Vítimas,Plena Noite,Crescente,Céu Claro,Dupla,Interseção de Vias,Sim,3,0,0,0,3,0,0,2,-26.88587325,-52.43537039,SPRF-SC,DEL07-SC,UOP01-DEL07-SC,2019
200288.0,2019-03-31,domingo,04:40:00,SC,282,6.0,SAO JOSE,Falta de Atenção à Condução,Saída de leito carroçável,Sem Vítimas,Amanhecer,Crescente,Céu Claro,Dupla,Reta,Sim,1,0,0,0,0,1,0,1,-27.591936,-48.618244,SPRF-SC,DEL01-SC,UOP01-DEL01-SC,2019
200314.0,2019-03-31,domingo,02:30:00,SC,282,415.0,CATANDUVAS,Falta de Atenção à Condução,Colisão traseira,Com Vítimas Feridas,Plena Noite,Crescente,Nublado,Simples,Curva,Não,4,0,2,0,1,1,2,3,-27.039997,-51.708958,SPRF-SC,DEL07-SC,UOP05-DEL07-SC,2019
200529.0,2019-04-01,segunda-feira,08:00:00,SC,282,2.9,FLORIANOPOLIS,Desobediência às normas de trânsito pelo condutor,Colisão lateral,Com Vítimas Feridas,Pleno dia,Decrescente,Céu Claro,Dupla,Reta,Sim,2,0,1,0,1,0,1,2,-27.601892,-48.59748602,SPRF-SC,DEL01-SC,UOP01-DEL01-SC,2019
200623.0,2019-04-01,segunda-feira,17:40:00,SC,282,85.0,ALFREDO WAGNER,Velocidade Incompatível,Saída de leito carroçável,Com Vítimas Feridas,Anoitecer,Crescente,Chuva,Simples,Curva,Não,1,0,1,0,0,0,1,1,-27.667007,-49.192802,SPRF-SC,DEL01-SC,UOP03-DEL01-SC,2019
200638.0,2019-04-01,segunda-feira,19:15:00,SC,282,22.5,SANTO AMARO DA IMPERATRIZ,Falta de Atenção à Condução,Colisão lateral,Com Vítimas Feridas,Plena Noite,Decrescente,Céu Claro,Simples,Reta,Sim,2,0,1,0,1,0,1,2,-27.688507,-48.72739,SPRF-SC,DEL01-SC,UOP02-DEL01-SC,2019
200710.0,2019-04-02,terça-feira,08:45:00,SC,282,4.3,SAO JOSE,Velocidade Incompatível,Queda de ocupante de veículo,Com Vítimas Feridas,Pleno dia,Decrescente,Céu Claro,Dupla,Reta,Sim,2,0,1,0,0,1,1,2,-27.592646,-48.604034,SPRF-SC,DEL01-SC,UOP01-DEL01-SC,2019
200800.0,2019-04-02,terça-feira,17:35:00,SC,282,220.0,LAGES,Falta de Atenção à Condução,Colisão transversal,Com Vítimas Feridas,Pleno dia,Decrescente,Céu Claro,Simples,Viaduto,Sim,2,0,1,0,1,0,1,2,-27.794014,-50.33363,SPRF-SC,DEL05-SC,UOP01-DEL05-SC,2019
200825.0,2019-04-02,terça-feira,21:45:00,SC,282,16.0,PALHOCA,Falta de Atenção à Condução,Colisão transversal,Com Vítimas Feridas,Plena Noite,Crescente,Céu Claro,Simples,Interseção de Vias,Sim,2,0,0,1,1,0,1,2,-27.658611,-48.681847,SPRF-SC,DEL01-SC,UOP02-DEL01-SC,2019
200829.0,2019-04-02,terça-feira,22:25:00,SC,282,3.0,FLORIANOPOLIS,Falta de Atenção à Condução,Tombamento,Com Vítimas Feridas,Plena Noite,Decrescente,Céu Claro,Dupla,Reta,Sim,1,0,1,0,0,0,1,1,-27.600384,-48.599705,SPRF-SC,DEL01-SC,UOP01-DEL01-SC,2019
200830.0,2019-04-02,terça-feira,22:30:00,SC,282,21.0,PALHOCA,Desobediência às normas de trânsito pelo condutor,Queda de ocupante de veículo,Com Vítimas Feridas,Plena Noite,Crescente,Céu Claro,Simples,Reta,Não,1,0,1,0,0,0,1,1,-27.68907,-48.717541,SPRF-SC,DEL01-SC,UOP02-DEL01-SC,2019
200855.0,2019-04-02,terça-feira,18:15:00,SC,282,572.0,PINHALZINHO,Falta de Atenção à Condução,Colisão lateral,Com Vítimas Feridas,Plena Noite,Decrescente,Céu Claro,Simples,Reta,Não,2,0,1,0,1,0,1,2,-26.879332,-52.949421,SPRF-SC,DEL07-SC,UOP02-DEL07-SC,2019
201003.0,2019-04-03,quarta-feira,20:25:00,SC,282,527.9,CORDILHEIRA ALTA,Velocidade Incompatível,Tombamento,Com Vítimas Feridas,Plena Noite,Decrescente,Nublado,Simples,Curva,Não,1,0,1,0,0,0,1,1,-26.973196,-52.583321,SPRF-SC,DEL07-SC,UOP01-DEL07-SC,2019
201178.0,2019-03-31,domingo,19:00:00,SC,282,3.5,FLORIANOPOLIS,Falta de Atenção à Condução,Colisão lateral,Com Vítimas Feridas,Plena Noite,Decrescente,Ignorado,Múltipla,Reta,Sim,3,0,1,0,1,1,1,3,-27.59772967,-48.60071272,SPRF-SC,DEL01-SC,UOP01-DEL01-SC,2019
201462.0,2019-04-05,sexta-feira,23:00:00,SC,282,72.1,RANCHO QUEIMADO,Velocidade Incompatível,Saída de leito carroçável,Com Vítimas Feridas,Plena Noite,Crescente,Chuva,Simples,Curva,Não,2,0,0,1,1,0,1,1,-27.683439,-49.105259,SPRF-SC,DEL01-SC,UOP03-DEL01-SC,2019
201477.0,2019-04-06,sábado,06:20:00,SC,282,149.2,BOM RETIRO,Condutor Dormindo,Colisão frontal,Com Vítimas Feridas,Amanhecer,Crescente,Garoa/Chuvisco,Simples,Reta,Não,6,0,4,2,0,0,6,2,-27.775295,-49.655903,SPRF-SC,DEL05-SC,UOP01-DEL05-SC,2019
201547.0,2019-04-06,sábado,08:45:00,SC,282,79.8,RANCHO QUEIMADO,Pista Escorregadia,Saída de leito carroçável,Com Vítimas Feridas,Pleno dia,Crescente,Chuva,Simples,Curva,Não,2,0,1,0,1,0,1,1,-27.6707,-49.155758,SPRF-SC,DEL01-SC,UOP03-DEL01-SC,2019
201585.0,2019-04-06,sábado,12:10:00,SC,282,111.0,ALFREDO WAGNER,Velocidade Incompatível,Saída de leito carroçável,Com Vítimas Feridas,Pleno dia,Crescente,Chuva,Simples,Aclive,Não,2,0,1,0,0,1,1,2,-27.733616,-49.367538,SPRF-SC,DEL01-SC,UOP03-DEL01-SC,2019
201601.0,2019-04-06,sábado,15:50:00,SC,282,387.0,JOACABA,Pista Escorregadia,Colisão transversal,Com Vítimas Feridas,Pleno dia,Crescente,Chuva,Simples,Curva,Sim,2,0,1,0,1,0,1,2,-27.178274,-51.524025,SPRF-SC,DEL07-SC,UOP05-DEL07-SC,2019
201628.0,2019-04-06,sábado,18:30:00,SC,282,393.2,JOACABA,Ingestão de Álcool,Saída de leito carroçável,Sem Vítimas,Plena Noite,Decrescente,Chuva,Simples,Curva,Não,1,0,0,0,1,0,0,1,-27.160221,-51.573895,SPRF-SC,DEL07-SC,UOP05-DEL07-SC,2019
201673.0,2019-04-06,sábado,19:25:00,SC,282,234.0,SAO JOSE DO CERRITO,Desobediência às normas de trânsito pelo condutor,Colisão lateral,Com Vítimas Feridas,Plena Noite,Decrescente,Chuva,Simples,Reta,Não,3,0,1,0,2,0,1,3,-27.783495,-50.463604,SPRF-SC,DEL05-SC,UOP02-DEL05-SC,2019
201675.0,2019-04-06,sábado,20:25:00,SC,282,200.0,LAGES,Ingestão de Álcool,Colisão frontal,Com Vítimas Fatais,Plena Noite,Decrescente,Chuva,Simples,Reta,Sim,5,1,4,0,0,0,4,2,-27.77925288,-50.235672,SPRF-SC,DEL05-SC,UOP01-DEL05-SC,2019
201805.0,2019-04-07,domingo,09:40:00,SC,282,522.7,XAXIM,Pista Escorregadia,Colisão transversal,Com Vítimas Feridas,Pleno dia,Crescente,Garoa/Chuvisco,Simples,Aclive,Sim,5,0,2,2,1,0,4,2,-26.956238,-52.542637,SPRF-SC,DEL07-SC,UOP01-DEL07-SC,2019
201819.0,2019-04-07,domingo,15:55:00,SC,282,6.0,SAO JOSE,Pista Escorregadia,Colisão com objeto estático,Com Vítimas Feridas,Pleno dia,Crescente,Chuva,Dupla,Curva,Sim,1,0,1,0,0,0,1,1,-27.58579416,-48.61564457,SPRF-SC,DEL01-SC,UOP01-DEL01-SC,2019
201883.0,2019-04-07,domingo,18:50:00,SC,282,24.1,SANTO AMARO DA IMPERATRIZ,Desobediência às normas de trânsito pelo condutor,Colisão traseira,Sem Vítimas,Plena Noite,Decrescente,Chuva,Simples,Reta,Sim,2,0,0,0,2,0,0,2,-27.68268,-48.744614,SPRF-SC,DEL01-SC,UOP03-DEL01-SC,2019
201889.0,2019-04-07,domingo,14:00:00,SC,282,42.7,AGUAS MORNAS,Desobediência às normas de trânsito pelo condutor,Colisão transversal,Com Vítimas Feridas,Pleno dia,Crescente,Chuva,Simples,Reta,Não,2,0,1,0,1,0,1,2,-27.72077,-48.887478,SPRF-SC,DEL01-SC,UOP03-DEL01-SC,2019
201890.0,2019-04-07,domingo,15:10:00,SC,282,37.4,AGUAS MORNAS,Velocidade Incompatível,Colisão com objeto estático,Com Vítimas Feridas,Pleno dia,Crescente,Chuva,Simples,Curva,Não,5,0,5,0,0,0,5,1,-27.707325,-48.842983,SPRF-SC,DEL01-SC,UOP03-DEL01-SC,2019
201941.0,2019-04-07,domingo,18:30:00,SC,282,36.8,AGUAS MORNAS,Velocidade Incompatível,Saída de leito carroçável,Com Vítimas Feridas,Plena Noite,Decrescente,Chuva,Simples,Reta,Não,1,0,1,0,0,0,1,1,-27.70664909,-48.84096757,SPRF-SC,DEL01-SC,UOP03-DEL01-SC,2019
201949.0,2019-04-07,domingo,20:40:00,SC,282,669.8,PARAISO,Falta de Atenção à Condução,Colisão traseira,Com Vítimas Feridas,Plena Noite,Crescente,Nevoeiro/Neblina,Simples,Curva,Não,2,0,1,0,1,0,1,2,-26.62868522,-53.64449854,SPRF-SC,DEL07-SC,UOP03-DEL07-SC,2019
202052.0,2019-04-04,quinta-feira,22:50:00,SC,282,20.8,PALHOCA,Ingestão de Álcool,Colisão traseira,Com Vítimas Feridas,Plena Noite,Decrescente,Nublado,Simples,Interseção de Vias,Não,5,0,0,2,0,3,2,3,-27.683958,-48.71006,SPRF-SC,DEL01-SC,UOP02-DEL01-SC,2019
202108.0,2019-04-08,segunda-feira,17:20:00,SC,282,17.0,PALHOCA,Falta de Atenção à Condução,Colisão transversal,Com Vítimas Feridas,Anoitecer,Decrescente,Céu Claro,Simples,Reta,Sim,2,0,1,0,1,0,1,2,-27.665707,-48.688065,SPRF-SC,DEL01-SC,UOP02-DEL01-SC,2019
202234.0,2019-04-09,terça-feira,10:20:00,SC,282,220.9,LAGES,Desobediência às normas de trânsito pelo condutor,Colisão transversal,Com Vítimas Feridas,Pleno dia,Decrescente,Sol,Simples,Rotatória,Sim,2,0,2,0,0,0,2,2,-27.794014,-50.33363,SPRF-SC,DEL05-SC,UOP01-DEL05-SC,2019
202314.0,2019-04-09,terça-feira,15:15:00,SC,282,396.0,JOACABA,Falta de Atenção do Pedestre,Atropelamento de Pedestre,Com Vítimas Feridas,Pleno dia,Crescente,Céu Claro,Simples,Reta,Não,2,0,0,1,1,0,1,2,-27.155375,-51.601593,SPRF-SC,DEL07-SC,UOP05-DEL07-SC,2019
202414.0,2019-04-10,quarta-feira,13:30:00,SC,282,3.0,FLORIANOPOLIS,Não guardar distância de segurança,Colisão traseira,Com Vítimas Feridas,Pleno dia,Decrescente,Céu Claro,Dupla,Reta,Sim,2,0,1,0,1,0,1,2,-27.600384,-48.599705,SPRF-SC,DEL01-SC,UOP01-DEL01-SC,2019
202441.0,2019-04-10,quarta-feira,14:10:00,SC,282,451.8,PONTE SERRADA,Velocidade Incompatível,Colisão frontal,Com Vítimas Feridas,Pleno dia,Crescente,Céu Claro,Simples,Curva,Não,2,0,2,0,0,0,2,2,-26.912806,-51.962536,SPRF-SC,DEL07-SC,UOP04-DEL07-SC,2019
202728.0,2019-04-12,sexta-feira,07:30:00,SC,282,2.0,FLORIANOPOLIS,Ingestão de Álcool,Saída de leito carroçável,Sem Vítimas,Pleno dia,Crescente,Céu Claro,Múltipla,Reta,Sim,3,0,0,0,2,1,0,2,-27.603289,-48.590416,SPRF-SC,DEL01-SC,UOP01-DEL01-SC,2019
202894.0,2019-04-12,sexta-feira,18:30:00,SC,282,19.0,PALHOCA,Desobediência às normas de trânsito pelo condutor,Colisão frontal,Com Vítimas Feridas,Anoitecer,Decrescente,Nublado,Simples,Reta,Não,6,0,4,0,0,2,4,4,-27.678635,-48.70192,SPRF-SC,DEL01-SC,UOP02-DEL01-SC,2019
202952.0,2019-04-13,sábado,03:50:00,SC,282,522.1,XAXIM,Ingestão de Álcool,Colisão com objeto estático,Sem Vítimas,Plena Noite,Decrescente,Céu Claro,Simples,Reta,Sim,1,0,0,0,0,1,0,1,-26.956238,-52.542637,SPRF-SC,DEL07-SC,UOP01-DEL07-SC,2019
202997.0,2019-04-13,sábado,11:20:00,SC,282,3.0,FLORIANOPOLIS,Falta de Atenção à Condução,Colisão traseira,Com Vítimas Feridas,Pleno dia,Crescente,Sol,Dupla,Reta,Não,2,0,0,1,1,0,1,2,-27.600384,-48.599705,SPRF-SC,DEL01-SC,UOP01-DEL01-SC,2019
203042.0,2019-04-13,sábado,14:40:00,SC,282,3.7,FLORIANOPOLIS,Não guardar distância de segurança,Colisão traseira,Sem Vítimas,Pleno dia,Decrescente,Céu Claro,Dupla,Reta,Sim,2,0,0,0,2,0,0,2,-27.600384,-48.599705,SPRF-SC,DEL01-SC,UOP01-DEL01-SC,2019
203113.0,2019-04-13,sábado,19:35:00,SC,282,482.5,FAXINAL DOS GUEDES,Não guardar distância de segurança,Colisão traseira,Com Vítimas Feridas,Plena Noite,Decrescente,Céu Claro,Simples,Reta,Não,2,0,1,0,1,0,1,2,-26.863995,-52.218864,SPRF-SC,DEL07-SC,UOP01-DEL07-SC,2019
203135.0,2019-04-13,sábado,18:30:00,SC,282,434.0,VARGEM BONITA,Agressão Externa,Colisão frontal,Com Vítimas Feridas,Plena Noite,Decrescente,Céu Claro,Simples,Reta,Não,6,0,5,0,1,0,5,2,-26.972441,-51.831917,SPRF-SC,DEL07-SC,UOP04-DEL07-SC,2019
203191.0,2019-04-14,domingo,06:00:00,SC,282,611.3,MARAVILHA,Falta de Atenção à Condução,Colisão traseira,Com Vítimas Feridas,Amanhecer,Crescente,Céu Claro,Simples,Aclive,Não,2,0,1,0,1,0,1,2,-26.755428,-53.239933,SPRF-SC,DEL07-SC,UOP02-DEL07-SC,2019
203198.0,2019-04-14,domingo,05:30:00,SC,282,115.0,ALFREDO WAGNER,Ingestão de Álcool,Saída de leito carroçável,Com Vítimas Feridas,Amanhecer,Crescente,Céu Claro,Simples,Reta,Não,1,0,1,0,0,0,1,1,-27.755424,-49.39444,SPRF-SC,DEL01-SC,UOP03-DEL01-SC,2019
203239.0,2019-04-14,domingo,11:30:00,SC,282,1.0,FLORIANOPOLIS,Não guardar distância de segurança,Colisão traseira,Com Vítimas Feridas,Pleno dia,Crescente,Céu Claro,Múltipla,Reta,Sim,3,0,2,0,1,0,2,2,-27.59845,-48.571995,SPRF-SC,DEL01-SC,UOP01-DEL01-SC,2019
203254.0,2019-04-14,domingo,12:00:00,SC,282,121.9,BOM RETIRO,Velocidade Incompatível,Capotamento,Com Vítimas Feridas,Pleno dia,Crescente,Céu Claro,Simples,Reta,Não,1,0,1,0,0,0,1,1,-27.799501,-49.42075,SPRF-SC,DEL05-SC,UOP01-DEL05-SC,2019
203332.0,2019-04-14,domingo,18:48:00,SC,282,34.8,AGUAS MORNAS,Velocidade Incompatível,Colisão frontal,Com Vítimas Feridas,Anoitecer,Decrescente,Garoa/Chuvisco,Simples,Curva,Não,4,0,3,0,1,0,3,2,-27.704247,-48.817547,SPRF-SC,DEL01-SC,UOP03-DEL01-SC,2019
203335.0,2019-04-14,domingo,19:30:00,SC,282,5.8,SAO JOSE,Ingestão de Álcool,Colisão com objeto estático,Sem Vítimas,Plena Noite,Crescente,Céu Claro,Múltipla,Reta,Sim,1,0,0,0,1,0,0,1,-27.588425,-48.612919,SPRF-SC,DEL01-SC,UOP01-DEL01-SC,2019
203361.0,2019-04-14,domingo,20:10:00,SC,282,36.3,AGUAS MORNAS,Não guardar distância de segurança,Colisão traseira,Com Vítimas Feridas,Plena Noite,Crescente,Chuva,Simples,Reta,Não,5,0,3,0,2,0,3,2,-27.70442757,-48.83727551,SPRF-SC,DEL01-SC,UOP03-DEL01-SC,2019
203415.0,2019-04-15,segunda-feira,07:05:00,SC,282,3.0,FLORIANOPOLIS,Falta de Atenção à Condução,Colisão traseira,Com Vítimas Feridas,Pleno dia,Crescente,Sol,Dupla,Reta,Sim,3,0,2,0,1,0,2,2,-27.600384,-48.599705,SPRF-SC,DEL01-SC,UOP01-DEL01-SC,2019
203423.0,2019-03-24,domingo,18:30:00,SC,282,26.8,SANTO AMARO DA IMPERATRIZ,Ultrapassagem Indevida,Colisão transversal,Com Vítimas Feridas,Anoitecer,Decrescente,Céu Claro,Simples,Retorno Regulamentado,Sim,3,0,0,1,1,1,1,3,-27.67564224,-48.76794577,SPRF-SC,DEL01-SC,UOP03-DEL01-SC,2019