id,data_inversa,dia_semana,horario,uf,br,km,municipio,causa_acidente,tipo_acidente,classificacao_acidente,fase_dia,sentido_via,condicao_metereologica,tipo_pista,tracado_via,uso_solo,pessoas,mortos,feridos_leves,feridos_graves,ilesos,ignorados,feridos,veiculos,latitude,longitude,regional,delegacia,uop,ano_arquivo
203559.0,2019-04-15,segunda-feira,18:25:00,SC,282,654.0,SAO MIGUEL DO OESTE,Defeito Mecânico no Veículo,Saída de leito carroçável,Com Vítimas Feridas,Pleno dia,Decrescente,Céu Claro,Simples,Reta,Não,1,0,1,0,0,0,1,1,-26.691545,-53.543961,SPRF-SC,DEL07-SC,UOP03-DEL07-SC,2019
203609.0,2019-04-16,terça-feira,07:55:00,SC,282,16.0,PALHOCA,Não guardar distância de segurança,Colisão traseira,Com Vítimas Feridas,Pleno dia,Crescente,Céu Claro,Simples,Reta,Sim,2,0,2,0,0,0,2,2,-27.658611,-48.681847,SPRF-SC,DEL01-SC,UOP02-DEL01-SC,2019
203653.0,2019-04-16,terça-feira,13:00:00,SC,282,505.5,XANXERE,Condutor Dormindo,Colisão com objeto estático,Com Vítimas Feridas,Pleno dia,Decrescente,Sol,Dupla,Reta,Sim,1,0,1,0,0,0,1,1,-26.885883,-52.418762,SPRF-SC,DEL07-SC,UOP01-DEL07-SC,2019
203662.0,2019-04-16,terça-feira,12:50:00,SC,282,80.0,RANCHO QUEIMADO,Velocidade Incompatível,Saída de leito carroçável,Com Vítimas Feridas,Pleno dia,Decrescente,Chuva,Simples,Curva,Não,3,0,2,0,1,0,2,1,-27.663555,-49.159309,SPRF-SC,DEL01-SC,UOP03-DEL01-SC,2019
203785.0,2019-04-17,quarta-feira,07:30:00,SC,282,1.0,FLORIANOPOLIS,Não guardar distância de segurança,Colisão traseira,Sem Vítimas,Pleno dia,Decrescente,Céu Claro,Dupla,Reta,Não,1,0,0,0,1,0,0,1,-27.602955,-48.580509,SPRF-SC,DEL01-SC,UOP01-DEL01-SC,2019
203807.0,2019-03-24,domingo,11:20:00,SC,282,20.0,PALHOCA,Falta de Atenção do Pedestre,Atropelamento de Pedestre,Com Vítimas Feridas,Pleno dia,Decrescente,Céu Claro,Simples,Reta,Sim,9,0,1,1,1,6,2,3,-27.683958,-48.71006,SPRF-SC,DEL01-SC,UOP02-DEL01-SC,2019
203819.0,2019-04-17,quarta-feira,07:15:00,SC,282,436.1,VARGEM BONITA,Velocidade Incompatível,Saída de leito carroçável,Com Vítimas Feridas,Amanhecer,Crescente,Céu Claro,Simples,Reta,Não,2,0,2,0,0,0,2,1,-26.970835,-51.851101,SPRF-SC,DEL07-SC,UOP04-DEL07-SC,2019
203869.0,2019-04-17,quarta-feira,15:43:00,SC,282,20.0,PALHOCA,Falta de Atenção à Condução,Colisão lateral,Com Vítimas Feridas,Pleno dia,Crescente,Nublado,Simples,Reta,Sim,2,0,1,0,1,0,1,2,-27.683958,-48.71006,SPRF-SC,DEL01-SC,UOP02-DEL01-SC,2019
203965.0,2019-04-18,quinta-feira,02:00:00,SC,282,491.1,FAXINAL DOS GUEDES,Velocidade Incompatível,Capotamento,Com Vítimas Feridas,Plena Noite,Decrescente,Céu Claro,Simples,Curva,Não,1,0,1,0,0,0,1,1,-26.87484187,-52.28427887,SPRF-SC,DEL07-SC,UOP01-DEL07-SC,2019
204008.0,2019-04-18,quinta-feira,09:20:00,SC,282,201.5,LAGES,Ultrapassagem Indevida,Saída de leito carroçável,Sem Vítimas,Pleno dia,Crescente,Céu Claro,Simples,Reta;Declive,Não,1,0,0,0,1,0,0,1,-27.75646889,-50.12065887,SPRF-SC,DEL05-SC,UOP01-DEL05-SC,2019
204170.0,2019-04-18,quinta-feira,18:10:00,SC,282,645.1,SAO MIGUEL DO OESTE,Defeito na Via,Saída de leito carroçável,Com Vítimas Feridas,Anoitecer,Crescente,Céu Claro,Múltipla,Reta,Não,4,0,4,0,0,0,4,1,-26.765184,-53.487823,SPRF-SC,DEL07-SC,UOP03-DEL07-SC,2019
204250.0,2019-04-19,sexta-feira,05:00:00,SC,282,480.2,VARGEAO,Velocidade Incompatível,Colisão traseira,Sem Vítimas,Plena Noite,Decrescente,Nublado,Simples,Reta,Não,2,0,0,0,2,0,0,2,-26.86869,-52.201077,SPRF-SC,DEL07-SC,UOP01-DEL07-SC,2019
204456.0,2019-04-20,sábado,11:50:00,SC,282,21.7,PALHOCA,Desobediência às normas de trânsito pelo condutor,Tombamento,Com Vítimas Feridas,Pleno dia,Decrescente,Céu Claro,Simples,Reta,Sim,2,0,1,0,1,0,1,2,-27.68907,-48.717541,SPRF-SC,DEL01-SC,UOP02-DEL01-SC,2019
204498.0,2019-04-20,sábado,16:30:00,SC,282,294.2,VARGEM,Velocidade Incompatível,Saída de leito carroçável,Com Vítimas Feridas,Pleno dia,Decrescente,Garoa/Chuvisco,Simples,Curva,Não,5,0,5,0,0,0,5,1,-27.534777,-50.869865,SPRF-SC,DEL07-SC,UOP06-DEL07-SC,2019
204593.0,2019-04-21,domingo,02:30:00,SC,282,342.5,CAMPOS NOVOS,Velocidade Incompatível,Saída de leito carroçável,Com Vítimas Feridas,Plena Noite,Decrescente,Céu Claro,Simples,Curva;Aclive,Não,3,0,2,0,1,0,2,1,-27.390287,-51.223286,SPRF-SC,DEL07-SC,UOP06-DEL07-SC,2019
204647.0,2019-04-21,domingo,12:00:00,SC,282,5.0,SAO JOSE,Não guardar distância de segurança,Colisão traseira,Com Vítimas Feridas,Pleno dia,Decrescente,Céu Claro,Múltipla,Em Obras,Sim,3,0,2,0,1,0,2,2,-27.588425,-48.612919,SPRF-SC,DEL01-SC,UOP01-DEL01-SC,2019
204713.0,2019-04-21,domingo,15:35:00,SC,282,26.7,SANTO AMARO DA IMPERATRIZ,Falta de Atenção à Condução,Colisão transversal,Com Vítimas Feridas,Pleno dia,Crescente,Nublado,Simples,Reta,Sim,5,0,5,0,0,0,5,2,-27.680267,-48.762482,SPRF-SC,DEL01-SC,UOP03-DEL01-SC,2019
204789.0,2019-04-21,domingo,18:40:00,SC,282,621.4,IRACEMINHA,Falta de Atenção à Condução,Colisão transversal,Sem Vítimas,Plena Noite,Crescente,Garoa/Chuvisco,Simples,Reta,Não,2,0,0,0,1,1,0,2,-26.8032,-53.316132,SPRF-SC,DEL07-SC,UOP02-DEL07-SC,2019
204807.0,2019-04-21,domingo,17:00:00,SC,282,463.2,PONTE SERRADA,Desobediência às normas de trânsito pelo condutor,Colisão traseira,Com Vítimas Feridas,Pleno dia,Crescente,Chuva,Simples,Reta,Sim,5,0,0,1,3,1,1,3,-26.855036,-52.059551,SPRF-SC,DEL07-SC,UOP04-DEL07-SC,2019
204826.0,2019-04-21,domingo,21:00:00,SC,282,460.0,PONTE SERRADA,Falta de Atenção do Pedestre,Atropelamento de Pedestre,Com Vítimas Feridas,Plena Noite,Decrescente,Nublado,Simples,Reta,Sim,2,0,1,0,1,0,1,2,-26.87524905,-52.01692885,SPRF-SC,DEL07-SC,UOP04-DEL07-SC,2019
204830.0,2019-04-21,domingo,20:45:00,SC,282,621.0,IRACEMINHA,Objeto estático sobre o leito carroçável,Saída de leito carroçável,Com Vítimas Feridas,Plena Noite,Crescente,Garoa/Chuvisco,Simples,Reta,Não,1,0,1,0,0,0,1,1,-26.8032,-53.316132,SPRF-SC,DEL07-SC,UOP02-DEL07-SC,2019
205053.0,2019-04-22,segunda-feira,14:40:00,SC,282,379.3,HERVAL DOESTE,Falta de Atenção à Condução,Colisão lateral,Com Vítimas Feridas,Pleno dia,Decrescente,Garoa/Chuvisco,Simples,Interseção de Vias,Não,2,0,0,1,1,0,1,2,-27.214668,-51.489677,SPRF-SC,DEL07-SC,UOP05-DEL07-SC,2019
205063.0,2019-04-22,segunda-feira,14:45:00,SC,282,416.4,CATANDUVAS,Sinalização da via insuficiente ou inadequada,Colisão traseira,Com Vítimas Feridas,Pleno dia,Crescente,Garoa/Chuvisco,Simples,Reta,Não,2,0,1,0,1,0,1,2,-27.037748,-51.718472,SPRF-SC,DEL07-SC,UOP05-DEL07-SC,2019
205081.0,2019-04-23,terça-feira,03:30:00,SC,282,507.0,XANXERE,Ingestão de Álcool,Saída de leito carroçável,Com Vítimas Feridas,Plena Noite,Crescente,Céu Claro,Dupla,Rotatória,Não,1,0,0,1,0,0,1,1,-26.886171,-52.43911,SPRF-SC,DEL07-SC,UOP01-DEL07-SC,2019
205104.0,2019-04-23,terça-feira,07:03:00,SC,282,3.5,FLORIANOPOLIS,Desobediência às normas de trânsito pelo condutor,Colisão traseira,Com Vítimas Feridas,Pleno dia,Decrescente,Nublado,Dupla,Reta,Sim,2,0,1,0,1,0,1,2,-27.59973371,-48.60016286,SPRF-SC,DEL01-SC,UOP01-DEL01-SC,2019
205269.0,2019-04-24,quarta-feira,07:20:00,SC,480,128.6,CHAPECO,Falta de Atenção à Condução,Colisão lateral,Com Vítimas Feridas,Pleno dia,Decrescente,Céu Claro,Dupla,Reta,Sim,2,0,1,0,1,0,1,2,-27.03781899,-52.63432603,SPRF-SC,DEL07-SC,UOP01-DEL07-SC,2019
205310.0,2019-04-24,quarta-feira,12:00:00,SC,282,67.7,RANCHO QUEIMADO,Desobediência às normas de trânsito pelo condutor,Saída de leito carroçável,Sem Vítimas,Pleno dia,Crescente,Nublado,Dupla,Curva,Não,2,0,0,0,2,0,0,1,-27.695963,-49.0695,SPRF-SC,DEL01-SC,UOP03-DEL01-SC,2019
205318.0,2019-04-24,quarta-feira,15:20:00,SC,282,202.9,LAGES,Velocidade Incompatível,Saída de leito carroçável,Com Vítimas Feridas,Pleno dia,Crescente,Céu Claro,Simples,Reta,Não,1,0,1,0,0,0,1,1,-27.763393,-50.152874,SPRF-SC,DEL05-SC,UOP01-DEL05-SC,2019
205530.0,2019-04-25,quinta-feira,14:45:00,SC,282,348.3,CAMPOS NOVOS,Falta de Atenção à Condução,Colisão frontal,Com Vítimas Feridas,Pleno dia,Crescente,Céu Claro,Simples,Reta,Não,4,0,1,3,0,0,4,2,-27.361637,-51.273197,SPRF-SC,DEL07-SC,UOP06-DEL07-SC,2019
205660.0,2019-04-26,sexta-feira,10:00:00,SC,282,514.7,XANXERE,Desobediência às normas de trânsito pelo condutor,Colisão lateral,Com Vítimas Feridas,Pleno dia,Crescente,Céu Claro,Simples,Curva,Não,2,0,1,0,1,0,1,2,-26.916084,-52.49052,SPRF-SC,DEL07-SC,UOP01-DEL07-SC,2019
205881.0,2019-04-27,sábado,11:20:00,SC,282,304.9,VARGEM,Velocidade Incompatível,Colisão com objeto estático,Com Vítimas Feridas,Pleno dia,Crescente,Chuva,Simples,Curva,Não,1,0,1,0,0,0,1,1,-27.496103,-50.940418,SPRF-SC,DEL07-SC,UOP06-DEL07-SC,2019
205915.0,2019-04-27,sábado,11:00:00,SC,282,220.0,LAGES,Desobediência às normas de trânsito pelo condutor,Tombamento,Com Vítimas Feridas,Pleno dia,Decrescente,Chuva,Simples,Interseção de Vias,Sim,2,0,2,0,0,0,2,2,-27.794014,-50.33363,SPRF-SC,DEL05-SC,UOP01-DEL05-SC,2019
205916.0,2019-04-27,sábado,15:43:00,SC,282,203.5,LAGES,Velocidade Incompatível,Saída de leito carroçável,Com Vítimas Feridas,Pleno dia,Crescente,Chuva,Simples,Reta,Não,2,0,2,0,0,0,2,1,-27.766741,-50.162296,SPRF-SC,DEL05-SC,UOP01-DEL05-SC,2019
205930.0,2019-04-27,sábado,15:15:00,SC,282,644.2,SAO MIGUEL DO OESTE,Desobediência às normas de trânsito pelo condutor,Colisão traseira,Com Vítimas Feridas,Pleno dia,Decrescente,Chuva,Simples,Curva,Não,3,0,2,0,1,0,2,2,-26.769157,-53.479385,SPRF-SC,DEL07-SC,UOP03-DEL07-SC,2019
205995.0,2019-04-27,sábado,21:00:00,SC,282,227.0,LAGES,Desobediência às normas de trânsito pelo condutor,Colisão traseira,Com Vítimas Feridas,Plena Noite,Decrescente,Chuva,Simples,Reta,Sim,6,0,6,0,0,0,6,2,-27.795815,-50.399048,SPRF-SC,DEL05-SC,UOP02-DEL05-SC,2019
206014.0,2019-04-27,sábado,21:20:00,SC,282,445.7,PONTE SERRADA,Falta de Atenção à Condução,Saída de leito carroçável,Com Vítimas Feridas,Plena Noite,Crescente,Chuva,Simples,Curva,Não,3,0,3,0,0,0,3,1,-26.908545,-51.905785,SPRF-SC,DEL07-SC,UOP04-DEL07-SC,2019
206027.0,2019-04-28,domingo,01:35:00,SC,282,527.5,CORDILHEIRA ALTA,Velocidade Incompatível,Saída de leito carroçável,Sem Vítimas,Plena Noite,Crescente,Nevoeiro/Neblina,Simples,Curva,Não,1,0,0,0,1,0,0,1,-26.973196,-52.583321,SPRF-SC,DEL07-SC,UOP01-DEL07-SC,2019
206071.0,2019-04-28,domingo,04:25:00,SC,282,577.0,PINHALZINHO,Condutor Dormindo,Colisão transversal,Com Vítimas Feridas,Plena Noite,Crescente,Garoa/Chuvisco,Simples,Curva,Sim,4,0,4,0,0,0,4,2,-26.84676,-52.980644,SPRF-SC,DEL07-SC,UOP02-DEL07-SC,2019
206169.0,2019-04-28,domingo,17:20:00,SC,282,305.0,VARGEM,Velocidade Incompatível,Saída de leito carroçável,Com Vítimas Feridas,Pleno dia,Crescente,Chuva,Simples,Curva,Não,2,0,2,0,0,0,2,1,-27.500679,-50.949047,SPRF-SC,DEL07-SC,UOP06-DEL07-SC,2019
206411.0,2019-04-30,terça-feira,08:30:00,SC,282,356.0,CAMPOS NOVOS,Falta de Atenção à Condução,Colisão lateral,Com Vítimas Feridas,Pleno dia,Crescente,Céu Claro,Simples,Reta,Não,3,0,1,0,2,0,1,2,-27.342428,-51.340664,SPRF-SC,DEL07-SC,UOP05-DEL07-SC,2019
206470.0,2019-04-30,terça-feira,15:40:00,SC,282,16.0,PALHOCA,Desobediência às normas de trânsito pelo condutor,Colisão transversal,Com Vítimas Feridas,Pleno dia,Crescente,Sol,Simples,Reta,Não,2,0,2,0,0,0,2,2,-27.658611,-48.681847,SPRF-SC,DEL01-SC,UOP02-DEL01-SC,2019
206516.0,2019-04-30,terça-feira,19:15:00,SC,480,129.0,CHAPECO,Falta de Atenção à Condução,Colisão transversal,Com Vítimas Feridas,Plena Noite,Decrescente,Nublado,Simples,Reta,Não,2,0,1,1,0,0,2,2,-27.04656607,-52.63577131,SPRF-SC,DEL07-SC,UOP01-DEL07-SC,2019
206597.0,2019-05-01,quarta-feira,06:15:00,SC,282,218.0,LAGES,Desobediência às normas de trânsito pelo condutor,Colisão transversal,Sem Vítimas,Amanhecer,Decrescente,Nublado,Dupla,Rotatória,Sim,2,0,0,0,2,0,0,2,-27.797235,-50.31361,SPRF-SC,DEL05-SC,UOP01-DEL05-SC,2019
206704.0,2019-03-30,sábado,11:15:00,SC,282,310.7,VARGEM,Desobediência às normas de trânsito pelo condutor,Colisão transversal,Com Vítimas Feridas,Pleno dia,Crescente,Céu Claro,Simples,Curva,Não,2,0,0,2,0,0,2,2,-27.483074,-50.98188,SPRF-SC,DEL07-SC,UOP06-DEL07-SC,2019
206753.0,2019-04-19,sexta-feira,06:36:00,SC,282,19.6,PALHOCA,Desobediência às normas de trânsito pelo condutor,Atropelamento de Pedestre,Com Vítimas Feridas,Amanhecer,Crescente,Céu Claro,Simples,Reta,Sim,2,0,0,1,1,0,1,2,-27.678635,-48.70192,SPRF-SC,DEL01-SC,UOP02-DEL01-SC,2019
206823.0,2019-05-02,quinta-feira,08:00:00,SC,282,529.7,CORDILHEIRA ALTA,Ingestão de Álcool,Saída de leito carroçável,Com Vítimas Feridas,Pleno dia,Crescente,Céu Claro,Simples,Curva,Não,1,0,1,0,0,0,1,1,-26.98368254,-52.60287166,SPRF-SC,DEL07-SC,UOP01-DEL07-SC,2019
206898.0,2019-05-02,quinta-feira,19:45:00,SC,282,1.9,FLORIANOPOLIS,Restrição de Visibilidade,Atropelamento de Pedestre,Com Vítimas Feridas,Plena Noite,Decrescente,Nublado,Múltipla,Reta,Sim,2,0,1,0,0,1,1,2,-27.602955,-48.580509,SPRF-SC,DEL01-SC,UOP01-DEL01-SC,2019
206995.0,2019-05-03,sexta-feira,08:30:00,SC,282,462.0,PONTE SERRADA,Desobediência às normas de trânsito pelo condutor,Colisão transversal,Com Vítimas Feridas,Pleno dia,Crescente,Céu Claro,Simples,Aclive,Sim,2,0,1,0,1,0,1,2,-26.87047783,-52.01889038,SPRF-SC,DEL07-SC,UOP04-DEL07-SC,2019
207006.0,2019-05-03,sexta-feira,11:50:00,SC,282,360.0,ERVAL VELHO,Condutor Dormindo,Saída de leito carroçável,Com Vítimas Feridas,Pleno dia,Decrescente,Céu Claro,Simples,Curva,Não,5,0,1,0,4,0,1,1,-27.32599055,-51.35998294,SPRF-SC,DEL07-SC,UOP05-DEL07-SC,2019
207064.0,2019-05-03,sexta-feira,17:50:00,SC,282,218.0,LAGES,Desobediência às normas de trânsito pelo condutor,Colisão transversal,Com Vítimas Feridas,Plena Noite,Decrescente,Nublado,Simples,Interseção de Vias,Sim,3,0,1,0,0,2,1,3,-27.797235,-50.31361,SPRF-SC,DEL05-SC,UOP01-DEL05-SC,2019
207142.0,2019-05-04,sábado,01:30:00,SC,282,388.8,JOACABA,Ingestão de Álcool,Capotamento,Sem Vítimas,Plena Noite,Crescente,Céu Claro,Múltipla,Aclive,Sim,1,0,0,0,1,0,0,1,-27.179003,-51.531616,SPRF-SC,DEL07-SC,UOP05-DEL07-SC,2019
207205.0,2019-05-04,sábado,11:25:00,SC,282,3.7,FLORIANOPOLIS,Falta de Atenção à Condução,Colisão traseira,Com Vítimas Feridas,Pleno dia,Decrescente,Sol,Dupla,Em Obras;Reta,Sim,2,0,0,1,1,0,1,2,-27.600384,-48.599705,SPRF-SC,DEL01-SC,UOP01-DEL01-SC,2019
207306.0,2019-05-04,sábado,19:00:00,SC,282,20.0,PALHOCA,Falta de Atenção à Condução,Colisão frontal,Com Vítimas Feridas,Plena Noite,Crescente,Céu Claro,Simples,Reta,Sim,2,0,1,1,0,0,2,1,-27.683958,-48.71006,SPRF-SC,DEL01-SC,UOP02-DEL01-SC,2019
207364.0,2019-05-04,sábado,23:15:00,SC,282,211.3,LAGES,Desobediência às normas de trânsito pelo condutor,Colisão frontal,Com Vítimas Fatais,Plena Noite,Crescente,Céu Claro,Simples,Declive;Reta,Não,5,2,1,0,0,2,1,4,-27.78109438,-50.2468729,SPRF-SC,DEL05-SC,UOP01-DEL05-SC,2019
207419.0,2019-05-05,domingo,11:30:00,SC,282,4.5,SAO JOSE,Agressão Externa,Tombamento,Com Vítimas Feridas,Pleno dia,Crescente,Céu Claro,Múltipla,Reta,Sim,1,0,1,0,0,0,1,1,-27.592646,-48.604034,SPRF-SC,DEL01-SC,UOP01-DEL01-SC,2019
207512.0,2019-05-05,domingo,17:40:00,SC,282,568.0,NOVA ERECHIM,Velocidade Incompatível,Saída de leito carroçável,Com Vítimas Feridas,Anoitecer,Decrescente,Nevoeiro/Neblina,Simples,Declive,Sim,1,0,0,1,0,0,1,1,-26.899681,-52.915756,SPRF-SC,DEL07-SC,UOP02-DEL07-SC,2019
207537.0,2019-05-05,domingo,19:35:00,SC,282,26.6,SANTO AMARO DA IMPERATRIZ,Ultrapassagem Indevida,Colisão transversal,Com Vítimas Feridas,Plena Noite,Decrescente,Nublado,Simples,Reta,Não,2,0,1,0,1,0,1,2,-27.680267,-48.762482,SPRF-SC,DEL01-SC,UOP03-DEL01-SC,2019
207759.0,2019-05-07,terça-feira,08:15:00,SC,282,58.3,RANCHO QUEIMADO,Falta de Atenção à Condução,Colisão transversal,Com Vítimas Feridas,Pleno dia,Decrescente,Nublado,Simples,Interseção de Vias,Não,4,0,2,0,2,0,2,2,-27.68081086,-49.00601864,SPRF-SC,DEL01-SC,UOP03-DEL01-SC,2019
207834.0,2019-05-07,terça-feira,12:30:00,SC,282,506.1,XANXERE,Defeito Mecânico no Veículo,Saída de leito carroçável,Com Vítimas Fatais,Pleno dia,Crescente,Sol,Dupla,Reta,Não,4,1,3,0,0,0,3,1,-26.885712,-52.42907,SPRF-SC,DEL07-SC,UOP01-DEL07-SC,2019
207984.0,2019-05-08,quarta-feira,11:30:00,SC,282,479.0,PINHALZINHO,Condutor Dormindo,Colisão lateral,Com Vítimas Feridas,Pleno dia,Crescente,Céu Claro,Simples,Reta,Não,3,0,2,0,1,0,2,2,-26.8711047,-52.96045303,SPRF-SC,DEL07-SC,UOP01-DEL07-SC,2019
208002.0,2019-05-08,quarta-feira,11:30:00,SC,282,527.0,XAXIM,Velocidade Incompatível,Colisão com objeto estático,Com Vítimas Feridas,Pleno dia,Crescente,Sol,Simples,Curva,Não,1,0,1,0,0,0,1,1,-26.973196,-52.583321,SPRF-SC,DEL07-SC,UOP01-DEL07-SC,2019
208055.0,2019-05-08,quarta-feira,19:35:00,SC,282,2.9,FLORIANOPOLIS,Não guardar distância de segurança,Colisão traseira,Com Vítimas Feridas,Plena Noite,Crescente,Nublado,Dupla,Curva,Sim,3,0,2,0,1,0,2,3,-27.603289,-48.590416,SPRF-SC,DEL01-SC,UOP01-DEL01-SC,2019
208094.0,2019-05-08,quarta-feira,15:40:00,SC,282,623.6,IRACEMINHA,Velocidade Incompatível,Colisão lateral,Com Vítimas Feridas,Pleno dia,Decrescente,Céu Claro,Simples,Reta,Não,2,0,0,1,1,0,1,2,-26.799004,-53.332302,SPRF-SC,DEL07-SC,UOP02-DEL07-SC,2019
208161.0,2019-05-09,quinta-feira,08:40:00,SC,282,57.2,RANCHO QUEIMADO,Defeito Mecânico no Veículo,Incêndio,Sem Vítimas,Pleno dia,Crescente,Nublado,Simples,Reta,Não,1,0,0,0,1,0,0,1,-27.696936,-48.964138,SPRF-SC,DEL01-SC,UOP03-DEL01-SC,2019
208170.0,2019-05-09,quinta-feira,11:30:00,SC,282,18.0,PALHOCA,Falta de Atenção à Condução,Colisão transversal,Com Vítimas Feridas,Pleno dia,Decrescente,Céu Claro,Simples,Interseção de Vias,Sim,2,0,1,0,1,0,1,2,-27.672798,-48.694286,SPRF-SC,DEL01-SC,UOP02-DEL01-SC,2019
208292.0,2019-05-09,quinta-feira,22:30:00,SC,282,502.5,XANXERE,Velocidade Incompatível,Colisão com objeto estático,Com Vítimas Feridas,Plena Noite,Crescente,Nublado,Dupla,Rotatória,Sim,2,0,1,1,0,0,2,1,-26.884584,-52.390911,SPRF-SC,DEL07-SC,UOP01-DEL07-SC,2019
208317.0,2019-05-10,sexta-feira,04:30:00,SC,282,2.2,FLORIANOPOLIS,Falta de Atenção à Condução,Colisão com objeto estático,Com Vítimas Feridas,Plena Noite,Decrescente,Céu Claro,Simples,Reta,Não,1,0,1,0,0,0,1,1,-27.603289,-48.590416,SPRF-SC,DEL01-SC,UOP01-DEL01-SC,2019
208325.0,2019-05-10,sexta-feira,06:28:00,SC,282,5.5,SAO JOSE,Ultrapassagem Indevida,Colisão traseira,Com Vítimas Feridas,Pleno dia,Decrescente,Céu Claro,Dupla,Reta,Sim,2,0,1,0,1,0,1,2,-27.588425,-48.612919,SPRF-SC,DEL01-SC,UOP01-DEL01-SC,2019
208328.0,2019-05-10,sexta-feira,04:20:00,SC,282,169.5,BOCAINA DO SUL,Ingestão de Álcool,Saída de leito carroçável,Com Vítimas Feridas,Plena Noite,Crescente,Nublado,Simples,Curva;Declive,Não,3,0,3,0,0,0,3,1,-27.740545,-49.833633,SPRF-SC,DEL05-SC,UOP01-DEL05-SC,2019
208394.0,2019-05-10,sexta-feira,08:05:00,SC,282,476.3,VARGEAO,Falta de Atenção à Condução,Colisão transversal,Com Vítimas Fatais,Pleno dia,Decrescente,Nublado,Simples,Reta,Não,4,1,0,3,0,0,3,2,-26.8756797,-52.15774482,SPRF-SC,DEL07-SC,UOP01-DEL07-SC,2019
208416.0,2019-03-19,terça-feira,14:30:00,SC,282,16.5,PALHOCA,Falta de Atenção à Condução,Colisão transversal,Com Vítimas Feridas,Pleno dia,Crescente,Ignorado,Simples,Reta,Sim,2,0,1,0,1,0,1,2,-27.66175556,-48.68459528,SPRF-SC,DEL01-SC,UOP02-DEL01-SC,2019
208451.0,2019-05-10,sexta-feira,18:30:00,SC,282,4.1,SAO JOSE,Falta de Atenção à Condução,Colisão transversal,Com Vítimas Feridas,Plena Noite,Decrescente,Céu Claro,Dupla,Reta,Sim,2,0,0,1,1,0,1,2,-27.592646,-48.604034,SPRF-SC,DEL01-SC,UOP01-DEL01-SC,2019
208554.0,2019-05-11,sábado,05:30:00,SC,282,19.7,PALHOCA,Desobediência às normas de trânsito pelo condutor,Colisão frontal,Com Vítimas Feridas,Plena Noite,Crescente,Garoa/Chuvisco,Simples,Reta,Sim,6,0,0,5,0,1,5,3,-27.678635,-48.70192,SPRF-SC,DEL01-SC,UOP02-DEL01-SC,2019
208664.0,2019-05-11,sábado,13:50:00,SC,282,424.0,VARGEM BONITA,Pista Escorregadia,Capotamento,Sem Vítimas,Pleno dia,Crescente,Chuva,Simples,Curva;Aclive,Não,2,0,0,0,2,0,0,1,-26.988014,-51.753124,SPRF-SC,DEL07-SC,UOP05-DEL07-SC,2019
208683.0,2019-05-11,sábado,15:50:00,SC,282,97.1,ALFREDO WAGNER,Velocidade Incompatível,Saída de leito carroçável,Com Vítimas Feridas,Pleno dia,Crescente,Chuva,Simples,Curva,Não,2,0,1,0,1,0,1,1,-27.707966,-49.272182,SPRF-SC,DEL01-SC,UOP03-DEL01-SC,2019
208706.0,2019-05-11,sábado,14:20:00,SC,282,618.6,IRACEMINHA,Velocidade Incompatível,Saída de leito carroçável,Com Vítimas Feridas,Pleno dia,Decrescente,Chuva,Simples,Curva,Não,1,0,1,0,0,0,1,1,-26.788088,-53.293259,SPRF-SC,DEL07-SC,UOP02-DEL07-SC,2019
208725.0,2019-05-11,sábado,17:00:00,SC,480,129.0,CHAPECO,Velocidade Incompatível,Saída de leito carroçável,Sem Vítimas,Anoitecer,Crescente,Chuva,Simples,Reta;Declive,Sim,1,0,0,0,1,0,0,1,-27.04656607,-52.63577131,SPRF-SC,DEL07-SC,UOP01-DEL07-SC,2019
208731.0,2019-05-11,sábado,16:30:00,SC,282,446.3,PONTE SERRADA,Pista Escorregadia,Colisão lateral,Sem Vítimas,Pleno dia,Crescente,Chuva,Simples,Curva,Não,5,0,0,0,5,0,0,2,-26.910217,-51.914951,SPRF-SC,DEL07-SC,UOP04-DEL07-SC,2019
208758.0,2019-05-11,sábado,19:25:00,SC,282,620.8,IRACEMINHA,Ingestão de Álcool,Colisão lateral,Sem Vítimas,Plena Noite,Decrescente,Chuva,Simples,Curva;Declive;Em Obras,Não,4,0,0,0,4,0,0,2,-26.799355,-53.308002,SPRF-SC,DEL07-SC,UOP02-DEL07-SC,2019
208762.0,2019-05-11,sábado,17:20:00,SC,282,25.7,SANTO AMARO DA IMPERATRIZ,Falta de Atenção à Condução,Saída de leito carroçável,Com Vítimas Feridas,Plena Noite,Crescente,Chuva,Simples,Reta,Não,1,0,0,1,0,0,1,1,-27.678228,-48.752895,SPRF-SC,DEL01-SC,UOP03-DEL01-SC,2019
208772.0,2019-05-11,sábado,19:40:00,SC,282,216.2,LAGES,Velocidade Incompatível,Colisão traseira,Com Vítimas Feridas,Plena Noite,Decrescente,Garoa/Chuvisco,Simples,Reta,Sim,2,0,1,0,1,0,1,2,-27.797529,-50.291862,SPRF-SC,DEL05-SC,UOP01-DEL05-SC,2019
208863.0,2019-05-12,domingo,06:30:00,SC,282,222.9,LAGES,Falta de Atenção à Condução,Saída de leito carroçável,Com Vítimas Feridas,Amanhecer,Decrescente,Nevoeiro/Neblina,Simples,Curva;Declive,Não,1,0,1,0,0,0,1,1,-27.797739,-50.353409,SPRF-SC,DEL05-SC,UOP01-DEL05-SC,2019