id,data_inversa,dia_semana,horario,uf,br,km,municipio,causa_acidente,tipo_acidente,classificacao_acidente,fase_dia,sentido_via,condicao_metereologica,tipo_pista,tracado_via,uso_solo,pessoas,mortos,feridos_leves,feridos_graves,ilesos,ignorados,feridos,veiculos,latitude,longitude,regional,delegacia,uop,ano_arquivo
208968.0,2019-04-18,quinta-feira,16:20:00,SC,282,218.0,LAGES,Não guardar distância de segurança,Colisão traseira,Com Vítimas Feridas,Pleno dia,Crescente,Céu Claro,Simples,Interseção de Vias,Sim,3,0,1,0,2,0,1,3,-27.78290996,-50.25359008,SPRF-SC,DEL05-SC,UOP01-DEL05-SC,2019
209213.0,2019-05-13,segunda-feira,03:30:00,SC,282,411.5,CATANDUVAS,Velocidade Incompatível,Saída de leito carroçável,Com Vítimas Feridas,Plena Noite,Crescente,Chuva,Simples,Declive;Curva,Não,4,0,1,0,2,1,1,1,-27.074812,-51.663269,SPRF-SC,DEL07-SC,UOP05-DEL07-SC,2019
209326.0,2019-05-10,sexta-feira,05:50:00,SC,480,126.3,CHAPECO,Velocidade Incompatível,Colisão traseira,Com Vítimas Feridas,Amanhecer,Decrescente,Nublado,Dupla,Reta,Não,3,0,0,1,1,1,1,3,-27.020083,-52.636024,SPRF-SC,DEL07-SC,UOP01-DEL07-SC,2019
209359.0,2019-05-13,segunda-feira,11:30:00,SC,282,79.8,RANCHO QUEIMADO,Velocidade Incompatível,Saída de leito carroçável,Com Vítimas Feridas,Pleno dia,Crescente,Chuva,Simples,Curva,Não,2,0,2,0,0,0,2,1,-27.6707,-49.155758,SPRF-SC,DEL01-SC,UOP03-DEL01-SC,2019
209363.0,2019-05-13,segunda-feira,15:00:00,SC,282,95.3,ALFREDO WAGNER,Velocidade Incompatível,Saída de leito carroçável,Com Vítimas Feridas,Pleno dia,Crescente,Chuva,Simples,Curva,Não,1,0,1,0,0,0,1,1,-27.71188,-49.255035,SPRF-SC,DEL01-SC,UOP03-DEL01-SC,2019
209558.0,2019-05-14,terça-feira,17:00:00,SC,282,90.7,ALFREDO WAGNER,Velocidade Incompatível,Saída de leito carroçável,Com Vítimas Feridas,Pleno dia,Crescente,Chuva,Simples,Curva,Não,1,0,0,1,0,0,1,1,-27.683796,-49.222366,SPRF-SC,DEL01-SC,UOP03-DEL01-SC,2019
209635.0,2019-05-15,quarta-feira,10:30:00,SC,282,5.0,SAO JOSE,Falta de Atenção à Condução,Queda de ocupante de veículo,Com Vítimas Feridas,Pleno dia,Decrescente,Céu Claro,Dupla,Reta,Sim,1,0,1,0,0,0,1,1,-27.588425,-48.612919,SPRF-SC,DEL01-SC,UOP01-DEL01-SC,2019
209679.0,2019-05-15,quarta-feira,11:50:00,SC,282,276.0,SAO JOSE DO CERRITO,Velocidade Incompatível,Saída de leito carroçável,Com Vítimas Feridas,Pleno dia,Decrescente,Sol,Múltipla,Curva,Não,4,0,3,0,1,0,3,1,-27.602106,-50.727554,SPRF-SC,DEL05-SC,UOP02-DEL05-SC,2019
209955.0,2019-05-17,sexta-feira,00:10:00,SC,282,2.0,FLORIANOPOLIS,Falta de Atenção à Condução,Colisão traseira,Sem Vítimas,Plena Noite,Crescente,Nublado,Múltipla,Reta,Sim,2,0,0,0,2,0,0,2,-27.603289,-48.590416,SPRF-SC,DEL01-SC,UOP01-DEL01-SC,2019
209961.0,2019-05-17,sexta-feira,01:00:00,SC,282,506.9,XANXERE,Ingestão de Álcool,Saída de leito carroçável,Com Vítimas Feridas,Plena Noite,Crescente,Céu Claro,Dupla,Rotatória,Não,1,0,1,0,0,0,1,1,-26.885712,-52.42907,SPRF-SC,DEL07-SC,UOP01-DEL07-SC,2019
209975.0,2019-05-17,sexta-feira,00:20:00,SC,282,461.5,PONTE SERRADA,Falta de Atenção à Condução,Colisão transversal,Com Vítimas Fatais,Plena Noite,Decrescente,Céu Claro,Simples,Reta,Sim,4,2,1,0,0,1,1,3,-26.86639208,-52.02290665,SPRF-SC,DEL07-SC,UOP04-DEL07-SC,2019
210026.0,2019-05-17,sexta-feira,10:15:00,SC,282,16.4,PALHOCA,Desobediência às normas de trânsito pelo condutor,Colisão transversal,Com Vítimas Feridas,Pleno dia,Crescente,Céu Claro,Simples,Reta,Sim,2,0,1,0,1,0,1,2,-27.658611,-48.681847,SPRF-SC,DEL01-SC,UOP02-DEL01-SC,2019
210235.0,2019-05-18,sábado,04:30:00,SC,282,124.9,BOM RETIRO,Falta de Atenção do Pedestre,Atropelamento de Pedestre,Com Vítimas Feridas,Plena Noite,Decrescente,Chuva,Simples,Curva;Aclive,Não,2,0,1,0,1,0,1,2,-27.80651145,-49.45946217,SPRF-SC,DEL05-SC,UOP01-DEL05-SC,2019
210288.0,2019-05-18,sábado,04:30:00,SC,282,540.0,CHAPECO,Ingestão de álcool e/ou substâncias psicoativas pelo pedestre,Saída de leito carroçável,Com Vítimas Feridas,Amanhecer,Crescente,Nublado,Simples,Curva,Não,4,0,2,2,0,0,4,1,-26.9930957,-52.68877745,SPRF-SC,DEL07-SC,UOP01-DEL07-SC,2019
210395.0,2019-05-18,sábado,23:00:00,SC,282,220.0,LAGES,Velocidade Incompatível,Colisão com objeto estático,Com Vítimas Feridas,Plena Noite,Crescente,Nublado,Simples,Reta,Sim,2,0,1,0,1,0,1,1,-27.794014,-50.33363,SPRF-SC,DEL05-SC,UOP01-DEL05-SC,2019
210408.0,2019-05-19,domingo,01:00:00,SC,282,20.4,PALHOCA,Velocidade Incompatível,Colisão com objeto estático,Com Vítimas Feridas,Plena Noite,Decrescente,Chuva,Simples,Aclive,Sim,1,0,0,1,0,0,1,1,-27.683958,-48.71006,SPRF-SC,DEL01-SC,UOP02-DEL01-SC,2019
210430.0,2019-05-19,domingo,02:20:00,SC,282,347.0,CAMPOS NOVOS,Falta de Atenção à Condução,Colisão traseira,Sem Vítimas,Plena Noite,Decrescente,Céu Claro,Simples,Reta,Não,3,0,0,0,2,1,0,3,-27.365206,-51.263924,SPRF-SC,DEL07-SC,UOP06-DEL07-SC,2019
210431.0,2019-05-19,domingo,01:40:00,SC,282,347.0,CAMPOS NOVOS,Desobediência às normas de trânsito pelo condutor,Saída de leito carroçável,Com Vítimas Feridas,Plena Noite,Decrescente,Céu Claro,Simples,Reta,Não,2,0,2,0,0,0,2,1,-27.365206,-51.263924,SPRF-SC,DEL07-SC,UOP06-DEL07-SC,2019
210435.0,2019-05-18,sábado,23:50:00,SC,282,645.1,SAO MIGUEL DO OESTE,Falta de Atenção à Condução,Tombamento,Com Vítimas Feridas,Plena Noite,Decrescente,Céu Claro,Simples,Reta,Não,1,0,1,0,0,0,1,1,-26.765184,-53.487823,SPRF-SC,DEL07-SC,UOP03-DEL07-SC,2019
210444.0,2019-05-19,domingo,06:30:00,SC,282,1.0,FLORIANOPOLIS,Ingestão de Álcool,Colisão com objeto estático,Sem Vítimas,Amanhecer,Crescente,Nublado,Dupla,Reta,Sim,1,0,0,0,1,0,0,1,-27.602955,-48.580509,SPRF-SC,DEL01-SC,UOP01-DEL01-SC,2019
210459.0,2019-05-19,domingo,08:00:00,SC,282,3.7,FLORIANOPOLIS,Ingestão de Álcool,Colisão com objeto estático,Com Vítimas Feridas,Pleno dia,Crescente,Nublado,Dupla,Reta,Não,1,0,1,0,0,0,1,1,-27.600384,-48.599705,SPRF-SC,DEL01-SC,UOP01-DEL01-SC,2019
210528.0,2019-05-19,domingo,11:00:00,SC,282,468.0,PONTE SERRADA,Falta de Atenção à Condução,Saída de leito carroçável,Com Vítimas Feridas,Pleno dia,Crescente,Céu Claro,Simples,Reta,Não,2,0,1,1,0,0,2,1,-26.853588,-52.105446,SPRF-SC,DEL07-SC,UOP04-DEL07-SC,2019
210546.0,2019-05-19,domingo,16:30:00,SC,282,346.2,CAMPOS NOVOS,Falta de Atenção à Condução,Engavetamento,Com Vítimas Feridas,Pleno dia,Crescente,Céu Claro,Simples,Reta,Não,8,0,1,0,7,0,1,3,-27.368792,-51.254639,SPRF-SC,DEL07-SC,UOP06-DEL07-SC,2019
210584.0,2019-05-19,domingo,17:30:00,SC,282,606.5,MARAVILHA,Falta de Atenção à Condução,Colisão transversal,Com Vítimas Feridas,Pleno dia,Crescente,Céu Claro,Simples,Reta,Não,3,0,2,0,1,0,2,2,-26.778643,-53.198692,SPRF-SC,DEL07-SC,UOP02-DEL07-SC,2019
210618.0,2019-05-19,domingo,23:35:00,SC,282,22.1,SANTO AMARO DA IMPERATRIZ,Ingestão de Álcool,Colisão lateral,Sem Vítimas,Plena Noite,Crescente,Nublado,Simples,Reta,Sim,2,0,0,0,2,0,0,2,-27.688507,-48.72739,SPRF-SC,DEL01-SC,UOP02-DEL01-SC,2019
210625.0,2019-05-19,domingo,23:30:00,SC,282,346.0,CAMPOS NOVOS,Desobediência às normas de trânsito pelo condutor,Atropelamento de Pedestre,Com Vítimas Feridas,Plena Noite,Decrescente,Céu Claro,Simples,Reta,Não,4,0,0,1,0,3,1,2,-27.368792,-51.254639,SPRF-SC,DEL07-SC,UOP06-DEL07-SC,2019
210626.0,2019-05-20,segunda-feira,00:20:00,SC,282,269.0,IRINEOPOLIS,Velocidade Incompatível,Saída de leito carroçável,Com Vítimas Feridas,Plena Noite,Decrescente,Nublado,Simples,Curva,Não,2,0,1,1,0,0,2,1,-26.27405262,-50.74052811,SPRF-SC,DEL05-SC,UOP02-DEL05-SC,2019
210642.0,2019-05-19,domingo,21:20:00,SC,282,534.7,CHAPECO,Falta de Atenção à Condução,Tombamento,Com Vítimas Feridas,Pleno dia,Decrescente,Céu Claro,Simples,Reta,Não,2,0,2,0,0,0,2,1,-26.996832,-52.634586,SPRF-SC,DEL07-SC,UOP01-DEL07-SC,2019
210649.0,2019-05-19,domingo,23:00:00,SC,282,602.9,MARAVILHA,Mal Súbito,Saída de leito carroçável,Com Vítimas Feridas,Plena Noite,Decrescente,Céu Claro,Simples,Curva;Em Obras,Não,1,0,1,0,0,0,1,1,-26.806049,-53.178757,SPRF-SC,DEL07-SC,UOP02-DEL07-SC,2019
210689.0,2019-05-20,segunda-feira,09:30:00,SC,282,3.0,FLORIANOPOLIS,Falta de Atenção à Condução,Tombamento,Sem Vítimas,Pleno dia,Decrescente,Céu Claro,Dupla,Reta,Sim,1,0,0,0,1,0,0,1,-27.600384,-48.599705,SPRF-SC,DEL01-SC,UOP01-DEL01-SC,2019
210755.0,2019-05-20,segunda-feira,15:30:00,SC,282,90.8,ALFREDO WAGNER,Falta de Atenção à Condução,Saída de leito carroçável,Com Vítimas Feridas,Pleno dia,Decrescente,Céu Claro,Simples,Curva,Não,3,0,3,0,0,0,3,1,-27.68867733,-49.22739744,SPRF-SC,DEL01-SC,UOP03-DEL01-SC,2019
210809.0,2019-05-20,segunda-feira,18:15:00,SC,480,126.5,CHAPECO,Defeito Mecânico no Veículo,Colisão traseira,Com Vítimas Feridas,Anoitecer,Decrescente,Céu Claro,Simples,Reta,Não,3,0,1,0,2,0,1,3,-27.020083,-52.636024,SPRF-SC,DEL07-SC,UOP01-DEL07-SC,2019
210958.0,2019-05-21,terça-feira,16:30:00,SC,282,522.3,XAXIM,Falta de Atenção à Condução,Colisão lateral,Sem Vítimas,Pleno dia,Decrescente,Chuva,Simples,Reta,Sim,3,0,0,0,3,0,0,3,-26.956238,-52.542637,SPRF-SC,DEL07-SC,UOP01-DEL07-SC,2019
211094.0,2019-05-22,quarta-feira,11:50:00,SC,282,223.0,LAGES,Falta de Atenção à Condução,Colisão transversal,Com Vítimas Feridas,Pleno dia,Decrescente,Chuva,Simples,Reta,Sim,1,0,0,1,0,0,1,1,-27.800127,-50.362751,SPRF-SC,DEL05-SC,UOP01-DEL05-SC,2019
211143.0,2019-05-22,quarta-feira,16:15:00,SC,282,337.0,CAMPOS NOVOS,Desobediência às normas de trânsito pelo condutor,Colisão transversal,Com Vítimas Feridas,Pleno dia,Crescente,Chuva,Simples,Interseção de Vias,Não,4,0,2,0,2,0,2,2,-27.393682,-51.192084,SPRF-SC,DEL07-SC,UOP06-DEL07-SC,2019
211168.0,2019-05-22,quarta-feira,22:30:00,SC,282,246.0,SAO JOSE DO CERRITO,Velocidade Incompatível,Saída de leito carroçável,Com Vítimas Feridas,Plena Noite,Crescente,Chuva,Simples,Curva,Não,1,0,1,0,0,0,1,1,-27.727213,-50.529724,SPRF-SC,DEL05-SC,UOP02-DEL05-SC,2019
211596.0,2019-05-25,sábado,00:01:00,SC,282,27.6,SANTO AMARO DA IMPERATRIZ,Animais na Pista,Atropelamento de Animal,Sem Vítimas,Plena Noite,Decrescente,Chuva,Simples,Reta,Sim,1,0,0,0,1,0,0,1,-27.67322411,-48.77539158,SPRF-SC,DEL01-SC,UOP03-DEL01-SC,2019
211794.0,2019-05-25,sábado,23:50:00,SC,282,460.0,PONTE SERRADA,Ingestão de Álcool,Colisão traseira,Com Vítimas Feridas,Plena Noite,Crescente,Nevoeiro/Neblina,Simples,Reta,Sim,3,0,0,1,1,1,1,2,-26.856062,-52.03215,SPRF-SC,DEL07-SC,UOP04-DEL07-SC,2019
211797.0,2019-05-26,domingo,03:00:00,SC,282,516.0,XAXIM,Velocidade Incompatível,Saída de leito carroçável,Sem Vítimas,Plena Noite,Decrescente,Chuva,Simples,Curva,Não,1,0,0,0,1,0,0,1,-26.930862,-52.499157,SPRF-SC,DEL07-SC,UOP01-DEL07-SC,2019
211858.0,2019-05-26,domingo,09:30:00,SC,282,3.0,FLORIANOPOLIS,Falta de Atenção à Condução,Tombamento,Com Vítimas Feridas,Pleno dia,Decrescente,Céu Claro,Múltipla,Reta,Não,1,0,1,0,0,0,1,1,-27.600384,-48.599705,SPRF-SC,DEL01-SC,UOP01-DEL01-SC,2019
211862.0,2019-05-26,domingo,13:05:00,SC,282,4.7,SAO JOSE,Agressão Externa,Danos eventuais,Com Vítimas Feridas,Pleno dia,Crescente,Sol,Dupla,Reta,Sim,1,0,1,0,0,0,1,1,-27.592646,-48.604034,SPRF-SC,DEL01-SC,UOP01-DEL01-SC,2019
211881.0,2019-05-26,domingo,16:40:00,SC,282,64.4,RANCHO QUEIMADO,Falta de Atenção à Condução,Queda de ocupante de veículo,Com Vítimas Feridas,Pleno dia,Decrescente,Céu Claro,Simples,Curva,Não,4,0,2,0,2,0,2,3,-27.69671423,-49.05617595,SPRF-SC,DEL01-SC,UOP03-DEL01-SC,2019
211885.0,2019-05-26,domingo,17:15:00,SC,282,559.0,NOVA ITABERABA,Desobediência às normas de trânsito pelo condutor,Colisão transversal,Com Vítimas Feridas,Pleno dia,Crescente,Sol,Simples,Reta,Não,3,0,1,0,2,0,1,2,-26.927097,-52.846737,SPRF-SC,DEL07-SC,UOP01-DEL07-SC,2019
211967.0,2019-05-27,segunda-feira,05:20:00,SC,282,612.0,MARAVILHA,Falta de Atenção à Condução,Colisão lateral,Sem Vítimas,Plena Noite,Decrescente,Céu Claro,Simples,Reta,Não,2,0,0,0,2,0,0,2,-26.75906,-53.248955,SPRF-SC,DEL07-SC,UOP02-DEL07-SC,2019
211979.0,2019-05-27,segunda-feira,01:10:00,SC,282,506.9,XANXERE,Ingestão de Álcool,Saída de leito carroçável,Com Vítimas Feridas,Plena Noite,Crescente,Nublado,Dupla,Interseção de Vias,Não,2,0,2,0,0,0,2,1,-26.88492395,-52.43389785,SPRF-SC,DEL07-SC,UOP01-DEL07-SC,2019
212082.0,2019-05-27,segunda-feira,18:19:00,SC,282,3.0,FLORIANOPOLIS,Não guardar distância de segurança,Colisão lateral,Com Vítimas Feridas,Plena Noite,Decrescente,Céu Claro,Dupla,Reta,Não,2,0,1,0,1,0,1,2,-27.600384,-48.599705,SPRF-SC,DEL01-SC,UOP01-DEL01-SC,2019
212187.0,2019-05-28,terça-feira,09:30:00,SC,282,16.3,PALHOCA,Desobediência às normas de trânsito pelo condutor,Colisão transversal,Com Vítimas Feridas,Pleno dia,Decrescente,Nublado,Simples,Reta,Sim,2,0,0,1,1,0,1,2,-27.658611,-48.681847,SPRF-SC,DEL01-SC,UOP02-DEL01-SC,2019
212374.0,2019-05-29,quarta-feira,11:55:00,SC,282,23.6,SANTO AMARO DA IMPERATRIZ,Desobediência às normas de trânsito pelo condutor,Colisão transversal,Com Vítimas Feridas,Pleno dia,Decrescente,Céu Claro,Simples,Rotatória,Sim,2,0,0,1,1,0,1,2,-27.687958,-48.736794,SPRF-SC,DEL01-SC,UOP03-DEL01-SC,2019
212491.0,2019-05-30,quinta-feira,07:20:00,SC,282,3.1,FLORIANOPOLIS,Ingestão de Álcool,Colisão lateral,Com Vítimas Feridas,Pleno dia,Decrescente,Chuva,Dupla,Reta,Não,3,0,2,0,1,0,2,3,-27.600384,-48.599705,SPRF-SC,DEL01-SC,UOP01-DEL01-SC,2019
212583.0,2019-05-30,quinta-feira,11:15:00,SC,282,54.3,RANCHO QUEIMADO,Velocidade Incompatível,Saída de leito carroçável,Com Vítimas Feridas,Pleno dia,Decrescente,Chuva,Simples,Curva,Não,1,0,1,0,0,0,1,1,-27.685799,-48.974514,SPRF-SC,DEL01-SC,UOP03-DEL01-SC,2019
212882.0,2019-06-01,sábado,05:15:00,SC,480,129.6,CHAPECO,Ingestão de Álcool,Colisão frontal,Com Vítimas Feridas,Plena Noite,Crescente,Céu Claro,Simples,Reta,Sim,3,0,0,2,1,0,2,2,-27.04656607,-52.63577131,SPRF-SC,DEL07-SC,UOP01-DEL07-SC,2019
212977.0,2019-06-01,sábado,18:55:00,SC,282,217.0,LAGES,Ingestão de Álcool,Colisão traseira,Sem Vítimas,Plena Noite,Crescente,Céu Claro,Simples,Interseção de Vias,Sim,2,0,0,0,2,0,0,2,-27.79780881,-50.30250192,SPRF-SC,DEL05-SC,UOP01-DEL05-SC,2019
212989.0,2019-06-01,sábado,17:10:00,SC,282,39.1,AGUAS MORNAS,Restrição de Visibilidade,Colisão transversal,Com Vítimas Feridas,Anoitecer,Crescente,Céu Claro,Simples,Reta,Não,2,0,1,0,1,0,1,2,-27.712439,-48.860607,SPRF-SC,DEL01-SC,UOP03-DEL01-SC,2019
213100.0,2019-06-02,domingo,05:00:00,SC,282,1.5,FLORIANOPOLIS,Falta de Atenção à Condução,Saída de leito carroçável,Com Vítimas Feridas,Plena Noite,Decrescente,Chuva,Simples,Em Obras,Sim,1,0,1,0,0,0,1,1,-27.602955,-48.580509,SPRF-SC,DEL01-SC,UOP01-DEL01-SC,2019
213157.0,2019-06-02,domingo,11:05:00,SC,282,612.8,MARAVILHA,Ultrapassagem Indevida,Colisão frontal,Com Vítimas Feridas,Pleno dia,Crescente,Sol,Simples,Reta,Não,3,0,0,3,0,0,3,2,-26.7650773,-53.25605392,SPRF-SC,DEL07-SC,UOP02-DEL07-SC,2019
213224.0,2019-06-02,domingo,14:30:00,SC,282,48.7,AGUAS MORNAS,Desobediência às normas de trânsito pelo condutor,Colisão lateral,Com Vítimas Fatais,Pleno dia,Decrescente,Garoa/Chuvisco,Simples,Declive;Curva,Não,7,1,4,1,1,0,5,3,-27.714352,-48.938072,SPRF-SC,DEL01-SC,UOP03-DEL01-SC,2019
213319.0,2019-06-03,segunda-feira,06:50:00,SC,282,591.9,SAUDADES,Falta de Atenção à Condução,Tombamento,Com Vítimas Feridas,Amanhecer,Decrescente,Garoa/Chuvisco,Simples,Rotatória,Não,1,0,1,0,0,0,1,1,-26.826925,-53.082031,SPRF-SC,DEL07-SC,UOP02-DEL07-SC,2019
213485.0,2019-06-03,segunda-feira,15:50:00,SC,282,528.0,XAXIM,Falta de Atenção à Condução,Saída de leito carroçável,Sem Vítimas,Pleno dia,Decrescente,Sol,Simples,Curva,Não,1,0,0,0,1,0,0,1,-26.978798,-52.588566,SPRF-SC,DEL07-SC,UOP01-DEL07-SC,2019
213607.0,2019-06-04,terça-feira,13:30:00,SC,282,574.8,PINHALZINHO,Falta de Atenção à Condução,Colisão traseira,Sem Vítimas,Pleno dia,Crescente,Céu Claro,Simples,Reta;Em Obras,Não,2,0,0,0,2,0,0,2,-26.867399,-52.965149,SPRF-SC,DEL07-SC,UOP02-DEL07-SC,2019
213623.0,2019-06-04,terça-feira,14:45:00,SC,282,264.0,SAO JOSE DO CERRITO,Defeito Mecânico no Veículo,Incêndio,Sem Vítimas,Pleno dia,Crescente,Céu Claro,Simples,Reta,Não,1,0,0,0,1,0,0,1,-27.627396,-50.623634,SPRF-SC,DEL05-SC,UOP02-DEL05-SC,2019
213797.0,2019-06-05,quarta-feira,18:30:00,SC,282,216.5,LAGES,Falta de Atenção à Condução,Engavetamento,Sem Vítimas,Plena Noite,Decrescente,Nublado,Simples,Reta,Sim,3,0,0,0,3,0,0,3,-27.797529,-50.291862,SPRF-SC,DEL05-SC,UOP01-DEL05-SC,2019
213818.0,2019-06-05,quarta-feira,19:40:00,SC,282,28.5,SANTO AMARO DA IMPERATRIZ,Desobediência às normas de trânsito pelo condutor,Colisão transversal,Com Vítimas Feridas,Plena Noite,Crescente,Nublado,Simples,Rotatória,Sim,2,0,1,0,1,0,1,2,-27.67478,-48.778904,SPRF-SC,DEL01-SC,UOP03-DEL01-SC,2019
213896.0,2019-06-06,quinta-feira,10:10:00,SC,282,1.0,FLORIANOPOLIS,Ingestão de Álcool,Colisão lateral,Com Vítimas Feridas,Pleno dia,Decrescente,Nublado,Dupla,Reta,Sim,3,0,1,0,2,0,1,3,-27.60144513,-48.57810438,SPRF-SC,DEL01-SC,UOP01-DEL01-SC,2019
213959.0,2019-06-06,quinta-feira,14:35:00,SC,282,384.3,JOACABA,Falta de Atenção à Condução,Colisão traseira,Com Vítimas Feridas,Pleno dia,Crescente,Céu Claro,Simples,Rotatória,Sim,5,0,1,0,4,0,1,2,-27.20299,-51.515095,SPRF-SC,DEL07-SC,UOP05-DEL07-SC,2019
214069.0,2019-06-07,sexta-feira,07:25:00,SC,282,393.0,JOACABA,Ultrapassagem Indevida,Saída de leito carroçável,Sem Vítimas,Pleno dia,Crescente,Céu Claro,Simples,Declive;Curva,Não,1,0,0,0,1,0,0,1,-27.160221,-51.573895,SPRF-SC,DEL07-SC,UOP05-DEL07-SC,2019
214150.0,2019-06-07,sexta-feira,14:00:00,SC,282,2.0,FLORIANOPOLIS,Desobediência às normas de trânsito pelo condutor,Colisão lateral,Com Vítimas Feridas,Pleno dia,Decrescente,Céu Claro,Múltipla,Reta,Sim,2,0,1,0,1,0,1,2,-27.603289,-48.590416,SPRF-SC,DEL01-SC,UOP01-DEL01-SC,2019
214244.0,2019-06-07,sexta-feira,22:20:00,SC,282,217.9,LAGES,Ingestão de Álcool,Colisão com objeto estático,Com Vítimas Feridas,Plena Noite,Crescente,Céu Claro,Dupla,Reta,Sim,1,0,1,0,0,0,1,1,-27.797916,-50.302944,SPRF-SC,DEL05-SC,UOP01-DEL05-SC,2019
214423.0,2019-06-08,sábado,16:00:00,SC,282,102.9,ALFREDO WAGNER,Ingestão de Álcool,Colisão frontal,Sem Vítimas,Pleno dia,Decrescente,Sol,Simples,Curva,Não,2,0,0,0,2,0,0,2,-27.694818,-49.314419,SPRF-SC,DEL01-SC,UOP03-DEL01-SC,2019
214470.0,2019-06-08,sábado,20:00:00,SC,282,218.0,LAGES,Avarias e/ou desgaste excessivo no pneu,Queda de ocupante de veículo,Com Vítimas Feridas,Plena Noite,Decrescente,Nublado,Simples,Rotatória,Sim,1,0,1,0,0,0,1,1,-27.797235,-50.31361,SPRF-SC,DEL05-SC,UOP01-DEL05-SC,2019
214552.0,2019-06-09,domingo,03:40:00,SC,282,219.0,LAGES,Ingestão de Álcool,Colisão com objeto estático,Com Vítimas Feridas,Plena Noite,Crescente,Nublado,Simples,Reta,Sim,1,0,1,0,0,0,1,1,-27.795521,-50.323608,SPRF-SC,DEL05-SC,UOP01-DEL05-SC,2019
214655.0,2019-06-09,domingo,09:25:00,SC,282,57.6,RANCHO QUEIMADO,Velocidade Incompatível,Saída de leito carroçável,Com Vítimas Fatais,Pleno dia,Decrescente,Céu Claro,Simples,Curva,Não,2,1,0,0,0,1,0,2,-27.688864,-48.998455,SPRF-SC,DEL01-SC,UOP03-DEL01-SC,2019
214700.0,2019-06-09,domingo,19:30:00,SC,282,501.0,XANXERE,Falta de Atenção do Pedestre,Atropelamento de Pedestre,Com Vítimas Feridas,Plena Noite,Crescente,Céu Claro,Simples,Reta,Sim,4,0,2,1,1,0,3,3,-26.882715,-52.381729,SPRF-SC,DEL07-SC,UOP01-DEL07-SC,2019
214748.0,2019-06-10,segunda-feira,00:20:00,SC,282,206.6,LAGES,Animais na Pista,Atropelamento de Animal,Sem Vítimas,Plena Noite,Crescente,Céu Claro,Simples,Declive,Não,2,0,0,0,1,1,0,2,-27.771982,-50.192139,SPRF-SC,DEL05-SC,UOP01-DEL05-SC,2019
214782.0,2019-06-09,domingo,18:50:00,SC,282,577.1,PINHALZINHO,Ingestão de Álcool,Colisão frontal,Com Vítimas Feridas,Plena Noite,Crescente,Céu Claro,Simples,Curva,Sim,9,0,2,4,3,0,6,3,-26.84676,-52.980644,SPRF-SC,DEL07-SC,UOP02-DEL07-SC,2019
214945.0,2019-06-10,segunda-feira,20:05:00,SC,282,437.0,IRANI,Falta de Atenção à Condução,Colisão transversal,Com Vítimas Feridas,Plena Noite,Crescente,Céu Claro,Simples,Interseção de Vias,Não,5,0,1,0,4,0,1,2,-26.963764,-51.854839,SPRF-SC,DEL07-SC,UOP04-DEL07-SC,2019
215074.0,2019-06-11,terça-feira,18:45:00,SC,282,2.0,FLORIANOPOLIS,Desobediência às normas de trânsito pelo condutor,Colisão lateral,Com Vítimas Feridas,Plena Noite,Decrescente,Céu Claro,Dupla,Reta,Sim,2,0,1,0,1,0,1,2,-27.603289,-48.590416,SPRF-SC,DEL01-SC,UOP01-DEL01-SC,2019
215205.0,2019-06-12,quarta-feira,12:40:00,SC,282,2.0,FLORIANOPOLIS,Falta de Atenção à Condução,Colisão lateral,Com Vítimas Feridas,Pleno dia,Decrescente,Sol,Dupla,Reta,Não,2,0,1,0,1,0,1,2,-27.603289,-48.590416,SPRF-SC,DEL01-SC,UOP01-DEL01-SC,2019
215265.0,2019-06-12,quarta-feira,17:50:00,SC,282,351.5,CAMPOS NOVOS,Velocidade Incompatível,Colisão com objeto estático,Com Vítimas Feridas,Anoitecer,Crescente,Céu Claro,Simples,Rotatória;Retorno Regulamentado,Não,1,0,0,1,0,0,1,1,-27.361374,-51.301975,SPRF-SC,DEL07-SC,UOP06-DEL07-SC,2019
215350.0,2019-06-13,quinta-feira,06:20:00,SC,282,3.0,FLORIANOPOLIS,Desobediência às normas de trânsito pelo condutor,Colisão lateral,Com Vítimas Feridas,Pleno dia,Decrescente,Céu Claro,Múltipla,Reta,Sim,2,0,1,0,1,0,1,2,-27.600384,-48.599705,SPRF-SC,DEL01-SC,UOP01-DEL01-SC,2019
215366.0,2019-06-13,quinta-feira,08:25:00,SC,282,3.3,FLORIANOPOLIS,Não guardar distância de segurança,Colisão lateral,Com Vítimas Feridas,Pleno dia,Decrescente,Céu Claro,Simples,Reta,Sim,3,0,1,0,1,1,1,3,-27.600384,-48.599705,SPRF-SC,DEL01-SC,UOP01-DEL01-SC,2019
215482.0,2019-06-13,quinta-feira,19:00:00,SC,282,18.0,PALHOCA,Desobediência às normas de trânsito pelo condutor,Colisão transversal,Com Vítimas Feridas,Plena Noite,Crescente,Céu Claro,Simples,Reta,Sim,2,0,0,1,1,0,1,2,-27.672798,-48.694286,SPRF-SC,DEL01-SC,UOP02-DEL01-SC,2019
215634.0,2019-06-14,sexta-feira,16:20:00,SC,282,40.8,AGUAS MORNAS,Desobediência às normas de trânsito pelo condutor,Colisão transversal,Sem Vítimas,Pleno dia,Crescente,Céu Claro,Simples,Reta,Sim,2,0,0,0,2,0,0,2,-27.716148,-48.869583,SPRF-SC,DEL01-SC,UOP03-DEL01-SC,2019
215691.0,2019-06-14,sexta-feira,17:55:00,SC,282,508.5,XANXERE,Não guardar distância de segurança,Colisão traseira,Com Vítimas Feridas,Anoitecer,Decrescente,Céu Claro,Simples,Declive,Não,2,0,1,0,0,1,1,2,-26.887014,-52.448372,SPRF-SC,DEL07-SC,UOP01-DEL07-SC,2019