id,data_inversa,dia_semana,horario,uf,br,km,municipio,causa_acidente,tipo_acidente,classificacao_acidente,fase_dia,sentido_via,condicao_metereologica,tipo_pista,tracado_via,uso_solo,pessoas,mortos,feridos_leves,feridos_graves,ilesos,ignorados,feridos,veiculos,latitude,longitude,regional,delegacia,uop,ano_arquivo
215730.0,2019-06-15,sábado,02:45:00,SC,282,574.7,PINHALZINHO,Ingestão de Álcool,Saída de leito carroçável,Com Vítimas Feridas,Plena Noite,Decrescente,Céu Claro,Simples,Declive,Não,1,0,1,0,0,0,1,1,-26.867399,-52.965149,SPRF-SC,DEL07-SC,UOP02-DEL07-SC,2019
215762.0,2019-06-15,sábado,07:20:00,SC,282,18.8,PALHOCA,Desobediência às normas de trânsito pelo condutor,Colisão transversal,Com Vítimas Feridas,Pleno dia,Crescente,Céu Claro,Simples,Reta,Não,2,0,0,2,0,0,2,2,-27.672798,-48.694286,SPRF-SC,DEL01-SC,UOP02-DEL01-SC,2019
215772.0,2019-06-15,sábado,08:19:00,SC,282,18.0,PALHOCA,Desobediência às normas de trânsito pelo condutor,Colisão transversal,Com Vítimas Feridas,Pleno dia,Crescente,Céu Claro,Simples,Reta,Sim,2,0,1,0,0,1,1,2,-27.672798,-48.694286,SPRF-SC,DEL01-SC,UOP02-DEL01-SC,2019
215877.0,2019-06-15,sábado,17:25:00,SC,282,660.0,SAO MIGUEL DO OESTE,Velocidade Incompatível,Saída de leito carroçável,Sem Vítimas,Pleno dia,Decrescente,Céu Claro,Simples,Reta,Não,1,0,0,0,0,1,0,1,-26.675064,-53.566074,SPRF-SC,DEL07-SC,UOP03-DEL07-SC,2019
215964.0,2019-06-16,domingo,01:45:00,SC,282,345.0,CAMPOS NOVOS,Ingestão de Álcool,Colisão frontal,Com Vítimas Feridas,Plena Noite,Decrescente,Céu Claro,Simples,Reta,Não,4,0,3,1,0,0,4,2,-27.374619,-51.247044,SPRF-SC,DEL07-SC,UOP06-DEL07-SC,2019
215970.0,2019-06-16,domingo,04:30:00,SC,282,491.5,FAXINAL DOS GUEDES,Ingestão de Álcool,Saída de leito carroçável,Sem Vítimas,Plena Noite,Crescente,Céu Claro,Simples,Reta,Não,1,0,0,0,1,0,0,1,-26.872433,-52.291599,SPRF-SC,DEL07-SC,UOP01-DEL07-SC,2019
215988.0,2019-06-16,domingo,04:45:00,SC,282,30.9,SANTO AMARO DA IMPERATRIZ,Ingestão de Álcool,Saída de leito carroçável,Com Vítimas Feridas,Plena Noite,Crescente,Céu Claro,Simples,Reta,Não,1,0,0,1,0,0,1,1,-27.69472881,-48.79344821,SPRF-SC,DEL01-SC,UOP03-DEL01-SC,2019
215989.0,2019-06-15,sábado,22:30:00,SC,282,37.6,AGUAS MORNAS,Velocidade Incompatível,Saída de leito carroçável,Sem Vítimas,Plena Noite,Decrescente,Nublado,Simples,Curva,Não,1,0,0,0,1,0,0,1,-27.707325,-48.842983,SPRF-SC,DEL01-SC,UOP03-DEL01-SC,2019
216046.0,2019-06-16,domingo,12:10:00,SC,282,95.3,ALFREDO WAGNER,Velocidade Incompatível,Saída de leito carroçável,Com Vítimas Feridas,Pleno dia,Crescente,Sol,Simples,Curva,Não,4,0,4,0,0,0,4,1,-27.71188,-49.255035,SPRF-SC,DEL01-SC,UOP03-DEL01-SC,2019
216063.0,2019-06-16,domingo,09:00:00,SC,282,581.3,PINHALZINHO,Falta de Atenção à Condução,Saída de leito carroçável,Sem Vítimas,Pleno dia,Decrescente,Céu Claro,Simples,Reta,Não,1,0,0,0,0,1,0,1,-26.828749,-52.997929,SPRF-SC,DEL07-SC,UOP02-DEL07-SC,2019
216112.0,2019-06-16,domingo,18:05:00,SC,282,604.0,MARAVILHA,Ingestão de Álcool,Colisão traseira,Com Vítimas Feridas,Plena Noite,Crescente,Céu Claro,Simples,Reta;Aclive;Em Obras,Não,4,0,2,0,2,0,2,2,-26.79617953,-53.1927187,SPRF-SC,DEL07-SC,UOP02-DEL07-SC,2019
216149.0,2019-06-16,domingo,19:00:00,SC,282,201.4,LAGES,Ingestão de Álcool,Colisão frontal,Com Vítimas Feridas,Plena Noite,Crescente,Garoa/Chuvisco,Simples,Reta,Não,5,0,3,0,1,1,3,3,-27.760647,-50.143234,SPRF-SC,DEL05-SC,UOP01-DEL05-SC,2019
216186.0,2019-06-16,domingo,21:50:00,SC,282,22.7,PALHOCA,Falta de Atenção à Condução,Queda de ocupante de veículo,Com Vítimas Feridas,Pleno dia,Crescente,Céu Claro,Múltipla,Reta,Não,1,0,0,1,0,0,1,1,-27.688507,-48.72739,SPRF-SC,DEL01-SC,UOP02-DEL01-SC,2019
216192.0,2019-06-16,domingo,22:00:00,SC,282,103.7,ALFREDO WAGNER,Desobediência às normas de trânsito pelo condutor,Colisão lateral,Com Vítimas Feridas,Plena Noite,Decrescente,Nublado,Simples,Reta,Não,4,0,2,0,2,0,2,2,-27.694868,-49.324345,SPRF-SC,DEL01-SC,UOP03-DEL01-SC,2019
216194.0,2019-06-16,domingo,18:20:00,SC,282,469.8,PONTE SERRADA,Falta de Atenção à Condução,Saída de leito carroçável,Com Vítimas Feridas,Anoitecer,Crescente,Céu Claro,Simples,Reta,Não,5,0,3,2,0,0,5,1,-26.857796,-52.113468,SPRF-SC,DEL07-SC,UOP01-DEL07-SC,2019
216199.0,2019-06-16,domingo,22:35:00,SC,282,217.7,LAGES,Velocidade Incompatível,Colisão lateral,Com Vítimas Feridas,Plena Noite,Decrescente,Céu Claro,Dupla,Reta,Sim,3,0,1,0,2,0,1,2,-27.7979566,-50.3009245,SPRF-SC,DEL05-SC,UOP01-DEL05-SC,2019
216230.0,2019-06-16,domingo,20:20:00,SC,282,500.8,XANXERE,Falta de Atenção à Condução,Colisão frontal,Com Vítimas Feridas,Plena Noite,Crescente,Céu Claro,Simples,Reta,Sim,3,0,2,0,1,0,2,2,-26.881372,-52.37252,SPRF-SC,DEL07-SC,UOP01-DEL07-SC,2019
216419.0,2019-06-17,segunda-feira,17:40:00,SC,282,216.5,LAGES,Desobediência às normas de trânsito pelo condutor,Colisão transversal,Sem Vítimas,Pleno dia,Decrescente,Céu Claro,Simples,Curva;Interseção de Vias,Sim,2,0,0,0,2,0,0,2,-27.79722039,-50.29027104,SPRF-SC,DEL05-SC,UOP01-DEL05-SC,2019
216420.0,2019-06-17,segunda-feira,18:00:00,SC,480,124.0,CHAPECO,Velocidade Incompatível,Capotamento,Com Vítimas Fatais,Plena Noite,Crescente,Céu Claro,Dupla,Reta,Sim,1,1,0,0,0,0,0,1,-27.00264897,-52.64434014,SPRF-SC,DEL07-SC,UOP01-DEL07-SC,2019
216443.0,2019-06-17,segunda-feira,22:50:00,SC,282,482.8,FAXINAL DOS GUEDES,Ingestão de álcool e/ou substâncias psicoativas pelo pedestre,Colisão frontal,Com Vítimas Feridas,Plena Noite,Crescente,Céu Claro,Simples,Reta,Não,2,0,1,0,1,0,1,2,-26.863995,-52.218864,SPRF-SC,DEL07-SC,UOP01-DEL07-SC,2019
216498.0,2019-06-18,terça-feira,08:00:00,SC,282,0.8,FLORIANOPOLIS,Objeto estático sobre o leito carroçável,Colisão com objeto estático,Com Vítimas Feridas,Pleno dia,Decrescente,Céu Claro,Múltipla,Reta,Sim,2,0,1,0,1,0,1,2,-27.59845,-48.571995,SPRF-SC,DEL01-SC,UOP01-DEL01-SC,2019
216518.0,2019-06-18,terça-feira,14:20:00,SC,282,5.0,SAO JOSE,Falta de Atenção à Condução,Queda de ocupante de veículo,Com Vítimas Feridas,Pleno dia,Decrescente,Sol,Dupla,Reta,Sim,1,0,1,0,0,0,1,1,-27.588425,-48.612919,SPRF-SC,DEL01-SC,UOP01-DEL01-SC,2019
216726.0,2019-06-19,quarta-feira,15:00:00,SC,282,3.5,FLORIANOPOLIS,Falta de Atenção à Condução,Colisão lateral,Com Vítimas Feridas,Pleno dia,Crescente,Nublado,Dupla,Reta,Sim,2,0,1,0,1,0,1,2,-27.600384,-48.599705,SPRF-SC,DEL01-SC,UOP01-DEL01-SC,2019
216769.0,2019-06-19,quarta-feira,18:35:00,SC,282,19.9,PALHOCA,Desobediência às normas de trânsito pelo condutor,Colisão transversal,Com Vítimas Feridas,Plena Noite,Decrescente,Céu Claro,Simples,Reta,Sim,3,0,1,1,1,0,2,2,-27.678635,-48.70192,SPRF-SC,DEL01-SC,UOP02-DEL01-SC,2019
216805.0,2019-06-19,quarta-feira,18:50:00,SC,282,252.3,SAO JOSE DO CERRITO,Falta de Atenção à Condução,Colisão frontal,Com Vítimas Fatais,Plena Noite,Decrescente,Nublado,Simples,Curva,Não,6,1,1,3,0,1,4,4,-27.691267,-50.561481,SPRF-SC,DEL05-SC,UOP02-DEL05-SC,2019
216838.0,2019-06-20,quinta-feira,06:50:00,SC,282,56.0,RANCHO QUEIMADO,Falta de Atenção à Condução,Colisão com objeto estático,Com Vítimas Feridas,Amanhecer,Decrescente,Céu Claro,Simples,Curva,Não,1,0,1,0,0,0,1,1,-27.691633,-48.991375,SPRF-SC,DEL01-SC,UOP03-DEL01-SC,2019
216842.0,2019-06-20,quinta-feira,03:00:00,SC,282,360.9,ERVAL VELHO,Velocidade Incompatível,Saída de leito carroçável,Com Vítimas Feridas,Plena Noite,Decrescente,Céu Claro,Simples,Reta,Não,1,0,0,1,0,0,1,1,-27.317354,-51.366764,SPRF-SC,DEL07-SC,UOP05-DEL07-SC,2019
216879.0,2019-06-20,quinta-feira,09:48:00,SC,282,609.2,MARAVILHA,Falta de Atenção à Condução,Colisão traseira,Com Vítimas Feridas,Pleno dia,Crescente,Céu Claro,Simples,Reta,Não,2,0,0,1,1,0,1,2,-26.761354,-53.221897,SPRF-SC,DEL07-SC,UOP02-DEL07-SC,2019
216883.0,2019-06-20,quinta-feira,10:51:00,SC,282,63.7,RANCHO QUEIMADO,Não guardar distância de segurança,Engavetamento,Com Vítimas Feridas,Pleno dia,Decrescente,Céu Claro,Simples,Reta,Não,9,0,6,0,3,0,6,5,-27.69654323,-49.05019999,SPRF-SC,DEL01-SC,UOP03-DEL01-SC,2019
216886.0,2019-06-20,quinta-feira,07:45:00,SC,282,286.5,SAO JOSE DO CERRITO,Desobediência às normas de trânsito pelo condutor,Colisão transversal,Sem Vítimas,Pleno dia,Crescente,Nevoeiro/Neblina,Simples,Reta,Não,2,0,0,0,2,0,0,2,-27.570518,-50.809422,SPRF-SC,DEL05-SC,UOP02-DEL05-SC,2019
216951.0,2019-06-20,quinta-feira,18:00:00,SC,282,5.7,SAO JOSE,Ingestão de Álcool,Queda de ocupante de veículo,Com Vítimas Feridas,Plena Noite,Crescente,Nublado,Dupla,Reta,Sim,1,0,1,0,0,0,1,1,-27.588425,-48.612919,SPRF-SC,DEL01-SC,UOP01-DEL01-SC,2019
216974.0,2019-06-20,quinta-feira,20:20:00,SC,282,217.8,LAGES,Desobediência às normas de trânsito pelo condutor,Colisão transversal,Sem Vítimas,Plena Noite,Decrescente,Céu Claro,Simples,Interseção de Vias,Sim,2,0,0,0,2,0,0,2,-27.79806981,-50.30200303,SPRF-SC,DEL05-SC,UOP01-DEL05-SC,2019
217002.0,2019-06-20,quinta-feira,11:00:00,SC,282,215.0,LAGES,Não guardar distância de segurança,Colisão traseira,Com Vítimas Feridas,Pleno dia,Decrescente,Céu Claro,Simples,Reta,Sim,6,0,2,0,4,0,2,2,-27.793665,-50.281799,SPRF-SC,DEL05-SC,UOP01-DEL05-SC,2019
217033.0,2019-06-21,sexta-feira,03:45:00,SC,282,215.2,LAGES,Ingestão de Álcool,Colisão com objeto estático,Sem Vítimas,Plena Noite,Crescente,Céu Claro,Simples,Rotatória,Sim,2,0,0,0,2,0,0,2,-27.793665,-50.281799,SPRF-SC,DEL05-SC,UOP01-DEL05-SC,2019
217098.0,2019-06-01,sábado,14:30:00,SC,282,467.4,PONTE SERRADA,Falta de Atenção à Condução,Colisão frontal,Com Vítimas Feridas,Pleno dia,Crescente,Nublado,Simples,Reta,Não,6,0,1,4,0,1,5,3,-26.854425,-52.096107,SPRF-SC,DEL07-SC,UOP04-DEL07-SC,2019
217139.0,2019-06-21,sexta-feira,17:55:00,SC,282,16.0,PALHOCA,Falta de Atenção à Condução,Colisão transversal,Com Vítimas Feridas,Plena Noite,Crescente,Céu Claro,Dupla,Reta,Sim,3,0,1,1,0,1,2,3,-27.658611,-48.681847,SPRF-SC,DEL01-SC,UOP02-DEL01-SC,2019
217242.0,2019-06-22,sábado,09:55:00,SC,282,672.6,PARAISO,Falta de Atenção à Condução,Colisão transversal,Sem Vítimas,Pleno dia,Crescente,Céu Claro,Simples,Reta,Não,2,0,0,0,2,0,0,2,-26.620388,-53.652367,SPRF-SC,DEL07-SC,UOP03-DEL07-SC,2019
217318.0,2019-06-22,sábado,18:45:00,SC,282,17.3,PALHOCA,Ingestão de Álcool,Colisão traseira,Sem Vítimas,Plena Noite,Decrescente,Céu Claro,Simples,Reta,Sim,2,0,0,0,2,0,0,2,-27.665707,-48.688065,SPRF-SC,DEL01-SC,UOP02-DEL01-SC,2019
217329.0,2019-06-22,sábado,17:05:00,SC,282,490.4,FAXINAL DOS GUEDES,Velocidade Incompatível,Tombamento,Com Vítimas Fatais,Pleno dia,Decrescente,Céu Claro,Simples,Curva,Não,1,1,0,0,0,0,0,1,-26.87497586,-52.28425741,SPRF-SC,DEL07-SC,UOP01-DEL07-SC,2019
217332.0,2019-06-22,sábado,17:30:00,SC,282,507.0,XANXERE,Falta de Atenção à Condução,Colisão transversal,Sem Vítimas,Anoitecer,Decrescente,Céu Claro,Simples,Reta,Sim,2,0,0,0,2,0,0,2,-26.886171,-52.43911,SPRF-SC,DEL07-SC,UOP01-DEL07-SC,2019
217371.0,2019-06-22,sábado,22:30:00,SC,480,128.0,CHAPECO,Velocidade Incompatível,Saída de leito carroçável,Sem Vítimas,Plena Noite,Crescente,Céu Claro,Simples,Reta,Sim,1,0,0,0,0,1,0,1,-27.03781899,-52.63432603,SPRF-SC,DEL07-SC,UOP01-DEL07-SC,2019
217452.0,2019-06-23,domingo,10:45:00,SC,282,395.6,JOACABA,Mal Súbito,Colisão com objeto estático,Com Vítimas Feridas,Pleno dia,Decrescente,Céu Claro,Simples,Reta,Não,1,0,1,0,0,0,1,1,-27.156887,-51.592079,SPRF-SC,DEL07-SC,UOP05-DEL07-SC,2019
217580.0,2019-06-23,domingo,20:00:00,SC,282,580.0,PINHALZINHO,Velocidade Incompatível,Colisão com objeto estático,Com Vítimas Feridas,Plena Noite,Crescente,Céu Claro,Simples,Rotatória,Sim,1,0,1,0,0,0,1,1,-26.832148,-52.994308,SPRF-SC,DEL07-SC,UOP02-DEL07-SC,2019
217736.0,2019-06-24,segunda-feira,13:15:00,SC,282,618.0,IRACEMINHA,Falta de Atenção à Condução,Colisão transversal,Com Vítimas Feridas,Pleno dia,Crescente,Céu Claro,Simples,Retorno Regulamentado;Reta;Em Obras,Não,2,0,1,0,1,0,1,2,-26.788088,-53.293259,SPRF-SC,DEL07-SC,UOP02-DEL07-SC,2019
217944.0,2019-06-25,terça-feira,11:35:00,SC,282,576.0,PINHALZINHO,Falta de Atenção do Pedestre,Atropelamento de Pedestre,Com Vítimas Feridas,Pleno dia,Decrescente,Céu Claro,Simples,Curva,Não,3,0,3,0,0,0,3,2,-26.856054,-52.98011,SPRF-SC,DEL07-SC,UOP02-DEL07-SC,2019
217985.0,2019-06-25,terça-feira,17:50:00,SC,282,2.5,FLORIANOPOLIS,Falta de Atenção à Condução,Colisão traseira,Com Vítimas Feridas,Plena Noite,Crescente,Céu Claro,Dupla,Reta,Sim,2,0,0,1,0,1,1,2,-27.603289,-48.590416,SPRF-SC,DEL01-SC,UOP01-DEL01-SC,2019
218126.0,2019-06-26,quarta-feira,12:00:00,SC,282,80.0,RANCHO QUEIMADO,Velocidade Incompatível,Colisão transversal,Sem Vítimas,Pleno dia,Decrescente,Chuva,Simples,Curva,Não,2,0,0,0,2,0,0,2,-27.663555,-49.159309,SPRF-SC,DEL01-SC,UOP03-DEL01-SC,2019
218128.0,2019-06-26,quarta-feira,13:00:00,SC,282,80.0,RANCHO QUEIMADO,Pista Escorregadia,Colisão transversal,Com Vítimas Feridas,Pleno dia,Decrescente,Chuva,Simples,Curva,Não,3,0,1,0,2,0,1,2,-27.663555,-49.159309,SPRF-SC,DEL01-SC,UOP03-DEL01-SC,2019
218146.0,2019-06-26,quarta-feira,13:15:00,SC,282,344.0,CAMPOS NOVOS,Falta de Atenção à Condução,Queda de ocupante de veículo,Com Vítimas Feridas,Pleno dia,Decrescente,Nublado,Simples,Rotatória,Sim,1,0,0,1,0,0,1,1,-27.381166,-51.240082,SPRF-SC,DEL07-SC,UOP06-DEL07-SC,2019
218161.0,2019-06-26,quarta-feira,13:40:00,SC,282,37.0,AGUAS MORNAS,Falta de Atenção à Condução,Capotamento,Com Vítimas Feridas,Pleno dia,Crescente,Chuva,Simples,Curva,Não,1,0,1,0,0,0,1,1,-27.707325,-48.842983,SPRF-SC,DEL01-SC,UOP03-DEL01-SC,2019
218195.0,2019-06-26,quarta-feira,10:00:00,SC,282,600.0,CUNHA PORA,Falta de Atenção à Condução,Saída de leito carroçável,Sem Vítimas,Pleno dia,Decrescente,Garoa/Chuvisco,Simples,Curva,Não,1,0,0,0,1,0,0,1,-26.816374,-53.163918,SPRF-SC,DEL07-SC,UOP02-DEL07-SC,2019
218203.0,2019-06-26,quarta-feira,19:15:00,SC,282,3.5,FLORIANOPOLIS,Falta de Atenção à Condução,Colisão lateral,Com Vítimas Feridas,Plena Noite,Crescente,Céu Claro,Múltipla,Reta,Sim,2,0,1,0,1,0,1,2,-27.600384,-48.599705,SPRF-SC,DEL01-SC,UOP01-DEL01-SC,2019
218440.0,2019-06-27,quinta-feira,19:10:00,SC,282,340.0,CAMPOS NOVOS,Desobediência às normas de trânsito pelo condutor,Colisão traseira,Com Vítimas Feridas,Plena Noite,Decrescente,Céu Claro,Simples,Reta,Sim,3,0,1,0,2,0,1,2,-27.388266,-51.203793,SPRF-SC,DEL07-SC,UOP06-DEL07-SC,2019
218476.0,2019-06-28,sexta-feira,07:40:00,SC,282,18.0,PALHOCA,Desobediência às normas de trânsito pelo condutor,Queda de ocupante de veículo,Com Vítimas Feridas,Pleno dia,Decrescente,Céu Claro,Simples,Reta,Não,2,0,1,0,1,0,1,2,-27.672798,-48.694286,SPRF-SC,DEL01-SC,UOP02-DEL01-SC,2019
218511.0,2019-06-28,sexta-feira,11:40:00,SC,282,15.0,PALHOCA,Desobediência às normas de trânsito pelo condutor,Colisão traseira,Com Vítimas Feridas,Pleno dia,Crescente,Nublado,Dupla,Reta,Sim,3,0,1,0,2,0,1,2,-27.651848,-48.676048,SPRF-SC,DEL01-SC,UOP02-DEL01-SC,2019
218582.0,2019-06-28,sexta-feira,14:10:00,SC,282,597.2,CUNHA PORA,Falta de Atenção à Condução,Colisão transversal,Com Vítimas Feridas,Pleno dia,Crescente,Céu Claro,Simples,Reta,Não,3,0,0,2,1,0,2,2,-26.82922,-53.138004,SPRF-SC,DEL07-SC,UOP02-DEL07-SC,2019
218630.0,2019-06-28,sexta-feira,20:00:00,SC,282,3.0,FLORIANOPOLIS,Objeto estático sobre o leito carroçável,Colisão traseira,Com Vítimas Feridas,Plena Noite,Crescente,Céu Claro,Dupla,Reta,Não,3,0,0,1,2,0,1,3,-27.600384,-48.599705,SPRF-SC,DEL01-SC,UOP01-DEL01-SC,2019
218711.0,2019-06-29,sábado,07:50:00,SC,282,0.5,FLORIANOPOLIS,Não guardar distância de segurança,Engavetamento,Sem Vítimas,Pleno dia,Decrescente,Céu Claro,Múltipla,Reta,Sim,5,0,0,0,5,0,0,5,-27.59920558,-48.5748589,SPRF-SC,DEL01-SC,UOP01-DEL01-SC,2019
218798.0,2019-06-29,sábado,01:00:00,SC,282,124.6,BOM RETIRO,Velocidade Incompatível,Saída de leito carroçável,Sem Vítimas,Plena Noite,Decrescente,Céu Claro,Simples,Curva,Não,1,0,0,0,0,1,0,1,-27.79869145,-49.41822052,SPRF-SC,DEL05-SC,UOP01-DEL05-SC,2019
218829.0,2019-06-29,sábado,16:30:00,SC,282,137.2,BOM RETIRO,Falta de Atenção do Pedestre,Colisão com objeto estático,Com Vítimas Feridas,Pleno dia,Decrescente,Céu Claro,Simples,Interseção de Vias,Sim,2,0,1,1,0,0,2,1,-27.8218,-49.567032,SPRF-SC,DEL05-SC,UOP01-DEL05-SC,2019
218841.0,2019-06-29,sábado,19:42:00,SC,282,16.4,PALHOCA,Falta de Atenção à Condução,Colisão traseira,Com Vítimas Feridas,Plena Noite,Crescente,Nublado,Simples,Reta,Sim,2,0,1,0,1,0,1,2,-27.658611,-48.681847,SPRF-SC,DEL01-SC,UOP02-DEL01-SC,2019
218864.0,2019-06-29,sábado,17:00:00,SC,282,524.0,XAXIM,Velocidade Incompatível,Colisão lateral,Sem Vítimas,Pleno dia,Decrescente,Sol,Simples,Curva,Não,3,0,0,0,3,0,0,2,-26.96614179,-52.55594373,SPRF-SC,DEL07-SC,UOP01-DEL07-SC,2019
218893.0,2019-06-30,domingo,00:00:00,SC,282,408.2,CATANDUVAS,Falta de Atenção à Condução,Atropelamento de Pedestre,Com Vítimas Feridas,Plena Noite,Crescente,Céu Claro,Simples,Curva,Sim,2,0,0,1,1,0,1,2,-27.074812,-51.663269,SPRF-SC,DEL07-SC,UOP05-DEL07-SC,2019
219000.0,2019-06-30,domingo,05:00:00,SC,282,473.0,VARGEAO,Ingestão de álcool e/ou substâncias psicoativas pelo pedestre,Saída de leito carroçável,Sem Vítimas,Plena Noite,Crescente,Céu Claro,Simples,Reta,Não,1,0,0,0,1,0,0,1,-26.871765,-52.146477,SPRF-SC,DEL07-SC,UOP01-DEL07-SC,2019
219048.0,2019-06-30,domingo,15:05:00,SC,282,216.8,LAGES,Desobediência às normas de trânsito pelo pedestre,Atropelamento de Pedestre,Com Vítimas Feridas,Pleno dia,Decrescente,Céu Claro,Dupla,Reta,Sim,2,0,1,0,1,0,1,2,-27.79793219,-50.30105352,SPRF-SC,DEL05-SC,UOP01-DEL05-SC,2019
219053.0,2019-06-30,domingo,15:15:00,SC,282,252.8,SAO JOSE DO CERRITO,Velocidade Incompatível,Colisão com objeto estático,Com Vítimas Feridas,Pleno dia,Crescente,Céu Claro,Simples,Ponte,Não,2,0,0,1,1,0,1,1,-27.68615024,-50.56586266,SPRF-SC,DEL05-SC,UOP02-DEL05-SC,2019
219174.0,2019-07-01,segunda-feira,07:25:00,SC,282,30.1,SANTO AMARO DA IMPERATRIZ,Pista Escorregadia,Tombamento,Com Vítimas Feridas,Pleno dia,Crescente,Chuva,Simples,Declive,Não,2,0,0,1,1,0,1,2,-27.687376,-48.79071,SPRF-SC,DEL01-SC,UOP03-DEL01-SC,2019
219197.0,2019-07-01,segunda-feira,07:25:00,SC,282,503.3,XANXERE,Falta de Atenção à Condução,Saída de leito carroçável,Com Vítimas Feridas,Pleno dia,Decrescente,Chuva,Dupla,Reta,Sim,1,0,1,0,0,0,1,1,-26.88492,-52.399788,SPRF-SC,DEL07-SC,UOP01-DEL07-SC,2019
219201.0,2019-07-01,segunda-feira,08:00:00,SC,282,55.1,AGUAS MORNAS,Falta de Atenção à Condução,Colisão frontal,Com Vítimas Feridas,Pleno dia,Crescente,Chuva,Simples,Curva,Não,2,0,1,1,0,0,2,2,-27.68905734,-48.98380995,SPRF-SC,DEL01-SC,UOP03-DEL01-SC,2019
219259.0,2019-07-01,segunda-feira,13:50:00,SC,282,35.0,AGUAS MORNAS,Pista Escorregadia,Tombamento,Com Vítimas Feridas,Pleno dia,Decrescente,Chuva,Simples,Curva,Não,1,0,1,0,0,0,1,1,-27.702084,-48.826664,SPRF-SC,DEL01-SC,UOP03-DEL01-SC,2019
219304.0,2019-07-01,segunda-feira,19:00:00,SC,282,263.0,SAO JOSE DO CERRITO,Desobediência às normas de trânsito pelo condutor,Colisão frontal,Com Vítimas Feridas,Plena Noite,Decrescente,Ignorado,Simples,Curva;Interseção de Vias,Não,4,0,1,1,2,0,2,2,-27.632196,-50.615406,SPRF-SC,DEL05-SC,UOP02-DEL05-SC,2019
219313.0,2019-07-01,segunda-feira,17:10:00,SC,282,398.0,JOACABA,Defeito Mecânico no Veículo,Colisão traseira,Sem Vítimas,Pleno dia,Crescente,Chuva,Simples,Curva,Não,2,0,0,0,2,0,0,2,-27.14851958,-51.61162376,SPRF-SC,DEL07-SC,UOP05-DEL07-SC,2019
219322.0,2019-07-01,segunda-feira,17:50:00,SC,282,36.0,AGUAS MORNAS,Animais na Pista,Atropelamento de Animal,Com Vítimas Feridas,Anoitecer,Crescente,Garoa/Chuvisco,Simples,Reta,Não,1,0,0,1,0,0,1,1,-27.704855,-48.834026,SPRF-SC,DEL01-SC,UOP03-DEL01-SC,2019
219436.0,2019-07-02,terça-feira,10:30:00,SC,282,89.0,RANCHO QUEIMADO,Velocidade Incompatível,Colisão frontal,Com Vítimas Feridas,Pleno dia,Decrescente,Chuva,Simples,Curva;Declive,Não,4,0,0,4,0,0,4,2,-27.677973,-49.215893,SPRF-SC,DEL01-SC,UOP03-DEL01-SC,2019
219577.0,2019-07-02,terça-feira,17:20:00,SC,282,502.1,XANXERE,Velocidade Incompatível,Colisão transversal,Sem Vítimas,Plena Noite,Decrescente,Chuva,Simples,Reta,Sim,2,0,0,0,2,0,0,2,-26.884584,-52.390911,SPRF-SC,DEL07-SC,UOP01-DEL07-SC,2019
219598.0,2019-06-26,quarta-feira,07:05:00,SC,282,506.9,XANXERE,Falta de Atenção à Condução,Colisão traseira,Com Vítimas Feridas,Amanhecer,Crescente,Nevoeiro/Neblina,Múltipla,Interseção de Vias,Sim,2,0,1,0,1,0,1,2,-26.88529192,-52.43546963,SPRF-SC,DEL07-SC,UOP01-DEL07-SC,2019
219613.0,2019-03-13,quarta-feira,20:27:00,SC,282,348.0,CAMPOS NOVOS,Velocidade Incompatível,Saída de leito carroçável,Sem Vítimas,Plena Noite,Decrescente,Chuva,Simples,Curva,Não,1,0,0,0,0,1,0,1,-27.361637,-51.273197,SPRF-SC,DEL07-SC,UOP06-DEL07-SC,2019
219825.0,2019-07-04,quinta-feira,15:40:00,SC,282,16.5,PALHOCA,Desobediência às normas de trânsito pelo condutor,Colisão frontal,Com Vítimas Feridas,Pleno dia,Crescente,Céu Claro,Simples,Reta,Sim,3,0,1,1,1,0,2,2,-27.658611,-48.681847,SPRF-SC,DEL01-SC,UOP02-DEL01-SC,2019
219873.0,2019-07-04,quinta-feira,18:00:00,SC,282,520.0,XAXIM,Falta de Atenção à Condução,Colisão com objeto estático,Com Vítimas Feridas,Anoitecer,Decrescente,Sol,Simples,Curva,Sim,1,0,1,0,0,0,1,1,-26.950415,-52.526096,SPRF-SC,DEL07-SC,UOP01-DEL07-SC,2019
220063.0,2019-06-03,segunda-feira,17:50:00,SC,282,3.0,FLORIANOPOLIS,Não guardar distância de segurança,Colisão lateral,Com Vítimas Feridas,Plena Noite,Crescente,Céu Claro,Dupla,Curva,Sim,3,0,2,0,1,0,2,3,-27.600384,-48.599705,SPRF-SC,DEL01-SC,UOP01-DEL01-SC,2019
220178.0,2019-07-05,sexta-feira,23:45:00,SC,282,26.9,SANTO AMARO DA IMPERATRIZ,Ingestão de Álcool,Colisão frontal,Com Vítimas Fatais,Plena Noite,Decrescente,Céu Claro,Simples,Reta,Sim,2,1,0,1,0,0,1,2,-27.680267,-48.762482,SPRF-SC,DEL01-SC,UOP03-DEL01-SC,2019