id,data_inversa,dia_semana,horario,uf,br,km,municipio,causa_acidente,tipo_acidente,classificacao_acidente,fase_dia,sentido_via,condicao_metereologica,tipo_pista,tracado_via,uso_solo,pessoas,mortos,feridos_leves,feridos_graves,ilesos,ignorados,feridos,veiculos,latitude,longitude,regional,delegacia,uop,ano_arquivo
226044.0,2019-08-01,quinta-feira,18:45:00,SC,282,554.7,NOVA ITABERABA,Sinalização da via insuficiente ou inadequada,Colisão com objeto estático,Com Vítimas Fatais,Plena Noite,Decrescente,Céu Claro,Simples,Interseção de Vias,Não,3,1,1,0,1,0,1,2,-26.93638802,-52.80166626,SPRF-SC,DEL07-SC,UOP01-DEL07-SC,2019
226058.0,2019-08-01,quinta-feira,21:20:00,SC,282,516.1,XAXIM,Falta de Atenção à Condução,Capotamento,Com Vítimas Feridas,Plena Noite,Crescente,Céu Claro,Simples,Aclive;Curva,Não,1,0,1,0,0,0,1,1,-26.93004774,-52.49952614,SPRF-SC,DEL07-SC,UOP01-DEL07-SC,2019
226084.0,2019-08-02,sexta-feira,06:20:00,SC,282,5.0,SAO JOSE,Ingestão de Álcool,Colisão com objeto estático,Sem Vítimas,Amanhecer,Crescente,Céu Claro,Dupla,Reta,Sim,2,0,0,0,2,0,0,1,-27.588425,-48.612919,SPRF-SC,DEL01-SC,UOP01-DEL01-SC,2019
226200.0,2019-08-02,sexta-feira,14:50:00,SC,282,305.0,VARGEM,Pista Escorregadia,Colisão com objeto estático,Sem Vítimas,Pleno dia,Crescente,Chuva,Simples,Curva;Declive,Não,2,0,0,0,2,0,0,1,-27.50050618,-50.95180035,SPRF-SC,DEL07-SC,UOP06-DEL07-SC,2019
226299.0,2019-08-03,sábado,02:45:00,SC,282,307.3,VARGEM,Ingestão de Álcool,Saída de leito carroçável,Com Vítimas Fatais,Plena Noite,Crescente,Céu Claro,Simples,Reta,Não,2,1,1,0,0,0,1,1,-27.495266,-50.962605,SPRF-SC,DEL07-SC,UOP06-DEL07-SC,2019
226499.0,2019-08-03,sábado,22:30:00,SC,282,275.0,SAO JOSE DO CERRITO,Condutor Dormindo,Colisão frontal,Sem Vítimas,Plena Noite,Crescente,Céu Claro,Simples,Reta,Sim,3,0,0,0,1,2,0,2,-27.5859425,-50.7387259,SPRF-SC,DEL05-SC,UOP02-DEL05-SC,2019
226632.0,2019-08-04,domingo,14:00:00,SC,282,510.1,XANXERE,Desobediência às normas de trânsito pelo condutor,Colisão frontal,Com Vítimas Feridas,Pleno dia,Decrescente,Céu Claro,Simples,Curva,Não,3,0,0,1,1,1,1,3,-26.897114,-52.463585,SPRF-SC,DEL07-SC,UOP01-DEL07-SC,2019
226657.0,2019-08-04,domingo,15:50:00,SC,282,217.5,LAGES,Falta de Atenção à Condução,Colisão traseira,Com Vítimas Feridas,Pleno dia,Decrescente,Céu Claro,Dupla,Rotatória,Sim,3,0,1,0,2,0,1,2,-27.797916,-50.302944,SPRF-SC,DEL05-SC,UOP01-DEL05-SC,2019
227047.0,2019-08-06,terça-feira,11:25:00,SC,282,576.9,PINHALZINHO,Desobediência às normas de trânsito pelo condutor,Colisão transversal,Com Vítimas Feridas,Pleno dia,Decrescente,Céu Claro,Simples,Reta,Não,4,0,3,0,1,0,3,2,-26.856054,-52.98011,SPRF-SC,DEL07-SC,UOP02-DEL07-SC,2019
227143.0,2019-08-07,quarta-feira,06:20:00,SC,282,103.8,ALFREDO WAGNER,Falta de Atenção à Condução,Colisão lateral,Com Vítimas Feridas,Amanhecer,Decrescente,Céu Claro,Simples,Reta,Sim,2,0,0,1,0,1,1,2,-27.69601126,-49.33185339,SPRF-SC,DEL01-SC,UOP03-DEL01-SC,2019
227310.0,2019-08-07,quarta-feira,22:10:00,SC,282,217.9,LAGES,Falta de Atenção do Pedestre,Atropelamento de Pedestre,Com Vítimas Feridas,Plena Noite,Decrescente,Céu Claro,Dupla,Reta,Sim,3,0,0,2,0,1,2,2,-27.79801112,-50.30362077,SPRF-SC,DEL05-SC,UOP01-DEL05-SC,2019
227322.0,2019-08-07,quarta-feira,23:00:00,SC,282,554.7,NOVA ITABERABA,Ingestão de álcool e/ou substâncias psicoativas pelo pedestre,Colisão com objeto estático,Sem Vítimas,Plena Noite,Crescente,Céu Claro,Simples,Rotatória,Não,1,0,0,0,1,0,0,1,-26.936268,-52.800812,SPRF-SC,DEL07-SC,UOP01-DEL07-SC,2019
227415.0,2019-08-08,quinta-feira,10:10:00,SC,282,420.0,VARGEM BONITA,Velocidade Incompatível,Capotamento,Com Vítimas Feridas,Pleno dia,Crescente,Garoa/Chuvisco,Simples,Curva,Não,2,0,2,0,0,0,2,1,-27.014505,-51.736427,SPRF-SC,DEL07-SC,UOP05-DEL07-SC,2019
227432.0,2019-08-08,quinta-feira,13:50:00,SC,282,216.6,LAGES,Desobediência às normas de trânsito pelo condutor,Colisão traseira,Com Vítimas Feridas,Pleno dia,Crescente,Nublado,Simples,Aclive,Sim,2,0,1,0,1,0,1,2,-27.797529,-50.291862,SPRF-SC,DEL05-SC,UOP01-DEL05-SC,2019
227448.0,2019-08-08,quinta-feira,15:05:00,SC,282,215.5,LAGES,Falta de Atenção à Condução,Colisão traseira,Sem Vítimas,Pleno dia,Crescente,Céu Claro,Simples,Reta,Sim,2,0,0,0,2,0,0,2,-27.793665,-50.281799,SPRF-SC,DEL05-SC,UOP01-DEL05-SC,2019
227455.0,2019-08-05,segunda-feira,01:30:00,SC,282,596.0,SAUDADES,Animais na Pista,Atropelamento de Animal,Sem Vítimas,Plena Noite,Decrescente,Céu Claro,Simples,Reta,Não,1,0,0,0,1,0,0,1,-26.829437,-53.127995,SPRF-SC,DEL07-SC,UOP02-DEL07-SC,2019
227486.0,2019-08-08,quinta-feira,18:10:00,SC,282,216.0,LAGES,Falta de Atenção à Condução,Engavetamento,Com Vítimas Feridas,Anoitecer,Decrescente,Nublado,Simples,Reta,Não,3,0,0,1,2,0,1,3,-27.797529,-50.291862,SPRF-SC,DEL05-SC,UOP01-DEL05-SC,2019
227607.0,2019-08-09,sexta-feira,09:25:00,SC,282,540.9,CHAPECO,Falta de Atenção à Condução,Tombamento,Com Vítimas Feridas,Pleno dia,Crescente,Sol,Simples,Curva,Não,2,0,2,0,0,0,2,1,-26.994461,-52.690178,SPRF-SC,DEL07-SC,UOP01-DEL07-SC,2019
227617.0,2019-08-09,sexta-feira,08:30:00,SC,282,176.0,BOCAINA DO SUL,Falta de Atenção à Condução,Saída de leito carroçável,Com Vítimas Feridas,Pleno dia,Crescente,Céu Claro,Simples,Reta,Não,1,0,1,0,0,0,1,1,-27.74011,-49.901859,SPRF-SC,DEL05-SC,UOP01-DEL05-SC,2019
227686.0,2019-08-09,sexta-feira,16:50:00,SC,282,58.0,RANCHO QUEIMADO,Falta de Atenção à Condução,Colisão transversal,Com Vítimas Feridas,Pleno dia,Decrescente,Céu Claro,Simples,Interseção de Vias,Não,2,0,0,1,1,0,1,2,-27.683594,-49.005539,SPRF-SC,DEL01-SC,UOP03-DEL01-SC,2019
227688.0,2019-08-09,sexta-feira,15:30:00,SC,282,250.2,SAO JOSE DO CERRITO,Falta de Atenção à Condução,Colisão transversal,Com Vítimas Feridas,Pleno dia,Crescente,Sol,Simples,Curva,Não,2,0,1,0,1,0,1,2,-27.697491,-50.543484,SPRF-SC,DEL05-SC,UOP02-DEL05-SC,2019
227710.0,2019-08-09,sexta-feira,18:30:00,SC,282,23.8,SANTO AMARO DA IMPERATRIZ,Falta de Atenção à Condução,Colisão transversal,Com Vítimas Feridas,Plena Noite,Crescente,Céu Claro,Simples,Reta,Não,2,0,0,1,1,0,1,2,-27.687958,-48.736794,SPRF-SC,DEL01-SC,UOP03-DEL01-SC,2019
227750.0,2019-08-09,sexta-feira,21:50:00,SC,282,217.9,LAGES,Sinalização da via insuficiente ou inadequada,Atropelamento de Pedestre,Com Vítimas Fatais,Plena Noite,Crescente,Céu Claro,Simples,Reta,Sim,3,1,0,0,0,2,0,2,-27.797916,-50.302944,SPRF-SC,DEL05-SC,UOP01-DEL05-SC,2019
227843.0,2019-08-10,sábado,06:00:00,SC,282,479.6,VARGEAO,Ingestão de Álcool,Saída de leito carroçável,Sem Vítimas,Amanhecer,Crescente,Nublado,Simples,Reta,Não,1,0,0,0,1,0,0,1,-26.874542,-52.194351,SPRF-SC,DEL07-SC,UOP01-DEL07-SC,2019
227987.0,2019-08-10,sábado,22:00:00,SC,282,16.5,PALHOCA,Desobediência às normas de trânsito pelo condutor,Colisão lateral,Com Vítimas Feridas,Plena Noite,Decrescente,Céu Claro,Simples,Reta,Sim,3,0,0,2,1,0,2,2,-27.658611,-48.681847,SPRF-SC,DEL01-SC,UOP02-DEL01-SC,2019
228049.0,2019-08-11,domingo,04:30:00,SC,282,389.9,JOACABA,Ingestão de Álcool,Saída de leito carroçável,Com Vítimas Feridas,Plena Noite,Decrescente,Nevoeiro/Neblina,Simples,Rotatória,Sim,2,0,1,0,1,0,1,1,-27.178604,-51.541367,SPRF-SC,DEL07-SC,UOP05-DEL07-SC,2019
228152.0,2019-08-11,domingo,11:20:00,SC,282,69.0,RANCHO QUEIMADO,Velocidade Incompatível,Colisão frontal,Com Vítimas Feridas,Pleno dia,Crescente,Chuva,Simples,Curva,Não,14,0,0,8,6,0,8,4,-27.690144,-49.083813,SPRF-SC,DEL01-SC,UOP03-DEL01-SC,2019
228162.0,2019-08-11,domingo,14:30:00,SC,282,532.2,CORDILHEIRA ALTA,Falta de Atenção à Condução,Colisão transversal,Com Vítimas Feridas,Pleno dia,Crescente,Céu Claro,Simples,Reta,Não,4,0,1,1,2,0,2,2,-26.996822,-52.615528,SPRF-SC,DEL07-SC,UOP01-DEL07-SC,2019
228177.0,2019-08-11,domingo,16:20:00,SC,282,341.6,CAMPOS NOVOS,Falta de Atenção à Condução,Colisão traseira,Com Vítimas Feridas,Pleno dia,Decrescente,Céu Claro,Simples,Reta,Sim,3,0,1,0,2,0,1,2,-27.389957,-51.213387,SPRF-SC,DEL07-SC,UOP06-DEL07-SC,2019
228208.0,2019-08-11,domingo,17:55:00,SC,282,619.0,IRACEMINHA,Mal Súbito,Colisão traseira,Com Vítimas Feridas,Anoitecer,Crescente,Céu Claro,Simples,Reta,Não,4,0,1,0,3,0,1,4,-26.794798,-53.299477,SPRF-SC,DEL07-SC,UOP02-DEL07-SC,2019
228215.0,2019-08-11,domingo,15:30:00,SC,282,413.0,CATANDUVAS,Defeito Mecânico no Veículo,Tombamento,Com Vítimas Feridas,Pleno dia,Decrescente,Céu Claro,Simples,Curva;Aclive,Não,2,0,1,0,1,0,1,1,-27.053736,-51.698277,SPRF-SC,DEL07-SC,UOP05-DEL07-SC,2019
228433.0,2019-08-12,segunda-feira,19:30:00,SC,282,4.0,SAO JOSE,Não guardar distância de segurança,Colisão traseira,Com Vítimas Feridas,Plena Noite,Crescente,Céu Claro,Múltipla,Reta,Sim,2,0,1,0,1,0,1,2,-27.59670813,-48.60083697,SPRF-SC,DEL01-SC,UOP01-DEL01-SC,2019
228558.0,2019-08-13,terça-feira,14:35:00,SC,282,3.5,FLORIANOPOLIS,Defeito Mecânico no Veículo,Incêndio,Sem Vítimas,Pleno dia,Decrescente,Céu Claro,Múltipla,Reta,Sim,1,0,0,0,1,0,0,1,-27.600384,-48.599705,SPRF-SC,DEL01-SC,UOP01-DEL01-SC,2019
228711.0,2019-08-14,quarta-feira,14:00:00,SC,282,6.0,SAO JOSE,Não guardar distância de segurança,Colisão lateral,Com Vítimas Feridas,Pleno dia,Decrescente,Céu Claro,Dupla,Reta,Sim,2,0,1,0,1,0,1,2,-27.5843468,-48.60722055,SPRF-SC,DEL01-SC,UOP01-DEL01-SC,2019
228764.0,2019-08-14,quarta-feira,18:40:00,SC,282,571.5,NOVA ERECHIM,Falta de Atenção à Condução,Colisão lateral,Com Vítimas Feridas,Plena Noite,Decrescente,Céu Claro,Simples,Reta,Não,3,0,3,0,0,0,3,2,-26.883053,-52.939816,SPRF-SC,DEL07-SC,UOP02-DEL07-SC,2019
228880.0,2019-07-14,domingo,20:00:00,SC,282,6.0,SAO JOSE,Falta de Atenção à Condução,Colisão com objeto estático,Com Vítimas Feridas,Plena Noite,Decrescente,Chuva,Dupla,Curva,Sim,2,0,1,1,0,0,2,1,-27.591936,-48.618244,SPRF-SC,DEL01-SC,UOP01-DEL01-SC,2019
228906.0,2019-08-15,quinta-feira,08:00:00,SC,480,124.8,CHAPECO,Falta de Atenção à Condução,Saída de leito carroçável,Com Vítimas Feridas,Pleno dia,Decrescente,Sol,Simples,Reta,Sim,1,0,1,0,0,0,1,1,-27.00359519,-52.64391044,SPRF-SC,DEL07-SC,UOP01-DEL07-SC,2019
228920.0,2019-08-15,quinta-feira,10:45:00,SC,282,1.0,FLORIANOPOLIS,Defeito Mecânico no Veículo,Tombamento,Com Vítimas Feridas,Pleno dia,Decrescente,Céu Claro,Dupla,Reta,Não,2,0,2,0,0,0,2,1,-27.602955,-48.580509,SPRF-SC,DEL01-SC,UOP01-DEL01-SC,2019
228975.0,2019-08-15,quinta-feira,21:20:00,SC,282,129.4,BOM RETIRO,Falta de Atenção à Condução,Colisão frontal,Com Vítimas Feridas,Plena Noite,Decrescente,Céu Claro,Simples,Reta,Sim,2,0,1,0,1,0,1,2,-27.800129,-49.496468,SPRF-SC,DEL05-SC,UOP01-DEL05-SC,2019
229078.0,2019-08-16,sexta-feira,13:15:00,SC,282,4.0,FLORIANOPOLIS,Desobediência às normas de trânsito pelo condutor,Colisão lateral,Com Vítimas Feridas,Pleno dia,Decrescente,Céu Claro,Múltipla,Reta,Sim,2,0,0,1,1,0,1,2,-27.592646,-48.604034,SPRF-SC,DEL01-SC,UOP01-DEL01-SC,2019
229176.0,2019-08-16,sexta-feira,18:20:00,SC,282,211.7,LAGES,Ultrapassagem Indevida,Saída de leito carroçável,Com Vítimas Feridas,Plena Noite,Crescente,Céu Claro,Simples,Reta;Declive,Não,2,0,1,0,1,0,1,1,-27.78077164,-50.24468422,SPRF-SC,DEL05-SC,UOP01-DEL05-SC,2019
229217.0,2019-08-17,sábado,02:20:00,SC,282,639.2,DESCANSO,Ingestão de álcool e/ou substâncias psicoativas pelo pedestre,Saída de leito carroçável,Com Vítimas Feridas,Plena Noite,Decrescente,Céu Claro,Simples,Curva,Não,1,0,1,0,0,0,1,1,-26.793066,-53.451859,SPRF-SC,DEL07-SC,UOP03-DEL07-SC,2019
229229.0,2019-08-17,sábado,05:00:00,SC,282,407.3,CATANDUVAS,Ingestão de Álcool,Capotamento,Com Vítimas Feridas,Plena Noite,Crescente,Céu Claro,Simples,Reta,Não,1,0,1,0,0,0,1,1,-27.083517,-51.662014,SPRF-SC,DEL07-SC,UOP05-DEL07-SC,2019
229262.0,2019-08-17,sábado,08:55:00,SC,282,304.0,VARGEM,Condutor Dormindo,Saída de leito carroçável,Com Vítimas Feridas,Pleno dia,Decrescente,Céu Claro,Simples,Reta,Não,4,0,1,0,3,0,1,1,-27.496103,-50.940418,SPRF-SC,DEL07-SC,UOP06-DEL07-SC,2019
229562.0,2019-08-18,domingo,09:50:00,SC,282,423.2,VARGEM BONITA,Velocidade Incompatível,Saída de leito carroçável,Com Vítimas Feridas,Pleno dia,Crescente,Garoa/Chuvisco,Simples,Curva,Não,1,0,1,0,0,0,1,1,-26.99556,-51.752289,SPRF-SC,DEL07-SC,UOP05-DEL07-SC,2019
229566.0,2019-08-18,domingo,16:20:00,SC,282,41.0,AGUAS MORNAS,Falta de Atenção à Condução,Colisão transversal,Com Vítimas Feridas,Pleno dia,Crescente,Chuva,Simples,Reta,Não,2,0,0,1,1,0,1,2,-27.715973,-48.878979,SPRF-SC,DEL01-SC,UOP03-DEL01-SC,2019
229581.0,2019-08-18,domingo,16:05:00,SC,282,389.0,JOACABA,Desobediência às normas de trânsito pelo condutor,Colisão lateral,Com Vítimas Feridas,Pleno dia,Crescente,Nublado,Simples,Aclive,Não,2,0,1,0,1,0,1,2,-27.178604,-51.541367,SPRF-SC,DEL07-SC,UOP05-DEL07-SC,2019
229633.0,2019-08-18,domingo,19:10:00,SC,282,100.7,ALFREDO WAGNER,Velocidade Incompatível,Colisão frontal,Com Vítimas Feridas,Plena Noite,Crescente,Chuva,Simples,Curva,Não,4,0,1,2,1,0,3,3,-27.698915,-49.297039,SPRF-SC,DEL01-SC,UOP03-DEL01-SC,2019
229648.0,2019-08-18,domingo,18:23:00,SC,282,576.0,PINHALZINHO,Falta de Atenção à Condução,Colisão transversal,Com Vítimas Feridas,Plena Noite,Decrescente,Nublado,Simples,Reta,Não,4,0,4,0,0,0,4,2,-26.856054,-52.98011,SPRF-SC,DEL07-SC,UOP02-DEL07-SC,2019
229657.0,2019-08-18,domingo,16:20:00,SC,282,561.9,NOVA ERECHIM,Velocidade Incompatível,Colisão traseira,Com Vítimas Feridas,Plena Noite,Crescente,Nublado,Simples,Aclive,Não,3,0,0,1,2,0,1,2,-26.919464,-52.861614,SPRF-SC,DEL07-SC,UOP02-DEL07-SC,2019
229702.0,2019-08-19,segunda-feira,01:30:00,SC,282,20.2,PALHOCA,Velocidade Incompatível,Saída de leito carroçável,Com Vítimas Fatais,Plena Noite,Crescente,Chuva,Simples,Curva,Sim,1,1,0,0,0,0,0,1,-27.683958,-48.71006,SPRF-SC,DEL01-SC,UOP02-DEL01-SC,2019
229823.0,2019-08-19,segunda-feira,18:00:00,SC,282,23.9,SANTO AMARO DA IMPERATRIZ,Velocidade Incompatível,Colisão frontal,Com Vítimas Feridas,Anoitecer,Decrescente,Nublado,Simples,Curva,Sim,6,0,1,3,0,2,4,3,-27.687958,-48.736794,SPRF-SC,DEL01-SC,UOP03-DEL01-SC,2019
229925.0,2019-08-20,terça-feira,07:40:00,SC,282,489.9,FAXINAL DOS GUEDES,Falta de Atenção à Condução,Colisão transversal,Com Vítimas Feridas,Pleno dia,Decrescente,Nublado,Simples,Reta,Não,2,0,2,0,0,0,2,2,-26.870375,-52.274731,SPRF-SC,DEL07-SC,UOP01-DEL07-SC,2019
230033.0,2019-08-20,terça-feira,18:50:00,SC,282,17.9,PALHOCA,Não guardar distância de segurança,Colisão traseira,Com Vítimas Feridas,Plena Noite,Decrescente,Nublado,Simples,Reta,Sim,4,0,2,0,2,0,2,3,-27.67045437,-48.69140625,SPRF-SC,DEL01-SC,UOP02-DEL01-SC,2019
230309.0,2019-08-22,quinta-feira,03:30:00,SC,282,497.7,XANXERE,Ingestão de Álcool,Colisão traseira,Com Vítimas Feridas,Plena Noite,Decrescente,Céu Claro,Simples,Reta,Não,3,0,1,0,2,0,1,2,-26.880062,-52.344685,SPRF-SC,DEL07-SC,UOP01-DEL07-SC,2019
230327.0,2019-08-22,quinta-feira,06:30:00,SC,282,541.1,CHAPECO,Falta de Atenção à Condução,Colisão transversal,Com Vítimas Feridas,Amanhecer,Decrescente,Garoa/Chuvisco,Simples,Reta,Não,3,0,1,0,2,0,1,3,-26.997713,-52.699165,SPRF-SC,DEL07-SC,UOP01-DEL07-SC,2019
230455.0,2019-08-19,segunda-feira,06:00:00,SC,282,580.4,PINHALZINHO,Ultrapassagem Indevida,Colisão frontal,Com Vítimas Feridas,Pleno dia,Decrescente,Sol,Simples,Reta,Não,2,0,0,1,1,0,1,2,-26.832148,-52.994308,SPRF-SC,DEL07-SC,UOP02-DEL07-SC,2019
230644.0,2019-08-23,sexta-feira,19:30:00,SC,282,3.6,FLORIANOPOLIS,Falta de Atenção à Condução,Colisão lateral,Com Vítimas Feridas,Plena Noite,Crescente,Céu Claro,Múltipla,Reta,Sim,3,0,2,0,1,0,2,3,-27.600384,-48.599705,SPRF-SC,DEL01-SC,UOP01-DEL01-SC,2019
230667.0,2019-08-23,sexta-feira,20:40:00,SC,282,499.9,XANXERE,Ingestão de álcool e/ou substâncias psicoativas pelo pedestre,Atropelamento de Pedestre,Com Vítimas Feridas,Plena Noite,Decrescente,Céu Claro,Simples,Reta,Sim,2,0,1,0,1,0,1,2,-26.880869,-52.363121,SPRF-SC,DEL07-SC,UOP01-DEL07-SC,2019
230738.0,2019-08-24,sábado,06:50:00,SC,282,18.0,PALHOCA,Ingestão de Álcool,Colisão frontal,Com Vítimas Feridas,Pleno dia,Crescente,Céu Claro,Simples,Reta,Sim,2,0,1,0,1,0,1,2,-27.672798,-48.694286,SPRF-SC,DEL01-SC,UOP02-DEL01-SC,2019
230891.0,2019-08-24,sábado,18:35:00,SC,282,459.0,PONTE SERRADA,Ultrapassagem Indevida,Colisão frontal,Com Vítimas Fatais,Plena Noite,Crescente,Céu Claro,Simples,Reta,Não,9,1,6,0,1,1,6,3,-26.88813349,-51.99615967,SPRF-SC,DEL07-SC,UOP04-DEL07-SC,2019
230898.0,2019-08-24,sábado,20:20:00,SC,282,465.2,PONTE SERRADA,Velocidade Incompatível,Colisão traseira,Com Vítimas Feridas,Plena Noite,Crescente,Céu Claro,Simples,Reta,Não,4,0,2,0,2,0,2,2,-26.853325,-52.07745,SPRF-SC,DEL07-SC,UOP04-DEL07-SC,2019
231054.0,2019-08-25,domingo,16:30:00,SC,282,181.0,BOCAINA DO SUL,Falta de Atenção à Condução,Saída de leito carroçável,Com Vítimas Feridas,Pleno dia,Crescente,Céu Claro,Simples,Rotatória,Sim,3,0,3,0,0,0,3,1,-27.738342,-49.948807,SPRF-SC,DEL05-SC,UOP01-DEL05-SC,2019
231276.0,2019-08-27,terça-feira,08:30:00,SC,480,124.9,CHAPECO,Velocidade Incompatível,Colisão lateral,Com Vítimas Feridas,Pleno dia,Decrescente,Sol,Dupla,Reta,Não,2,0,1,0,1,0,1,2,-27.00359519,-52.64391044,SPRF-SC,DEL07-SC,UOP01-DEL07-SC,2019
231281.0,2019-08-27,terça-feira,10:40:00,SC,282,3.0,FLORIANOPOLIS,Falta de Atenção à Condução,Colisão traseira,Com Vítimas Feridas,Pleno dia,Decrescente,Nublado,Dupla,Reta,Não,2,0,1,0,1,0,1,2,-27.600384,-48.599705,SPRF-SC,DEL01-SC,UOP01-DEL01-SC,2019
231372.0,2019-08-27,terça-feira,22:00:00,SC,282,535.7,CHAPECO,Falta de Atenção à Condução,Colisão com objeto estático,Sem Vítimas,Plena Noite,Decrescente,Céu Claro,Simples,Rotatória,Sim,1,0,0,0,1,0,0,1,-27.00082862,-52.65071154,SPRF-SC,DEL07-SC,UOP01-DEL07-SC,2019
231385.0,2019-08-28,quarta-feira,01:30:00,SC,282,1.0,FLORIANOPOLIS,Velocidade Incompatível,Colisão com objeto estático,Sem Vítimas,Plena Noite,Crescente,Nublado,Dupla,Reta,Não,1,0,0,0,0,1,0,1,-27.602955,-48.580509,SPRF-SC,DEL01-SC,UOP01-DEL01-SC,2019
231432.0,2019-08-28,quarta-feira,08:30:00,SC,282,222.0,LAGES,Defeito Mecânico no Veículo,Danos eventuais,Sem Vítimas,Pleno dia,Decrescente,Nublado,Simples,Curva,Não,1,0,0,0,1,0,0,1,-27.797739,-50.353409,SPRF-SC,DEL05-SC,UOP01-DEL05-SC,2019
231542.0,2019-08-28,quarta-feira,18:45:00,SC,282,0.1,FLORIANOPOLIS,Desobediência às normas de trânsito pelo condutor,Colisão lateral,Com Vítimas Feridas,Plena Noite,Crescente,Céu Claro,Múltipla,Reta,Sim,4,0,2,0,2,0,2,3,-27.59845,-48.571995,SPRF-SC,DEL01-SC,UOP01-DEL01-SC,2019
231602.0,2019-08-29,quinta-feira,04:00:00,SC,282,504.0,XANXERE,Ingestão de álcool e/ou substâncias psicoativas pelo pedestre,Colisão com objeto estático,Com Vítimas Feridas,Plena Noite,Decrescente,Céu Claro,Dupla,Curva,Não,1,0,1,0,0,0,1,1,-26.884279,-52.408466,SPRF-SC,DEL07-SC,UOP01-DEL07-SC,2019
231621.0,2019-08-29,quinta-feira,08:25:00,SC,282,3.0,FLORIANOPOLIS,Desobediência às normas de trânsito pelo condutor,Colisão lateral,Com Vítimas Feridas,Pleno dia,Decrescente,Nublado,Múltipla,Curva,Sim,2,0,1,0,1,0,1,2,-27.600384,-48.599705,SPRF-SC,DEL01-SC,UOP01-DEL01-SC,2019
231818.0,2019-08-26,segunda-feira,08:05:00,SC,282,4.6,SAO JOSE,Não guardar distância de segurança,Colisão traseira,Com Vítimas Feridas,Pleno dia,Decrescente,Nublado,Dupla,Reta,Sim,2,0,1,0,1,0,1,2,-27.592646,-48.604034,SPRF-SC,DEL01-SC,UOP01-DEL01-SC,2019
231841.0,2019-08-26,segunda-feira,07:15:00,SC,282,17.0,PALHOCA,Desobediência às normas de trânsito pelo condutor,Colisão transversal,Com Vítimas Feridas,Pleno dia,Decrescente,Céu Claro,Simples,Reta,Sim,2,0,1,0,1,0,1,2,-27.665707,-48.688065,SPRF-SC,DEL01-SC,UOP02-DEL01-SC,2019
231904.0,2019-08-30,sexta-feira,08:50:00,SC,282,581.4,VARGEAO,Ultrapassagem Indevida,Saída de leito carroçável,Com Vítimas Feridas,Pleno dia,Crescente,Céu Claro,Simples,Reta,Não,2,0,1,0,1,0,1,1,-26.87037346,-52.19866645,SPRF-SC,DEL07-SC,UOP02-DEL07-SC,2019
231960.0,2019-08-30,sexta-feira,14:10:00,SC,282,1.5,FLORIANOPOLIS,Objeto estático sobre o leito carroçável,Tombamento,Com Vítimas Feridas,Pleno dia,Crescente,Céu Claro,Múltipla,Reta,Sim,1,0,1,0,0,0,1,1,-27.60304674,-48.58100653,SPRF-SC,DEL01-SC,UOP01-DEL01-SC,2019
232012.0,2019-08-26,segunda-feira,15:10:00,SC,282,405.0,CATANDUVAS,Falta de Atenção à Condução,Colisão lateral,Com Vítimas Feridas,Pleno dia,Crescente,Céu Claro,Simples,Reta,Não,3,0,2,0,1,0,2,2,-27.098232,-51.651218,SPRF-SC,DEL07-SC,UOP05-DEL07-SC,2019
232082.0,2019-08-30,sexta-feira,20:30:00,SC,282,58.2,RANCHO QUEIMADO,Desobediência às normas de trânsito pelo condutor,Colisão transversal,Com Vítimas Feridas,Plena Noite,Crescente,Céu Claro,Simples,Curva,Não,2,0,1,0,1,0,1,2,-27.683594,-49.005539,SPRF-SC,DEL01-SC,UOP03-DEL01-SC,2019
232096.0,2019-08-30,sexta-feira,21:40:00,SC,282,6.0,SAO JOSE,Falta de Atenção à Condução,Tombamento,Com Vítimas Feridas,Plena Noite,Crescente,Céu Claro,Múltipla,Curva,Não,2,0,2,0,0,0,2,1,-27.591936,-48.618244,SPRF-SC,DEL01-SC,UOP01-DEL01-SC,2019
232162.0,2019-08-31,sábado,05:30:00,SC,282,531.9,CORDILHEIRA ALTA,Ingestão de Álcool,Saída de leito carroçável,Com Vítimas Feridas,Plena Noite,Decrescente,Nublado,Simples,Curva,Não,3,0,2,1,0,0,3,1,-26.990747,-52.609776,SPRF-SC,DEL07-SC,UOP01-DEL07-SC,2019
232242.0,2019-08-31,sábado,14:00:00,SC,282,5.5,SAO JOSE,Desobediência às normas de trânsito pelo condutor,Colisão com objeto estático,Com Vítimas Feridas,Pleno dia,Decrescente,Chuva,Dupla,Curva;Aclive,Sim,2,0,1,0,1,0,1,2,-27.5850101,-48.61794591,SPRF-SC,DEL01-SC,UOP01-DEL01-SC,2019
232251.0,2019-08-31,sábado,12:10:00,SC,282,446.2,PONTE SERRADA,Velocidade Incompatível,Saída de leito carroçável,Com Vítimas Feridas,Pleno dia,Crescente,Chuva,Simples,Curva,Não,2,0,2,0,0,0,2,1,-26.910217,-51.914951,SPRF-SC,DEL07-SC,UOP04-DEL07-SC,2019
232341.0,2019-08-31,sábado,17:30:00,SC,282,106.7,ALFREDO WAGNER,Ingestão de álcool e/ou substâncias psicoativas pelo pedestre,Saída de leito carroçável,Com Vítimas Feridas,Plena Noite,Crescente,Nublado,Simples,Curva,Não,1,0,1,0,0,0,1,1,-27.697609,-49.344734,SPRF-SC,DEL01-SC,UOP03-DEL01-SC,2019