id,data_inversa,dia_semana,horario,uf,br,km,municipio,causa_acidente,tipo_acidente,classificacao_acidente,fase_dia,sentido_via,condicao_metereologica,tipo_pista,tracado_via,uso_solo,pessoas,mortos,feridos_leves,feridos_graves,ilesos,ignorados,feridos,veiculos,latitude,longitude,regional,delegacia,uop,ano_arquivo
258948.0,2019-12-26,quinta-feira,15:45:00,SC,282,227.1,LAGES,Defeito Mecânico no Veículo,Tombamento,Com Vítimas Feridas,Pleno dia,Decrescente,Céu Claro,Simples,Curva,Não,2,0,2,0,0,0,2,1,-27.795815,-50.399048,SPRF-SC,DEL05-SC,UOP02-DEL05-SC,2019
258990.0,2019-12-26,quinta-feira,23:20:00,SC,282,334.0,CAMPOS NOVOS,Falta de Atenção à Condução,Colisão frontal,Com Vítimas Feridas,Plena Noite,Decrescente,Céu Claro,Simples,Reta,Não,9,0,0,7,2,0,7,2,-27.3943,-51.145859,SPRF-SC,DEL07-SC,UOP06-DEL07-SC,2019
259187.0,2019-12-27,sexta-feira,20:10:00,SC,282,569.3,NOVA ERECHIM,Defeito Mecânico no Veículo,Colisão lateral,Com Vítimas Feridas,Plena Noite,Crescente,Céu Claro,Simples,Curva,Não,3,0,2,1,0,0,3,2,-26.894342,-52.923874,SPRF-SC,DEL07-SC,UOP02-DEL07-SC,2019
259264.0,2019-12-28,sábado,08:15:00,SC,282,382.0,HERVAL DOESTE,Falta de Atenção à Condução,Colisão traseira,Com Vítimas Feridas,Pleno dia,Decrescente,Céu Claro,Simples,Reta;Aclive,Não,2,0,1,1,0,0,2,2,-27.19607,-51.503044,SPRF-SC,DEL07-SC,UOP05-DEL07-SC,2019
259292.0,2019-12-28,sábado,12:50:00,SC,282,18.9,PALHOCA,Desobediência às normas de trânsito pelo condutor,Colisão lateral,Com Vítimas Feridas,Pleno dia,Crescente,Céu Claro,Simples,Interseção de Vias,Sim,3,0,1,0,2,0,1,2,-27.672798,-48.694286,SPRF-SC,DEL01-SC,UOP02-DEL01-SC,2019
259304.0,2019-11-07,quinta-feira,04:40:00,SC,282,72.8,RANCHO QUEIMADO,Velocidade Incompatível,Capotamento,Com Vítimas Feridas,Plena Noite,Crescente,Garoa/Chuvisco,Simples,Curva,Não,2,0,2,0,0,0,2,1,-27.683439,-49.105259,SPRF-SC,DEL01-SC,UOP03-DEL01-SC,2019
259347.0,2019-12-28,sábado,19:20:00,SC,282,16.6,PALHOCA,Desobediência às normas de trânsito pelo condutor,Colisão transversal,Com Vítimas Feridas,Plena Noite,Crescente,Céu Claro,Simples,Reta,Sim,5,0,3,1,1,0,4,2,-27.658611,-48.681847,SPRF-SC,DEL01-SC,UOP02-DEL01-SC,2019
259376.0,2019-12-28,sábado,19:30:00,SC,282,256.0,SAO JOSE DO CERRITO,Falta de Atenção do Pedestre,Atropelamento de Pedestre,Com Vítimas Feridas,Plena Noite,Crescente,Céu Claro,Simples,Curva,Não,2,0,1,0,1,0,1,2,-27.67211,-50.581013,SPRF-SC,DEL05-SC,UOP02-DEL05-SC,2019
259517.0,2019-12-01,domingo,08:30:00,SC,282,24.0,SANTO AMARO DA IMPERATRIZ,Falta de Atenção à Condução,Saída de leito carroçável,Com Vítimas Feridas,Pleno dia,Crescente,Nublado,Simples,Reta,Sim,2,0,0,1,0,1,1,2,-27.68268,-48.744614,SPRF-SC,DEL01-SC,UOP03-DEL01-SC,2019
259565.0,2019-12-29,domingo,15:55:00,SC,282,519.3,XAXIM,Falta de Atenção à Condução,Colisão lateral,Com Vítimas Feridas,Pleno dia,Crescente,Sol,Simples,Reta,Não,2,0,0,1,1,0,1,2,-26.947527,-52.517536,SPRF-SC,DEL07-SC,UOP01-DEL07-SC,2019
259584.0,2019-12-29,domingo,22:00:00,SC,282,600.5,CUNHA PORA,Falta de Atenção à Condução,Colisão lateral,Com Vítimas Feridas,Plena Noite,Crescente,Nublado,Simples,Em Obras;Reta,Não,11,0,5,1,5,0,6,3,-26.816374,-53.163918,SPRF-SC,DEL07-SC,UOP02-DEL07-SC,2019
259629.0,2019-12-30,segunda-feira,09:30:00,SC,282,3.0,FLORIANOPOLIS,Falta de Atenção à Condução,Colisão lateral,Com Vítimas Feridas,Pleno dia,Crescente,Sol,Dupla,Curva;Viaduto,Sim,3,0,0,2,1,0,2,2,-27.60100257,-48.59880567,SPRF-SC,DEL01-SC,UOP01-DEL01-SC,2019
259751.0,2019-12-30,segunda-feira,13:20:00,SC,282,118.3,BOM RETIRO,Condutor Dormindo,Colisão frontal,Com Vítimas Fatais,Pleno dia,Decrescente,Céu Claro,Simples,Reta,Não,8,1,4,0,1,2,4,4,-27.776798,-49.411194,SPRF-SC,DEL05-SC,UOP01-DEL05-SC,2019
259755.0,2019-12-30,segunda-feira,16:50:00,SC,282,194.6,LAGES,Falta de Atenção à Condução,Colisão traseira,Com Vítimas Feridas,Pleno dia,Decrescente,Céu Claro,Simples,Reta,Não,6,0,3,1,2,0,4,2,-27.74324,-50.075451,SPRF-SC,DEL05-SC,UOP01-DEL05-SC,2019
259803.0,2019-12-31,terça-feira,08:15:00,SC,282,20.7,PALHOCA,Desobediência às normas de trânsito pelo condutor,Colisão frontal,Com Vítimas Feridas,Pleno dia,Decrescente,Sol,Simples,Curva,Não,3,0,3,0,0,0,3,3,-27.683958,-48.71006,SPRF-SC,DEL01-SC,UOP02-DEL01-SC,2019
259820.0,2019-12-31,terça-feira,11:30:00,SC,282,28.3,SANTO AMARO DA IMPERATRIZ,Falta de Atenção à Condução,Colisão transversal,Com Vítimas Feridas,Pleno dia,Decrescente,Sol,Simples,Interseção de Vias,Sim,3,0,1,0,2,0,1,2,-27.67478,-48.778904,SPRF-SC,DEL01-SC,UOP03-DEL01-SC,2019
262364.0,2019-10-12,sábado,18:00:00,SC,282,29.1,SANTO AMARO DA IMPERATRIZ,Desobediência às normas de trânsito pelo condutor,Colisão lateral,Com Vítimas Fatais,Plena Noite,Crescente,Céu Claro,Simples,Curva,Não,3,1,1,0,1,0,1,3,-27.679737,-48.786785,SPRF-SC,DEL01-SC,UOP03-DEL01-SC,2019
263390.0,2019-12-20,sexta-feira,23:20:00,SC,282,172.2,BOCAINA DO SUL,Ultrapassagem Indevida,Colisão frontal,Sem Vítimas,Plena Noite,Crescente,Céu Claro,Simples,Reta,Não,2,0,0,0,2,0,0,2,-27.742331,-49.862782,SPRF-SC,DEL05-SC,UOP01-DEL05-SC,2019
264196.0,2019-09-21,sábado,18:30:00,SC,480,127.0,CHAPECO,Desobediência às normas de trânsito pelo condutor,Colisão lateral,Com Vítimas Feridas,Anoitecer,Crescente,Céu Claro,Simples,Rotatória,Sim,2,0,1,0,1,0,1,2,-27.02885905,-52.63380035,SPRF-SC,DEL07-SC,UOP01-DEL07-SC,2019
265439.0,2019-10-29,terça-feira,06:40:00,SC,282,2.9,FLORIANOPOLIS,Falta de Atenção à Condução,Colisão traseira,Com Vítimas Feridas,Amanhecer,Crescente,Ignorado,Dupla,Curva,Sim,2,0,0,1,0,1,1,2,-27.603289,-48.590416,SPRF-SC,DEL01-SC,UOP01-DEL01-SC,2019
265911.0,2019-12-20,sexta-feira,12:45:00,SC,282,3.0,FLORIANOPOLIS,Falta de Atenção à Condução,Colisão traseira,Com Vítimas Feridas,Pleno dia,Crescente,Céu Claro,Dupla,Reta,Sim,3,0,2,0,1,0,2,2,-27.600384,-48.599705,SPRF-SC,DEL01-SC,UOP01-DEL01-SC,2019
266146.0,2019-12-25,quarta-feira,10:00:00,SC,282,579.8,PINHALZINHO,Falta de Atenção à Condução,Colisão frontal,Com Vítimas Feridas,Pleno dia,Decrescente,Sol,Simples,Reta,Sim,5,0,5,0,0,0,5,2,-26.835443,-52.990578,SPRF-SC,DEL07-SC,UOP02-DEL07-SC,2019
268402.0,2019-12-29,domingo,18:25:00,SC,282,500.1,XANXERE,Desobediência às normas de trânsito pelo condutor,Colisão transversal,Sem Vítimas,Anoitecer,Crescente,Céu Claro,Dupla,Interseção de Vias,Sim,2,0,0,0,2,0,0,2,-26.88105358,-52.37026345,SPRF-SC,DEL07-SC,UOP01-DEL07-SC,2019
268812.0,2019-12-23,segunda-feira,16:00:00,SC,480,126.8,CHAPECO,Desobediência às normas de trânsito pelo condutor,Colisão transversal,Com Vítimas Feridas,Pleno dia,Crescente,Sol,Simples,Retorno Regulamentado,Sim,3,0,2,0,1,0,2,2,-27.020083,-52.636024,SPRF-SC,DEL07-SC,UOP01-DEL07-SC,2019
270385.0,2019-11-14,quinta-feira,14:00:00,SC,282,411.6,CATANDUVAS,Velocidade Incompatível,Colisão com objeto estático,Com Vítimas Feridas,Pleno dia,Decrescente,Garoa/Chuvisco,Simples,Curva,Não,1,0,1,0,0,0,1,1,-27.060066,-51.678508,SPRF-SC,DEL07-SC,UOP05-DEL07-SC,2019
283063.0,2019-12-08,domingo,06:55:00,SC,282,222.1,LAGES,Ingestão de Álcool,Colisão frontal,Com Vítimas Feridas,Pleno dia,Crescente,Céu Claro,Simples,Curva;Aclive,Não,5,0,3,0,1,1,3,3,-27.79707803,-50.35122156,SPRF-SC,DEL05-SC,UOP01-DEL05-SC,2019
287698.0,2019-03-25,segunda-feira,20:40:00,SC,282,29.7,SANTO AMARO DA IMPERATRIZ,Pista Escorregadia,Colisão traseira,Com Vítimas Feridas,Plena Noite,Crescente,Garoa/Chuvisco,Simples,Curva,Não,3,0,1,0,2,0,1,2,-27.68711928,-48.79057288,SPRF-SC,DEL01-SC,UOP03-DEL01-SC,2019
345588.0,2019-07-24,quarta-feira,11:50:00,SC,282,269.3,SAO JOSE DO CERRITO,Desobediência às normas de trânsito pelo condutor,Colisão transversal,Com Vítimas Feridas,Pleno dia,Decrescente,Céu Claro,Simples,Reta,Não,4,0,4,0,0,0,4,2,-27.616257,-50.667435,SPRF-SC,DEL05-SC,UOP02-DEL05-SC,2019
260173.0,2020-01-01,quarta-feira,16:10:00,SC,282,388.9,JOACABA,Falta de Atenção à Condução,Colisão com objeto estático,Sem Vítimas,Pleno dia,Decrescente,Nublado,Simples,Curva,Não,1,0,0,0,1,0,0,1,-27.179003,-51.531616,SPRF-SC,DEL07-SC,UOP05-DEL07-SC,2020
260405.0,2020-01-02,quinta-feira,16:50:00,SC,282,520.7,XAXIM,Falta de Atenção à Condução,Colisão lateral,Sem Vítimas,Pleno dia,Decrescente,Céu Claro,Simples,Rotatória,Não,3,0,0,0,2,2,0,4,-26.950415,-52.526096,SPRF-SC,DEL07-SC,UOP01-DEL07-SC,2020
260550.0,2020-01-03,sexta-feira,10:40:00,SC,282,460.0,PONTE SERRADA,Falta de Atenção à Condução,Colisão transversal,Com Vítimas Feridas,Pleno dia,Crescente,Céu Claro,Simples,Declive,Não,4,0,2,0,1,2,2,4,-26.856062,-52.03215,SPRF-SC,DEL07-SC,UOP04-DEL07-SC,2020
260822.0,2020-01-04,sábado,07:00:00,SC,282,64.2,RANCHO QUEIMADO,Velocidade Incompatível,Colisão transversal,Com Vítimas Fatais,Pleno dia,Decrescente,Chuva,Simples,Curva,Não,4,1,1,0,1,1,1,3,-27.6971322,-49.05502796,SPRF-SC,DEL01-SC,UOP03-DEL01-SC,2020
261694.0,2020-01-09,quinta-feira,13:01:00,SC,282,330.5,CAMPOS NOVOS,Ultrapassagem Indevida,Tombamento,Com Vítimas Feridas,Pleno dia,Crescente,Céu Claro,Simples,Reta,Não,3,0,1,0,0,2,1,3,-27.387941,-51.116081,SPRF-SC,DEL07-SC,UOP06-DEL07-SC,2020
261829.0,2020-01-10,sexta-feira,05:30:00,SC,282,464.0,PONTE SERRADA,Falta de Atenção à Condução,Colisão lateral,Com Vítimas Feridas,Amanhecer,Decrescente,Céu Claro,Simples,Reta;Aclive,Não,4,0,1,0,2,1,1,3,-26.852072,-52.068142,SPRF-SC,DEL07-SC,UOP04-DEL07-SC,2020
261942.0,2020-01-10,sexta-feira,16:16:00,SC,282,332.5,CAMPOS NOVOS,Condutor Dormindo,Colisão lateral,Com Vítimas Feridas,Pleno dia,Decrescente,Sol,Simples,Reta,Não,5,0,3,0,1,1,3,5,-27.390564,-51.125843,SPRF-SC,DEL07-SC,UOP06-DEL07-SC,2020
262015.0,2020-01-10,sexta-feira,23:00:00,SC,282,411.8,CATANDUVAS,Falta de Atenção à Condução,Tombamento,Sem Vítimas,Plena Noite,Decrescente,Chuva,Simples,Curva,Não,1,0,0,0,1,0,0,1,-27.059202,-51.680046,SPRF-SC,DEL07-SC,UOP05-DEL07-SC,2020
262539.0,2020-01-13,segunda-feira,07:45:00,SC,282,344.6,CAMPOS NOVOS,Desobediência às normas de trânsito pelo condutor,Saída de leito carroçável,Sem Vítimas,Pleno dia,Decrescente,Céu Claro,Simples,Reta,Não,6,0,0,0,6,0,0,2,-27.381166,-51.240082,SPRF-SC,DEL07-SC,UOP06-DEL07-SC,2020
262619.0,2020-01-13,segunda-feira,11:30:00,SC,282,666.4,SAO MIGUEL DO OESTE,Ultrapassagem Indevida,Colisão frontal,Com Vítimas Fatais,Pleno dia,Decrescente,Sol,Simples,Reta,Não,3,1,0,1,1,0,1,2,-26.652016,-53.609444,SPRF-SC,DEL07-SC,UOP03-DEL07-SC,2020
262647.0,2020-01-13,segunda-feira,16:20:00,SC,282,32.1,SANTO AMARO DA IMPERATRIZ,Velocidade Incompatível,Tombamento,Com Vítimas Feridas,Pleno dia,Decrescente,Céu Claro,Simples,Reta,Sim,4,0,2,0,0,2,2,2,-27.70167287,-48.80101204,SPRF-SC,DEL01-SC,UOP03-DEL01-SC,2020
262864.0,2020-01-14,terça-feira,17:40:00,SC,480,128.7,CHAPECO,Falta de Atenção à Condução,Colisão transversal,Com Vítimas Feridas,Pleno dia,Decrescente,Sol,Simples,Viaduto,Não,2,0,0,1,1,0,1,2,-27.03781899,-52.63432603,SPRF-SC,DEL07-SC,UOP01-DEL07-SC,2020
262959.0,2020-01-15,quarta-feira,13:35:00,SC,282,512.0,XANXERE,Falta de Atenção à Condução,Colisão lateral,Com Vítimas Feridas,Pleno dia,Decrescente,Nublado,Simples,Aclive;Reta,Não,4,0,1,0,3,0,1,3,-26.910799,-52.472099,SPRF-SC,DEL07-SC,UOP01-DEL07-SC,2020
263140.0,2020-01-16,quinta-feira,13:25:00,SC,282,72.0,RANCHO QUEIMADO,Velocidade Incompatível,Colisão frontal,Com Vítimas Feridas,Pleno dia,Decrescente,Chuva,Simples,Curva,Não,2,0,1,0,1,0,1,2,-27.683439,-49.105259,SPRF-SC,DEL01-SC,UOP03-DEL01-SC,2020
263230.0,2020-01-16,quinta-feira,19:20:00,SC,282,371.0,ERVAL VELHO,Falta de Atenção à Condução,Saída de leito carroçável,Com Vítimas Feridas,Plena Noite,Decrescente,Garoa/Chuvisco,Simples,Curva,Não,2,0,1,0,0,1,1,2,-27.259993,-51.442684,SPRF-SC,DEL07-SC,UOP05-DEL07-SC,2020
263319.0,2020-01-17,sexta-feira,07:40:00,SC,282,535.1,CHAPECO,Desobediência às normas de trânsito pelo condutor,Colisão lateral,Com Vítimas Fatais,Pleno dia,Decrescente,Céu Claro,Dupla,Interseção de Vias,Sim,2,1,0,0,1,0,0,2,-26.998245,-52.643768,SPRF-SC,DEL07-SC,UOP01-DEL07-SC,2020
263435.0,2020-01-17,sexta-feira,16:30:00,SC,282,156.0,BOM RETIRO,Falta de Atenção à Condução,Colisão lateral,Com Vítimas Feridas,Pleno dia,Decrescente,Céu Claro,Simples,Reta,Não,3,0,1,0,2,0,1,2,-27.746881,-49.715881,SPRF-SC,DEL05-SC,UOP01-DEL05-SC,2020
263782.0,2020-01-19,domingo,10:15:00,SC,282,436.4,IRANI,Desobediência às normas de trânsito pelo condutor,Colisão transversal,Com Vítimas Feridas,Pleno dia,Decrescente,Céu Claro,Simples,Interseção de Vias,Não,5,0,2,0,2,2,2,4,-26.970835,-51.851101,SPRF-SC,DEL07-SC,UOP04-DEL07-SC,2020
263917.0,2020-01-19,domingo,21:20:00,SC,282,542.0,CHAPECO,Ingestão de Álcool,Colisão frontal,Sem Vítimas,Plena Noite,Crescente,Céu Claro,Simples,Reta,Não,2,0,0,0,1,1,0,2,-27.001301,-52.707569,SPRF-SC,DEL07-SC,UOP01-DEL07-SC,2020
263954.0,2020-01-20,segunda-feira,04:20:00,SC,282,347.0,CAMPOS NOVOS,Condutor Dormindo,Saída de leito carroçável,Com Vítimas Feridas,Amanhecer,Crescente,Céu Claro,Simples,Reta,Não,2,0,0,1,0,1,1,2,-27.365206,-51.263924,SPRF-SC,DEL07-SC,UOP06-DEL07-SC,2020
264099.0,2020-01-20,segunda-feira,18:15:00,SC,480,130.9,CHAPECO,Não guardar distância de segurança,Engavetamento,Com Vítimas Feridas,Pleno dia,Crescente,Céu Claro,Dupla,Reta;Declive,Sim,5,0,1,1,3,0,2,5,-27.05534298,-52.63652069,SPRF-SC,DEL07-SC,UOP01-DEL07-SC,2020
264350.0,2020-01-22,quarta-feira,07:00:00,SC,282,222.6,LAGES,Carga excessiva e/ou mal acondicionada,Colisão lateral,Com Vítimas Feridas,Pleno dia,Decrescente,Chuva,Dupla,Curva,Sim,5,0,2,0,2,1,2,3,-27.797739,-50.353409,SPRF-SC,DEL05-SC,UOP01-DEL05-SC,2020
264633.0,2020-01-23,quinta-feira,10:50:00,SC,282,79.7,RANCHO QUEIMADO,Velocidade Incompatível,Colisão frontal,Com Vítimas Fatais,Pleno dia,Decrescente,Chuva,Simples,Curva,Não,7,2,4,0,1,0,4,3,-27.6707,-49.155758,SPRF-SC,DEL01-SC,UOP03-DEL01-SC,2020
265618.0,2020-01-22,quarta-feira,13:05:00,SC,282,390.7,JOACABA,Falta de Atenção à Condução,Colisão frontal,Com Vítimas Feridas,Pleno dia,Decrescente,Chuva,Simples,Aclive,Não,6,0,3,0,3,0,3,3,-27.175066,-51.550556,SPRF-SC,DEL07-SC,UOP05-DEL07-SC,2020
265626.0,2020-01-28,terça-feira,08:10:00,SC,282,629.6,IRACEMINHA,Falta de Atenção à Condução,Colisão com objeto estático,Com Vítimas Feridas,Pleno dia,Crescente,Céu Claro,Simples,Ponte;Reta,Não,3,0,3,0,0,0,3,1,-26.819656,-53.375282,SPRF-SC,DEL07-SC,UOP03-DEL07-SC,2020
265653.0,2020-01-28,terça-feira,11:45:00,SC,282,207.6,LAGES,Mal Súbito,Colisão lateral,Com Vítimas Feridas,Pleno dia,Crescente,Céu Claro,Simples,Aclive,Não,5,0,3,0,1,2,3,4,-27.77462052,-50.20820618,SPRF-SC,DEL05-SC,UOP01-DEL05-SC,2020
265732.0,2020-01-28,terça-feira,16:05:00,SC,282,561.1,NOVA ITABERABA,Velocidade Incompatível,Tombamento,Com Vítimas Feridas,Pleno dia,Crescente,Sol,Simples,Curva;Ponte,Não,2,0,0,1,0,1,1,2,-26.92581976,-52.85672665,SPRF-SC,DEL07-SC,UOP02-DEL07-SC,2020
265994.0,2020-01-30,quinta-feira,08:40:00,SC,480,128.6,CHAPECO,Falta de Atenção à Condução,Colisão lateral,Com Vítimas Feridas,Pleno dia,Decrescente,Chuva,Dupla,Curva,Sim,5,0,3,0,1,1,3,3,-27.03781899,-52.63432603,SPRF-SC,DEL07-SC,UOP01-DEL07-SC,2020
266947.0,2020-02-03,segunda-feira,19:55:00,SC,282,15.7,PALHOCA,Desobediência às normas de trânsito pelo condutor,Colisão frontal,Com Vítimas Feridas,Plena Noite,Crescente,Nublado,Simples,Reta,Sim,4,0,1,0,3,0,1,4,-27.651848,-48.676048,SPRF-SC,DEL01-SC,UOP02-DEL01-SC,2020
266971.0,2020-02-03,segunda-feira,09:10:00,SC,282,516.3,XAXIM,Velocidade Incompatível,Colisão traseira,Sem Vítimas,Pleno dia,Decrescente,Sol,Simples,Reta,Não,2,0,0,0,2,0,0,2,-26.930862,-52.499157,SPRF-SC,DEL07-SC,UOP01-DEL07-SC,2020
266976.0,2020-01-06,segunda-feira,13:45:00,SC,282,617.0,MARAVILHA,Não guardar distância de segurança,Danos eventuais,Sem Vítimas,Pleno dia,Decrescente,Ignorado,Simples,Reta,Não,2,0,0,0,2,0,0,2,-26.76723742,-53.21474254,SPRF-SC,DEL07-SC,UOP02-DEL07-SC,2020
267040.0,2020-02-04,terça-feira,10:40:00,SC,282,306.5,VARGEM,Falta de Atenção à Condução,Colisão traseira,Com Vítimas Feridas,Pleno dia,Crescente,Sol,Simples,Reta,Não,2,0,0,1,1,0,1,2,-27.495869,-50.952518,SPRF-SC,DEL07-SC,UOP06-DEL07-SC,2020
267280.0,2020-02-05,quarta-feira,10:40:00,SC,282,495.0,XANXERE,Falta de Atenção à Condução,Colisão lateral,Com Vítimas Feridas,Pleno dia,Crescente,Céu Claro,Simples,Aclive,Não,6,0,4,0,1,1,4,3,-26.87149,-52.318768,SPRF-SC,DEL07-SC,UOP01-DEL07-SC,2020
267390.0,2020-02-05,quarta-feira,22:00:00,SC,282,512.0,XANXERE,Desobediência às normas de trânsito pelo condutor,Colisão traseira,Sem Vítimas,Plena Noite,Decrescente,Céu Claro,Simples,Reta,Não,5,0,0,0,3,2,0,3,-26.910799,-52.472099,SPRF-SC,DEL07-SC,UOP01-DEL07-SC,2020
267458.0,2020-02-06,quinta-feira,08:15:00,SC,282,385.0,JOACABA,Defeito Mecânico no Veículo,Saída de leito carroçável,Com Vítimas Feridas,Pleno dia,Crescente,Sol,Simples,Declive,Não,1,0,1,0,0,0,1,1,-27.194431,-51.515869,SPRF-SC,DEL07-SC,UOP05-DEL07-SC,2020
267521.0,2020-02-06,quinta-feira,14:20:00,SC,282,583.0,PINHALZINHO,Falta de Atenção à Condução,Engavetamento,Sem Vítimas,Pleno dia,Crescente,Chuva,Simples,Reta,Não,5,0,0,0,5,0,0,3,-26.83153855,-53.01727295,SPRF-SC,DEL07-SC,UOP02-DEL07-SC,2020
267550.0,2020-02-06,quinta-feira,17:10:00,SC,282,213.8,LAGES,Velocidade Incompatível,Colisão traseira,Com Vítimas Feridas,Pleno dia,Crescente,Chuva,Simples,Reta,Não,6,0,3,1,2,0,4,2,-27.785299,-50.261921,SPRF-SC,DEL05-SC,UOP01-DEL05-SC,2020
267855.0,2020-02-07,sexta-feira,21:10:00,SC,282,175.6,BOCAINA DO SUL,Ingestão de Álcool,Colisão traseira,Com Vítimas Feridas,Plena Noite,Decrescente,Nublado,Simples,Reta,Não,6,0,1,3,1,1,4,4,-27.74056993,-49.89843434,SPRF-SC,DEL05-SC,UOP01-DEL05-SC,2020
267871.0,2020-02-07,sexta-feira,17:50:00,SC,282,445.7,PONTE SERRADA,Velocidade Incompatível,Colisão lateral,Sem Vítimas,Pleno dia,Crescente,Nublado,Simples,Curva,Não,5,0,0,0,4,2,0,6,-26.9153352,-51.90525055,SPRF-SC,DEL07-SC,UOP04-DEL07-SC,2020
267896.0,2020-02-07,sexta-feira,22:35:00,SC,282,466.0,PONTE SERRADA,Ultrapassagem Indevida,Colisão frontal,Com Vítimas Feridas,Plena Noite,Crescente,Nublado,Simples,Curva,Não,3,0,2,0,1,0,2,3,-26.854576,-52.086765,SPRF-SC,DEL07-SC,UOP04-DEL07-SC,2020
267941.0,2020-02-08,sábado,03:40:00,SC,282,472.9,VARGEAO,Ingestão de álcool e/ou substâncias psicoativas pelo pedestre,Colisão lateral,Com Vítimas Feridas,Pleno dia,Crescente,Céu Claro,Simples,Reta,Não,3,0,1,1,1,0,2,2,-26.868624,-52.137733,SPRF-SC,DEL07-SC,UOP01-DEL07-SC,2020
268323.0,2020-02-09,domingo,21:10:00,SC,282,464.7,PONTE SERRADA,Falta de Atenção à Condução,Colisão transversal,Com Vítimas Feridas,Plena Noite,Crescente,Nublado,Simples,Reta,Não,3,0,1,1,1,0,2,2,-26.85767724,-52.0480703,SPRF-SC,DEL07-SC,UOP04-DEL07-SC,2020
268574.0,2020-02-11,terça-feira,10:15:00,SC,282,87.0,ALFREDO WAGNER,Defeito Mecânico no Veículo,Engavetamento,Sem Vítimas,Pleno dia,Crescente,Céu Claro,Simples,Curva,Não,6,0,0,0,4,2,0,4,-27.664766,-49.20578,SPRF-SC,DEL01-SC,UOP03-DEL01-SC,2020
268704.0,2020-02-11,terça-feira,18:20:00,SC,282,386.0,JOACABA,Falta de Atenção à Condução,Colisão lateral,Sem Vítimas,Pleno dia,Decrescente,Céu Claro,Simples,Declive;Reta,Não,3,0,0,0,2,1,0,3,-27.1891434,-51.51776791,SPRF-SC,DEL07-SC,UOP05-DEL07-SC,2020
268751.0,2020-02-12,quarta-feira,05:50:00,SC,282,222.9,LAGES,Desobediência às normas de trânsito pelo condutor,Colisão frontal,Com Vítimas Fatais,Amanhecer,Crescente,Céu Claro,Simples,Curva;Aclive,Não,2,1,0,0,0,1,0,2,-27.79842571,-50.35862446,SPRF-SC,DEL05-SC,UOP01-DEL05-SC,2020
269297.0,2020-02-15,sábado,00:20:00,SC,282,383.0,HERVAL DOESTE,Falta de Atenção à Condução,Colisão frontal,Com Vítimas Feridas,Plena Noite,Crescente,Céu Claro,Simples,Curva,Sim,3,0,0,1,1,2,1,4,-27.200508,-51.507919,SPRF-SC,DEL07-SC,UOP05-DEL07-SC,2020
269339.0,2020-02-15,sábado,06:20:00,SC,282,15.6,PALHOCA,Desobediência às normas de trânsito pelo condutor,Colisão lateral,Sem Vítimas,Amanhecer,Crescente,Céu Claro,Simples,Interseção de Vias,Sim,3,0,0,0,2,1,0,3,-27.65596834,-48.67942398,SPRF-SC,DEL01-SC,UOP02-DEL01-SC,2020
269515.0,2020-02-15,sábado,14:15:00,SC,282,492.0,XANXERE,Velocidade Incompatível,Colisão lateral,Sem Vítimas,Pleno dia,Decrescente,Céu Claro,Simples,Curva,Não,1,0,0,0,1,0,0,1,-26.871534,-52.300915,SPRF-SC,DEL07-SC,UOP01-DEL07-SC,2020
269694.0,2020-02-16,domingo,15:20:00,SC,282,519.2,XAXIM,Ingestão de Álcool,Colisão frontal,Com Vítimas Feridas,Pleno dia,Crescente,Chuva,Simples,Reta,Sim,6,0,2,2,1,1,4,4,-26.947527,-52.517536,SPRF-SC,DEL07-SC,UOP01-DEL07-SC,2020
269751.0,2020-02-16,domingo,22:15:00,SC,282,252.0,SAO JOSE DO CERRITO,Velocidade Incompatível,Colisão lateral,Com Vítimas Feridas,Plena Noite,Decrescente,Céu Claro,Simples,Curva,Não,3,0,1,1,1,0,2,2,-27.691267,-50.561481,SPRF-SC,DEL05-SC,UOP02-DEL05-SC,2020
269854.0,2020-02-17,segunda-feira,07:25:00,SC,282,446.0,IRANI,Agressão Externa,Tombamento,Com Vítimas Feridas,Pleno dia,Decrescente,Céu Claro,Simples,Reta,Não,1,0,1,0,0,0,1,1,-26.910217,-51.914951,SPRF-SC,DEL07-SC,UOP04-DEL07-SC,2020
270348.0,2020-02-20,quinta-feira,01:15:00,SC,282,52.6,RANCHO QUEIMADO,Falta de Atenção à Condução,Tombamento,Com Vítimas Feridas,Plena Noite,Crescente,Chuva,Simples,Curva,Não,1,0,1,0,0,0,1,1,-27.696936,-48.964138,SPRF-SC,DEL01-SC,UOP03-DEL01-SC,2020
270425.0,2020-02-20,quinta-feira,10:50:00,SC,282,17.0,PALHOCA,Desobediência às normas de trânsito pelo condutor,Colisão transversal,Com Vítimas Feridas,Pleno dia,Crescente,Céu Claro,Simples,Reta,Sim,3,0,0,2,1,0,2,2,-27.665707,-48.688065,SPRF-SC,DEL01-SC,UOP02-DEL01-SC,2020
270457.0,2020-02-20,quinta-feira,10:00:00,SC,282,599.0,CUNHA PORA,Falta de Atenção à Condução,Colisão transversal,Com Vítimas Feridas,Pleno dia,Crescente,Céu Claro,Simples,Curva,Não,2,0,1,0,1,0,1,2,-26.820206,-53.155052,SPRF-SC,DEL07-SC,UOP02-DEL07-SC,2020