id,data_inversa,dia_semana,horario,uf,br,km,municipio,causa_acidente,tipo_acidente,classificacao_acidente,fase_dia,sentido_via,condicao_metereologica,tipo_pista,tracado_via,uso_solo,pessoas,mortos,feridos_leves,feridos_graves,ilesos,ignorados,feridos,veiculos,latitude,longitude,regional,delegacia,uop,ano_arquivo
284998.0,2020-05-17,domingo,19:15:00,SC,282,91.5,ALFREDO WAGNER,Falta de Atenção à Condução,Colisão transversal,Com Vítimas Feridas,Plena Noite,Crescente,Nublado,Simples,Reta,Sim,3,0,1,0,1,1,1,3,-27.690374,-49.229061,SPRF-SC,DEL01-SC,UOP03-DEL01-SC,2020
285079.0,2020-05-18,segunda-feira,09:55:00,SC,282,74.2,AGUAS MORNAS,Desobediência às normas de trânsito pelo condutor,Colisão frontal,Com Vítimas Fatais,Pleno dia,Decrescente,Sol,Simples,Curva,Não,3,1,0,0,1,1,0,3,-27.69625825,-48.96443367,SPRF-SC,DEL01-SC,UOP03-DEL01-SC,2020
285080.0,2020-05-18,segunda-feira,09:28:00,SC,282,335.0,CAMPOS NOVOS,Velocidade Incompatível,Colisão frontal,Com Vítimas Feridas,Pleno dia,Decrescente,Céu Claro,Simples,Reta,Sim,3,0,1,0,1,1,1,3,-27.39486708,-51.18796349,SPRF-SC,DEL07-SC,UOP06-DEL07-SC,2020
285516.0,2020-05-21,quinta-feira,08:40:00,SC,282,553.0,NOVA ITABERABA,Carga excessiva e/ou mal acondicionada,Derramamento de carga,Sem Vítimas,Pleno dia,Crescente,Sol,Simples,Reta,Não,1,0,0,0,0,1,0,1,-26.93815,-52.791916,SPRF-SC,DEL07-SC,UOP01-DEL07-SC,2020
285856.0,2020-05-22,sexta-feira,19:55:00,SC,282,599.8,CUNHA PORA,Falta de Atenção à Condução,Saída de leito carroçável,Com Vítimas Feridas,Plena Noite,Crescente,Garoa/Chuvisco,Simples,Curva,Não,1,0,1,0,0,0,1,1,-26.820206,-53.155052,SPRF-SC,DEL07-SC,UOP02-DEL07-SC,2020
286238.0,2020-05-25,segunda-feira,07:15:00,SC,282,130.6,BOM RETIRO,Condutor Dormindo,Colisão frontal,Com Vítimas Fatais,Amanhecer,Decrescente,Céu Claro,Simples,Reta,Não,2,1,0,0,1,0,0,2,-27.803255,-49.505241,SPRF-SC,DEL05-SC,UOP01-DEL05-SC,2020
286352.0,2020-05-25,segunda-feira,21:10:00,SC,282,453.0,PONTE SERRADA,Ingestão de Álcool,Colisão lateral,Sem Vítimas,Plena Noite,Crescente,Céu Claro,Simples,Aclive,Não,3,0,0,0,2,2,0,4,-26.89823,-51.976665,SPRF-SC,DEL07-SC,UOP04-DEL07-SC,2020
286649.0,2020-05-27,quarta-feira,14:30:00,SC,282,554.0,NOVA ITABERABA,Sinalização da via insuficiente ou inadequada,Engavetamento,Sem Vítimas,Pleno dia,Crescente,Céu Claro,Simples,Em Obras,Não,3,0,0,0,3,0,0,3,-26.936268,-52.800812,SPRF-SC,DEL07-SC,UOP01-DEL07-SC,2020
286791.0,2020-05-28,quinta-feira,08:15:00,SC,282,529.1,CORDILHEIRA ALTA,Falta de Atenção à Condução,Colisão transversal,Com Vítimas Feridas,Pleno dia,Decrescente,Nevoeiro/Neblina,Simples,Interseção de Vias,Sim,3,0,2,0,0,3,2,5,-26.98243484,-52.59788275,SPRF-SC,DEL07-SC,UOP01-DEL07-SC,2020
286912.0,2020-05-29,sexta-feira,00:15:00,SC,282,440.9,PONTE SERRADA,Defeito Mecânico no Veículo,Incêndio,Sem Vítimas,Plena Noite,Decrescente,Nevoeiro/Neblina,Simples,Reta,Não,2,0,0,0,1,1,0,2,-26.937757,-51.868366,SPRF-SC,DEL07-SC,UOP04-DEL07-SC,2020
287521.0,2020-06-01,segunda-feira,05:25:00,SC,282,180.3,BOCAINA DO SUL,Animais na Pista,Atropelamento de Animal,Sem Vítimas,Plena Noite,Crescente,Garoa/Chuvisco,Simples,Reta,Sim,1,0,0,0,1,0,0,1,-27.742239,-49.939873,SPRF-SC,DEL05-SC,UOP01-DEL05-SC,2020
288160.0,2020-06-04,quinta-feira,20:30:00,SC,282,600.2,CUNHA PORA,Falta de Atenção à Condução,Colisão lateral,Com Vítimas Feridas,Plena Noite,Crescente,Chuva,Simples,Curva,Não,3,0,1,0,1,1,1,3,-26.816374,-53.163918,SPRF-SC,DEL07-SC,UOP02-DEL07-SC,2020
288331.0,2020-06-05,sexta-feira,18:10:00,SC,282,526.3,XAXIM,Ultrapassagem Indevida,Colisão frontal,Com Vítimas Feridas,Plena Noite,Crescente,Chuva,Simples,Reta,Não,4,0,0,1,1,2,1,4,-26.969427,-52.57497,SPRF-SC,DEL07-SC,UOP01-DEL07-SC,2020
288424.0,2020-06-06,sábado,04:30:00,SC,282,20.5,PALHOCA,Condutor Dormindo,Saída de leito carroçável,Sem Vítimas,Plena Noite,Crescente,Chuva,Simples,Reta,Não,1,0,0,0,1,0,0,1,-27.68865833,-48.71483803,SPRF-SC,DEL01-SC,UOP02-DEL01-SC,2020
288446.0,2020-06-06,sábado,07:20:00,SC,282,535.1,CHAPECO,Falta de Atenção à Condução,Colisão transversal,Com Vítimas Feridas,Pleno dia,Crescente,Céu Claro,Simples,Interseção de Vias,Sim,6,0,0,1,4,1,1,3,-26.99944496,-52.64638901,SPRF-SC,DEL07-SC,UOP01-DEL07-SC,2020
288979.0,2020-06-08,segunda-feira,19:50:00,SC,282,383.0,HERVAL DOESTE,Falta de Atenção à Condução,Saída de leito carroçável,Com Vítimas Feridas,Plena Noite,Decrescente,Chuva,Simples,Curva,Não,2,0,1,0,0,1,1,2,-27.19525096,-51.50575161,SPRF-SC,DEL07-SC,UOP05-DEL07-SC,2020
289137.0,2020-06-09,terça-feira,19:25:00,SC,282,540.0,CHAPECO,Falta de Atenção à Condução,Colisão transversal,Com Vítimas Feridas,Plena Noite,Crescente,Garoa/Chuvisco,Simples,Reta,Não,3,0,1,0,2,0,1,2,-26.994461,-52.690178,SPRF-SC,DEL07-SC,UOP01-DEL07-SC,2020
289283.0,2020-06-10,quarta-feira,16:00:00,SC,282,610.0,MARAVILHA,Carga excessiva e/ou mal acondicionada,Tombamento,Sem Vítimas,Pleno dia,Decrescente,Chuva,Simples,Aclive,Não,2,0,0,0,1,2,0,3,-26.756321,-53.230247,SPRF-SC,DEL07-SC,UOP02-DEL07-SC,2020
289386.0,2020-06-10,quarta-feira,23:35:00,SC,282,95.1,ALFREDO WAGNER,Velocidade Incompatível,Colisão frontal,Com Vítimas Feridas,Plena Noite,Crescente,Chuva,Simples,Curva,Não,2,0,0,1,1,0,1,2,-27.71188,-49.255035,SPRF-SC,DEL01-SC,UOP03-DEL01-SC,2020
289712.0,2020-06-12,sexta-feira,20:45:00,SC,480,130.0,CHAPECO,Ingestão de Álcool,Colisão frontal,Sem Vítimas,Plena Noite,Crescente,Céu Claro,Simples,Interseção de Vias,Sim,3,0,0,0,1,2,0,3,-27.05534298,-52.63652069,SPRF-SC,DEL07-SC,UOP01-DEL07-SC,2020
289865.0,2020-05-16,sábado,10:00:00,SC,282,387.0,JOACABA,Defeito Mecânico no Veículo,Colisão com objeto estático,Sem Vítimas,Pleno dia,Crescente,Céu Claro,Simples,Aclive,Sim,3,0,0,0,2,1,0,2,-27.178274,-51.524025,SPRF-SC,DEL07-SC,UOP05-DEL07-SC,2020
290013.0,2020-06-14,domingo,14:20:00,SC,282,592.9,SAUDADES,Velocidade Incompatível,Colisão frontal,Com Vítimas Feridas,Pleno dia,Crescente,Sol,Simples,Curva,Não,2,0,0,1,1,0,1,2,-26.825869,-53.091843,SPRF-SC,DEL07-SC,UOP02-DEL07-SC,2020
290113.0,2020-05-30,sábado,15:10:00,SC,282,461.6,PONTE SERRADA,Desobediência às normas de trânsito pelo condutor,Colisão transversal,Com Vítimas Feridas,Pleno dia,Crescente,Céu Claro,Simples,Interseção de Vias,Sim,4,0,0,1,1,2,1,4,-26.856403,-52.041328,SPRF-SC,DEL07-SC,UOP04-DEL07-SC,2020
290289.0,2020-06-16,terça-feira,12:10:00,SC,282,159.0,BOM RETIRO,Condutor Dormindo,Saída de leito carroçável,Com Vítimas Feridas,Pleno dia,Crescente,Nublado,Simples,Reta,Não,1,0,0,1,0,0,1,1,-27.737494,-49.744041,SPRF-SC,DEL05-SC,UOP01-DEL05-SC,2020
290519.0,2020-06-17,quarta-feira,13:48:00,SC,282,581.0,PINHALZINHO,Velocidade Incompatível,Colisão transversal,Com Vítimas Fatais,Pleno dia,Decrescente,Céu Claro,Simples,Reta,Não,3,1,0,0,2,0,0,2,-26.82900148,-52.99792886,SPRF-SC,DEL07-SC,UOP02-DEL07-SC,2020
290526.0,2020-06-17,quarta-feira,15:15:00,SC,282,569.8,NOVA ERECHIM,Falta de Atenção à Condução,Colisão transversal,Com Vítimas Feridas,Pleno dia,Decrescente,Céu Claro,Simples,Reta,Sim,3,0,0,1,0,2,1,2,-26.894342,-52.923874,SPRF-SC,DEL07-SC,UOP02-DEL07-SC,2020
290626.0,2020-06-18,quinta-feira,07:20:00,SC,282,342.7,CAMPOS NOVOS,Não guardar distância de segurança,Colisão traseira,Com Vítimas Fatais,Amanhecer,Decrescente,Céu Claro,Simples,Reta,Sim,4,1,0,0,2,1,0,3,-27.390287,-51.223286,SPRF-SC,DEL07-SC,UOP06-DEL07-SC,2020
290829.0,2020-06-19,sexta-feira,16:15:00,SC,282,46.9,AGUAS MORNAS,Defeito Mecânico no Veículo,Saída de leito carroçável,Sem Vítimas,Pleno dia,Decrescente,Céu Claro,Simples,Curva,Não,1,0,0,0,1,0,0,1,-27.721041,-48.925152,SPRF-SC,DEL01-SC,UOP03-DEL01-SC,2020
290860.0,2020-06-19,sexta-feira,18:15:00,SC,282,214.0,LAGES,Desobediência às normas de trânsito pelo pedestre,Colisão transversal,Com Vítimas Feridas,Plena Noite,Crescente,Céu Claro,Simples,Rotatória,Não,2,0,1,0,1,0,1,2,-27.78937,-50.271915,SPRF-SC,DEL05-SC,UOP01-DEL05-SC,2020
290921.0,2020-06-19,sexta-feira,20:30:00,SC,282,486.8,FAXINAL DOS GUEDES,Desobediência às normas de trânsito pelo condutor,Colisão frontal,Com Vítimas Fatais,Plena Noite,Decrescente,Céu Claro,Simples,Reta,Sim,3,1,0,0,1,1,0,3,-26.85614219,-52.24799395,SPRF-SC,DEL07-SC,UOP01-DEL07-SC,2020
291317.0,2020-06-21,domingo,19:25:00,SC,282,372.0,ERVAL VELHO,Falta de Atenção à Condução,Colisão lateral,Com Vítimas Feridas,Anoitecer,Crescente,Nublado,Simples,Aclive;Reta,Não,3,0,1,0,2,0,1,2,-27.251827,-51.446991,SPRF-SC,DEL07-SC,UOP05-DEL07-SC,2020
291380.0,2020-05-13,quarta-feira,10:30:00,SC,282,495.0,XANXERE,Desobediência às normas de trânsito pelo condutor,Colisão lateral,Com Vítimas Feridas,Pleno dia,Crescente,Chuva,Múltipla,Reta,Não,2,0,0,1,0,1,1,2,-26.875349,-52.327076,SPRF-SC,DEL07-SC,UOP01-DEL07-SC,2020
291697.0,2020-06-24,quarta-feira,08:05:00,SC,282,514.5,XAXIM,Velocidade Incompatível,Tombamento,Com Vítimas Feridas,Pleno dia,Crescente,Sol,Simples,Curva,Não,1,0,0,1,0,0,1,1,-26.916084,-52.49052,SPRF-SC,DEL07-SC,UOP01-DEL07-SC,2020
291713.0,2020-06-24,quarta-feira,10:45:00,SC,282,412.0,CATANDUVAS,Falta de Atenção à Condução,Colisão lateral,Com Vítimas Feridas,Pleno dia,Decrescente,Céu Claro,Simples,Curva,Não,3,0,1,0,1,1,1,3,-27.053736,-51.698277,SPRF-SC,DEL07-SC,UOP05-DEL07-SC,2020
291777.0,2020-06-24,quarta-feira,17:15:00,SC,282,502.0,XANXERE,Falta de Atenção à Condução,Colisão frontal,Com Vítimas Feridas,Anoitecer,Crescente,Céu Claro,Dupla,Interseção de Vias,Sim,3,0,0,1,1,1,1,3,-26.884584,-52.390911,SPRF-SC,DEL07-SC,UOP01-DEL07-SC,2020
291859.0,2020-06-25,quinta-feira,08:30:00,SC,282,529.5,CORDILHEIRA ALTA,Velocidade Incompatível,Colisão frontal,Com Vítimas Feridas,Pleno dia,Crescente,Chuva,Simples,Curva,Não,3,0,1,1,0,1,2,3,-26.982185,-52.59734,SPRF-SC,DEL07-SC,UOP01-DEL07-SC,2020
291931.0,2020-06-25,quinta-feira,16:25:00,SC,282,424.8,VARGEM BONITA,Agressão Externa,Saída de leito carroçável,Sem Vítimas,Pleno dia,Crescente,Chuva,Simples,Curva,Não,2,0,0,0,1,2,0,3,-26.988014,-51.753124,SPRF-SC,DEL07-SC,UOP05-DEL07-SC,2020
292012.0,2020-06-26,sexta-feira,05:58:00,SC,282,144.0,BOM RETIRO,Defeito Mecânico no Veículo,Colisão lateral,Sem Vítimas,Amanhecer,Decrescente,Nublado,Simples,Curva,Não,2,0,0,0,1,1,0,2,-27.806391,-49.622917,SPRF-SC,DEL05-SC,UOP01-DEL05-SC,2020
292196.0,2020-06-26,sexta-feira,22:30:00,SC,282,633.7,DESCANSO,Ingestão de Álcool,Colisão lateral,Sem Vítimas,Plena Noite,Crescente,Céu Claro,Simples,Curva;Declive,Não,2,0,0,0,2,0,0,2,-26.824224,-53.412407,SPRF-SC,DEL07-SC,UOP03-DEL07-SC,2020
292232.0,2020-06-27,sábado,08:50:00,SC,282,41.8,AGUAS MORNAS,Velocidade Incompatível,Colisão frontal,Com Vítimas Fatais,Pleno dia,Crescente,Chuva,Simples,Curva,Não,4,1,0,1,1,1,1,3,-27.715973,-48.878979,SPRF-SC,DEL01-SC,UOP03-DEL01-SC,2020
292238.0,2020-06-27,sábado,07:50:00,SC,282,377.3,HERVAL DOESTE,Falta de Atenção à Condução,Tombamento,Com Vítimas Feridas,Amanhecer,Crescente,Céu Claro,Simples,Curva,Não,2,0,1,0,0,1,1,2,-27.216974,-51.470055,SPRF-SC,DEL07-SC,UOP05-DEL07-SC,2020
292345.0,2020-06-27,sábado,18:45:00,SC,282,365.8,ERVAL VELHO,Ingestão de Álcool,Colisão traseira,Sem Vítimas,Plena Noite,Decrescente,Céu Claro,Simples,Reta,Não,3,0,0,0,2,1,0,3,-27.295467,-51.407909,SPRF-SC,DEL07-SC,UOP05-DEL07-SC,2020
292641.0,2020-06-29,segunda-feira,14:20:00,SC,282,513.7,XAXIM,Falta de Atenção à Condução,Colisão traseira,Com Vítimas Feridas,Pleno dia,Decrescente,Chuva,Simples,Reta;Interseção de Vias,Não,3,0,1,1,1,0,2,3,-26.91534566,-52.48501908,SPRF-SC,DEL07-SC,UOP01-DEL07-SC,2020
292832.0,2020-06-30,terça-feira,14:00:00,SC,282,235.0,LAGES,Fenômenos da Natureza,Tombamento,Com Vítimas Feridas,Pleno dia,Decrescente,Chuva,Simples,Aclive;Curva,Não,1,0,1,0,0,0,1,1,-27.783964,-50.47327,SPRF-SC,DEL05-SC,UOP02-DEL05-SC,2020
292833.0,2020-06-30,terça-feira,14:00:00,SC,282,238.0,SAO JOSE DO CERRITO,Fenômenos da Natureza,Tombamento,Com Vítimas Feridas,Pleno dia,Decrescente,Chuva,Simples,Curva,Não,1,0,1,0,0,0,1,1,-27.780125,-50.498653,SPRF-SC,DEL05-SC,UOP02-DEL05-SC,2020
292842.0,2020-06-30,terça-feira,15:30:00,SC,282,45.7,AGUAS MORNAS,Defeito Mecânico no Veículo,Tombamento,Com Vítimas Feridas,Pleno dia,Decrescente,Chuva,Simples,Reta,Não,3,0,2,0,0,1,2,2,-27.719851,-48.916126,SPRF-SC,DEL01-SC,UOP03-DEL01-SC,2020
292972.0,2020-07-01,quarta-feira,14:00:00,SC,282,494.9,XANXERE,Desobediência às normas de trânsito pelo condutor,Colisão frontal,Sem Vítimas,Pleno dia,Crescente,Garoa/Chuvisco,Simples,Curva,Não,2,0,0,0,2,0,0,2,-26.87149,-52.318768,SPRF-SC,DEL07-SC,UOP01-DEL07-SC,2020
293768.0,2020-07-05,domingo,21:00:00,SC,282,275.1,SAO JOSE DO CERRITO,Condutor Dormindo,Colisão frontal,Com Vítimas Feridas,Plena Noite,Decrescente,Garoa/Chuvisco,Simples,Curva,Não,3,0,1,0,2,0,1,2,-27.606421,-50.720207,SPRF-SC,DEL05-SC,UOP02-DEL05-SC,2020
294064.0,2020-06-29,segunda-feira,13:20:00,SC,282,476.0,VARGEAO,Falta de Atenção à Condução,Colisão traseira,Sem Vítimas,Pleno dia,Decrescente,Nublado,Simples,Reta,Não,4,0,0,0,3,1,0,4,-26.87510984,-52.15670228,SPRF-SC,DEL07-SC,UOP01-DEL07-SC,2020
295119.0,2020-07-12,domingo,20:20:00,SC,282,245.0,SAO JOSE DO CERRITO,Velocidade Incompatível,Tombamento,Sem Vítimas,Plena Noite,Crescente,Céu Claro,Simples,Curva,Não,2,0,0,0,1,1,0,2,-27.729763,-50.52121,SPRF-SC,DEL05-SC,UOP02-DEL05-SC,2020
295294.0,2020-07-13,segunda-feira,18:30:00,SC,282,531.5,CORDILHEIRA ALTA,Desobediência às normas de trânsito pelo condutor,Colisão traseira,Com Vítimas Feridas,Plena Noite,Crescente,Chuva,Simples,Reta,Sim,3,0,2,0,1,0,2,2,-26.990747,-52.609776,SPRF-SC,DEL07-SC,UOP01-DEL07-SC,2020
295426.0,2020-07-14,terça-feira,16:49:00,SC,282,523.9,XAXIM,Falta de Atenção à Condução,Tombamento,Com Vítimas Feridas,Pleno dia,Decrescente,Sol,Simples,Curva,Não,2,0,0,1,0,1,1,2,-26.963129,-52.548851,SPRF-SC,DEL07-SC,UOP01-DEL07-SC,2020
295448.0,2020-07-14,terça-feira,20:10:00,SC,282,17.0,PALHOCA,Falta de Atenção à Condução,Colisão lateral,Com Vítimas Feridas,Plena Noite,Crescente,Céu Claro,Simples,Reta,Sim,2,0,1,0,1,0,1,2,-27.665707,-48.688065,SPRF-SC,DEL01-SC,UOP02-DEL01-SC,2020
295579.0,2020-07-15,quarta-feira,14:00:00,SC,282,46.0,AGUAS MORNAS,Falta de Atenção à Condução,Colisão lateral,Com Vítimas Feridas,Pleno dia,Crescente,Céu Claro,Simples,Curva,Não,3,0,1,1,1,0,2,2,-27.721041,-48.925152,SPRF-SC,DEL01-SC,UOP03-DEL01-SC,2020
295752.0,2020-07-16,quinta-feira,19:40:00,SC,282,512.2,XANXERE,Falta de Atenção à Condução,Saída de leito carroçável,Com Vítimas Feridas,Plena Noite,Decrescente,Chuva,Dupla,Reta,Não,2,0,1,0,0,1,1,2,-26.910799,-52.472099,SPRF-SC,DEL07-SC,UOP01-DEL07-SC,2020
295902.0,2020-07-17,sexta-feira,09:10:00,SC,282,344.1,CAMPOS NOVOS,Velocidade Incompatível,Tombamento,Com Vítimas Feridas,Pleno dia,Crescente,Nublado,Simples,Curva,Sim,3,0,2,0,0,2,2,3,-27.381166,-51.240082,SPRF-SC,DEL07-SC,UOP06-DEL07-SC,2020
295999.0,2020-07-17,sexta-feira,19:35:00,SC,282,520.0,XAXIM,Falta de Atenção à Condução,Colisão frontal,Com Vítimas Fatais,Plena Noite,Crescente,Céu Claro,Simples,Curva,Não,2,1,0,0,1,0,0,2,-26.94893783,-52.5275445,SPRF-SC,DEL07-SC,UOP01-DEL07-SC,2020
296027.0,2020-07-17,sexta-feira,21:40:00,SC,282,381.0,HERVAL DOESTE,Desobediência às normas de trânsito pelo condutor,Colisão frontal,Com Vítimas Feridas,Plena Noite,Decrescente,Céu Claro,Simples,Reta;Declive,Não,2,0,0,1,1,0,1,2,-27.204979,-51.501442,SPRF-SC,DEL07-SC,UOP05-DEL07-SC,2020
296060.0,2020-07-18,sábado,05:55:00,SC,282,511.1,XANXERE,Condutor Dormindo,Colisão lateral,Sem Vítimas,Amanhecer,Crescente,Céu Claro,Simples,Curva,Não,3,0,0,0,3,0,0,3,-26.905405,-52.464199,SPRF-SC,DEL07-SC,UOP01-DEL07-SC,2020
296707.0,2020-07-21,terça-feira,11:40:00,SC,282,604.6,MARAVILHA,Falta de Atenção à Condução,Colisão transversal,Com Vítimas Feridas,Pleno dia,Decrescente,Céu Claro,Simples,Reta,Não,2,0,1,0,1,0,1,2,-26.795523,-53.192974,SPRF-SC,DEL07-SC,UOP02-DEL07-SC,2020
296717.0,2020-07-21,terça-feira,11:40:00,SC,282,604.8,MARAVILHA,Não guardar distância de segurança,Colisão lateral,Sem Vítimas,Pleno dia,Decrescente,Céu Claro,Simples,Reta,Não,4,0,0,0,3,2,0,5,-26.790701,-53.195025,SPRF-SC,DEL07-SC,UOP02-DEL07-SC,2020
297868.0,2020-07-27,segunda-feira,15:50:00,SC,282,5.0,SAO JOSE,Falta de Atenção à Condução,Colisão lateral,Com Vítimas Feridas,Pleno dia,Crescente,Céu Claro,Dupla,Reta,Sim,3,0,2,0,1,0,2,2,-27.588425,-48.612919,SPRF-SC,DEL01-SC,UOP01-DEL01-SC,2020
298054.0,2020-07-28,terça-feira,10:50:00,SC,282,500.0,XANXERE,Velocidade Incompatível,Saída de leito carroçável,Com Vítimas Feridas,Pleno dia,Decrescente,Chuva,Dupla,Curva,Não,2,0,1,1,0,0,2,1,-26.881372,-52.37252,SPRF-SC,DEL07-SC,UOP01-DEL07-SC,2020
298379.0,2020-07-30,quinta-feira,12:40:00,SC,282,632.8,DESCANSO,Defeito Mecânico no Veículo,Saída de leito carroçável,Com Vítimas Feridas,Pleno dia,Decrescente,Céu Claro,Simples,Curva;Em Obras;Declive,Não,1,0,1,0,0,0,1,1,-26.8253,-53.404217,SPRF-SC,DEL07-SC,UOP03-DEL07-SC,2020
298405.0,2020-07-30,quinta-feira,15:10:00,SC,282,524.0,XAXIM,Defeito Mecânico no Veículo,Colisão frontal,Com Vítimas Fatais,Pleno dia,Decrescente,Sol,Simples,Curva,Não,4,1,2,0,1,0,2,4,-26.96519512,-52.55713463,SPRF-SC,DEL07-SC,UOP01-DEL07-SC,2020
299100.0,2020-08-02,domingo,20:08:00,SC,282,399.5,JOACABA,Não guardar distância de segurança,Colisão traseira,Com Vítimas Feridas,Plena Noite,Crescente,Céu Claro,Simples,Reta,Não,2,0,1,0,1,0,1,2,-27.140207,-51.618849,SPRF-SC,DEL07-SC,UOP05-DEL07-SC,2020
299220.0,2020-08-03,segunda-feira,10:40:00,SC,282,230.0,LAGES,Ultrapassagem Indevida,Colisão com objeto estático,Com Vítimas Feridas,Pleno dia,Decrescente,Céu Claro,Simples,Reta,Não,2,0,1,0,1,0,1,2,-27.787432,-50.425808,SPRF-SC,DEL05-SC,UOP02-DEL05-SC,2020
299543.0,2020-08-05,quarta-feira,07:00:00,SC,282,373.4,ERVAL VELHO,Defeito na Via,Colisão frontal,Com Vítimas Fatais,Pleno dia,Crescente,Céu Claro,Simples,Aclive;Reta;Em Obras,Não,4,1,0,0,2,1,0,3,-27.243425,-51.44788,SPRF-SC,DEL07-SC,UOP05-DEL07-SC,2020
299605.0,2020-08-05,quarta-feira,10:00:00,SC,282,483.7,FAXINAL DOS GUEDES,Desobediência às normas de trânsito pelo condutor,Colisão transversal,Sem Vítimas,Pleno dia,Crescente,Céu Claro,Simples,Reta;Aclive,Não,2,0,0,0,2,0,0,2,-26.861937,-52.227974,SPRF-SC,DEL07-SC,UOP01-DEL07-SC,2020
299643.0,2020-08-05,quarta-feira,16:00:00,SC,282,636.0,DESCANSO,Defeito na Via,Capotamento,Com Vítimas Feridas,Pleno dia,Crescente,Céu Claro,Simples,Aclive,Não,3,0,1,0,1,2,1,4,-26.813717,-53.435055,SPRF-SC,DEL07-SC,UOP03-DEL07-SC,2020
299657.0,2020-08-05,quarta-feira,18:10:00,SC,282,373.4,ERVAL VELHO,Defeito na Via,Colisão lateral,Com Vítimas Feridas,Anoitecer,Crescente,Céu Claro,Simples,Reta,Não,2,0,0,1,1,0,1,2,-27.243425,-51.44788,SPRF-SC,DEL07-SC,UOP05-DEL07-SC,2020
300641.0,2020-08-10,segunda-feira,10:20:00,SC,282,59.1,RANCHO QUEIMADO,Falta de Atenção à Condução,Colisão frontal,Com Vítimas Feridas,Pleno dia,Decrescente,Céu Claro,Simples,Reta,Não,4,0,2,0,2,0,2,3,-27.67736197,-49.01337862,SPRF-SC,DEL01-SC,UOP03-DEL01-SC,2020
300807.0,2020-08-11,terça-feira,10:25:00,SC,282,477.3,VARGEAO,Falta de Atenção à Condução,Colisão frontal,Com Vítimas Feridas,Pleno dia,Crescente,Sol,Simples,Curva,Não,3,0,1,0,2,0,1,2,-26.882938,-52.178337,SPRF-SC,DEL07-SC,UOP01-DEL07-SC,2020
300868.0,2020-08-11,terça-feira,15:00:00,SC,282,463.0,PONTE SERRADA,Falta de Atenção à Condução,Colisão lateral,Sem Vítimas,Pleno dia,Crescente,Céu Claro,Simples,Interseção de Vias,Sim,2,0,0,0,2,0,0,2,-26.85562352,-52.03296661,SPRF-SC,DEL07-SC,UOP04-DEL07-SC,2020
300942.0,2020-08-12,quarta-feira,04:30:00,SC,282,185.0,BOCAINA DO SUL,Condutor Dormindo,Colisão traseira,Com Vítimas Feridas,Plena Noite,Crescente,Garoa/Chuvisco,Simples,Reta,Não,3,0,1,0,1,1,1,3,-27.734449,-49.98819,SPRF-SC,DEL05-SC,UOP01-DEL05-SC,2020
301066.0,2020-08-12,quarta-feira,16:10:00,SC,282,631.3,DESCANSO,Velocidade Incompatível,Saída de leito carroçável,Com Vítimas Feridas,Pleno dia,Decrescente,Chuva,Simples,Reta,Não,2,0,1,0,0,1,1,2,-26.824362,-53.394367,SPRF-SC,DEL07-SC,UOP03-DEL07-SC,2020
301475.0,2020-08-14,sexta-feira,15:15:00,SC,282,528.0,CORDILHEIRA ALTA,Pista Escorregadia,Engavetamento,Sem Vítimas,Pleno dia,Decrescente,Chuva,Simples,Curva,Não,8,0,0,0,7,2,0,9,-26.978798,-52.588566,SPRF-SC,DEL07-SC,UOP01-DEL07-SC,2020
301483.0,2020-08-14,sexta-feira,19:15:00,SC,282,602.1,CUNHA PORA,Ultrapassagem Indevida,Colisão transversal,Com Vítimas Feridas,Plena Noite,Decrescente,Céu Claro,Simples,Reta,Não,2,0,0,1,1,0,1,2,-26.806049,-53.178757,SPRF-SC,DEL07-SC,UOP02-DEL07-SC,2020
301622.0,2020-08-15,sábado,10:25:00,SC,282,437.0,IRANI,Desobediência às normas de trânsito pelo condutor,Colisão transversal,Com Vítimas Feridas,Pleno dia,Decrescente,Nublado,Simples,Interseção de Vias,Não,3,0,0,1,1,2,1,4,-26.963764,-51.854839,SPRF-SC,DEL07-SC,UOP04-DEL07-SC,2020
301749.0,2020-08-15,sábado,22:00:00,SC,282,372.2,ERVAL VELHO,Ingestão de Álcool,Colisão lateral,Sem Vítimas,Plena Noite,Crescente,Céu Claro,Simples,Em Obras;Aclive,Não,3,0,0,0,2,1,0,3,-27.251827,-51.446991,SPRF-SC,DEL07-SC,UOP05-DEL07-SC,2020
301857.0,2020-08-16,domingo,13:15:00,SC,282,507.2,XANXERE,Velocidade Incompatível,Tombamento,Sem Vítimas,Pleno dia,Decrescente,Céu Claro,Dupla,Curva,Sim,2,0,0,0,1,1,0,2,-26.886171,-52.43911,SPRF-SC,DEL07-SC,UOP01-DEL07-SC,2020
302297.0,2020-08-18,terça-feira,18:30:00,SC,282,111.8,ALFREDO WAGNER,Falta de Atenção à Condução,Colisão frontal,Com Vítimas Feridas,Plena Noite,Crescente,Chuva,Simples,Curva,Não,8,0,0,6,1,1,6,3,-27.733616,-49.367538,SPRF-SC,DEL01-SC,UOP03-DEL01-SC,2020
302374.0,2020-08-19,quarta-feira,13:30:00,SC,282,628.0,IRACEMINHA,Ingestão de Álcool,Colisão lateral,Com Vítimas Feridas,Pleno dia,Decrescente,Nublado,Simples,Reta,Não,3,0,1,0,2,0,1,2,-26.818754,-53.365486,SPRF-SC,DEL07-SC,UOP02-DEL07-SC,2020
302429.0,2020-08-19,quarta-feira,17:50:00,SC,282,406.8,CATANDUVAS,Ultrapassagem Indevida,Colisão lateral,Sem Vítimas,Anoitecer,Crescente,Nublado,Simples,Reta,Não,3,0,0,0,1,2,0,3,-27.092703,-51.659904,SPRF-SC,DEL07-SC,UOP05-DEL07-SC,2020