id,data_inversa,dia_semana,horario,uf,br,km,municipio,causa_acidente,tipo_acidente,classificacao_acidente,fase_dia,sentido_via,condicao_metereologica,tipo_pista,tracado_via,uso_solo,pessoas,mortos,feridos_leves,feridos_graves,ilesos,ignorados,feridos,veiculos,latitude,longitude,regional,delegacia,uop,ano_arquivo
302939.0,2020-08-22,sábado,11:40:00,SC,282,244.9,SAO JOSE DO CERRITO,Velocidade Incompatível,Tombamento,Com Vítimas Feridas,Pleno dia,Crescente,Céu Claro,Simples,Curva;Aclive,Não,2,0,1,0,0,1,1,2,-27.73609,-50.51841,SPRF-SC,DEL05-SC,UOP02-DEL05-SC,2020
303287.0,2020-08-24,segunda-feira,00:10:00,SC,282,641.3,DESCANSO,Falta de Atenção à Condução,Colisão lateral,Com Vítimas Feridas,Plena Noite,Crescente,Céu Claro,Simples,Curva,Não,2,0,1,0,1,0,1,2,-26.779949,-53.460857,SPRF-SC,DEL07-SC,UOP03-DEL07-SC,2020
303591.0,2020-08-25,terça-feira,14:45:00,SC,282,95.1,ALFREDO WAGNER,Velocidade Incompatível,Tombamento,Com Vítimas Feridas,Pleno dia,Decrescente,Sol,Simples,Curva,Não,2,0,0,1,0,1,1,2,-27.71188,-49.255035,SPRF-SC,DEL01-SC,UOP03-DEL01-SC,2020
303805.0,2020-08-26,quarta-feira,14:05:00,SC,282,597.0,CUNHA PORA,Defeito Mecânico no Veículo,Incêndio,Sem Vítimas,Pleno dia,Crescente,Sol,Simples,Reta,Não,1,0,0,0,0,1,0,1,-26.82922,-53.138004,SPRF-SC,DEL07-SC,UOP02-DEL07-SC,2020
304041.0,2020-08-28,sexta-feira,07:05:00,SC,282,217.7,LAGES,Falta de Atenção à Condução,Colisão frontal,Com Vítimas Feridas,Amanhecer,Decrescente,Céu Claro,Simples,Interseção de Vias;Reta,Sim,2,0,1,0,1,0,1,2,-27.79801761,-50.29747009,SPRF-SC,DEL05-SC,UOP01-DEL05-SC,2020
304202.0,2020-08-28,sexta-feira,19:30:00,SC,282,167.7,BOCAINA DO SUL,Desobediência às normas de trânsito pelo condutor,Colisão transversal,Com Vítimas Feridas,Plena Noite,Crescente,Céu Claro,Simples,Reta,Não,3,0,2,0,0,1,2,2,-27.748844,-49.817348,SPRF-SC,DEL05-SC,UOP01-DEL05-SC,2020
304326.0,2020-08-29,sábado,13:20:00,SC,282,30.0,AGUAS MORNAS,Falta de Atenção à Condução,Colisão frontal,Com Vítimas Feridas,Pleno dia,Crescente,Céu Claro,Simples,Curva,Não,4,0,1,1,1,1,2,3,-27.687376,-48.79071,SPRF-SC,DEL01-SC,UOP03-DEL01-SC,2020
304676.0,2020-08-30,domingo,16:35:00,SC,282,613.3,MARAVILHA,Condutor Dormindo,Colisão frontal,Com Vítimas Fatais,Pleno dia,Decrescente,Sol,Simples,Curva,Não,4,1,0,0,1,3,0,5,-26.76923646,-53.26370023,SPRF-SC,DEL07-SC,UOP02-DEL07-SC,2020
304807.0,2020-08-31,segunda-feira,08:45:00,SC,282,516.1,XAXIM,Falta de Atenção à Condução,Colisão com objeto estático,Sem Vítimas,Pleno dia,Crescente,Céu Claro,Simples,Curva,Não,2,0,0,0,2,0,0,1,-26.930862,-52.499157,SPRF-SC,DEL07-SC,UOP01-DEL07-SC,2020
305515.0,2020-09-04,sexta-feira,06:30:00,SC,282,32.8,AGUAS MORNAS,Defeito Mecânico no Veículo,Saída de leito carroçável,Com Vítimas Feridas,Pleno dia,Decrescente,Garoa/Chuvisco,Simples,Declive;Curva,Sim,2,0,1,0,0,1,1,2,-27.70660155,-48.80737123,SPRF-SC,DEL01-SC,UOP03-DEL01-SC,2020
305564.0,2020-09-03,quinta-feira,18:50:00,SC,282,370.1,ERVAL VELHO,Defeito Mecânico no Veículo,Saída de leito carroçável,Com Vítimas Feridas,Anoitecer,Decrescente,Céu Claro,Simples,Curva,Sim,1,0,1,0,0,0,1,1,-27.268663,-51.443768,SPRF-SC,DEL07-SC,UOP05-DEL07-SC,2020
306511.0,2020-09-07,segunda-feira,11:25:00,SC,282,517.8,XAXIM,Velocidade Incompatível,Tombamento,Com Vítimas Feridas,Pleno dia,Crescente,Chuva,Simples,Interseção de Vias,Sim,2,0,1,0,0,2,1,3,-26.94163175,-52.50423074,SPRF-SC,DEL07-SC,UOP01-DEL07-SC,2020
306699.0,2020-09-08,terça-feira,11:45:00,SC,282,509.1,XANXERE,Ultrapassagem Indevida,Saída de leito carroçável,Sem Vítimas,Pleno dia,Decrescente,Nublado,Simples,Reta,Não,1,0,0,0,1,0,0,1,-26.890533,-52.457096,SPRF-SC,DEL07-SC,UOP01-DEL07-SC,2020
306836.0,2020-08-19,quarta-feira,17:20:00,SC,480,124.0,CHAPECO,Carga excessiva e/ou mal acondicionada,Colisão com objeto estático,Sem Vítimas,Pleno dia,Decrescente,Sol,Dupla,Reta;Aclive,Sim,1,0,0,0,1,0,0,1,-27.00359519,-52.64391044,SPRF-SC,DEL07-SC,UOP01-DEL07-SC,2020
307189.0,2020-09-11,sexta-feira,11:40:00,SC,282,46.5,AGUAS MORNAS,Falta de Atenção à Condução,Colisão lateral,Com Vítimas Feridas,Pleno dia,Decrescente,Sol,Simples,Reta,Não,2,0,0,1,1,0,1,2,-27.721041,-48.925152,SPRF-SC,DEL01-SC,UOP03-DEL01-SC,2020
307195.0,2020-08-26,quarta-feira,20:55:00,SC,282,383.4,JOACABA,Desobediência às normas de trânsito pelo condutor,Colisão transversal,Com Vítimas Feridas,Plena Noite,Decrescente,Céu Claro,Simples,Rotatória,Sim,3,0,1,0,1,2,1,4,-27.20394412,-51.51070833,SPRF-SC,DEL07-SC,UOP05-DEL07-SC,2020
307468.0,2020-09-12,sábado,13:23:00,SC,282,217.7,LAGES,Falta de Atenção do Pedestre,Atropelamento de Pedestre,Com Vítimas Fatais,Pleno dia,Decrescente,Céu Claro,Simples,Reta;Declive,Sim,4,1,0,0,1,2,0,3,-27.797916,-50.302944,SPRF-SC,DEL05-SC,UOP01-DEL05-SC,2020
308171.0,2020-09-15,terça-feira,18:15:00,SC,282,131.9,BOM RETIRO,Falta de Atenção à Condução,Colisão frontal,Com Vítimas Feridas,Plena Noite,Crescente,Nublado,Simples,Reta,Não,3,0,1,1,1,0,2,3,-27.808748,-49.513229,SPRF-SC,DEL05-SC,UOP01-DEL05-SC,2020
308680.0,2020-09-18,sexta-feira,16:35:00,SC,282,612.3,MARAVILHA,Desobediência às normas de trânsito pelo condutor,Colisão frontal,Com Vítimas Feridas,Pleno dia,Crescente,Sol,Simples,Em Obras;Reta,Não,3,0,0,1,1,1,1,3,-26.75906,-53.248955,SPRF-SC,DEL07-SC,UOP02-DEL07-SC,2020
308978.0,2020-09-19,sábado,19:20:00,SC,282,376.8,HERVAL DOESTE,Defeito Mecânico no Veículo,Incêndio,Sem Vítimas,Plena Noite,Decrescente,Céu Claro,Simples,Reta,Não,2,0,0,0,1,1,0,2,-27.259993,-51.442684,SPRF-SC,DEL07-SC,UOP05-DEL07-SC,2020
309326.0,2020-09-21,segunda-feira,08:50:00,SC,282,611.6,MARAVILHA,Defeito Mecânico no Veículo,Colisão traseira,Com Vítimas Feridas,Pleno dia,Decrescente,Céu Claro,Simples,Em Obras;Curva,Não,4,0,1,0,2,1,1,3,-26.755428,-53.239933,SPRF-SC,DEL07-SC,UOP02-DEL07-SC,2020
309348.0,2020-09-21,segunda-feira,11:45:00,SC,282,211.2,LAGES,Falta de Atenção à Condução,Colisão lateral,Com Vítimas Feridas,Pleno dia,Decrescente,Céu Claro,Simples,Reta;Declive,Não,4,0,3,0,1,0,3,2,-27.780222,-50.241741,SPRF-SC,DEL05-SC,UOP01-DEL05-SC,2020
309536.0,2020-09-22,terça-feira,07:40:00,SC,282,519.9,XAXIM,Não guardar distância de segurança,Colisão traseira,Com Vítimas Feridas,Pleno dia,Decrescente,Sol,Simples,Curva,Sim,5,0,3,0,2,0,3,2,-26.947527,-52.517536,SPRF-SC,DEL07-SC,UOP01-DEL07-SC,2020
309586.0,2020-09-22,terça-feira,11:50:00,SC,282,395.9,JOACABA,Falta de Atenção à Condução,Colisão lateral,Com Vítimas Feridas,Pleno dia,Crescente,Céu Claro,Simples,Curva,Não,2,0,1,0,1,0,1,2,-27.156887,-51.592079,SPRF-SC,DEL07-SC,UOP05-DEL07-SC,2020
309749.0,2020-09-23,quarta-feira,08:45:00,SC,282,608.7,MARAVILHA,Não guardar distância de segurança,Colisão traseira,Com Vítimas Feridas,Pleno dia,Crescente,Sol,Simples,Reta,Não,4,0,1,0,2,1,1,4,-26.766874,-53.213936,SPRF-SC,DEL07-SC,UOP02-DEL07-SC,2020
309861.0,2020-09-24,quinta-feira,04:50:00,SC,282,16.5,PALHOCA,Falta de Atenção à Condução,Colisão transversal,Com Vítimas Feridas,Plena Noite,Crescente,Nublado,Simples,Reta,Não,2,0,1,0,1,0,1,2,-27.658611,-48.681847,SPRF-SC,DEL01-SC,UOP02-DEL01-SC,2020
310166.0,2020-09-25,sexta-feira,11:50:00,SC,282,41.0,AGUAS MORNAS,Defeito Mecânico no Veículo,Incêndio,Sem Vítimas,Pleno dia,Decrescente,Céu Claro,Simples,Reta,Sim,2,0,0,0,1,1,0,2,-27.715973,-48.878979,SPRF-SC,DEL01-SC,UOP03-DEL01-SC,2020
310442.0,2020-09-26,sábado,16:00:00,SC,282,627.7,IRACEMINHA,Não guardar distância de segurança,Colisão traseira,Com Vítimas Feridas,Pleno dia,Decrescente,Céu Claro,Simples,Reta,Não,4,0,0,1,1,3,1,5,-26.811321,-53.362316,SPRF-SC,DEL07-SC,UOP02-DEL07-SC,2020
310504.0,2020-09-26,sábado,20:00:00,SC,282,643.6,SAO MIGUEL DO OESTE,Velocidade Incompatível,Colisão frontal,Com Vítimas Fatais,Plena Noite,Decrescente,Céu Claro,Simples,Em Obras;Curva,Não,5,1,0,1,2,3,1,5,-26.77013074,-53.47699821,SPRF-SC,DEL07-SC,UOP03-DEL07-SC,2020
310859.0,2020-09-28,segunda-feira,08:00:00,SC,480,129.5,CHAPECO,Falta de Atenção à Condução,Colisão transversal,Sem Vítimas,Pleno dia,Crescente,Nublado,Simples,Viaduto,Não,2,0,0,0,2,0,0,2,-27.04656607,-52.63577131,SPRF-SC,DEL07-SC,UOP01-DEL07-SC,2020
311052.0,2020-09-29,terça-feira,11:55:00,SC,282,384.1,JOACABA,Ingestão de Álcool,Colisão com objeto estático,Sem Vítimas,Pleno dia,Decrescente,Céu Claro,Simples,Ponte,Não,2,0,0,0,1,1,0,2,-27.20227425,-51.50944233,SPRF-SC,DEL07-SC,UOP05-DEL07-SC,2020
311402.0,2020-10-01,quinta-feira,07:25:00,SC,282,332.0,CAMPOS NOVOS,Falta de Atenção à Condução,Saída de leito carroçável,Com Vítimas Feridas,Pleno dia,Decrescente,Céu Claro,Simples,Reta,Não,4,0,1,0,1,3,1,5,-27.384575,-51.106579,SPRF-SC,DEL07-SC,UOP06-DEL07-SC,2020
311650.0,2020-10-02,sexta-feira,12:00:00,SC,480,128.8,CHAPECO,Velocidade Incompatível,Colisão com objeto estático,Com Vítimas Feridas,Pleno dia,Crescente,Sol,Simples,Reta,Não,2,0,1,0,1,0,1,2,-27.03781899,-52.63432603,SPRF-SC,DEL07-SC,UOP01-DEL07-SC,2020
311651.0,2020-10-02,sexta-feira,16:55:00,SC,282,19.0,PALHOCA,Falta de Atenção à Condução,Colisão traseira,Com Vítimas Feridas,Pleno dia,Crescente,Nublado,Simples,Viaduto,Sim,2,0,0,1,1,0,1,2,-27.678635,-48.70192,SPRF-SC,DEL01-SC,UOP02-DEL01-SC,2020
311815.0,2020-09-06,domingo,09:55:00,SC,282,468.5,PASSOS MAIA,Desobediência às normas de trânsito pelo condutor,Colisão frontal,Com Vítimas Fatais,Pleno dia,Decrescente,Céu Claro,Simples,Reta,Não,4,1,1,0,0,2,1,4,-26.854412,-52.085754,SPRF-SC,DEL07-SC,UOP04-DEL07-SC,2020
312323.0,2020-10-05,segunda-feira,06:40:00,SC,282,47.8,AGUAS MORNAS,Velocidade Incompatível,Colisão lateral,Com Vítimas Feridas,Pleno dia,Decrescente,Chuva,Simples,Curva,Não,5,0,2,0,3,0,2,3,-27.721771,-48.934837,SPRF-SC,DEL01-SC,UOP03-DEL01-SC,2020
312458.0,2020-10-05,segunda-feira,19:10:00,SC,480,130.0,CHAPECO,Falta de Atenção à Condução,Colisão transversal,Com Vítimas Feridas,Plena Noite,Decrescente,Céu Claro,Simples,Reta,Não,4,0,0,2,1,1,2,3,-27.05534298,-52.63652069,SPRF-SC,DEL07-SC,UOP01-DEL07-SC,2020
312580.0,2020-10-06,terça-feira,15:45:00,SC,282,228.0,LAGES,Desobediência às normas de trânsito pelo condutor,Colisão frontal,Com Vítimas Feridas,Pleno dia,Crescente,Céu Claro,Simples,Curva,Não,4,0,0,2,1,1,2,3,-27.791557,-50.4077,SPRF-SC,DEL05-SC,UOP02-DEL05-SC,2020
312656.0,2020-10-07,quarta-feira,00:43:00,SC,282,138.5,BOM RETIRO,Condutor Dormindo,Colisão frontal,Com Vítimas Feridas,Pleno dia,Decrescente,Garoa/Chuvisco,Simples,Curva,Não,5,0,0,2,2,1,2,4,-27.825998,-49.575924,SPRF-SC,DEL05-SC,UOP01-DEL05-SC,2020
312695.0,2020-10-07,quarta-feira,07:45:00,SC,282,476.4,VARGEAO,Desobediência às normas de trânsito pelo condutor,Colisão transversal,Com Vítimas Feridas,Pleno dia,Decrescente,Sol,Simples,Interseção de Vias,Não,3,0,1,0,1,1,1,3,-26.882666,-52.169231,SPRF-SC,DEL07-SC,UOP01-DEL07-SC,2020
312832.0,2020-10-07,quarta-feira,18:30:00,SC,282,458.3,PONTE SERRADA,Desobediência às normas de trânsito pelo condutor,Colisão frontal,Com Vítimas Fatais,Anoitecer,Crescente,Céu Claro,Simples,Reta;Declive,Não,3,1,1,0,0,1,1,3,-26.886444,-52.00083,SPRF-SC,DEL07-SC,UOP04-DEL07-SC,2020
312848.0,2020-10-07,quarta-feira,21:50:00,SC,282,113.0,ALFREDO WAGNER,Defeito Mecânico no Veículo,Colisão com objeto em movimento,Com Vítimas Feridas,Plena Noite,Decrescente,Céu Claro,Simples,Reta,Não,2,0,1,0,1,0,1,2,-27.740337,-49.384186,SPRF-SC,DEL01-SC,UOP03-DEL01-SC,2020
312852.0,2020-10-08,quinta-feira,04:35:00,SC,282,517.0,XAXIM,Falta de Atenção à Condução,Colisão frontal,Com Vítimas Feridas,Plena Noite,Crescente,Chuva,Simples,Curva,Não,4,0,2,0,2,0,2,2,-26.93899104,-52.49975681,SPRF-SC,DEL07-SC,UOP01-DEL07-SC,2020
312868.0,2020-10-08,quinta-feira,07:00:00,SC,282,394.9,JOACABA,Falta de Atenção à Condução,Saída de leito carroçável,Com Vítimas Feridas,Amanhecer,Decrescente,Chuva,Simples,Curva,Não,2,0,1,0,0,1,1,2,-27.16017,-51.58284,SPRF-SC,DEL07-SC,UOP05-DEL07-SC,2020
312869.0,2020-10-08,quinta-feira,06:35:00,SC,480,129.5,CHAPECO,Velocidade Incompatível,Colisão com objeto estático,Sem Vítimas,Pleno dia,Decrescente,Chuva,Dupla,Curva,Sim,2,0,0,0,2,0,0,2,-27.04656607,-52.63577131,SPRF-SC,DEL07-SC,UOP01-DEL07-SC,2020
312894.0,2020-10-08,quinta-feira,08:40:00,SC,282,45.9,AGUAS MORNAS,Velocidade Incompatível,Tombamento,Com Vítimas Feridas,Pleno dia,Decrescente,Nublado,Simples,Reta,Não,2,0,0,1,0,1,1,2,-27.719851,-48.916126,SPRF-SC,DEL01-SC,UOP03-DEL01-SC,2020
312925.0,2020-10-08,quinta-feira,10:48:00,SC,282,529.1,CORDILHEIRA ALTA,Desobediência às normas de trânsito pelo condutor,Colisão transversal,Com Vítimas Feridas,Pleno dia,Decrescente,Nublado,Simples,Reta;Aclive,Não,2,0,0,1,1,0,1,2,-26.982185,-52.59734,SPRF-SC,DEL07-SC,UOP01-DEL07-SC,2020
312973.0,2020-10-08,quinta-feira,13:25:00,SC,282,527.1,CORDILHEIRA ALTA,Velocidade Incompatível,Saída de leito carroçável,Com Vítimas Feridas,Pleno dia,Crescente,Chuva,Simples,Declive;Curva,Não,4,0,2,0,1,2,2,4,-26.973196,-52.583321,SPRF-SC,DEL07-SC,UOP01-DEL07-SC,2020
313206.0,2020-10-09,sexta-feira,11:40:00,SC,282,584.5,PINHALZINHO,Falta de Atenção à Condução,Colisão frontal,Com Vítimas Feridas,Pleno dia,Crescente,Chuva,Simples,Declive,Não,3,0,0,1,2,0,1,3,-26.831865,-53.016579,SPRF-SC,DEL07-SC,UOP02-DEL07-SC,2020
314568.0,2020-10-13,terça-feira,11:00:00,SC,282,308.0,VARGEM,Falta de Atenção à Condução,Tombamento,Com Vítimas Feridas,Pleno dia,Decrescente,Céu Claro,Simples,Curva,Não,1,0,1,0,0,0,1,1,-27.49292,-50.971973,SPRF-SC,DEL07-SC,UOP06-DEL07-SC,2020
314606.0,2020-10-13,terça-feira,11:30:00,SC,282,586.8,PINHALZINHO,Falta de Atenção à Condução,Tombamento,Sem Vítimas,Pleno dia,Decrescente,Céu Claro,Simples,Aclive,Não,2,0,0,0,1,2,0,3,-26.832605,-53.03474,SPRF-SC,DEL07-SC,UOP02-DEL07-SC,2020
314898.0,2020-10-15,quinta-feira,09:30:00,SC,282,509.1,XANXERE,Falta de Atenção à Condução,Colisão traseira,Com Vítimas Feridas,Pleno dia,Crescente,Céu Claro,Simples,Reta,Não,5,0,2,0,3,0,2,4,-26.890533,-52.457096,SPRF-SC,DEL07-SC,UOP01-DEL07-SC,2020
315058.0,2020-09-25,sexta-feira,04:40:00,SC,282,627.7,IRACEMINHA,Ultrapassagem Indevida,Colisão frontal,Com Vítimas Fatais,Plena Noite,Crescente,Céu Claro,Simples,Declive;Curva,Não,4,1,1,2,0,0,3,3,-26.811321,-53.362316,SPRF-SC,DEL07-SC,UOP02-DEL07-SC,2020
315114.0,2020-08-03,segunda-feira,22:35:00,SC,282,611.0,MARAVILHA,Defeito na Via,Colisão com objeto estático,Com Vítimas Feridas,Plena Noite,Decrescente,Céu Claro,Simples,Curva,Não,2,0,1,0,0,1,1,2,-26.755428,-53.239933,SPRF-SC,DEL07-SC,UOP02-DEL07-SC,2020
315153.0,2020-10-16,sexta-feira,14:10:00,SC,282,401.2,JOACABA,Velocidade Incompatível,Colisão traseira,Com Vítimas Fatais,Pleno dia,Crescente,Céu Claro,Simples,Reta,Não,4,1,0,0,1,3,0,5,-27.128424,-51.628107,SPRF-SC,DEL07-SC,UOP05-DEL07-SC,2020
315348.0,2020-10-17,sábado,14:50:00,SC,282,503.3,XANXERE,Falta de Atenção à Condução,Colisão traseira,Com Vítimas Feridas,Pleno dia,Decrescente,Sol,Dupla,Reta,Não,2,0,0,1,1,0,1,2,-26.88492,-52.399788,SPRF-SC,DEL07-SC,UOP01-DEL07-SC,2020
315437.0,2020-10-17,sábado,22:00:00,SC,282,529.2,CORDILHEIRA ALTA,Defeito Mecânico no Veículo,Incêndio,Sem Vítimas,Plena Noite,Crescente,Céu Claro,Simples,Reta,Sim,1,0,0,0,1,0,0,1,-26.982185,-52.59734,SPRF-SC,DEL07-SC,UOP01-DEL07-SC,2020
315819.0,2020-10-19,segunda-feira,17:30:00,SC,480,126.0,CHAPECO,Falta de Atenção à Condução,Colisão traseira,Com Vítimas Feridas,Anoitecer,Decrescente,Céu Claro,Simples,Aclive,Não,3,0,1,0,2,0,1,3,-27.020083,-52.636024,SPRF-SC,DEL07-SC,UOP01-DEL07-SC,2020
316023.0,2020-10-20,terça-feira,16:00:00,SC,282,412.0,CATANDUVAS,Velocidade Incompatível,Colisão lateral,Com Vítimas Feridas,Pleno dia,Decrescente,Céu Claro,Simples,Curva,Não,3,0,1,0,1,1,1,3,-27.055775,-51.688843,SPRF-SC,DEL07-SC,UOP05-DEL07-SC,2020
316140.0,2020-10-21,quarta-feira,10:15:00,SC,282,446.2,PONTE SERRADA,Falta de Atenção à Condução,Colisão lateral,Com Vítimas Feridas,Pleno dia,Decrescente,Céu Claro,Simples,Curva,Não,5,0,1,1,2,2,2,5,-26.910217,-51.914951,SPRF-SC,DEL07-SC,UOP04-DEL07-SC,2020
316219.0,2020-10-21,quarta-feira,20:10:00,SC,282,406.9,CATANDUVAS,Falta de Atenção à Condução,Colisão frontal,Com Vítimas Feridas,Plena Noite,Crescente,Céu Claro,Simples,Reta,Não,4,0,1,0,1,2,1,4,-27.092703,-51.659904,SPRF-SC,DEL07-SC,UOP05-DEL07-SC,2020
316226.0,2020-10-21,quarta-feira,22:30:00,SC,282,214.6,PALHOCA,Falta de Atenção à Condução,Colisão lateral,Sem Vítimas,Plena Noite,Crescente,Nublado,Múltipla,Declive;Reta,Sim,3,0,0,0,2,1,0,3,-27.64815134,-48.67333889,SPRF-SC,DEL05-SC,UOP01-DEL05-SC,2020
316305.0,2020-10-22,quinta-feira,08:20:00,SC,282,66.3,RANCHO QUEIMADO,Velocidade Incompatível,Colisão lateral,Com Vítimas Feridas,Pleno dia,Decrescente,Chuva,Simples,Curva,Não,5,0,1,2,1,1,3,4,-27.699602,-49.062912,SPRF-SC,DEL01-SC,UOP03-DEL01-SC,2020
316446.0,2020-10-23,sexta-feira,05:20:00,SC,282,641.0,DESCANSO,Ingestão de Álcool,Colisão lateral,Sem Vítimas,Amanhecer,Decrescente,Ignorado,Simples,Curva,Não,2,0,0,0,2,0,0,2,-26.779949,-53.460857,SPRF-SC,DEL07-SC,UOP03-DEL07-SC,2020
316730.0,2020-10-24,sábado,09:45:00,SC,480,126.9,CHAPECO,Falta de Atenção à Condução,Colisão transversal,Com Vítimas Feridas,Pleno dia,Crescente,Sol,Simples,Interseção de Vias;Reta,Não,3,0,1,0,1,1,1,3,-27.020083,-52.636024,SPRF-SC,DEL07-SC,UOP01-DEL07-SC,2020
317173.0,2020-10-26,segunda-feira,06:50:00,SC,282,332.0,CAMPOS NOVOS,Condutor Dormindo,Colisão lateral,Sem Vítimas,Pleno dia,Decrescente,Céu Claro,Simples,Reta,Não,3,0,0,0,2,2,0,4,-27.390564,-51.125843,SPRF-SC,DEL07-SC,UOP06-DEL07-SC,2020
317287.0,2020-10-26,segunda-feira,08:10:00,SC,282,619.0,IRACEMINHA,Falta de Atenção à Condução,Saída de leito carroçável,Sem Vítimas,Pleno dia,Crescente,Chuva,Simples,Curva,Não,1,0,0,0,1,0,0,1,-26.80354146,-53.31459045,SPRF-SC,DEL07-SC,UOP02-DEL07-SC,2020
317325.0,2020-10-26,segunda-feira,16:50:00,SC,282,376.5,ERVAL VELHO,Avarias e/ou desgaste excessivo no pneu,Colisão transversal,Com Vítimas Feridas,Pleno dia,Decrescente,Chuva,Simples,Aclive,Não,3,0,1,0,2,0,1,3,-27.220205,-51.461185,SPRF-SC,DEL07-SC,UOP05-DEL07-SC,2020
317368.0,2020-10-22,quinta-feira,04:40:00,SC,282,593.0,SAUDADES,Falta de Atenção à Condução,Saída de leito carroçável,Com Vítimas Feridas,Plena Noite,Crescente,Céu Claro,Simples,Curva,Não,1,0,1,0,0,0,1,1,-26.826199,-53.10162,SPRF-SC,DEL07-SC,UOP02-DEL07-SC,2020
317870.0,2020-10-29,quinta-feira,17:50:00,SC,282,445.5,VARGEM BONITA,Ultrapassagem Indevida,Colisão frontal,Com Vítimas Fatais,Pleno dia,Decrescente,Nublado,Simples,Declive;Reta,Não,3,1,1,0,1,0,1,2,-26.97294,-51.8389157,SPRF-SC,DEL07-SC,UOP04-DEL07-SC,2020
318102.0,2020-10-30,sexta-feira,14:00:00,SC,282,423.0,VARGEM BONITA,Defeito Mecânico no Veículo,Incêndio,Sem Vítimas,Pleno dia,Decrescente,Céu Claro,Simples,Reta,Não,2,0,0,0,1,2,0,3,-26.99556,-51.752289,SPRF-SC,DEL07-SC,UOP05-DEL07-SC,2020
318914.0,2020-11-02,segunda-feira,23:50:00,SC,282,410.0,CATANDUVAS,Não guardar distância de segurança,Atropelamento de Pedestre,Com Vítimas Fatais,Plena Noite,Decrescente,Céu Claro,Simples,Reta;Aclive,Sim,6,1,0,0,1,5,0,4,-27.061399,-51.671875,SPRF-SC,DEL07-SC,UOP05-DEL07-SC,2020
319044.0,2020-11-03,terça-feira,17:10:00,SC,480,126.7,CHAPECO,Avarias e/ou desgaste excessivo no pneu,Colisão lateral,Com Vítimas Feridas,Pleno dia,Crescente,Sol,Dupla,Reta,Não,6,0,3,0,2,1,3,5,-27.02617727,-52.6342535,SPRF-SC,DEL07-SC,UOP01-DEL07-SC,2020
319056.0,2020-11-03,terça-feira,16:50:00,SC,282,189.0,BOCAINA DO SUL,Pista Escorregadia,Colisão traseira,Sem Vítimas,Pleno dia,Decrescente,Granizo,Simples,Declive,Não,3,0,0,0,2,1,0,3,-27.7374,-50.026859,SPRF-SC,DEL05-SC,UOP01-DEL05-SC,2020
319130.0,2020-11-04,quarta-feira,14:20:00,SC,282,114.5,ALFREDO WAGNER,Não guardar distância de segurança,Colisão traseira,Com Vítimas Feridas,Pleno dia,Crescente,Nublado,Simples,Reta,Não,3,0,1,0,1,2,1,4,-27.748552,-49.388176,SPRF-SC,DEL01-SC,UOP03-DEL01-SC,2020
319309.0,2020-11-05,quinta-feira,09:40:00,SC,282,222.8,LAGES,Falta de Atenção à Condução,Colisão transversal,Com Vítimas Feridas,Pleno dia,Crescente,Céu Claro,Simples,Curva;Aclive,Sim,2,0,1,0,1,0,1,2,-27.79995844,-50.36130667,SPRF-SC,DEL05-SC,UOP01-DEL05-SC,2020
319480.0,2020-11-06,sexta-feira,12:00:00,SC,282,313.9,VARGEM,Falta de Atenção à Condução,Colisão lateral,Sem Vítimas,Pleno dia,Crescente,Céu Claro,Simples,Reta,Não,2,0,0,0,2,0,0,2,-27.458467,-50.990166,SPRF-SC,DEL07-SC,UOP06-DEL07-SC,2020
319484.0,2020-10-17,sábado,23:45:00,SC,282,526.0,XAXIM,Ingestão de Álcool,Colisão com objeto estático,Com Vítimas Fatais,Plena Noite,Crescente,Céu Claro,Simples,Curva,Não,5,1,1,0,2,1,1,4,-26.969427,-52.57497,SPRF-SC,DEL07-SC,UOP01-DEL07-SC,2020
319503.0,2020-11-06,sexta-feira,14:05:00,SC,282,180.4,BOCAINA DO SUL,Falta de Atenção à Condução,Colisão transversal,Com Vítimas Feridas,Pleno dia,Decrescente,Céu Claro,Simples,Reta,Não,3,0,0,1,1,2,1,4,-27.742239,-49.939873,SPRF-SC,DEL05-SC,UOP01-DEL05-SC,2020
319747.0,2020-11-07,sábado,14:15:00,SC,282,511.0,XANXERE,Falta de Atenção à Condução,Saída de leito carroçável,Com Vítimas Feridas,Pleno dia,Decrescente,Sol,Simples,Reta,Não,2,0,1,0,0,1,1,2,-26.90536631,-52.46435165,SPRF-SC,DEL07-SC,UOP01-DEL07-SC,2020
319754.0,2020-11-07,sábado,07:00:00,SC,282,541.9,CHAPECO,Condutor Dormindo,Colisão lateral,Com Vítimas Feridas,Pleno dia,Decrescente,Sol,Simples,Reta,Não,5,0,2,2,1,0,4,2,-26.997713,-52.699165,SPRF-SC,DEL07-SC,UOP01-DEL07-SC,2020
320054.0,2020-11-08,domingo,17:30:00,SC,282,406.3,CATANDUVAS,Falta de Atenção à Condução,Colisão frontal,Com Vítimas Feridas,Pleno dia,Decrescente,Sol,Simples,Reta,Não,3,0,0,1,1,1,1,3,-27.092703,-51.659904,SPRF-SC,DEL07-SC,UOP05-DEL07-SC,2020
320505.0,2020-11-10,terça-feira,14:45:00,SC,282,633.7,DESCANSO,Velocidade Incompatível,Tombamento,Com Vítimas Feridas,Pleno dia,Decrescente,Céu Claro,Simples,Em Obras;Curva,Não,2,0,1,0,0,1,1,2,-26.824224,-53.412407,SPRF-SC,DEL07-SC,UOP03-DEL07-SC,2020