id,data_inversa,dia_semana,horario,uf,br,km,municipio,causa_acidente,tipo_acidente,classificacao_acidente,fase_dia,sentido_via,condicao_metereologica,tipo_pista,tracado_via,uso_solo,pessoas,mortos,feridos_leves,feridos_graves,ilesos,ignorados,feridos,veiculos,latitude,longitude,regional,delegacia,uop,ano_arquivo
320675.0,2020-11-11,quarta-feira,09:00:00,SC,282,275.3,SAO JOSE DO CERRITO,Velocidade Incompatível,Colisão frontal,Com Vítimas Fatais,Pleno dia,Decrescente,Chuva,Simples,Curva;Declive,Não,6,1,0,2,1,2,2,4,-27.606421,-50.720207,SPRF-SC,DEL05-SC,UOP02-DEL05-SC,2020
321318.0,2020-11-14,sábado,09:50:00,SC,282,182.1,BOCAINA DO SUL,Carga excessiva e/ou mal acondicionada,Colisão frontal,Com Vítimas Fatais,Pleno dia,Crescente,Céu Claro,Simples,Reta,Não,8,2,0,3,1,2,3,5,-27.73584527,-49.95696902,SPRF-SC,DEL05-SC,UOP01-DEL05-SC,2020
321417.0,2020-11-14,sábado,14:00:00,SC,282,643.0,SAO MIGUEL DO OESTE,Defeito Mecânico no Veículo,Saída de leito carroçável,Com Vítimas Feridas,Pleno dia,Crescente,Sol,Simples,Reta,Sim,1,0,1,0,0,0,1,1,-26.768974,-53.469772,SPRF-SC,DEL07-SC,UOP03-DEL07-SC,2020
322462.0,2020-11-19,quinta-feira,08:40:00,SC,282,244.0,SAO JOSE DO CERRITO,Velocidade Incompatível,Tombamento,Com Vítimas Fatais,Pleno dia,Decrescente,Sol,Simples,Curva;Declive,Não,3,3,0,0,0,0,0,2,-27.736215,-50.520687,SPRF-SC,DEL05-SC,UOP02-DEL05-SC,2020
322655.0,2020-11-20,sexta-feira,17:35:00,SC,282,21.0,PALHOCA,Desobediência às normas de trânsito pelo condutor,Colisão lateral,Sem Vítimas,Pleno dia,Crescente,Garoa/Chuvisco,Simples,Reta,Sim,2,0,0,0,2,0,0,2,-27.68907,-48.717541,SPRF-SC,DEL01-SC,UOP02-DEL01-SC,2020
322673.0,2020-11-20,sexta-feira,19:15:00,SC,282,20.1,PALHOCA,Falta de Atenção à Condução,Colisão transversal,Com Vítimas Feridas,Plena Noite,Crescente,Nublado,Simples,Interseção de Vias,Sim,2,0,1,0,1,0,1,2,-27.683958,-48.71006,SPRF-SC,DEL01-SC,UOP02-DEL01-SC,2020
322693.0,2020-11-20,sexta-feira,16:45:00,SC,282,487.9,FAXINAL DOS GUEDES,Falta de Atenção à Condução,Colisão transversal,Com Vítimas Feridas,Pleno dia,Crescente,Sol,Simples,Reta,Sim,2,0,1,0,1,0,1,2,-26.85758,-52.263203,SPRF-SC,DEL07-SC,UOP01-DEL07-SC,2020
323128.0,2020-11-22,domingo,15:15:00,SC,480,127.6,CHAPECO,Falta de Atenção à Condução,Colisão transversal,Com Vítimas Feridas,Pleno dia,Crescente,Sol,Simples,Reta,Não,3,0,1,1,1,0,2,2,-27.020083,-52.636024,SPRF-SC,DEL07-SC,UOP01-DEL07-SC,2020
323224.0,2020-11-22,domingo,15:25:00,SC,282,503.7,XANXERE,Velocidade Incompatível,Tombamento,Com Vítimas Feridas,Pleno dia,Decrescente,Sol,Dupla,Curva,Sim,2,0,1,0,0,1,1,2,-26.88492,-52.399788,SPRF-SC,DEL07-SC,UOP01-DEL07-SC,2020
323329.0,2020-11-23,segunda-feira,13:50:00,SC,282,4.7,SAO JOSE,Falta de Atenção à Condução,Colisão traseira,Sem Vítimas,Pleno dia,Crescente,Céu Claro,Dupla,Reta,Sim,3,0,0,0,2,1,0,3,-27.592646,-48.604034,SPRF-SC,DEL01-SC,UOP01-DEL01-SC,2020
324268.0,2020-11-28,sábado,03:00:00,SC,282,435.0,VARGEM BONITA,Condutor Dormindo,Colisão transversal,Sem Vítimas,Plena Noite,Decrescente,Céu Claro,Simples,Reta,Não,2,0,0,0,1,1,0,2,-26.973248,-51.841671,SPRF-SC,DEL07-SC,UOP04-DEL07-SC,2020
324593.0,2020-09-05,sábado,00:30:00,SC,282,275.9,SAO JOSE DO CERRITO,Desobediência às normas de trânsito pelo condutor,Colisão frontal,Com Vítimas Fatais,Plena Noite,Decrescente,Nevoeiro/Neblina,Simples,Curva;Declive,Não,3,1,0,0,2,0,0,2,-27.606421,-50.720207,SPRF-SC,DEL05-SC,UOP02-DEL05-SC,2020
324766.0,2020-11-29,domingo,13:20:00,SC,282,519.6,XAXIM,Falta de Atenção à Condução,Saída de leito carroçável,Sem Vítimas,Pleno dia,Crescente,Chuva,Simples,Reta;Aclive,Não,2,0,0,0,1,1,0,2,-26.947527,-52.517536,SPRF-SC,DEL07-SC,UOP01-DEL07-SC,2020
325116.0,2020-12-02,quarta-feira,05:30:00,SC,282,65.0,RANCHO QUEIMADO,Condutor Dormindo,Saída de leito carroçável,Sem Vítimas,Amanhecer,Decrescente,Garoa/Chuvisco,Simples,Curva,Não,1,0,0,0,1,0,0,1,-27.692892,-49.059013,SPRF-SC,DEL01-SC,UOP03-DEL01-SC,2020
325146.0,2020-12-02,quarta-feira,11:30:00,SC,282,64.2,RANCHO QUEIMADO,Falta de Atenção à Condução,Colisão lateral,Sem Vítimas,Pleno dia,Decrescente,Chuva,Simples,Reta,Não,4,0,0,0,3,2,0,5,-27.696323,-49.052456,SPRF-SC,DEL01-SC,UOP03-DEL01-SC,2020
325350.0,2020-12-03,quinta-feira,11:00:00,SC,282,521.8,XAXIM,Falta de Atenção à Condução,Colisão com objeto estático,Com Vítimas Feridas,Pleno dia,Crescente,Nublado,Simples,Declive,Sim,2,0,1,0,0,1,1,2,-26.950993,-52.534767,SPRF-SC,DEL07-SC,UOP01-DEL07-SC,2020
325416.0,2020-12-03,quinta-feira,20:30:00,SC,282,521.6,XAXIM,Falta de Atenção à Condução,Danos eventuais,Sem Vítimas,Plena Noite,Crescente,Céu Claro,Simples,Rotatória,Sim,2,0,0,0,1,1,0,2,-26.950993,-52.534767,SPRF-SC,DEL07-SC,UOP01-DEL07-SC,2020
325425.0,2020-12-03,quinta-feira,22:35:00,SC,282,408.7,CATANDUVAS,Falta de Atenção à Condução,Colisão com objeto estático,Sem Vítimas,Plena Noite,Decrescente,Céu Claro,Simples,Reta,Sim,2,0,0,0,1,1,0,2,-27.065756,-51.664165,SPRF-SC,DEL07-SC,UOP05-DEL07-SC,2020
325472.0,2020-12-04,sexta-feira,05:50:00,SC,282,241.6,SAO JOSE DO CERRITO,Defeito Mecânico no Veículo,Incêndio,Sem Vítimas,Amanhecer,Crescente,Céu Claro,Simples,Aclive,Não,2,0,0,0,1,1,0,2,-27.7542,-50.497066,SPRF-SC,DEL05-SC,UOP02-DEL05-SC,2020
325727.0,2020-12-04,sexta-feira,22:15:00,SC,282,413.7,CATANDUVAS,Desobediência às normas de trânsito pelo condutor,Colisão frontal,Com Vítimas Fatais,Plena Noite,Decrescente,Céu Claro,Simples,Curva,Não,8,2,0,4,1,1,4,4,-27.05442,-51.69487,SPRF-SC,DEL07-SC,UOP05-DEL07-SC,2020
325808.0,2020-12-05,sábado,11:25:00,SC,480,129.8,CHAPECO,Falta de Atenção à Condução,Saída de leito carroçável,Com Vítimas Feridas,Pleno dia,Crescente,Chuva,Dupla,Curva,Sim,2,0,1,0,1,0,1,1,-27.05188329,-52.63571262,SPRF-SC,DEL07-SC,UOP01-DEL07-SC,2020
325836.0,2020-12-05,sábado,14:00:00,SC,282,47.8,AGUAS MORNAS,Pista Escorregadia,Colisão lateral,Com Vítimas Feridas,Pleno dia,Crescente,Garoa/Chuvisco,Simples,Curva,Não,5,0,0,3,1,1,3,3,-27.71407798,-48.9385128,SPRF-SC,DEL01-SC,UOP03-DEL01-SC,2020
326194.0,2020-12-06,domingo,21:40:00,SC,480,124.7,CHAPECO,Falta de Atenção à Condução,Colisão traseira,Com Vítimas Feridas,Plena Noite,Decrescente,Céu Claro,Dupla,Reta,Não,2,0,0,1,0,1,1,2,-27.00359519,-52.64391044,SPRF-SC,DEL07-SC,UOP01-DEL07-SC,2020
326214.0,2020-12-07,segunda-feira,00:05:00,SC,282,644.4,SAO MIGUEL DO OESTE,Ingestão de Álcool,Colisão lateral,Sem Vítimas,Plena Noite,Crescente,Céu Claro,Simples,Declive;Em Obras;Curva,Não,3,0,0,0,1,2,0,2,-26.76557542,-53.48411679,SPRF-SC,DEL07-SC,UOP03-DEL07-SC,2020
326314.0,2020-12-07,segunda-feira,10:00:00,SC,480,125.4,CHAPECO,Falta de Atenção à Condução,Colisão transversal,Com Vítimas Feridas,Pleno dia,Crescente,Sol,Simples,Viaduto;Reta;Interseção de Vias,Sim,2,0,1,0,1,0,1,2,-27.01164515,-52.63953123,SPRF-SC,DEL07-SC,UOP01-DEL07-SC,2020
326497.0,2020-12-08,terça-feira,07:15:00,SC,282,45.4,AGUAS MORNAS,Velocidade Incompatível,Colisão traseira,Com Vítimas Feridas,Pleno dia,Decrescente,Céu Claro,Simples,Curva,Não,3,0,2,1,0,0,3,2,-27.719851,-48.916126,SPRF-SC,DEL01-SC,UOP03-DEL01-SC,2020
326620.0,2020-12-08,terça-feira,19:55:00,SC,480,128.6,CHAPECO,Desobediência às normas de trânsito pelo condutor,Colisão frontal,Com Vítimas Feridas,Plena Noite,Decrescente,Céu Claro,Dupla,Interseção de Vias,Não,2,0,1,0,1,0,1,2,-27.042726,-52.635643,SPRF-SC,DEL07-SC,UOP01-DEL07-SC,2020
326929.0,2020-12-10,quinta-feira,14:00:00,SC,282,29.0,AGUAS MORNAS,Falta de Atenção à Condução,Colisão transversal,Sem Vítimas,Pleno dia,Decrescente,Céu Claro,Simples,Reta,Sim,2,0,0,0,2,0,0,2,-27.679737,-48.786785,SPRF-SC,DEL01-SC,UOP03-DEL01-SC,2020
327134.0,2020-12-11,sexta-feira,13:45:00,SC,282,502.5,XANXERE,Falta de Atenção à Condução,Colisão transversal,Sem Vítimas,Pleno dia,Decrescente,Sol,Simples,Retorno Regulamentado;Aclive,Não,2,0,0,0,2,0,0,2,-26.884584,-52.390911,SPRF-SC,DEL07-SC,UOP01-DEL07-SC,2020
328097.0,2020-12-15,terça-feira,11:00:00,SC,282,185.0,BOCAINA DO SUL,Defeito Mecânico no Veículo,Saída de leito carroçável,Sem Vítimas,Pleno dia,Decrescente,Céu Claro,Simples,Reta,Não,1,0,0,0,1,0,0,1,-27.734449,-49.98819,SPRF-SC,DEL05-SC,UOP01-DEL05-SC,2020
328133.0,2020-12-15,terça-feira,14:10:00,SC,282,520.0,XAXIM,Ingestão de Álcool,Colisão lateral,Sem Vítimas,Pleno dia,Crescente,Céu Claro,Simples,Curva,Não,2,0,0,0,2,0,0,2,-26.950415,-52.526096,SPRF-SC,DEL07-SC,UOP01-DEL07-SC,2020
328331.0,2020-12-16,quarta-feira,15:50:00,SC,282,281.3,SAO JOSE DO CERRITO,Falta de Atenção à Condução,Colisão traseira,Com Vítimas Feridas,Pleno dia,Crescente,Céu Claro,Simples,Reta,Não,5,0,3,0,2,0,3,3,-27.580057,-50.76429,SPRF-SC,DEL05-SC,UOP02-DEL05-SC,2020
328349.0,2020-12-16,quarta-feira,07:00:00,SC,282,495.5,XANXERE,Não guardar distância de segurança,Colisão traseira,Sem Vítimas,Pleno dia,Crescente,Sol,Simples,Reta,Não,3,0,0,0,2,1,0,3,-26.875349,-52.327076,SPRF-SC,DEL07-SC,UOP01-DEL07-SC,2020
328961.0,2020-12-19,sábado,15:15:00,SC,282,551.9,NOVA ITABERABA,Velocidade Incompatível,Saída de leito carroçável,Com Vítimas Feridas,Pleno dia,Crescente,Garoa/Chuvisco,Simples,Reta;Declive,Não,2,0,1,0,0,2,1,3,-26.951487,-52.778172,SPRF-SC,DEL07-SC,UOP01-DEL07-SC,2020
329203.0,2020-12-20,domingo,08:00:00,SC,282,618.4,IRACEMINHA,Velocidade Incompatível,Colisão lateral,Com Vítimas Fatais,Pleno dia,Decrescente,Chuva,Simples,Curva;Declive,Não,6,2,0,2,1,1,2,3,-26.788088,-53.293259,SPRF-SC,DEL07-SC,UOP02-DEL07-SC,2020
329252.0,2020-12-20,domingo,15:10:00,SC,282,333.3,CAMPOS NOVOS,Pista Escorregadia,Colisão frontal,Com Vítimas Fatais,Pleno dia,Crescente,Chuva,Simples,Curva,Não,2,1,0,0,1,0,0,2,-27.3935457,-51.1681319,SPRF-SC,DEL07-SC,UOP06-DEL07-SC,2020
329478.0,2020-12-21,segunda-feira,11:15:00,SC,282,137.0,BOM RETIRO,Defeito Mecânico no Veículo,Colisão com objeto em movimento,Com Vítimas Feridas,Pleno dia,Crescente,Céu Claro,Simples,Reta,Não,4,0,1,0,2,2,1,4,-27.8218,-49.567032,SPRF-SC,DEL05-SC,UOP01-DEL05-SC,2020
329541.0,2020-12-21,segunda-feira,17:30:00,SC,282,500.1,XANXERE,Falta de Atenção à Condução,Colisão traseira,Com Vítimas Feridas,Pleno dia,Crescente,Sol,Dupla,Declive;Rotatória,Não,3,0,1,0,2,0,1,2,-26.881372,-52.37252,SPRF-SC,DEL07-SC,UOP01-DEL07-SC,2020
329735.0,2020-12-22,terça-feira,15:10:00,SC,282,33.0,AGUAS MORNAS,Falta de Atenção à Condução,Colisão frontal,Com Vítimas Feridas,Pleno dia,Crescente,Nublado,Simples,Reta,Não,2,0,1,1,0,0,2,2,-27.706587,-48.808144,SPRF-SC,DEL01-SC,UOP03-DEL01-SC,2020
329768.0,2020-12-22,terça-feira,18:30:00,SC,282,624.0,IRACEMINHA,Deficiência ou não Acionamento do Sistema de Iluminação/Sinalização do Veículo,Colisão transversal,Com Vítimas Feridas,Anoitecer,Decrescente,Sol,Simples,Interseção de Vias,Não,4,0,1,0,2,1,1,3,-26.79848517,-53.34563971,SPRF-SC,DEL07-SC,UOP02-DEL07-SC,2020
329829.0,2020-12-22,terça-feira,23:45:00,SC,282,207.5,LAGES,Falta de Atenção do Pedestre,Atropelamento de Pedestre,Com Vítimas Feridas,Pleno dia,Decrescente,Garoa/Chuvisco,Simples,Em Obras,Não,2,0,0,1,1,0,1,2,-27.773464,-50.202095,SPRF-SC,DEL05-SC,UOP01-DEL05-SC,2020
329850.0,2020-12-23,quarta-feira,01:00:00,SC,282,68.4,RANCHO QUEIMADO,Falta de Atenção à Condução,Saída de leito carroçável,Com Vítimas Feridas,Plena Noite,Decrescente,Nublado,Simples,Curva,Não,1,0,1,0,0,0,1,1,-27.692406,-49.075939,SPRF-SC,DEL01-SC,UOP03-DEL01-SC,2020
330273.0,2020-12-24,quinta-feira,07:40:00,SC,282,586.9,PINHALZINHO,Velocidade Incompatível,Tombamento,Sem Vítimas,Pleno dia,Decrescente,Sol,Simples,Curva,Não,2,0,0,0,1,2,0,3,-26.83065776,-53.04430962,SPRF-SC,DEL07-SC,UOP02-DEL07-SC,2020
330988.0,2020-12-28,segunda-feira,06:40:00,SC,282,489.3,FAXINAL DOS GUEDES,Falta de Atenção à Condução,Colisão lateral,Com Vítimas Feridas,Pleno dia,Crescente,Céu Claro,Simples,Declive,Não,3,0,0,1,2,0,1,2,-26.863247,-52.270392,SPRF-SC,DEL07-SC,UOP01-DEL07-SC,2020
331063.0,2020-12-28,segunda-feira,15:00:00,SC,282,551.5,NOVA ITABERABA,Velocidade Incompatível,Saída de leito carroçável,Sem Vítimas,Pleno dia,Crescente,Chuva,Simples,Curva,Não,4,0,0,0,3,1,0,4,-26.951487,-52.778172,SPRF-SC,DEL07-SC,UOP01-DEL07-SC,2020
331274.0,2020-12-29,terça-feira,13:30:00,SC,282,634.0,DESCANSO,Falta de Atenção à Condução,Colisão lateral,Com Vítimas Feridas,Pleno dia,Crescente,Céu Claro,Simples,Curva,Não,3,0,1,0,2,0,1,3,-26.825808,-53.420979,SPRF-SC,DEL07-SC,UOP03-DEL07-SC,2020
331527.0,2020-12-31,quinta-feira,02:55:00,SC,282,527.1,XAXIM,Falta de Atenção à Condução,Colisão frontal,Com Vítimas Feridas,Plena Noite,Decrescente,Chuva,Simples,Curva,Não,3,0,1,0,1,1,1,3,-26.973196,-52.583321,SPRF-SC,DEL07-SC,UOP01-DEL07-SC,2020
332715.0,2020-12-10,quinta-feira,13:30:00,SC,282,424.8,VARGEM BONITA,Ultrapassagem Indevida,Colisão frontal,Com Vítimas Fatais,Pleno dia,Decrescente,Céu Claro,Simples,Curva,Não,4,1,1,0,1,2,1,4,-26.988014,-51.753124,SPRF-SC,DEL07-SC,UOP05-DEL07-SC,2020
348712.0,2020-05-29,sexta-feira,05:20:00,SC,282,633.6,DESCANSO,Velocidade Incompatível,Saída de leito carroçável,Com Vítimas Feridas,Plena Noite,Decrescente,Céu Claro,Simples,Declive;Curva,Não,2,0,0,1,0,1,1,2,-26.824224,-53.412407,SPRF-SC,DEL07-SC,UOP03-DEL07-SC,2020
325081.0,2020-12-01,terça-feira,20:20:00,SC,282,507.0,XANXERE,Desobediência às normas de trânsito pelo condutor,Colisão traseira,Com Vítimas Feridas,Plena Noite,Crescente,Céu Claro,Simples,Reta,Não,2,0,1,0,1,0,1,2,-26.886171,-52.43911,SPRF-SC,DEL07-SC,UOP01-DEL07-SC,2020
265459.0,2020-01-27,segunda-feira,11:30:00,SC,282,38.0,AGUAS MORNAS,Falta de Atenção à Condução,Colisão frontal,Com Vítimas Feridas,Pleno dia,Crescente,Céu Claro,Simples,Reta,Não,5,0,2,1,1,1,3,3,-27.709209,-48.852467,SPRF-SC,DEL01-SC,UOP03-DEL01-SC,2020
274892.0,2020-03-12,quinta-feira,11:00:00,SC,282,217.5,LAGES,Desobediência às normas de trânsito pelo condutor,Colisão transversal,Com Vítimas Feridas,Pleno dia,Decrescente,Céu Claro,Dupla,Interseção de Vias,Sim,3,0,1,0,1,1,1,3,-27.797916,-50.302944,SPRF-SC,DEL05-SC,UOP01-DEL05-SC,2020
282299.0,2020-05-01,sexta-feira,12:10:00,SC,282,58.8,RANCHO QUEIMADO,Falta de Atenção à Condução,Saída de leito carroçável,Com Vítimas Feridas,Pleno dia,Decrescente,Céu Claro,Simples,Declive,Não,3,0,2,0,0,1,2,2,-27.683594,-49.005539,SPRF-SC,DEL01-SC,UOP03-DEL01-SC,2020
294920.0,2020-07-11,sábado,20:35:00,SC,282,252.4,SAO JOSE DO CERRITO,Desobediência às normas de trânsito pelo condutor,Colisão frontal,Com Vítimas Fatais,Plena Noite,Decrescente,Chuva,Simples,Curva,Não,5,1,0,3,0,1,3,3,-27.68879311,-50.56629919,SPRF-SC,DEL05-SC,UOP02-DEL05-SC,2020
299588.0,2020-08-05,quarta-feira,10:40:00,SC,282,194.0,LAGES,Não guardar distância de segurança,Saída de leito carroçável,Com Vítimas Feridas,Pleno dia,Decrescente,Céu Claro,Simples,Reta;Aclive,Não,8,0,6,0,1,1,6,3,-27.74324,-50.075451,SPRF-SC,DEL05-SC,UOP01-DEL05-SC,2020
311068.0,2020-09-21,segunda-feira,10:45:00,SC,282,485.9,FAXINAL DOS GUEDES,Falta de Atenção do Pedestre,Atropelamento de Pedestre,Com Vítimas Feridas,Pleno dia,Decrescente,Sol,Simples,Reta,Não,3,0,0,1,1,1,1,3,-26.857132,-52.245258,SPRF-SC,DEL07-SC,UOP01-DEL07-SC,2020
314519.0,2020-10-13,terça-feira,10:00:00,SC,282,223.2,LAGES,Desobediência às normas de trânsito pelo condutor,Colisão frontal,Com Vítimas Feridas,Pleno dia,Crescente,Sol,Simples,Curva,Não,4,0,0,1,2,1,1,3,-27.79847835,-50.35532182,SPRF-SC,DEL05-SC,UOP01-DEL05-SC,2020
322448.0,2020-11-19,quinta-feira,17:10:00,SC,282,5.5,SAO JOSE,Não guardar distância de segurança,Colisão lateral,Com Vítimas Feridas,Pleno dia,Crescente,Nublado,Múltipla,Reta,Sim,4,0,1,0,2,1,1,4,-27.588425,-48.612919,SPRF-SC,DEL01-SC,UOP01-DEL01-SC,2020
260046.0,2020-01-01,quarta-feira,02:15:00,SC,282,509.0,XANXERE,Animais na Pista,Saída de leito carroçável,Com Vítimas Feridas,Plena Noite,Decrescente,Céu Claro,Simples,Reta,Não,3,0,0,1,1,1,1,2,-26.89436315,-52.4613905,SPRF-SC,DEL07-SC,UOP01-DEL07-SC,2020
260169.0,2020-01-01,quarta-feira,16:40:00,SC,282,75.0,RANCHO QUEIMADO,Velocidade Incompatível,Saída de leito carroçável,Com Vítimas Feridas,Pleno dia,Decrescente,Chuva,Simples,Curva,Não,1,0,0,1,0,0,1,1,-27.690931,-49.129143,SPRF-SC,DEL01-SC,UOP03-DEL01-SC,2020
260448.0,2020-01-02,quinta-feira,17:30:00,SC,282,564.2,NOVA ERECHIM,Velocidade Incompatível,Saída de leito carroçável,Com Vítimas Feridas,Pleno dia,Crescente,Sol,Simples,Curva,Não,1,0,0,1,0,0,1,1,-26.898739,-52.877975,SPRF-SC,DEL07-SC,UOP02-DEL07-SC,2020
260455.0,2020-01-02,quinta-feira,19:00:00,SC,282,424.8,VARGEM BONITA,Velocidade Incompatível,Colisão frontal,Com Vítimas Feridas,Pleno dia,Decrescente,Céu Claro,Simples,Curva,Não,5,0,1,2,1,1,3,3,-26.988014,-51.753124,SPRF-SC,DEL07-SC,UOP05-DEL07-SC,2020
260468.0,2020-01-02,quinta-feira,22:00:00,SC,282,80.0,RANCHO QUEIMADO,Velocidade Incompatível,Capotamento,Com Vítimas Feridas,Plena Noite,Crescente,Chuva,Simples,Curva,Não,1,0,1,0,0,0,1,1,-27.663555,-49.159309,SPRF-SC,DEL01-SC,UOP03-DEL01-SC,2020
260475.0,2020-01-02,quinta-feira,20:30:00,SC,282,134.6,BOM RETIRO,Desobediência às normas de trânsito pelo condutor,Colisão transversal,Com Vítimas Feridas,Plena Noite,Crescente,Nublado,Simples,Reta,Não,3,0,2,1,0,0,3,2,-27.813074,-49.540077,SPRF-SC,DEL05-SC,UOP01-DEL05-SC,2020
260519.0,2020-01-03,sexta-feira,06:00:00,SC,282,435.0,VARGEM BONITA,Condutor Dormindo,Colisão lateral,Com Vítimas Feridas,Pleno dia,Decrescente,Céu Claro,Simples,Reta,Não,6,0,3,0,3,0,3,2,-26.973248,-51.841671,SPRF-SC,DEL07-SC,UOP04-DEL07-SC,2020
260544.0,2020-01-03,sexta-feira,10:25:00,SC,282,57.8,RANCHO QUEIMADO,Falta de Atenção à Condução,Colisão traseira,Com Vítimas Feridas,Pleno dia,Crescente,Nublado,Simples,Reta,Não,3,0,2,0,1,0,2,2,-27.68421213,-49.00410891,SPRF-SC,DEL01-SC,UOP03-DEL01-SC,2020
260669.0,2020-01-03,sexta-feira,19:45:00,SC,282,16.0,PALHOCA,Falta de Atenção à Condução,Colisão transversal,Com Vítimas Feridas,Plena Noite,Crescente,Chuva,Simples,Reta,Sim,3,0,1,0,2,0,1,2,-27.658611,-48.681847,SPRF-SC,DEL01-SC,UOP02-DEL01-SC,2020
260698.0,2020-01-03,sexta-feira,22:35:00,SC,282,6.0,SAO JOSE,Falta de Atenção à Condução,Tombamento,Com Vítimas Feridas,Plena Noite,Crescente,Nublado,Dupla,Curva,Sim,2,0,1,0,1,0,1,1,-27.591936,-48.618244,SPRF-SC,DEL01-SC,UOP01-DEL01-SC,2020
260738.0,2020-01-04,sábado,07:20:00,SC,282,5.8,SAO JOSE,Falta de Atenção à Condução,Colisão com objeto estático,Com Vítimas Feridas,Pleno dia,Decrescente,Chuva,Dupla,Curva,Sim,1,0,1,0,0,0,1,1,-27.588425,-48.612919,SPRF-SC,DEL01-SC,UOP01-DEL01-SC,2020
260796.0,2020-01-04,sábado,10:00:00,SC,282,221.8,LAGES,Ultrapassagem Indevida,Colisão frontal,Com Vítimas Feridas,Pleno dia,Decrescente,Céu Claro,Simples,Declive,Não,4,0,2,1,1,0,3,2,-27.796358,-50.343426,SPRF-SC,DEL05-SC,UOP01-DEL05-SC,2020
260841.0,2020-01-04,sábado,11:50:00,SC,282,30.0,SANTO AMARO DA IMPERATRIZ,Velocidade Incompatível,Capotamento,Com Vítimas Feridas,Pleno dia,Crescente,Chuva,Simples,Curva,Não,5,0,2,0,3,0,2,3,-27.687376,-48.79071,SPRF-SC,DEL01-SC,UOP03-DEL01-SC,2020
260854.0,2020-01-04,sábado,15:20:00,SC,282,53.5,AGUAS MORNAS,Velocidade Incompatível,Colisão transversal,Com Vítimas Feridas,Pleno dia,Crescente,Chuva,Simples,Curva,Não,3,0,1,0,2,0,1,2,-27.68527619,-48.97202969,SPRF-SC,DEL01-SC,UOP03-DEL01-SC,2020
260862.0,2020-01-04,sábado,17:00:00,SC,282,602.1,MARAVILHA,Desobediência às normas de trânsito pelo condutor,Colisão frontal,Com Vítimas Feridas,Pleno dia,Decrescente,Céu Claro,Simples,Reta;Interseção de Vias,Não,3,0,0,2,1,0,2,2,-26.80554285,-53.18138123,SPRF-SC,DEL07-SC,UOP02-DEL07-SC,2020
260871.0,2020-01-04,sábado,18:25:00,SC,282,305.1,VARGEM,Velocidade Incompatível,Saída de leito carroçável,Com Vítimas Feridas,Pleno dia,Crescente,Chuva,Simples,Curva;Declive,Não,1,0,1,0,0,0,1,1,-27.500679,-50.949047,SPRF-SC,DEL07-SC,UOP06-DEL07-SC,2020
260947.0,2020-01-05,domingo,06:10:00,SC,282,365.0,ERVAL VELHO,Restrição de Visibilidade,Colisão traseira,Com Vítimas Feridas,Amanhecer,Decrescente,Céu Claro,Simples,Reta,Não,4,0,1,0,3,0,1,2,-27.295467,-51.407909,SPRF-SC,DEL07-SC,UOP05-DEL07-SC,2020
260997.0,2020-01-05,domingo,12:50:00,SC,282,137.1,BOM RETIRO,Ultrapassagem Indevida,Colisão transversal,Com Vítimas Feridas,Pleno dia,Crescente,Céu Claro,Simples,Reta,Não,2,0,1,0,1,0,1,2,-27.8218,-49.567032,SPRF-SC,DEL05-SC,UOP01-DEL05-SC,2020
260998.0,2020-01-05,domingo,12:45:00,SC,282,523.7,XAXIM,Defeito Mecânico no Veículo,Colisão frontal,Com Vítimas Feridas,Pleno dia,Crescente,Céu Claro,Simples,Curva,Sim,2,0,1,0,1,0,1,2,-26.963129,-52.548851,SPRF-SC,DEL07-SC,UOP01-DEL07-SC,2020
261044.0,2020-01-05,domingo,18:10:00,SC,282,16.0,PALHOCA,Falta de Atenção à Condução,Colisão traseira,Com Vítimas Feridas,Pleno dia,Decrescente,Céu Claro,Simples,Reta,Sim,2,0,1,0,1,0,1,2,-27.658611,-48.681847,SPRF-SC,DEL01-SC,UOP02-DEL01-SC,2020
261076.0,2020-01-05,domingo,14:40:00,SC,282,454.8,PONTE SERRADA,Falta de Atenção à Condução,Saída de leito carroçável,Com Vítimas Feridas,Pleno dia,Crescente,Chuva,Simples,Curva,Não,2,0,1,1,0,0,2,1,-26.891756,-51.98447,SPRF-SC,DEL07-SC,UOP04-DEL07-SC,2020
261102.0,2020-01-05,domingo,21:55:00,SC,282,593.3,SAUDADES,Falta de Atenção à Condução,Capotamento,Com Vítimas Feridas,Plena Noite,Decrescente,Nublado,Simples,Curva,Não,5,0,1,0,4,0,1,1,-26.826199,-53.10162,SPRF-SC,DEL07-SC,UOP02-DEL07-SC,2020
261185.0,2020-01-06,segunda-feira,13:20:00,SC,282,1.0,FLORIANOPOLIS,Falta de Atenção à Condução,Colisão transversal,Com Vítimas Feridas,Pleno dia,Decrescente,Céu Claro,Dupla,Reta,Sim,2,0,0,1,1,0,1,2,-27.602955,-48.580509,SPRF-SC,DEL01-SC,UOP01-DEL01-SC,2020
261359.0,2020-01-07,terça-feira,12:25:00,SC,282,594.0,SAUDADES,Velocidade Incompatível,Colisão lateral,Com Vítimas Feridas,Pleno dia,Decrescente,Nublado,Simples,Curva,Não,2,0,1,0,1,0,1,2,-26.827911,-53.108719,SPRF-SC,DEL07-SC,UOP02-DEL07-SC,2020
261460.0,2020-01-08,quarta-feira,06:40:00,SC,282,33.1,AGUAS MORNAS,Velocidade Incompatível,Saída de leito carroçável,Com Vítimas Feridas,Pleno dia,Decrescente,Chuva,Simples,Curva,Não,2,0,1,0,1,0,1,1,-27.70561581,-48.80999207,SPRF-SC,DEL01-SC,UOP03-DEL01-SC,2020