id,data_inversa,dia_semana,horario,uf,br,km,municipio,causa_acidente,tipo_acidente,classificacao_acidente,fase_dia,sentido_via,condicao_metereologica,tipo_pista,tracado_via,uso_solo,pessoas,mortos,feridos_leves,feridos_graves,ilesos,ignorados,feridos,veiculos,latitude,longitude,regional,delegacia,uop,ano_arquivo
267833.0,2020-02-07,sexta-feira,14:55:00,SC,282,601.0,MARAVILHA,Desobediência às normas de trânsito pelo condutor,Colisão transversal,Sem Vítimas,Pleno dia,Crescente,Céu Claro,Simples,Reta,Não,2,0,0,0,2,0,0,2,-26.809002,-53.169399,SPRF-SC,DEL07-SC,UOP02-DEL07-SC,2020
267867.0,2020-02-07,sexta-feira,09:20:00,SC,282,21.4,PALHOCA,Desobediência às normas de trânsito pelo condutor,Colisão transversal,Sem Vítimas,Plena Noite,Crescente,Chuva,Simples,Curva,Sim,2,0,0,0,2,0,0,2,-27.68907,-48.717541,SPRF-SC,DEL01-SC,UOP02-DEL01-SC,2020
267897.0,2020-02-08,sábado,00:20:00,SC,282,24.7,SANTO AMARO DA IMPERATRIZ,Falta de Atenção à Condução,Colisão frontal,Com Vítimas Feridas,Plena Noite,Decrescente,Chuva,Simples,Interseção de Vias,Sim,2,0,0,1,1,0,1,2,-27.68268,-48.744614,SPRF-SC,DEL01-SC,UOP03-DEL01-SC,2020
267901.0,2020-02-08,sábado,01:20:00,SC,282,0.2,FLORIANOPOLIS,Ingestão de Álcool,Saída de leito carroçável,Sem Vítimas,Plena Noite,Decrescente,Chuva,Múltipla,Curva,Não,1,0,0,0,1,0,0,1,-27.59845,-48.571995,SPRF-SC,DEL01-SC,UOP01-DEL01-SC,2020
267938.0,2020-02-08,sábado,06:00:00,SC,282,49.0,AGUAS MORNAS,Velocidade Incompatível,Saída de leito carroçável,Com Vítimas Feridas,Pleno dia,Decrescente,Chuva,Simples,Curva,Não,4,0,2,0,2,0,2,1,-27.712931,-48.943741,SPRF-SC,DEL01-SC,UOP03-DEL01-SC,2020
268004.0,2020-02-08,sábado,08:30:00,SC,282,503.8,XANXERE,Velocidade Incompatível,Saída de leito carroçável,Com Vítimas Feridas,Pleno dia,Decrescente,Céu Claro,Dupla,Curva,Sim,2,0,1,0,1,0,1,1,-26.88492,-52.399788,SPRF-SC,DEL07-SC,UOP01-DEL07-SC,2020
268044.0,2020-02-05,quarta-feira,18:00:00,SC,282,202.9,LAGES,Velocidade Incompatível,Saída de leito carroçável,Com Vítimas Feridas,Pleno dia,Crescente,Chuva,Simples,Reta,Não,2,0,1,0,1,0,1,1,-27.763393,-50.152874,SPRF-SC,DEL05-SC,UOP01-DEL05-SC,2020
268106.0,2020-02-08,sábado,21:45:00,SC,282,572.0,NOVA ERECHIM,Falta de Atenção à Condução,Colisão traseira,Com Vítimas Feridas,Plena Noite,Decrescente,Céu Claro,Simples,Reta,Não,1,0,1,0,0,0,1,1,-26.879332,-52.949421,SPRF-SC,DEL07-SC,UOP02-DEL07-SC,2020
268124.0,2020-02-09,domingo,00:20:00,SC,480,127.0,CHAPECO,Falta de Atenção à Condução,Saída de leito carroçável,Sem Vítimas,Plena Noite,Crescente,Céu Claro,Simples,Reta;Aclive;Interseção de Vias,Sim,1,0,0,0,0,1,0,1,-27.02885905,-52.63380035,SPRF-SC,DEL07-SC,UOP01-DEL07-SC,2020
268194.0,2020-02-09,domingo,11:10:00,SC,282,16.0,PALHOCA,Desobediência às normas de trânsito pelo condutor,Colisão lateral,Com Vítimas Feridas,Pleno dia,Crescente,Nublado,Simples,Reta,Não,3,0,1,0,1,1,1,3,-27.658611,-48.681847,SPRF-SC,DEL01-SC,UOP02-DEL01-SC,2020
268256.0,2020-02-09,domingo,15:40:00,SC,282,503.9,XANXERE,Velocidade Incompatível,Colisão com objeto estático,Com Vítimas Feridas,Pleno dia,Decrescente,Chuva,Dupla,Curva,Sim,3,0,2,0,1,0,2,1,-26.88226801,-52.40495682,SPRF-SC,DEL07-SC,UOP01-DEL07-SC,2020
268274.0,2020-02-09,domingo,15:30:00,SC,282,55.0,AGUAS MORNAS,Velocidade Incompatível,Saída de leito carroçável,Com Vítimas Fatais,Pleno dia,Decrescente,Chuva,Simples,Curva,Não,4,1,3,0,0,0,3,1,-27.689514,-48.982376,SPRF-SC,DEL01-SC,UOP03-DEL01-SC,2020
268284.0,2020-02-09,domingo,15:30:00,SC,282,52.0,AGUAS MORNAS,Velocidade Incompatível,Saída de leito carroçável,Com Vítimas Feridas,Pleno dia,Decrescente,Chuva,Simples,Curva,Não,2,0,1,1,0,0,2,1,-27.696936,-48.964138,SPRF-SC,DEL01-SC,UOP03-DEL01-SC,2020
268382.0,2020-02-10,segunda-feira,08:20:00,SC,282,1.0,FLORIANOPOLIS,Desobediência às normas de trânsito pelo condutor,Tombamento,Com Vítimas Feridas,Pleno dia,Decrescente,Sol,Múltipla,Reta,Não,2,0,1,0,1,0,1,2,-27.602955,-48.580509,SPRF-SC,DEL01-SC,UOP01-DEL01-SC,2020
268384.0,2020-02-08,sábado,10:25:00,SC,480,129.5,CHAPECO,Ingestão de Álcool,Colisão com objeto estático,Com Vítimas Feridas,Pleno dia,Crescente,Céu Claro,Simples,Declive,Sim,2,0,1,0,0,1,1,2,-27.04936073,-52.63502598,SPRF-SC,DEL07-SC,UOP01-DEL07-SC,2020
268394.0,2020-02-10,segunda-feira,07:10:00,SC,282,512.0,XANXERE,Ultrapassagem Indevida,Colisão frontal,Com Vítimas Feridas,Pleno dia,Decrescente,Céu Claro,Simples,Reta,Não,3,0,2,0,0,1,2,3,-26.910799,-52.472099,SPRF-SC,DEL07-SC,UOP01-DEL07-SC,2020
268396.0,2020-02-10,segunda-feira,09:00:00,SC,282,1.2,FLORIANOPOLIS,Não guardar distância de segurança,Colisão transversal,Com Vítimas Feridas,Pleno dia,Decrescente,Céu Claro,Dupla,Aclive,Sim,4,0,0,1,3,0,1,4,-27.602955,-48.580509,SPRF-SC,DEL01-SC,UOP01-DEL01-SC,2020
268431.0,2020-02-10,segunda-feira,12:45:00,SC,282,1.0,FLORIANOPOLIS,Não guardar distância de segurança,Colisão traseira,Com Vítimas Feridas,Pleno dia,Decrescente,Nublado,Dupla,Reta,Não,3,0,1,0,2,0,1,3,-27.602955,-48.580509,SPRF-SC,DEL01-SC,UOP01-DEL01-SC,2020
268478.0,2020-02-10,segunda-feira,19:15:00,SC,282,4.0,FLORIANOPOLIS,Desobediência às normas de trânsito pelo condutor,Colisão lateral,Com Vítimas Feridas,Plena Noite,Crescente,Céu Claro,Múltipla,Reta,Sim,2,0,1,0,1,0,1,2,-27.592646,-48.604034,SPRF-SC,DEL01-SC,UOP01-DEL01-SC,2020
268541.0,2020-02-11,terça-feira,07:30:00,SC,282,16.6,PALHOCA,Desobediência às normas de trânsito pelo condutor,Atropelamento de Pedestre,Com Vítimas Feridas,Pleno dia,Decrescente,Céu Claro,Simples,Reta,Não,3,0,3,0,0,0,3,2,-27.658611,-48.681847,SPRF-SC,DEL01-SC,UOP02-DEL01-SC,2020
268713.0,2020-02-11,terça-feira,17:10:00,SC,282,495.2,XANXERE,Falta de Atenção à Condução,Colisão transversal,Com Vítimas Feridas,Pleno dia,Crescente,Sol,Simples,Reta,Não,2,0,0,1,1,0,1,2,-26.875349,-52.327076,SPRF-SC,DEL07-SC,UOP01-DEL07-SC,2020
268753.0,2020-02-12,quarta-feira,08:00:00,SC,282,17.4,PALHOCA,Falta de Atenção à Condução,Colisão transversal,Com Vítimas Feridas,Pleno dia,Crescente,Nublado,Simples,Interseção de Vias,Sim,2,0,1,0,1,0,1,2,-27.665707,-48.688065,SPRF-SC,DEL01-SC,UOP02-DEL01-SC,2020
268838.0,2020-02-07,sexta-feira,06:30:00,SC,282,37.5,AGUAS MORNAS,Velocidade Incompatível,Saída de leito carroçável,Sem Vítimas,Pleno dia,Crescente,Chuva,Simples,Reta,Não,1,0,0,0,1,0,0,1,-27.70845501,-48.84753227,SPRF-SC,DEL01-SC,UOP03-DEL01-SC,2020
268841.0,2020-02-12,quarta-feira,15:00:00,SC,282,44.9,AGUAS MORNAS,Não guardar distância de segurança,Colisão traseira,Sem Vítimas,Pleno dia,Crescente,Nublado,Simples,Curva,Não,2,0,0,0,2,0,0,2,-27.722137,-48.90694,SPRF-SC,DEL01-SC,UOP03-DEL01-SC,2020
268933.0,2020-02-13,quinta-feira,06:15:00,SC,282,165.0,BOCAINA DO SUL,Velocidade Incompatível,Saída de leito carroçável,Com Vítimas Feridas,Amanhecer,Decrescente,Céu Claro,Simples,Reta,Não,2,0,1,1,0,0,2,1,-27.738365,-49.801205,SPRF-SC,DEL05-SC,UOP01-DEL05-SC,2020
268976.0,2020-02-13,quinta-feira,08:35:00,SC,282,578.8,PINHALZINHO,Falta de Atenção à Condução,Colisão transversal,Com Vítimas Feridas,Pleno dia,Decrescente,Céu Claro,Simples,Reta,Sim,2,0,0,1,1,0,1,2,-26.838364,-52.985279,SPRF-SC,DEL07-SC,UOP02-DEL07-SC,2020
269257.0,2020-02-14,sexta-feira,21:00:00,SC,282,200.0,LAGES,Não guardar distância de segurança,Colisão traseira,Com Vítimas Feridas,Pleno dia,Crescente,Céu Claro,Simples,Reta,Não,3,0,1,0,2,0,1,2,-27.758692,-50.133335,SPRF-SC,DEL05-SC,UOP01-DEL05-SC,2020
269371.0,2020-02-15,sábado,09:58:00,SC,282,216.4,LAGES,Desobediência às normas de trânsito pelo condutor,Colisão lateral,Com Vítimas Feridas,Pleno dia,Decrescente,Céu Claro,Simples,Interseção de Vias,Sim,3,0,2,0,1,0,2,2,-27.797529,-50.291862,SPRF-SC,DEL05-SC,UOP01-DEL05-SC,2020
269380.0,2020-02-15,sábado,10:30:00,SC,282,18.2,PALHOCA,Desobediência às normas de trânsito pelo condutor,Colisão frontal,Com Vítimas Feridas,Pleno dia,Crescente,Céu Claro,Simples,Curva,Sim,4,0,2,1,1,0,3,4,-27.672798,-48.694286,SPRF-SC,DEL01-SC,UOP02-DEL01-SC,2020
269398.0,2020-02-15,sábado,13:40:00,SC,282,220.3,CORREIA PINTO,Falta de Atenção à Condução,Colisão transversal,Com Vítimas Feridas,Pleno dia,Decrescente,Nublado,Simples,Interseção de Vias,Sim,3,0,2,0,1,0,2,2,-27.794014,-50.33363,SPRF-SC,DEL05-SC,UOP01-DEL05-SC,2020
269507.0,2020-02-15,sábado,20:40:00,SC,282,217.0,LAGES,Não guardar distância de segurança,Colisão traseira,Sem Vítimas,Plena Noite,Decrescente,Céu Claro,Dupla,Viaduto,Sim,2,0,0,0,2,0,0,2,-27.7978183,-50.2976203,SPRF-SC,DEL05-SC,UOP01-DEL05-SC,2020
269562.0,2020-02-16,domingo,04:40:00,SC,282,221.6,LAGES,Ingestão de Álcool,Saída de leito carroçável,Com Vítimas Feridas,Plena Noite,Crescente,Chuva,Simples,Rotatória,Sim,1,0,1,0,0,0,1,1,-27.79504698,-50.33905506,SPRF-SC,DEL05-SC,UOP01-DEL05-SC,2020
269567.0,2020-02-16,domingo,03:00:00,SC,282,632.0,DESCANSO,Velocidade Incompatível,Saída de leito carroçável,Sem Vítimas,Plena Noite,Decrescente,Nublado,Simples,Curva,Não,2,0,0,0,0,2,0,1,-26.8253,-53.404217,SPRF-SC,DEL07-SC,UOP03-DEL07-SC,2020
269651.0,2020-02-16,domingo,15:00:00,SC,282,445.8,PONTE SERRADA,Velocidade Incompatível,Saída de leito carroçável,Sem Vítimas,Pleno dia,Crescente,Chuva,Simples,Curva,Não,1,0,0,0,1,0,0,1,-26.9153352,-51.90490723,SPRF-SC,DEL07-SC,UOP04-DEL07-SC,2020
269701.0,2020-02-16,domingo,15:30:00,SC,282,556.8,NOVA ITABERABA,Velocidade Incompatível,Saída de leito carroçável,Com Vítimas Feridas,Pleno dia,Crescente,Nublado,Simples,Curva,Não,2,0,1,0,1,0,1,1,-26.930964,-52.819202,SPRF-SC,DEL07-SC,UOP01-DEL07-SC,2020
269717.0,2020-02-16,domingo,18:00:00,SC,282,212.4,LAGES,Ingestão de Álcool,Saída de leito carroçável,Sem Vítimas,Pleno dia,Crescente,Chuva,Simples,Reta,Não,1,0,0,0,1,0,0,1,-27.782257,-50.251381,SPRF-SC,DEL05-SC,UOP01-DEL05-SC,2020
269720.0,2020-02-16,domingo,18:10:00,SC,282,445.8,PONTE SERRADA,Velocidade Incompatível,Saída de leito carroçável,Com Vítimas Feridas,Anoitecer,Crescente,Chuva,Simples,Curva,Não,3,0,2,0,1,0,2,1,-26.908545,-51.905785,SPRF-SC,DEL07-SC,UOP04-DEL07-SC,2020
269723.0,2020-02-16,domingo,18:00:00,SC,282,447.0,PONTE SERRADA,Velocidade Incompatível,Saída de leito carroçável,Com Vítimas Feridas,Anoitecer,Crescente,Chuva,Simples,Curva,Não,4,0,1,0,2,1,1,1,-26.90697,-51.91029,SPRF-SC,DEL07-SC,UOP04-DEL07-SC,2020
270025.0,2020-02-18,terça-feira,08:55:00,SC,282,6.0,SAO JOSE,Pista Escorregadia,Queda de ocupante de veículo,Com Vítimas Feridas,Pleno dia,Decrescente,Céu Claro,Dupla,Aclive;Curva,Sim,1,0,1,0,0,0,1,1,-27.591936,-48.618244,SPRF-SC,DEL01-SC,UOP01-DEL01-SC,2020
270076.0,2020-02-18,terça-feira,07:45:00,SC,282,487.7,FAXINAL DOS GUEDES,Desobediência às normas de trânsito pelo condutor,Colisão transversal,Sem Vítimas,Pleno dia,Crescente,Céu Claro,Simples,Rotatória,Sim,2,0,0,0,2,0,0,2,-26.85758,-52.263203,SPRF-SC,DEL07-SC,UOP01-DEL07-SC,2020
270493.0,2020-02-20,quinta-feira,17:05:00,SC,282,2.9,FLORIANOPOLIS,Falta de Atenção à Condução,Engavetamento,Com Vítimas Feridas,Pleno dia,Crescente,Céu Claro,Múltipla,Reta,Sim,3,0,1,0,2,0,1,3,-27.603289,-48.590416,SPRF-SC,DEL01-SC,UOP01-DEL01-SC,2020
270514.0,2020-02-20,quinta-feira,17:45:00,SC,282,28.2,SANTO AMARO DA IMPERATRIZ,Falta de Atenção à Condução,Colisão traseira,Com Vítimas Feridas,Pleno dia,Crescente,Nublado,Simples,Reta,Não,2,0,1,0,1,0,1,2,-27.67478,-48.778904,SPRF-SC,DEL01-SC,UOP03-DEL01-SC,2020
270781.0,2020-02-21,sexta-feira,17:00:00,SC,282,445.8,PONTE SERRADA,Velocidade Incompatível,Saída de leito carroçável,Com Vítimas Feridas,Pleno dia,Decrescente,Sol,Simples,Curva,Não,1,0,1,0,0,0,1,1,-26.908545,-51.905785,SPRF-SC,DEL07-SC,UOP04-DEL07-SC,2020
270823.0,2020-02-21,sexta-feira,20:15:00,SC,282,502.6,XANXERE,Ingestão de Álcool,Capotamento,Com Vítimas Feridas,Plena Noite,Crescente,Céu Claro,Dupla,Declive;Rotatória,Sim,1,0,1,0,0,0,1,1,-26.88540675,-52.3948288,SPRF-SC,DEL07-SC,UOP01-DEL07-SC,2020
270835.0,2020-02-21,sexta-feira,23:50:00,SC,480,129.0,CHAPECO,Velocidade Incompatível,Saída de leito carroçável,Com Vítimas Feridas,Plena Noite,Crescente,Céu Claro,Dupla,Reta,Sim,2,0,0,2,0,0,2,1,-27.04656607,-52.63577131,SPRF-SC,DEL07-SC,UOP01-DEL07-SC,2020
270839.0,2020-02-22,sábado,00:20:00,SC,282,171.1,BOCAINA DO SUL,Animais na Pista,Atropelamento de Animal,Sem Vítimas,Plena Noite,Crescente,Céu Claro,Simples,Reta,Não,1,0,0,0,1,0,0,1,-27.742331,-49.862782,SPRF-SC,DEL05-SC,UOP01-DEL05-SC,2020
270848.0,2020-02-22,sábado,01:25:00,SC,282,454.9,PONTE SERRADA,Velocidade Incompatível,Capotamento,Com Vítimas Feridas,Plena Noite,Crescente,Céu Claro,Simples,Curva,Não,2,0,1,1,0,0,2,1,-26.891756,-51.98447,SPRF-SC,DEL07-SC,UOP04-DEL07-SC,2020
270937.0,2020-02-22,sábado,10:45:00,SC,282,26.5,SANTO AMARO DA IMPERATRIZ,Velocidade Incompatível,Tombamento,Com Vítimas Feridas,Pleno dia,Decrescente,Céu Claro,Simples,Reta,Não,2,0,1,0,0,1,1,2,-27.67740948,-48.7662077,SPRF-SC,DEL01-SC,UOP03-DEL01-SC,2020
271200.0,2020-02-23,domingo,07:40:00,SC,282,571.6,NOVA ERECHIM,Ingestão de Álcool,Saída de leito carroçável,Com Vítimas Feridas,Pleno dia,Decrescente,Sol,Simples,Reta,Não,3,0,2,0,1,0,2,1,-26.883053,-52.939816,SPRF-SC,DEL07-SC,UOP02-DEL07-SC,2020
271208.0,2020-02-23,domingo,11:55:00,SC,282,15.6,PALHOCA,Falta de Atenção à Condução,Colisão traseira,Com Vítimas Feridas,Pleno dia,Decrescente,Sol,Simples,Reta,Sim,2,0,1,0,1,0,1,2,-27.65610138,-48.67956698,SPRF-SC,DEL01-SC,UOP02-DEL01-SC,2020
271349.0,2020-02-23,domingo,23:25:00,SC,282,410.0,CATANDUVAS,Falta de Atenção do Pedestre,Atropelamento de Pedestre,Com Vítimas Fatais,Plena Noite,Decrescente,Céu Claro,Simples,Aclive,Sim,2,1,0,0,1,0,0,2,-27.061399,-51.671875,SPRF-SC,DEL07-SC,UOP05-DEL07-SC,2020
271394.0,2020-02-24,segunda-feira,08:05:00,SC,282,519.9,XAXIM,Falta de Atenção à Condução,Colisão traseira,Sem Vítimas,Pleno dia,Crescente,Céu Claro,Simples,Curva,Não,2,0,0,0,2,0,0,2,-26.947527,-52.517536,SPRF-SC,DEL07-SC,UOP01-DEL07-SC,2020
271541.0,2020-01-25,sábado,01:00:00,SC,282,0.5,FLORIANOPOLIS,Ingestão de Álcool,Colisão traseira,Sem Vítimas,Plena Noite,Decrescente,Nublado,Múltipla,Curva,Sim,2,0,0,0,2,0,0,2,-27.59845,-48.571995,SPRF-SC,DEL01-SC,UOP01-DEL01-SC,2020
271552.0,2020-02-25,terça-feira,07:10:00,SC,282,3.0,FLORIANOPOLIS,Ingestão de Álcool,Colisão com objeto estático,Sem Vítimas,Pleno dia,Crescente,Garoa/Chuvisco,Múltipla,Reta,Sim,1,0,0,0,1,0,0,1,-27.600384,-48.599705,SPRF-SC,DEL01-SC,UOP01-DEL01-SC,2020
271571.0,2020-01-26,domingo,17:20:00,SC,282,568.0,NOVA ITABERABA,Mal Súbito,Colisão frontal,Com Vítimas Feridas,Pleno dia,Crescente,Céu Claro,Simples,Curva,Não,3,0,2,1,0,0,3,2,-26.899681,-52.915756,SPRF-SC,DEL07-SC,UOP02-DEL07-SC,2020
271584.0,2020-02-25,terça-feira,09:05:00,SC,282,300.8,VARGEM,Velocidade Incompatível,Saída de leito carroçável,Com Vítimas Feridas,Pleno dia,Crescente,Chuva,Simples,Curva,Não,3,0,1,0,2,0,1,1,-27.515957,-50.917877,SPRF-SC,DEL07-SC,UOP06-DEL07-SC,2020
271588.0,2020-02-22,sábado,05:00:00,SC,282,518.6,XAXIM,Velocidade Incompatível,Saída de leito carroçável,Sem Vítimas,Plena Noite,Crescente,Céu Claro,Simples,Reta,Não,1,0,0,0,0,1,0,1,-26.93976577,-52.50070095,SPRF-SC,DEL07-SC,UOP01-DEL07-SC,2020
271680.0,2020-02-25,terça-feira,15:40:00,SC,282,384.7,JOACABA,Pista Escorregadia,Saída de leito carroçável,Com Vítimas Feridas,Pleno dia,Crescente,Chuva,Simples,Curva,Não,1,0,1,0,0,0,1,1,-27.20299,-51.515095,SPRF-SC,DEL07-SC,UOP05-DEL07-SC,2020
271723.0,2020-02-25,terça-feira,17:50:00,SC,282,275.1,SAO JOSE DO CERRITO,Velocidade Incompatível,Saída de leito carroçável,Com Vítimas Fatais,Anoitecer,Crescente,Chuva,Simples,Curva,Não,5,3,1,1,0,0,2,2,-27.606421,-50.720207,SPRF-SC,DEL05-SC,UOP02-DEL05-SC,2020
271781.0,2020-02-26,quarta-feira,08:10:00,SC,282,411.9,CATANDUVAS,Avarias e/ou desgaste excessivo no pneu,Colisão com objeto estático,Com Vítimas Feridas,Pleno dia,Decrescente,Garoa/Chuvisco,Simples,Curva,Não,1,0,1,0,0,0,1,1,-27.059202,-51.680046,SPRF-SC,DEL07-SC,UOP05-DEL07-SC,2020
271962.0,2020-02-27,quinta-feira,07:00:00,SC,282,15.6,PALHOCA,Desobediência às normas de trânsito pelo condutor,Colisão transversal,Com Vítimas Feridas,Pleno dia,Decrescente,Sol,Simples,Reta,Não,2,0,1,0,1,0,1,2,-27.651848,-48.676048,SPRF-SC,DEL01-SC,UOP02-DEL01-SC,2020
272099.0,2020-02-27,quinta-feira,22:30:00,SC,282,3.0,FLORIANOPOLIS,Desobediência às normas de trânsito pelo condutor,Saída de leito carroçável,Sem Vítimas,Plena Noite,Crescente,Céu Claro,Simples,Curva,Sim,1,0,0,0,0,1,0,1,-27.600384,-48.599705,SPRF-SC,DEL01-SC,UOP01-DEL01-SC,2020
272123.0,2020-02-24,segunda-feira,06:30:00,SC,282,258.0,SAO JOSE DO CERRITO,Velocidade Incompatível,Colisão com objeto estático,Sem Vítimas,Amanhecer,Decrescente,Céu Claro,Simples,Curva,Não,1,0,0,0,0,1,0,1,-27.6587784,-50.5934029,SPRF-SC,DEL05-SC,UOP02-DEL05-SC,2020
272146.0,2020-02-18,terça-feira,13:40:00,SC,282,221.0,LAGES,Falta de Atenção à Condução,Colisão transversal,Com Vítimas Feridas,Pleno dia,Crescente,Céu Claro,Simples,Reta,Sim,4,0,2,0,2,0,2,2,-27.796358,-50.343426,SPRF-SC,DEL05-SC,UOP01-DEL05-SC,2020
272151.0,2020-02-28,sexta-feira,08:15:00,SC,282,211.5,LAGES,Falta de Atenção à Condução,Colisão transversal,Com Vítimas Feridas,Pleno dia,Crescente,Céu Claro,Simples,Aclive;Reta,Não,5,0,1,0,4,0,1,2,-27.78122727,-50.24760246,SPRF-SC,DEL05-SC,UOP01-DEL05-SC,2020
272172.0,2020-02-28,sexta-feira,09:00:00,SC,282,90.0,ALFREDO WAGNER,Falta de Atenção à Condução,Colisão frontal,Com Vítimas Feridas,Pleno dia,Crescente,Céu Claro,Simples,Reta,Não,2,0,1,1,0,0,2,2,-27.683796,-49.222366,SPRF-SC,DEL01-SC,UOP03-DEL01-SC,2020
272221.0,2020-02-28,sexta-feira,14:29:00,SC,282,40.4,AGUAS MORNAS,Restrição de Visibilidade,Colisão transversal,Com Vítimas Feridas,Pleno dia,Crescente,Sol,Simples,Interseção de Vias,Não,6,0,1,3,2,0,4,2,-27.716148,-48.869583,SPRF-SC,DEL01-SC,UOP03-DEL01-SC,2020
272257.0,2020-02-28,sexta-feira,16:40:00,SC,282,521.6,XAXIM,Desobediência às normas de trânsito pelo condutor,Colisão transversal,Com Vítimas Feridas,Pleno dia,Decrescente,Sol,Simples,Rotatória,Não,3,0,2,0,1,0,2,2,-26.95044113,-52.53222227,SPRF-SC,DEL07-SC,UOP01-DEL07-SC,2020
272261.0,2020-02-28,sexta-feira,13:25:00,SC,282,510.0,XANXERE,Falta de Atenção à Condução,Colisão lateral,Com Vítimas Feridas,Pleno dia,Crescente,Céu Claro,Simples,Reta,Não,2,0,2,0,0,0,2,2,-26.897114,-52.463585,SPRF-SC,DEL07-SC,UOP01-DEL07-SC,2020
272332.0,2020-02-29,sábado,07:40:00,SC,282,30.4,SANTO AMARO DA IMPERATRIZ,Falta de Atenção à Condução,Saída de leito carroçável,Com Vítimas Feridas,Pleno dia,Decrescente,Céu Claro,Simples,Curva,Não,1,0,1,0,0,0,1,1,-27.687376,-48.79071,SPRF-SC,DEL01-SC,UOP03-DEL01-SC,2020
272353.0,2020-02-29,sábado,11:25:00,SC,282,18.3,PALHOCA,Desobediência às normas de trânsito pelo condutor,Colisão transversal,Sem Vítimas,Pleno dia,Crescente,Céu Claro,Simples,Reta,Sim,2,0,0,0,2,0,0,2,-27.672798,-48.694286,SPRF-SC,DEL01-SC,UOP02-DEL01-SC,2020
272389.0,2020-02-29,sábado,12:00:00,SC,282,522.0,XAXIM,Velocidade Incompatível,Saída de leito carroçável,Com Vítimas Feridas,Pleno dia,Crescente,Céu Claro,Simples,Reta,Não,1,0,0,1,0,0,1,1,-26.956238,-52.542637,SPRF-SC,DEL07-SC,UOP01-DEL07-SC,2020
272445.0,2020-02-29,sábado,18:45:00,SC,282,32.7,SANTO AMARO DA IMPERATRIZ,Ingestão de Álcool,Colisão transversal,Com Vítimas Feridas,Plena Noite,Decrescente,Céu Claro,Simples,Rotatória,Não,3,0,1,0,2,0,1,2,-27.70431359,-48.80487442,SPRF-SC,DEL01-SC,UOP03-DEL01-SC,2020
272885.0,2020-03-02,segunda-feira,14:55:00,SC,282,522.1,XAXIM,Falta de Atenção do Pedestre,Atropelamento de Pedestre,Com Vítimas Feridas,Pleno dia,Decrescente,Céu Claro,Simples,Curva,Sim,2,0,0,1,1,0,1,2,-26.956238,-52.542637,SPRF-SC,DEL07-SC,UOP01-DEL07-SC,2020
272899.0,2020-03-02,segunda-feira,18:55:00,SC,282,0.0,FLORIANOPOLIS,Falta de Atenção à Condução,Colisão lateral,Com Vítimas Feridas,Plena Noite,Decrescente,Nublado,Dupla,Curva,Não,2,0,1,0,1,0,1,2,-27.59845,-48.571995,SPRF-SC,DEL01-SC,UOP01-DEL01-SC,2020
273010.0,2020-03-03,terça-feira,08:00:00,SC,282,72.1,RANCHO QUEIMADO,Velocidade Incompatível,Colisão frontal,Com Vítimas Feridas,Pleno dia,Decrescente,Nublado,Simples,Curva,Não,2,0,1,0,1,0,1,2,-27.683439,-49.105259,SPRF-SC,DEL01-SC,UOP03-DEL01-SC,2020
273100.0,2020-03-03,terça-feira,19:20:00,SC,282,4.7,FLORIANOPOLIS,Não guardar distância de segurança,Colisão traseira,Com Vítimas Feridas,Plena Noite,Crescente,Nublado,Dupla,Declive,Sim,2,0,1,0,1,0,1,2,-27.592646,-48.604034,SPRF-SC,DEL01-SC,UOP01-DEL01-SC,2020
273165.0,2020-03-04,quarta-feira,07:50:00,SC,282,34.5,AGUAS MORNAS,Falta de Atenção à Condução,Colisão transversal,Com Vítimas Feridas,Pleno dia,Decrescente,Céu Claro,Simples,Reta,Não,2,0,0,1,1,0,1,2,-27.704247,-48.817547,SPRF-SC,DEL01-SC,UOP03-DEL01-SC,2020
273210.0,2020-03-04,quarta-feira,13:30:00,SC,282,17.0,PALHOCA,Falta de Atenção à Condução,Colisão transversal,Com Vítimas Feridas,Pleno dia,Crescente,Céu Claro,Simples,Interseção de Vias,Não,2,0,1,0,1,0,1,2,-27.665707,-48.688065,SPRF-SC,DEL01-SC,UOP02-DEL01-SC,2020
273222.0,2020-03-04,quarta-feira,14:45:00,SC,282,515.0,XANXERE,Não guardar distância de segurança,Colisão traseira,Sem Vítimas,Pleno dia,Crescente,Céu Claro,Simples,Reta,Não,2,0,0,0,2,0,0,2,-26.9146464,-52.47885704,SPRF-SC,DEL07-SC,UOP01-DEL07-SC,2020
273223.0,2020-03-04,quarta-feira,12:50:00,SC,282,507.1,XANXERE,Não guardar distância de segurança,Tombamento,Com Vítimas Feridas,Pleno dia,Crescente,Céu Claro,Múltipla,Rotatória,Sim,1,0,1,0,0,0,1,1,-26.886171,-52.43911,SPRF-SC,DEL07-SC,UOP01-DEL07-SC,2020
273490.0,2020-03-06,sexta-feira,03:50:00,SC,282,166.0,BOCAINA DO SUL,Condutor Dormindo,Saída de leito carroçável,Com Vítimas Feridas,Plena Noite,Crescente,Nevoeiro/Neblina,Simples,Reta,Não,1,0,1,0,0,0,1,1,-27.744968,-49.8083,SPRF-SC,DEL05-SC,UOP01-DEL05-SC,2020
273514.0,2020-03-06,sexta-feira,07:15:00,SC,282,579.0,PINHALZINHO,Falta de Atenção à Condução,Colisão lateral,Com Vítimas Feridas,Pleno dia,Decrescente,Céu Claro,Simples,Curva,Sim,3,0,2,0,1,0,2,2,-26.835443,-52.990578,SPRF-SC,DEL07-SC,UOP02-DEL07-SC,2020