id,data_inversa,dia_semana,horario,uf,br,km,municipio,causa_acidente,tipo_acidente,classificacao_acidente,fase_dia,sentido_via,condicao_metereologica,tipo_pista,tracado_via,uso_solo,pessoas,mortos,feridos_leves,feridos_graves,ilesos,ignorados,feridos,veiculos,latitude,longitude,regional,delegacia,uop,ano_arquivo
273541.0,2020-03-06,sexta-feira,08:55:00,SC,282,32.6,AGUAS MORNAS,Falta de Atenção à Condução,Colisão transversal,Com Vítimas Feridas,Pleno dia,Decrescente,Sol,Simples,Interseção de Vias;Rotatória,Sim,3,0,1,0,2,0,1,2,-27.70116,-48.800175,SPRF-SC,DEL01-SC,UOP03-DEL01-SC,2020
273547.0,2020-03-03,terça-feira,18:50:00,SC,282,523.7,XAXIM,Desobediência às normas de trânsito pelo condutor,Colisão lateral,Com Vítimas Feridas,Plena Noite,Decrescente,Céu Claro,Simples,Reta,Não,2,0,2,0,0,0,2,2,-26.96552764,-52.55374163,SPRF-SC,DEL07-SC,UOP01-DEL07-SC,2020
273554.0,2020-03-06,sexta-feira,08:30:00,SC,282,209.8,LAGES,Não guardar distância de segurança,Colisão traseira,Com Vítimas Feridas,Pleno dia,Decrescente,Céu Claro,Simples,Reta;Aclive,Não,5,0,0,1,3,1,1,3,-27.776926,-50.221893,SPRF-SC,DEL05-SC,UOP01-DEL05-SC,2020
273579.0,2020-03-06,sexta-feira,11:20:00,SC,282,504.7,XANXERE,Desobediência às normas de trânsito pelo condutor,Colisão traseira,Com Vítimas Feridas,Pleno dia,Crescente,Sol,Simples,Aclive;Interseção de Vias,Sim,3,0,2,0,1,0,2,2,-26.884279,-52.408466,SPRF-SC,DEL07-SC,UOP01-DEL07-SC,2020
273649.0,2020-03-06,sexta-feira,16:35:00,SC,282,368.7,ERVAL VELHO,Desobediência às normas de trânsito pelo condutor,Colisão transversal,Com Vítimas Feridas,Pleno dia,Decrescente,Céu Claro,Simples,Reta,Sim,6,0,1,0,5,0,1,3,-27.283747,-51.434963,SPRF-SC,DEL07-SC,UOP05-DEL07-SC,2020
273762.0,2020-03-07,sábado,07:00:00,SC,282,370.8,ERVAL VELHO,Ingestão de Álcool,Colisão traseira,Sem Vítimas,Pleno dia,Crescente,Céu Claro,Simples,Reta,Sim,3,0,0,0,3,0,0,2,-27.268663,-51.443768,SPRF-SC,DEL07-SC,UOP05-DEL07-SC,2020
273816.0,2020-03-07,sábado,10:20:00,SC,282,554.7,NOVA ITABERABA,Velocidade Incompatível,Capotamento,Sem Vítimas,Pleno dia,Crescente,Sol,Simples,Interseção de Vias,Não,1,0,0,0,1,0,0,1,-26.936268,-52.800812,SPRF-SC,DEL07-SC,UOP01-DEL07-SC,2020
273885.0,2020-03-07,sábado,17:45:00,SC,282,373.0,ERVAL VELHO,Desobediência às normas de trânsito pelo condutor,Colisão transversal,Com Vítimas Feridas,Anoitecer,Crescente,Céu Claro,Simples,Retorno Regulamentado,Não,4,0,1,1,2,0,2,2,-27.24313603,-51.44791245,SPRF-SC,DEL07-SC,UOP05-DEL07-SC,2020
274154.0,2020-03-08,domingo,17:00:00,SC,282,537.6,CHAPECO,Velocidade Incompatível,Colisão com objeto estático,Com Vítimas Feridas,Pleno dia,Decrescente,Sol,Simples,Curva,Não,4,0,3,1,0,0,4,1,-26.999933,-52.663895,SPRF-SC,DEL07-SC,UOP01-DEL07-SC,2020
274556.0,2020-03-10,terça-feira,17:45:00,SC,282,16.3,PALHOCA,Falta de Atenção à Condução,Colisão traseira,Com Vítimas Feridas,Anoitecer,Crescente,Céu Claro,Simples,Interseção de Vias,Sim,2,0,1,0,1,0,1,2,-27.66168169,-48.68452102,SPRF-SC,DEL01-SC,UOP02-DEL01-SC,2020
274557.0,2020-03-10,terça-feira,18:00:00,SC,282,16.3,PALHOCA,Falta de Atenção à Condução,Colisão lateral,Com Vítimas Feridas,Anoitecer,Crescente,Céu Claro,Simples,Reta,Sim,3,0,1,0,2,0,1,3,-27.658611,-48.681847,SPRF-SC,DEL01-SC,UOP02-DEL01-SC,2020
274564.0,2020-03-10,terça-feira,13:30:00,SC,282,579.0,PINHALZINHO,Não guardar distância de segurança,Colisão traseira,Com Vítimas Feridas,Pleno dia,Decrescente,Céu Claro,Simples,Reta,Não,2,0,1,0,1,0,1,2,-26.835443,-52.990578,SPRF-SC,DEL07-SC,UOP02-DEL07-SC,2020
274581.0,2020-03-10,terça-feira,16:30:00,SC,282,447.0,PONTE SERRADA,Velocidade Incompatível,Queda de ocupante de veículo,Com Vítimas Feridas,Pleno dia,Decrescente,Céu Claro,Simples,Curva,Não,1,0,1,0,0,0,1,1,-26.90706931,-51.91177368,SPRF-SC,DEL07-SC,UOP04-DEL07-SC,2020
274792.0,2020-03-11,quarta-feira,16:30:00,SC,282,549.0,CHAPECO,Ingestão de Álcool,Saída de leito carroçável,Sem Vítimas,Pleno dia,Crescente,Céu Claro,Simples,Reta,Não,1,0,0,0,1,0,0,1,-26.962664,-52.762272,SPRF-SC,DEL07-SC,UOP01-DEL07-SC,2020
274799.0,2020-03-11,quarta-feira,21:30:00,SC,282,183.4,BOCAINA DO SUL,Animais na Pista,Colisão com objeto estático,Com Vítimas Feridas,Plena Noite,Decrescente,Céu Claro,Simples,Reta,Não,4,0,2,2,0,0,4,1,-27.73362,-49.968296,SPRF-SC,DEL05-SC,UOP01-DEL05-SC,2020
274803.0,2020-03-11,quarta-feira,23:25:00,SC,282,660.5,SAO MIGUEL DO OESTE,Falta de Atenção à Condução,Saída de leito carroçável,Com Vítimas Feridas,Plena Noite,Crescente,Céu Claro,Simples,Curva,Não,1,0,1,0,0,0,1,1,-26.675064,-53.566074,SPRF-SC,DEL07-SC,UOP03-DEL07-SC,2020
274973.0,2020-03-12,quinta-feira,22:20:00,SC,282,5.0,SAO JOSE,Desobediência às normas de trânsito pelo condutor,Colisão lateral,Com Vítimas Feridas,Plena Noite,Decrescente,Céu Claro,Múltipla,Reta,Sim,3,0,2,0,1,0,2,2,-27.588425,-48.612919,SPRF-SC,DEL01-SC,UOP01-DEL01-SC,2020
274980.0,2020-03-12,quinta-feira,20:49:00,SC,282,543.0,CHAPECO,Falta de Atenção à Condução,Colisão frontal,Com Vítimas Feridas,Plena Noite,Crescente,Céu Claro,Simples,Reta,Não,2,0,1,0,1,0,1,2,-26.999392,-52.717831,SPRF-SC,DEL07-SC,UOP01-DEL07-SC,2020
275400.0,2020-03-14,sábado,14:40:00,SC,282,527.1,CORDILHEIRA ALTA,Defeito Mecânico no Veículo,Tombamento,Com Vítimas Feridas,Pleno dia,Decrescente,Céu Claro,Simples,Curva,Não,2,0,2,0,0,0,2,1,-26.973196,-52.583321,SPRF-SC,DEL07-SC,UOP01-DEL07-SC,2020
275433.0,2020-03-14,sábado,20:30:00,SC,282,101.8,ALFREDO WAGNER,Ingestão de Álcool,Saída de leito carroçável,Com Vítimas Feridas,Plena Noite,Decrescente,Céu Claro,Simples,Reta,Não,1,0,1,0,0,0,1,1,-27.694626,-49.305317,SPRF-SC,DEL01-SC,UOP03-DEL01-SC,2020
275464.0,2020-03-14,sábado,22:40:00,SC,282,502.6,XANXERE,Ingestão de Álcool,Colisão com objeto estático,Sem Vítimas,Plena Noite,Crescente,Céu Claro,Dupla,Aclive,Sim,1,0,0,0,0,1,0,1,-26.884584,-52.390911,SPRF-SC,DEL07-SC,UOP01-DEL07-SC,2020
275474.0,2020-03-14,sábado,20:00:00,SC,282,570.8,NOVA ERECHIM,Objeto estático sobre o leito carroçável,Colisão com objeto estático,Com Vítimas Feridas,Plena Noite,Decrescente,Céu Claro,Simples,Declive,Não,1,0,1,0,0,0,1,1,-26.89006,-52.93306,SPRF-SC,DEL07-SC,UOP02-DEL07-SC,2020
275526.0,2020-03-15,domingo,10:35:00,SC,282,505.9,XANXERE,Falta de Atenção à Condução,Saída de leito carroçável,Com Vítimas Feridas,Pleno dia,Crescente,Céu Claro,Dupla,Curva;Declive,Sim,2,0,1,1,0,0,2,1,-26.885883,-52.418762,SPRF-SC,DEL07-SC,UOP01-DEL07-SC,2020
275564.0,2020-03-15,domingo,18:20:00,SC,282,20.0,PALHOCA,Desobediência às normas de trânsito pelo condutor,Colisão traseira,Sem Vítimas,Anoitecer,Decrescente,Céu Claro,Simples,Curva,Sim,2,0,0,0,1,1,0,2,-27.683958,-48.71006,SPRF-SC,DEL01-SC,UOP02-DEL01-SC,2020
275607.0,2020-03-15,domingo,18:50:00,SC,282,653.7,SAO MIGUEL DO OESTE,Falta de Atenção à Condução,Tombamento,Com Vítimas Feridas,Pleno dia,Crescente,Céu Claro,Múltipla,Curva,Não,2,0,0,2,0,0,2,1,-26.708202,-53.514313,SPRF-SC,DEL07-SC,UOP03-DEL07-SC,2020
275615.0,2020-03-15,domingo,17:15:00,SC,282,424.8,VARGEM BONITA,Ingestão de Álcool,Saída de leito carroçável,Sem Vítimas,Pleno dia,Crescente,Céu Claro,Simples,Curva,Não,2,0,0,0,2,0,0,1,-26.988014,-51.753124,SPRF-SC,DEL07-SC,UOP05-DEL07-SC,2020
275727.0,2020-03-16,segunda-feira,07:20:00,SC,282,507.2,XANXERE,Defeito Mecânico no Veículo,Colisão frontal,Com Vítimas Feridas,Pleno dia,Decrescente,Sol,Simples,Declive,Não,4,0,3,0,1,0,3,2,-26.886171,-52.43911,SPRF-SC,DEL07-SC,UOP01-DEL07-SC,2020
275845.0,2020-03-15,domingo,04:30:00,SC,282,361.8,ERVAL VELHO,Ingestão de Álcool,Colisão frontal,Com Vítimas Feridas,Amanhecer,Decrescente,Céu Claro,Simples,Curva,Não,4,0,1,0,3,0,1,2,-27.310575,-51.373077,SPRF-SC,DEL07-SC,UOP05-DEL07-SC,2020
276049.0,2020-03-17,terça-feira,20:15:00,SC,282,46.2,AGUAS MORNAS,Ultrapassagem Indevida,Capotamento,Com Vítimas Feridas,Plena Noite,Decrescente,Chuva,Simples,Curva;Declive,Não,2,0,1,0,1,0,1,1,-27.721041,-48.925152,SPRF-SC,DEL01-SC,UOP03-DEL01-SC,2020
276181.0,2020-03-18,quarta-feira,16:20:00,SC,282,5.0,SAO JOSE,Falta de Atenção à Condução,Colisão com objeto estático,Com Vítimas Feridas,Pleno dia,Decrescente,Chuva,Dupla,Viaduto,Sim,1,0,1,0,0,0,1,1,-27.58617022,-48.61733805,SPRF-SC,DEL01-SC,UOP01-DEL01-SC,2020
276189.0,2020-03-18,quarta-feira,16:20:00,SC,282,79.0,RANCHO QUEIMADO,Velocidade Incompatível,Saída de leito carroçável,Com Vítimas Feridas,Pleno dia,Crescente,Garoa/Chuvisco,Simples,Curva,Não,3,0,1,0,2,0,1,1,-27.6707,-49.155758,SPRF-SC,DEL01-SC,UOP03-DEL01-SC,2020
276200.0,2020-03-18,quarta-feira,13:20:00,SC,282,424.5,VARGEM BONITA,Falta de Atenção à Condução,Colisão com objeto estático,Com Vítimas Feridas,Pleno dia,Crescente,Nublado,Simples,Curva,Não,4,0,4,0,0,0,4,1,-26.988014,-51.753124,SPRF-SC,DEL07-SC,UOP05-DEL07-SC,2020
276202.0,2020-03-18,quarta-feira,13:00:00,SC,282,267.0,SAO JOSE DO CERRITO,Pista Escorregadia,Capotamento,Com Vítimas Feridas,Pleno dia,Decrescente,Garoa/Chuvisco,Simples,Curva,Não,1,0,1,0,0,0,1,1,-27.624544,-50.651848,SPRF-SC,DEL05-SC,UOP02-DEL05-SC,2020
276347.0,2020-03-19,quinta-feira,12:00:00,SC,282,214.2,PALHOCA,Defeito Mecânico no Veículo,Colisão traseira,Com Vítimas Feridas,Pleno dia,Crescente,Céu Claro,Múltipla,Aclive,Sim,2,0,1,0,1,0,1,2,-27.64652188,-48.67208898,SPRF-SC,DEL05-SC,UOP01-DEL05-SC,2020
276435.0,2020-03-19,quinta-feira,20:00:00,SC,282,115.7,ALFREDO WAGNER,Falta de Atenção à Condução,Colisão traseira,Com Vítimas Feridas,Plena Noite,Decrescente,Céu Claro,Simples,Curva,Não,4,0,2,0,2,0,2,2,-27.755424,-49.39444,SPRF-SC,DEL01-SC,UOP03-DEL01-SC,2020
276883.0,2020-03-22,domingo,19:30:00,SC,282,174.0,BOCAINA DO SUL,Animais na Pista,Saída de leito carroçável,Sem Vítimas,Plena Noite,Crescente,Céu Claro,Simples,Reta,Não,2,0,0,0,2,0,0,1,-27.742559,-49.882248,SPRF-SC,DEL05-SC,UOP01-DEL05-SC,2020
276907.0,2020-03-22,domingo,22:35:00,SC,282,245.9,SAO JOSE DO CERRITO,Falta de Atenção à Condução,Saída de leito carroçável,Com Vítimas Feridas,Plena Noite,Decrescente,Céu Claro,Dupla,Reta,Não,1,0,1,0,0,0,1,1,-27.729763,-50.52121,SPRF-SC,DEL05-SC,UOP02-DEL05-SC,2020
277026.0,2020-03-24,terça-feira,07:00:00,SC,282,1.0,FLORIANOPOLIS,Falta de Atenção à Condução,Colisão traseira,Com Vítimas Feridas,Pleno dia,Decrescente,Céu Claro,Dupla,Reta,Sim,2,0,0,1,1,0,1,2,-27.602955,-48.580509,SPRF-SC,DEL01-SC,UOP01-DEL01-SC,2020
277101.0,2020-03-24,terça-feira,08:08:00,SC,480,130.3,CHAPECO,Falta de Atenção à Condução,Colisão lateral,Com Vítimas Feridas,Pleno dia,Crescente,Sol,Dupla,Reta,Sim,3,0,2,0,1,0,2,2,-27.05534298,-52.63652069,SPRF-SC,DEL07-SC,UOP01-DEL07-SC,2020
277236.0,2020-03-02,segunda-feira,18:57:00,SC,282,340.0,CAMPOS NOVOS,Falta de Atenção à Condução,Colisão lateral,Sem Vítimas,Anoitecer,Crescente,Céu Claro,Simples,Reta,Não,2,0,0,0,1,1,0,2,-27.39953694,-51.2087667,SPRF-SC,DEL07-SC,UOP06-DEL07-SC,2020
277265.0,2020-03-26,quinta-feira,16:35:00,SC,282,628.1,IRACEMINHA,Velocidade Incompatível,Saída de leito carroçável,Sem Vítimas,Pleno dia,Decrescente,Céu Claro,Simples,Aclive;Curva,Não,1,0,0,0,0,1,0,1,-26.818754,-53.365486,SPRF-SC,DEL07-SC,UOP02-DEL07-SC,2020
277350.0,2020-03-27,sexta-feira,14:45:00,SC,282,29.0,SANTO AMARO DA IMPERATRIZ,Velocidade Incompatível,Tombamento,Com Vítimas Fatais,Pleno dia,Crescente,Céu Claro,Simples,Aclive;Curva,Sim,3,1,0,0,2,0,0,2,-27.687376,-48.79071,SPRF-SC,DEL01-SC,UOP03-DEL01-SC,2020
277484.0,2020-03-28,sábado,10:00:00,SC,282,89.1,ALFREDO WAGNER,Falta de Atenção à Condução,Saída de leito carroçável,Com Vítimas Feridas,Pleno dia,Crescente,Céu Claro,Simples,Curva,Não,1,0,0,1,0,0,1,1,-27.67800375,-49.21648085,SPRF-SC,DEL01-SC,UOP03-DEL01-SC,2020
277488.0,2020-03-28,sábado,17:00:00,SC,282,463.0,PONTE SERRADA,Falta de Atenção à Condução,Colisão transversal,Com Vítimas Feridas,Pleno dia,Crescente,Nublado,Simples,Rotatória,Sim,3,0,1,1,1,0,2,2,-26.855036,-52.059551,SPRF-SC,DEL07-SC,UOP04-DEL07-SC,2020
277700.0,2020-03-30,segunda-feira,06:40:00,SC,282,639.0,DESCANSO,Defeito Mecânico no Veículo,Tombamento,Com Vítimas Feridas,Amanhecer,Crescente,Céu Claro,Simples,Reta,Não,1,0,1,0,0,0,1,1,-26.793066,-53.451859,SPRF-SC,DEL07-SC,UOP03-DEL07-SC,2020
277711.0,2020-03-30,segunda-feira,09:50:00,SC,282,521.0,XAXIM,Falta de Atenção à Condução,Colisão traseira,Com Vítimas Feridas,Pleno dia,Crescente,Céu Claro,Simples,Reta,Não,2,0,1,0,1,0,1,2,-26.950993,-52.534767,SPRF-SC,DEL07-SC,UOP01-DEL07-SC,2020
277735.0,2020-03-30,segunda-feira,11:45:00,SC,282,263.7,SAO JOSE DO CERRITO,Desobediência às normas de trânsito pelo condutor,Colisão transversal,Com Vítimas Fatais,Pleno dia,Crescente,Céu Claro,Simples,Interseção de Vias,Não,3,2,0,0,1,0,0,2,-27.626875,-50.624406,SPRF-SC,DEL05-SC,UOP02-DEL05-SC,2020
277878.0,2020-03-31,terça-feira,17:55:00,SC,282,460.6,PONTE SERRADA,Falta de Atenção à Condução,Colisão com objeto estático,Com Vítimas Fatais,Anoitecer,Decrescente,Céu Claro,Simples,Rotatória,Sim,1,1,0,0,0,0,0,1,-26.8735638,-52.0181788,SPRF-SC,DEL07-SC,UOP04-DEL07-SC,2020
278043.0,2020-04-02,quinta-feira,01:30:00,SC,480,128.0,CHAPECO,Ingestão de Álcool,Capotamento,Com Vítimas Feridas,Plena Noite,Decrescente,Céu Claro,Dupla,Reta,Sim,1,0,1,0,0,0,1,1,-27.03781899,-52.63432603,SPRF-SC,DEL07-SC,UOP01-DEL07-SC,2020
278164.0,2020-04-03,sexta-feira,07:25:00,SC,282,16.0,PALHOCA,Desobediência às normas de trânsito pelo condutor,Colisão transversal,Com Vítimas Feridas,Pleno dia,Decrescente,Sol,Simples,Reta,Não,3,0,3,0,0,0,3,2,-27.658611,-48.681847,SPRF-SC,DEL01-SC,UOP02-DEL01-SC,2020
278316.0,2020-04-04,sábado,05:00:00,SC,282,571.8,NOVA ERECHIM,Condutor Dormindo,Saída de leito carroçável,Com Vítimas Feridas,Amanhecer,Decrescente,Nevoeiro/Neblina,Simples,Reta,Não,1,0,0,1,0,0,1,1,-26.886961,-52.935232,SPRF-SC,DEL07-SC,UOP02-DEL07-SC,2020
278438.0,2020-04-04,sábado,22:50:00,SC,282,503.6,XANXERE,Velocidade Incompatível,Saída de leito carroçável,Sem Vítimas,Plena Noite,Crescente,Céu Claro,Dupla,Aclive;Curva,Sim,1,0,0,0,0,1,0,1,-26.88250328,-52.40380197,SPRF-SC,DEL07-SC,UOP01-DEL07-SC,2020
278582.0,2020-04-06,segunda-feira,00:55:00,SC,282,503.1,XANXERE,Ingestão de Álcool,Capotamento,Com Vítimas Feridas,Plena Noite,Crescente,Céu Claro,Simples,Reta,Sim,2,0,0,2,0,0,2,1,-26.88492,-52.399788,SPRF-SC,DEL07-SC,UOP01-DEL07-SC,2020
278632.0,2020-04-06,segunda-feira,11:05:00,SC,282,218.8,LAGES,Velocidade Incompatível,Saída de leito carroçável,Com Vítimas Feridas,Pleno dia,Crescente,Chuva,Dupla,Curva,Sim,2,0,1,0,1,0,1,1,-27.797235,-50.31361,SPRF-SC,DEL05-SC,UOP01-DEL05-SC,2020
278694.0,2020-04-06,segunda-feira,13:45:00,SC,282,478.9,VARGEAO,Desobediência às normas de trânsito pelo condutor,Saída de leito carroçável,Com Vítimas Feridas,Pleno dia,Decrescente,Nublado,Dupla,Curva,Não,1,0,1,0,0,0,1,1,-26.878744,-52.186382,SPRF-SC,DEL07-SC,UOP01-DEL07-SC,2020
278720.0,2020-04-06,segunda-feira,09:00:00,SC,282,629.0,IRACEMINHA,Velocidade Incompatível,Saída de leito carroçável,Com Vítimas Feridas,Pleno dia,Decrescente,Chuva,Simples,Aclive,Não,1,0,1,0,0,0,1,1,-26.819656,-53.375282,SPRF-SC,DEL07-SC,UOP02-DEL07-SC,2020
278830.0,2020-04-07,terça-feira,19:00:00,SC,282,18.0,PALHOCA,Falta de Atenção à Condução,Colisão lateral,Com Vítimas Feridas,Plena Noite,Crescente,Nublado,Simples,Reta,Não,2,0,1,0,1,0,1,2,-27.672798,-48.694286,SPRF-SC,DEL01-SC,UOP02-DEL01-SC,2020
278851.0,2020-04-07,terça-feira,20:15:00,SC,480,130.0,CHAPECO,Falta de Atenção à Condução,Tombamento,Com Vítimas Feridas,Plena Noite,Decrescente,Céu Claro,Simples,Interseção de Vias,Sim,2,0,1,0,1,0,1,2,-27.05534298,-52.63652069,SPRF-SC,DEL07-SC,UOP01-DEL07-SC,2020
278878.0,2020-04-08,quarta-feira,07:45:00,SC,282,0.1,FLORIANOPOLIS,Velocidade Incompatível,Colisão traseira,Com Vítimas Feridas,Pleno dia,Crescente,Céu Claro,Múltipla,Reta,Sim,2,0,1,0,1,0,1,2,-27.59845,-48.571995,SPRF-SC,DEL01-SC,UOP01-DEL01-SC,2020
278885.0,2020-04-08,quarta-feira,08:20:00,SC,282,211.1,LAGES,Não guardar distância de segurança,Colisão traseira,Com Vítimas Feridas,Pleno dia,Crescente,Céu Claro,Simples,Reta,Não,2,0,1,0,1,0,1,2,-27.7674058,-50.16305923,SPRF-SC,DEL05-SC,UOP01-DEL05-SC,2020
279044.0,2020-04-09,quinta-feira,09:45:00,SC,282,368.9,ERVAL VELHO,Falta de Atenção à Condução,Colisão transversal,Com Vítimas Feridas,Pleno dia,Crescente,Sol,Simples,Reta,Sim,2,0,1,0,1,0,1,2,-27.283747,-51.434963,SPRF-SC,DEL07-SC,UOP05-DEL07-SC,2020
279062.0,2020-04-09,quinta-feira,15:10:00,SC,282,230.0,LAGES,Desobediência às normas de trânsito pelo condutor,Colisão transversal,Com Vítimas Feridas,Pleno dia,Crescente,Céu Claro,Simples,Curva,Não,8,0,4,4,0,0,8,2,-27.7863719,-50.45514107,SPRF-SC,DEL05-SC,UOP02-DEL05-SC,2020
279172.0,2020-04-10,sexta-feira,01:15:00,SC,282,384.0,JOACABA,Velocidade Incompatível,Colisão com objeto estático,Com Vítimas Feridas,Plena Noite,Decrescente,Céu Claro,Simples,Declive;Curva,Não,1,0,1,0,0,0,1,1,-27.20299,-51.515095,SPRF-SC,DEL07-SC,UOP05-DEL07-SC,2020
279321.0,2020-04-11,sábado,08:50:00,SC,282,134.6,BOM RETIRO,Desobediência às normas de trânsito pelo condutor,Colisão transversal,Com Vítimas Feridas,Pleno dia,Decrescente,Céu Claro,Simples,Reta,Não,3,0,2,0,1,0,2,2,-27.813074,-49.540077,SPRF-SC,DEL05-SC,UOP01-DEL05-SC,2020
279322.0,2020-04-11,sábado,10:40:00,SC,282,194.6,LAGES,Desobediência às normas de trânsito pelo condutor,Colisão com objeto estático,Sem Vítimas,Pleno dia,Crescente,Céu Claro,Simples,Reta,Não,1,0,0,0,1,0,0,1,-27.74324,-50.075451,SPRF-SC,DEL05-SC,UOP01-DEL05-SC,2020
279353.0,2020-04-11,sábado,15:20:00,SC,282,1.0,FLORIANOPOLIS,Falta de Atenção à Condução,Colisão traseira,Com Vítimas Feridas,Pleno dia,Decrescente,Sol,Dupla,Reta,Não,2,0,1,0,1,0,1,2,-27.602955,-48.580509,SPRF-SC,DEL01-SC,UOP01-DEL01-SC,2020
279407.0,2020-04-11,sábado,19:00:00,SC,282,570.8,NOVA ERECHIM,Defeito na Via,Colisão traseira,Com Vítimas Fatais,Plena Noite,Decrescente,Céu Claro,Simples,Em Obras;Reta,Não,4,1,0,1,0,2,1,3,-26.89006,-52.93306,SPRF-SC,DEL07-SC,UOP02-DEL07-SC,2020
279448.0,2020-04-12,domingo,01:50:00,SC,282,27.5,SANTO AMARO DA IMPERATRIZ,Ingestão de Álcool,Colisão lateral,Com Vítimas Feridas,Plena Noite,Decrescente,Nublado,Simples,Reta,Não,3,0,0,1,2,0,1,2,-27.67478,-48.778904,SPRF-SC,DEL01-SC,UOP03-DEL01-SC,2020
279534.0,2020-04-12,domingo,16:40:00,SC,282,28.6,SANTO AMARO DA IMPERATRIZ,Falta de Atenção à Condução,Colisão transversal,Com Vítimas Feridas,Pleno dia,Decrescente,Céu Claro,Simples,Rotatória,Sim,2,0,1,0,1,0,1,2,-27.67478,-48.778904,SPRF-SC,DEL01-SC,UOP03-DEL01-SC,2020
279552.0,2020-04-12,domingo,16:00:00,SC,282,498.0,XANXERE,Falta de Atenção à Condução,Tombamento,Com Vítimas Feridas,Pleno dia,Crescente,Céu Claro,Simples,Aclive;Curva,Não,2,0,2,0,0,0,2,1,-26.87978,-52.353825,SPRF-SC,DEL07-SC,UOP01-DEL07-SC,2020
279786.0,2020-04-14,terça-feira,10:35:00,SC,282,79.9,RANCHO QUEIMADO,Velocidade Incompatível,Saída de leito carroçável,Com Vítimas Feridas,Pleno dia,Crescente,Nublado,Simples,Curva,Não,4,0,2,1,1,0,3,1,-27.66680561,-49.16038513,SPRF-SC,DEL01-SC,UOP03-DEL01-SC,2020
279798.0,2020-04-14,terça-feira,12:15:00,SC,282,22.0,PALHOCA,Desobediência às normas de trânsito pelo condutor,Colisão lateral,Com Vítimas Feridas,Pleno dia,Crescente,Céu Claro,Simples,Reta,Sim,2,0,0,1,1,0,1,2,-27.688507,-48.72739,SPRF-SC,DEL01-SC,UOP02-DEL01-SC,2020
279850.0,2020-04-14,terça-feira,16:20:00,SC,282,2.8,FLORIANOPOLIS,Defeito Mecânico no Veículo,Colisão com objeto estático,Com Vítimas Feridas,Pleno dia,Crescente,Sol,Múltipla,Viaduto,Sim,2,0,1,0,0,1,1,2,-27.60162058,-48.59752893,SPRF-SC,DEL01-SC,UOP01-DEL01-SC,2020
279861.0,2020-04-14,terça-feira,12:00:00,SC,480,131.0,CHAPECO,Desobediência às normas de trânsito pelo condutor,Colisão frontal,Com Vítimas Feridas,Pleno dia,Crescente,Céu Claro,Dupla,Reta,Sim,2,0,1,0,1,0,1,2,-27.06314223,-52.63234636,SPRF-SC,DEL07-SC,UOP01-DEL07-SC,2020
279960.0,2020-04-15,quarta-feira,13:55:00,SC,282,384.3,JOACABA,Falta de Atenção à Condução,Colisão transversal,Com Vítimas Feridas,Pleno dia,Decrescente,Céu Claro,Simples,Rotatória,Não,3,0,1,0,2,0,1,2,-27.20299,-51.515095,SPRF-SC,DEL07-SC,UOP05-DEL07-SC,2020
280051.0,2020-04-16,quinta-feira,11:35:00,SC,282,5.9,SAO JOSE,Não guardar distância de segurança,Colisão traseira,Com Vítimas Feridas,Pleno dia,Crescente,Céu Claro,Dupla,Curva,Sim,3,0,2,0,1,0,2,2,-27.588425,-48.612919,SPRF-SC,DEL01-SC,UOP01-DEL01-SC,2020
280056.0,2020-04-16,quinta-feira,12:35:00,SC,282,58.0,RANCHO QUEIMADO,Falta de Atenção à Condução,Colisão transversal,Com Vítimas Feridas,Pleno dia,Decrescente,Sol,Simples,Curva,Não,2,0,1,0,1,0,1,2,-27.683594,-49.005539,SPRF-SC,DEL01-SC,UOP03-DEL01-SC,2020
280059.0,2020-04-16,quinta-feira,11:10:00,SC,282,34.9,AGUAS MORNAS,Falta de Atenção à Condução,Saída de leito carroçável,Sem Vítimas,Pleno dia,Crescente,Céu Claro,Simples,Curva,Não,1,0,0,0,1,0,0,1,-27.704247,-48.817547,SPRF-SC,DEL01-SC,UOP03-DEL01-SC,2020
280290.0,2020-04-17,sexta-feira,20:50:00,SC,282,16.8,PALHOCA,Falta de Atenção do Pedestre,Atropelamento de Pedestre,Com Vítimas Fatais,Plena Noite,Crescente,Céu Claro,Simples,Reta,Não,2,1,0,0,1,0,0,2,-27.658611,-48.681847,SPRF-SC,DEL01-SC,UOP02-DEL01-SC,2020
280428.0,2020-04-18,sábado,16:39:00,SC,282,207.3,LAGES,Não guardar distância de segurança,Colisão traseira,Com Vítimas Feridas,Pleno dia,Decrescente,Sol,Simples,Declive,Sim,2,0,1,0,1,0,1,2,-27.773464,-50.202095,SPRF-SC,DEL05-SC,UOP01-DEL05-SC,2020
280432.0,2020-04-18,sábado,19:15:00,SC,282,16.0,PALHOCA,Falta de Atenção à Condução,Colisão lateral,Com Vítimas Feridas,Plena Noite,Decrescente,Céu Claro,Simples,Reta,Não,2,0,1,0,1,0,1,2,-27.658611,-48.681847,SPRF-SC,DEL01-SC,UOP02-DEL01-SC,2020
280436.0,2020-04-18,sábado,18:33:00,SC,282,209.0,LAGES,Falta de Atenção à Condução,Colisão transversal,Com Vítimas Feridas,Plena Noite,Decrescente,Céu Claro,Simples,Declive,Não,2,0,1,0,1,0,1,2,-27.776926,-50.221893,SPRF-SC,DEL05-SC,UOP01-DEL05-SC,2020