id,data_inversa,dia_semana,horario,uf,br,km,municipio,causa_acidente,tipo_acidente,classificacao_acidente,fase_dia,sentido_via,condicao_metereologica,tipo_pista,tracado_via,uso_solo,pessoas,mortos,feridos_leves,feridos_graves,ilesos,ignorados,feridos,veiculos,latitude,longitude,regional,delegacia,uop,ano_arquivo
280455.0,2020-04-18,sábado,15:20:00,SC,282,565.8,NOVA ERECHIM,Desobediência às normas de trânsito pelo condutor,Saída de leito carroçável,Sem Vítimas,Pleno dia,Decrescente,Céu Claro,Simples,Reta,Não,1,0,0,0,1,0,0,1,-26.900272,-52.888309,SPRF-SC,DEL07-SC,UOP02-DEL07-SC,2020
280461.0,2020-04-18,sábado,22:10:00,SC,282,18.0,PALHOCA,Desobediência às normas de trânsito pelo condutor,Colisão transversal,Com Vítimas Feridas,Plena Noite,Crescente,Céu Claro,Simples,Reta,Sim,2,0,1,1,0,0,2,2,-27.672798,-48.694286,SPRF-SC,DEL01-SC,UOP02-DEL01-SC,2020
280480.0,2020-04-18,sábado,22:10:00,SC,282,503.5,XANXERE,Ingestão de Álcool,Tombamento,Com Vítimas Feridas,Plena Noite,Decrescente,Céu Claro,Dupla,Interseção de Vias;Curva,Sim,1,0,1,0,0,0,1,1,-26.88374693,-52.40259832,SPRF-SC,DEL07-SC,UOP01-DEL07-SC,2020
280551.0,2020-04-19,domingo,14:43:00,SC,282,456.7,PONTE SERRADA,Falta de Atenção à Condução,Colisão transversal,Com Vítimas Feridas,Pleno dia,Decrescente,Céu Claro,Simples,Curva,Não,2,0,1,0,1,0,1,2,-26.885752,-52.004669,SPRF-SC,DEL07-SC,UOP04-DEL07-SC,2020
280608.0,2020-04-19,domingo,21:00:00,SC,282,19.0,PALHOCA,Falta de Atenção do Pedestre,Atropelamento de Pedestre,Com Vítimas Fatais,Plena Noite,Crescente,Céu Claro,Simples,Reta;Aclive,Não,2,1,0,0,1,0,0,2,-27.678635,-48.70192,SPRF-SC,DEL01-SC,UOP02-DEL01-SC,2020
280712.0,2020-04-20,segunda-feira,17:35:00,SC,282,17.2,PALHOCA,Desobediência às normas de trânsito pelo condutor,Colisão transversal,Com Vítimas Feridas,Pleno dia,Crescente,Céu Claro,Simples,Reta,Sim,2,0,0,1,1,0,1,2,-27.665707,-48.688065,SPRF-SC,DEL01-SC,UOP02-DEL01-SC,2020
280738.0,2020-04-20,segunda-feira,18:20:00,SC,282,26.1,SANTO AMARO DA IMPERATRIZ,Ultrapassagem Indevida,Colisão frontal,Com Vítimas Fatais,Anoitecer,Crescente,Céu Claro,Simples,Reta,Não,4,2,1,0,0,1,1,3,-27.680267,-48.762482,SPRF-SC,DEL01-SC,UOP03-DEL01-SC,2020
280747.0,2020-04-20,segunda-feira,19:20:00,SC,480,127.3,CHAPECO,Falta de Atenção à Condução,Colisão frontal,Com Vítimas Feridas,Plena Noite,Decrescente,Céu Claro,Simples,Reta,Sim,5,0,1,2,2,0,3,2,-27.02885905,-52.63380035,SPRF-SC,DEL07-SC,UOP01-DEL07-SC,2020
280748.0,2020-04-20,segunda-feira,15:25:00,SC,480,130.1,CHAPECO,Falta de Atenção à Condução,Colisão lateral,Com Vítimas Feridas,Pleno dia,Decrescente,Sol,Simples,Reta,Sim,3,0,2,0,1,0,2,2,-27.05534298,-52.63652069,SPRF-SC,DEL07-SC,UOP01-DEL07-SC,2020
280799.0,2020-04-19,domingo,06:35:00,SC,282,53.5,RANCHO QUEIMADO,Ingestão de Álcool,Tombamento,Com Vítimas Feridas,Pleno dia,Decrescente,Nublado,Simples,Curva,Não,1,0,1,0,0,0,1,1,-27.691511,-48.970215,SPRF-SC,DEL01-SC,UOP03-DEL01-SC,2020
280858.0,2020-04-21,terça-feira,17:45:00,SC,282,528.2,CORDILHEIRA ALTA,Ingestão de Álcool,Saída de leito carroçável,Com Vítimas Feridas,Anoitecer,Crescente,Céu Claro,Simples,Reta,Não,1,0,1,0,0,0,1,1,-26.978798,-52.588566,SPRF-SC,DEL07-SC,UOP01-DEL07-SC,2020
280929.0,2020-04-22,quarta-feira,10:45:00,SC,282,432.8,VARGEM BONITA,Falta de Atenção à Condução,Colisão transversal,Sem Vítimas,Pleno dia,Crescente,Céu Claro,Dupla,Curva,Não,3,0,0,0,3,0,0,2,-26.981241,-51.814842,SPRF-SC,DEL07-SC,UOP05-DEL07-SC,2020
280958.0,2020-04-22,quarta-feira,16:00:00,SC,282,390.0,JOACABA,Falta de Atenção à Condução,Saída de leito carroçável,Sem Vítimas,Pleno dia,Decrescente,Céu Claro,Simples,Reta,Sim,1,0,0,0,1,0,0,1,-27.175066,-51.550556,SPRF-SC,DEL07-SC,UOP05-DEL07-SC,2020
281001.0,2020-04-22,quarta-feira,18:55:00,SC,282,602.0,CUNHA PORA,Falta de Atenção à Condução,Colisão transversal,Com Vítimas Feridas,Plena Noite,Crescente,Céu Claro,Simples,Interseção de Vias,Não,2,0,1,0,1,0,1,2,-26.80545667,-53.18131685,SPRF-SC,DEL07-SC,UOP02-DEL07-SC,2020
281059.0,2020-04-23,quinta-feira,12:20:00,SC,282,72.0,RANCHO QUEIMADO,Velocidade Incompatível,Saída de leito carroçável,Sem Vítimas,Pleno dia,Decrescente,Nublado,Simples,Curva,Não,1,0,0,0,1,0,0,1,-27.683439,-49.105259,SPRF-SC,DEL01-SC,UOP03-DEL01-SC,2020
281062.0,2020-04-23,quinta-feira,13:45:00,SC,282,4.7,SAO JOSE,Não guardar distância de segurança,Colisão traseira,Sem Vítimas,Pleno dia,Crescente,Céu Claro,Dupla,Reta,Não,2,0,0,0,2,0,0,2,-27.588425,-48.612919,SPRF-SC,DEL01-SC,UOP01-DEL01-SC,2020
281122.0,2020-04-23,quinta-feira,18:45:00,SC,282,535.3,CHAPECO,Ingestão de Álcool,Colisão transversal,Sem Vítimas,Anoitecer,Decrescente,Céu Claro,Simples,Rotatória;Interseção de Vias,Sim,2,0,0,0,2,0,0,2,-26.998245,-52.643768,SPRF-SC,DEL07-SC,UOP01-DEL07-SC,2020
281147.0,2020-04-24,sexta-feira,00:40:00,SC,282,3.5,FLORIANOPOLIS,Falta de Atenção à Condução,Capotamento,Com Vítimas Feridas,Plena Noite,Crescente,Céu Claro,Dupla,Reta,Sim,1,0,0,1,0,0,1,1,-27.600384,-48.599705,SPRF-SC,DEL01-SC,UOP01-DEL01-SC,2020
281167.0,2020-04-24,sexta-feira,07:05:00,SC,282,16.0,PALHOCA,Desobediência às normas de trânsito pelo condutor,Colisão transversal,Com Vítimas Feridas,Pleno dia,Decrescente,Céu Claro,Simples,Reta,Sim,2,0,1,0,1,0,1,2,-27.658611,-48.681847,SPRF-SC,DEL01-SC,UOP02-DEL01-SC,2020
281259.0,2020-04-24,sexta-feira,17:35:00,SC,282,336.0,CAMPOS NOVOS,Falta de Atenção à Condução,Colisão traseira,Com Vítimas Feridas,Anoitecer,Decrescente,Céu Claro,Simples,Reta,Não,2,0,1,0,1,0,1,2,-27.392557,-51.165817,SPRF-SC,DEL07-SC,UOP06-DEL07-SC,2020
281392.0,2020-04-25,sábado,15:00:00,SC,282,4.8,SAO JOSE,Falta de Atenção à Condução,Colisão lateral,Com Vítimas Feridas,Pleno dia,Crescente,Céu Claro,Dupla,Reta,Sim,2,0,1,0,1,0,1,2,-27.592646,-48.604034,SPRF-SC,DEL01-SC,UOP01-DEL01-SC,2020
281470.0,2020-04-25,sábado,16:20:00,SC,282,485.5,FAXINAL DOS GUEDES,Velocidade Incompatível,Saída de leito carroçável,Com Vítimas Feridas,Pleno dia,Crescente,Sol,Simples,Curva,Não,1,0,0,1,0,0,1,1,-26.857132,-52.245258,SPRF-SC,DEL07-SC,UOP01-DEL07-SC,2020
281566.0,2020-04-26,domingo,16:50:00,SC,282,5.0,SAO JOSE,Desobediência às normas de trânsito pelo condutor,Colisão traseira,Com Vítimas Feridas,Pleno dia,Crescente,Céu Claro,Múltipla,Reta,Sim,2,0,1,0,1,0,1,2,-27.588425,-48.612919,SPRF-SC,DEL01-SC,UOP01-DEL01-SC,2020
281636.0,2020-04-26,domingo,21:40:00,SC,282,222.0,LAGES,Ultrapassagem Indevida,Colisão frontal,Com Vítimas Feridas,Plena Noite,Decrescente,Céu Claro,Simples,Reta,Não,6,0,2,4,0,0,6,2,-27.797739,-50.353409,SPRF-SC,DEL05-SC,UOP01-DEL05-SC,2020
281638.0,2020-04-26,domingo,19:50:00,SC,282,219.3,LAGES,Velocidade Incompatível,Capotamento,Com Vítimas Fatais,Plena Noite,Crescente,Céu Claro,Simples,Aclive,Sim,2,1,0,1,0,0,1,1,-27.795521,-50.323608,SPRF-SC,DEL05-SC,UOP01-DEL05-SC,2020
281676.0,2020-04-27,segunda-feira,08:00:00,SC,282,16.0,PALHOCA,Desobediência às normas de trânsito pelo condutor,Colisão transversal,Com Vítimas Feridas,Pleno dia,Decrescente,Céu Claro,Simples,Interseção de Vias,Sim,3,0,2,0,1,0,2,2,-27.658611,-48.681847,SPRF-SC,DEL01-SC,UOP02-DEL01-SC,2020
281877.0,2020-04-28,terça-feira,11:30:00,SC,282,46.0,AGUAS MORNAS,Avarias e/ou desgaste excessivo no pneu,Capotamento,Com Vítimas Feridas,Pleno dia,Decrescente,Chuva,Simples,Curva,Não,3,0,1,1,1,0,2,1,-27.721041,-48.925152,SPRF-SC,DEL01-SC,UOP03-DEL01-SC,2020
281914.0,2020-04-28,terça-feira,17:22:00,SC,282,5.0,SAO JOSE,Falta de Atenção à Condução,Colisão traseira,Com Vítimas Feridas,Anoitecer,Crescente,Nublado,Dupla,Reta,Sim,2,0,1,0,1,0,1,2,-27.588425,-48.612919,SPRF-SC,DEL01-SC,UOP01-DEL01-SC,2020
282061.0,2020-04-29,quarta-feira,18:20:00,SC,282,16.0,PALHOCA,Falta de Atenção à Condução,Colisão traseira,Com Vítimas Feridas,Plena Noite,Decrescente,Céu Claro,Simples,Reta,Não,2,0,1,0,1,0,1,2,-27.658611,-48.681847,SPRF-SC,DEL01-SC,UOP02-DEL01-SC,2020
282088.0,2020-04-29,quarta-feira,21:15:00,SC,282,517.6,XAXIM,Ingestão de Álcool,Colisão lateral,Com Vítimas Feridas,Plena Noite,Crescente,Céu Claro,Simples,Interseção de Vias,Não,3,0,0,2,0,1,2,2,-26.94136305,-52.50387132,SPRF-SC,DEL07-SC,UOP01-DEL07-SC,2020
282285.0,2020-05-01,sexta-feira,10:10:00,SC,282,48.1,AGUAS MORNAS,Falta de Atenção à Condução,Colisão com objeto estático,Com Vítimas Feridas,Pleno dia,Decrescente,Nublado,Simples,Curva;Declive,Não,2,0,2,0,0,0,2,2,-27.714352,-48.938072,SPRF-SC,DEL01-SC,UOP03-DEL01-SC,2020
282428.0,2020-05-02,sábado,04:00:00,SC,480,130.2,CHAPECO,Ingestão de Álcool,Colisão com objeto estático,Com Vítimas Feridas,Plena Noite,Crescente,Céu Claro,Dupla,Reta,Sim,2,0,1,0,1,0,1,1,-27.05534298,-52.63652069,SPRF-SC,DEL07-SC,UOP01-DEL07-SC,2020
282473.0,2020-05-02,sábado,11:00:00,SC,282,82.1,RANCHO QUEIMADO,Desobediência às normas de trânsito pelo condutor,Colisão frontal,Com Vítimas Fatais,Pleno dia,Decrescente,Céu Claro,Simples,Reta,Não,5,1,2,0,1,1,2,5,-27.662027,-49.178356,SPRF-SC,DEL01-SC,UOP03-DEL01-SC,2020
282477.0,2020-05-02,sábado,05:00:00,SC,282,491.4,FAXINAL DOS GUEDES,Ingestão de Álcool,Saída de leito carroçável,Com Vítimas Feridas,Plena Noite,Decrescente,Céu Claro,Simples,Reta,Não,1,0,1,0,0,0,1,1,-26.872433,-52.291599,SPRF-SC,DEL07-SC,UOP01-DEL07-SC,2020
282485.0,2020-05-02,sábado,15:10:00,SC,282,569.0,NOVA ERECHIM,Ingestão de Álcool,Colisão transversal,Com Vítimas Feridas,Pleno dia,Crescente,Céu Claro,Simples,Curva,Sim,4,0,2,0,2,0,2,2,-26.894342,-52.923874,SPRF-SC,DEL07-SC,UOP02-DEL07-SC,2020
282531.0,2020-05-02,sábado,18:55:00,SC,282,541.4,CHAPECO,Falta de Atenção do Pedestre,Atropelamento de Pedestre,Com Vítimas Fatais,Plena Noite,Decrescente,Céu Claro,Simples,Reta,Não,4,1,3,0,0,0,3,3,-26.997713,-52.699165,SPRF-SC,DEL07-SC,UOP01-DEL07-SC,2020
282562.0,2020-05-03,domingo,02:40:00,SC,282,517.5,XAXIM,Condutor Dormindo,Saída de leito carroçável,Sem Vítimas,Plena Noite,Crescente,Céu Claro,Simples,Rotatória,Sim,1,0,0,0,0,1,0,1,-26.939375,-52.500057,SPRF-SC,DEL07-SC,UOP01-DEL07-SC,2020
282581.0,2020-05-03,domingo,06:40:00,SC,282,222.0,LAGES,Restrição de Visibilidade,Atropelamento de Pedestre,Com Vítimas Fatais,Amanhecer,Decrescente,Sol,Simples,Reta,Não,2,1,0,0,1,0,0,2,-27.79630548,-50.34316084,SPRF-SC,DEL05-SC,UOP01-DEL05-SC,2020
282623.0,2020-05-03,domingo,15:50:00,SC,282,493.9,FAXINAL DOS GUEDES,Não guardar distância de segurança,Queda de ocupante de veículo,Com Vítimas Feridas,Pleno dia,Crescente,Céu Claro,Simples,Reta,Não,1,0,1,0,0,0,1,1,-26.869814,-52.310135,SPRF-SC,DEL07-SC,UOP01-DEL07-SC,2020
282657.0,2020-05-03,domingo,18:25:00,SC,282,516.1,XAXIM,Velocidade Incompatível,Saída de leito carroçável,Sem Vítimas,Pleno dia,Decrescente,Sol,Simples,Curva,Não,1,0,0,0,1,0,0,1,-26.92921555,-52.49943495,SPRF-SC,DEL07-SC,UOP01-DEL07-SC,2020
282967.0,2020-05-05,terça-feira,19:35:00,SC,282,4.5,FLORIANOPOLIS,Falta de Atenção do Pedestre,Atropelamento de Pedestre,Com Vítimas Feridas,Plena Noite,Crescente,Nublado,Múltipla,Reta,Sim,2,0,1,0,1,0,1,2,-27.592646,-48.604034,SPRF-SC,DEL01-SC,UOP01-DEL01-SC,2020
283173.0,2020-05-06,quarta-feira,21:35:00,SC,282,348.0,CAMPOS NOVOS,Mal Súbito,Colisão frontal,Com Vítimas Feridas,Plena Noite,Crescente,Céu Claro,Simples,Reta,Não,3,0,2,1,0,0,3,2,-27.361637,-51.273197,SPRF-SC,DEL07-SC,UOP06-DEL07-SC,2020
283206.0,2020-05-07,quinta-feira,07:50:00,SC,282,0.5,FLORIANOPOLIS,Falta de Atenção à Condução,Colisão lateral,Sem Vítimas,Pleno dia,Decrescente,Céu Claro,Múltipla,Reta,Sim,2,0,0,0,2,0,0,2,-27.59845,-48.571995,SPRF-SC,DEL01-SC,UOP01-DEL01-SC,2020
283207.0,2020-05-07,quinta-feira,06:15:00,SC,282,602.1,MARAVILHA,Falta de Atenção à Condução,Colisão transversal,Com Vítimas Feridas,Amanhecer,Crescente,Céu Claro,Simples,Reta;Interseção de Vias,Não,2,0,1,0,0,1,1,2,-26.806049,-53.178757,SPRF-SC,DEL07-SC,UOP02-DEL07-SC,2020
283314.0,2020-05-07,quinta-feira,17:40:00,SC,480,127.4,CHAPECO,Falta de Atenção à Condução,Colisão traseira,Com Vítimas Feridas,Plena Noite,Crescente,Céu Claro,Simples,Reta,Sim,2,0,0,1,1,0,1,2,-27.02885905,-52.63380035,SPRF-SC,DEL07-SC,UOP01-DEL07-SC,2020
283325.0,2020-05-07,quinta-feira,21:30:00,SC,282,1.5,FLORIANOPOLIS,Falta de Atenção à Condução,Colisão lateral,Com Vítimas Feridas,Plena Noite,Crescente,Céu Claro,Dupla,Curva,Sim,2,0,1,0,1,0,1,2,-27.602955,-48.580509,SPRF-SC,DEL01-SC,UOP01-DEL01-SC,2020
283332.0,2020-05-08,sexta-feira,00:05:00,SC,282,29.7,SANTO AMARO DA IMPERATRIZ,Ingestão de Álcool,Colisão frontal,Com Vítimas Feridas,Plena Noite,Crescente,Céu Claro,Simples,Reta,Não,2,0,1,0,1,0,1,2,-27.679737,-48.786785,SPRF-SC,DEL01-SC,UOP03-DEL01-SC,2020
283347.0,2020-05-07,quinta-feira,17:40:00,SC,282,210.1,LAGES,Falta de Atenção à Condução,Colisão frontal,Com Vítimas Fatais,Anoitecer,Decrescente,Céu Claro,Simples,Aclive;Reta,Não,3,1,0,2,0,0,2,2,-27.778582,-50.231815,SPRF-SC,DEL05-SC,UOP01-DEL05-SC,2020
283400.0,2020-05-08,sexta-feira,12:55:00,SC,480,129.4,CHAPECO,Falta de Atenção à Condução,Colisão traseira,Com Vítimas Feridas,Pleno dia,Crescente,Céu Claro,Simples,Viaduto;Interseção de Vias;Reta,Sim,3,0,0,1,2,0,1,3,-27.05082357,-52.63498675,SPRF-SC,DEL07-SC,UOP01-DEL07-SC,2020
283477.0,2020-05-08,sexta-feira,19:15:00,SC,282,520.6,XAXIM,Falta de Atenção à Condução,Colisão lateral,Sem Vítimas,Plena Noite,Decrescente,Céu Claro,Simples,Rotatória,Não,2,0,0,0,2,0,0,2,-26.94932995,-52.52917528,SPRF-SC,DEL07-SC,UOP01-DEL07-SC,2020
283478.0,2020-05-08,sexta-feira,17:00:00,SC,282,446.0,PONTE SERRADA,Falta de Atenção à Condução,Saída de leito carroçável,Sem Vítimas,Pleno dia,Crescente,Céu Claro,Simples,Curva,Não,1,0,0,0,0,1,0,1,-26.910217,-51.914951,SPRF-SC,DEL07-SC,UOP04-DEL07-SC,2020
283537.0,2020-05-09,sábado,08:25:00,SC,282,216.0,LAGES,Falta de Atenção à Condução,Colisão traseira,Com Vítimas Feridas,Pleno dia,Decrescente,Nublado,Simples,Reta,Não,2,0,1,0,1,0,1,2,-27.797529,-50.291862,SPRF-SC,DEL05-SC,UOP01-DEL05-SC,2020
283655.0,2020-05-09,sábado,20:25:00,SC,282,20.0,PALHOCA,Desobediência às normas de trânsito pelo condutor,Colisão frontal,Com Vítimas Feridas,Plena Noite,Crescente,Céu Claro,Simples,Interseção de Vias,Não,3,0,2,0,1,0,2,2,-27.683958,-48.71006,SPRF-SC,DEL01-SC,UOP02-DEL01-SC,2020
283657.0,2020-05-05,terça-feira,08:00:00,SC,282,617.0,MARAVILHA,Pista Escorregadia,Saída de leito carroçável,Sem Vítimas,Pleno dia,Crescente,Chuva,Simples,Curva,Não,1,0,0,0,0,1,0,1,-26.782682,-53.285789,SPRF-SC,DEL07-SC,UOP02-DEL07-SC,2020
283726.0,2020-05-10,domingo,08:20:00,SC,282,284.0,SAO JOSE DO CERRITO,Restrição de Visibilidade,Colisão transversal,Com Vítimas Feridas,Pleno dia,Crescente,Nevoeiro/Neblina,Simples,Curva,Não,2,0,1,0,1,0,1,2,-27.577164,-50.791893,SPRF-SC,DEL05-SC,UOP02-DEL05-SC,2020
283957.0,2020-05-11,segunda-feira,15:30:00,SC,282,4.0,FLORIANOPOLIS,Falta de Atenção à Condução,Colisão traseira,Com Vítimas Feridas,Pleno dia,Crescente,Céu Claro,Dupla,Reta,Sim,3,0,1,1,1,0,2,2,-27.592646,-48.604034,SPRF-SC,DEL01-SC,UOP01-DEL01-SC,2020
283998.0,2020-05-11,segunda-feira,17:40:00,SC,282,16.0,PALHOCA,Falta de Atenção do Pedestre,Atropelamento de Pedestre,Com Vítimas Feridas,Anoitecer,Crescente,Céu Claro,Simples,Reta,Sim,2,0,2,0,0,0,2,2,-27.658611,-48.681847,SPRF-SC,DEL01-SC,UOP02-DEL01-SC,2020
284133.0,2020-05-12,terça-feira,19:15:00,SC,282,5.0,FLORIANOPOLIS,Falta de Atenção à Condução,Colisão lateral,Com Vítimas Feridas,Anoitecer,Decrescente,Céu Claro,Dupla,Declive,Sim,2,0,1,0,1,0,1,2,-27.588425,-48.612919,SPRF-SC,DEL01-SC,UOP01-DEL01-SC,2020
284141.0,2020-05-12,terça-feira,18:00:00,SC,282,596.3,CUNHA PORA,Falta de Atenção à Condução,Saída de leito carroçável,Com Vítimas Feridas,Anoitecer,Decrescente,Nublado,Simples,Em Obras,Não,2,0,1,1,0,0,2,1,-26.829437,-53.127995,SPRF-SC,DEL07-SC,UOP02-DEL07-SC,2020
284220.0,2020-05-13,quarta-feira,09:00:00,SC,282,80.0,RANCHO QUEIMADO,Sinalização da via insuficiente ou inadequada,Saída de leito carroçável,Com Vítimas Feridas,Pleno dia,Decrescente,Chuva,Simples,Curva,Não,4,0,3,0,1,0,3,1,-27.663555,-49.159309,SPRF-SC,DEL01-SC,UOP03-DEL01-SC,2020
284241.0,2020-05-13,quarta-feira,09:10:00,SC,282,301.0,VARGEM,Velocidade Incompatível,Colisão com objeto estático,Com Vítimas Feridas,Pleno dia,Decrescente,Chuva,Simples,Curva;Declive,Não,3,0,2,0,1,0,2,1,-27.510321,-50.922432,SPRF-SC,DEL07-SC,UOP06-DEL07-SC,2020
284266.0,2020-05-13,quarta-feira,11:00:00,SC,282,492.1,FAXINAL DOS GUEDES,Ingestão de Álcool,Saída de leito carroçável,Sem Vítimas,Pleno dia,Crescente,Chuva,Simples,Curva,Não,1,0,0,0,1,0,0,1,-26.871534,-52.300915,SPRF-SC,DEL07-SC,UOP01-DEL07-SC,2020
284277.0,2020-05-13,quarta-feira,16:20:00,SC,282,38.4,AGUAS MORNAS,Velocidade Incompatível,Saída de leito carroçável,Sem Vítimas,Pleno dia,Decrescente,Chuva,Simples,Curva,Não,1,0,0,0,1,0,0,1,-27.709209,-48.852467,SPRF-SC,DEL01-SC,UOP03-DEL01-SC,2020
284404.0,2020-04-30,quinta-feira,19:40:00,SC,282,125.0,BOM RETIRO,Falta de Atenção à Condução,Colisão frontal,Com Vítimas Feridas,Plena Noite,Decrescente,Céu Claro,Simples,Reta,Não,7,0,5,0,2,0,5,4,-27.806303,-49.46027,SPRF-SC,DEL05-SC,UOP01-DEL05-SC,2020
284406.0,2020-05-06,quarta-feira,17:40:00,SC,480,128.5,CHAPECO,Velocidade Incompatível,Colisão com objeto estático,Sem Vítimas,Pleno dia,Decrescente,Céu Claro,Simples,Interseção de Vias,Sim,1,0,0,0,1,0,0,1,-27.057201,-52.63586467,SPRF-SC,DEL07-SC,UOP01-DEL07-SC,2020
284460.0,2020-05-14,quinta-feira,19:40:00,SC,282,624.4,IRACEMINHA,Falta de Atenção à Condução,Tombamento,Com Vítimas Feridas,Plena Noite,Crescente,Céu Claro,Simples,Interseção de Vias,Não,1,0,1,0,0,0,1,1,-26.798008,-53.34169,SPRF-SC,DEL07-SC,UOP02-DEL07-SC,2020
284480.0,2020-05-14,quinta-feira,20:45:00,SC,282,37.0,AGUAS MORNAS,Ingestão de Álcool,Colisão lateral,Com Vítimas Feridas,Plena Noite,Crescente,Céu Claro,Simples,Curva,Não,2,0,1,0,1,0,1,2,-27.70868023,-48.85108083,SPRF-SC,DEL01-SC,UOP03-DEL01-SC,2020
284486.0,2020-05-14,quinta-feira,22:20:00,SC,282,210.0,SAO JOSE,Objeto estático sobre o leito carroçável,Colisão com objeto estático,Com Vítimas Feridas,Plena Noite,Decrescente,Céu Claro,Múltipla,Reta,Sim,2,0,1,0,0,1,1,2,-27.6124313,-48.64104878,SPRF-SC,DEL05-SC,UOP01-DEL05-SC,2020
284507.0,2020-05-15,sexta-feira,00:40:00,SC,282,188.0,BOCAINA DO SUL,Defeito Mecânico no Veículo,Incêndio,Sem Vítimas,Plena Noite,Decrescente,Céu Claro,Simples,Rotatória,Não,1,0,0,0,1,0,0,1,-27.736822,-50.016792,SPRF-SC,DEL05-SC,UOP01-DEL05-SC,2020
284619.0,2020-05-15,sexta-feira,19:45:00,SC,282,212.0,LAGES,Falta de Atenção à Condução,Colisão transversal,Com Vítimas Feridas,Plena Noite,Crescente,Chuva,Simples,Reta,Não,2,0,1,0,1,0,1,2,-27.782257,-50.251381,SPRF-SC,DEL05-SC,UOP01-DEL05-SC,2020
284633.0,2020-05-15,sexta-feira,17:30:00,SC,282,107.0,ALFREDO WAGNER,Defeito na Via,Capotamento,Com Vítimas Feridas,Anoitecer,Crescente,Céu Claro,Simples,Reta,Não,1,0,1,0,0,0,1,1,-27.704372,-49.34935,SPRF-SC,DEL01-SC,UOP03-DEL01-SC,2020
284843.0,2020-05-16,sábado,19:15:00,SC,282,498.0,XANXERE,Falta de Atenção à Condução,Colisão traseira,Sem Vítimas,Plena Noite,Crescente,Céu Claro,Simples,Reta,Não,3,0,0,0,3,0,0,2,-26.87970337,-52.34620571,SPRF-SC,DEL07-SC,UOP01-DEL07-SC,2020
284878.0,2020-05-17,domingo,04:00:00,SC,282,221.0,LAGES,Condutor Dormindo,Colisão com objeto estático,Sem Vítimas,Plena Noite,Crescente,Céu Claro,Simples,Reta,Sim,1,0,0,0,0,1,0,1,-27.79452498,-50.33637285,SPRF-SC,DEL05-SC,UOP01-DEL05-SC,2020
284886.0,2020-05-17,domingo,05:20:00,SC,282,470.4,PONTE SERRADA,Avarias e/ou desgaste excessivo no pneu,Tombamento,Com Vítimas Feridas,Amanhecer,Decrescente,Céu Claro,Simples,Curva,Não,2,0,2,0,0,0,2,1,-26.862293,-52.12109,SPRF-SC,DEL07-SC,UOP01-DEL07-SC,2020
284969.0,2020-05-17,domingo,18:45:00,SC,282,24.0,SANTO AMARO DA IMPERATRIZ,Não guardar distância de segurança,Colisão traseira,Com Vítimas Feridas,Plena Noite,Decrescente,Céu Claro,Simples,Reta,Não,2,0,0,1,1,0,1,2,-27.67862562,-48.75092983,SPRF-SC,DEL01-SC,UOP03-DEL01-SC,2020
285136.0,2020-05-18,segunda-feira,17:20:00,SC,282,17.0,PALHOCA,Desobediência às normas de trânsito pelo condutor,Colisão transversal,Com Vítimas Feridas,Pleno dia,Decrescente,Céu Claro,Simples,Reta,Sim,3,0,1,0,2,0,1,2,-27.665707,-48.688065,SPRF-SC,DEL01-SC,UOP02-DEL01-SC,2020
285318.0,2020-05-19,terça-feira,18:40:00,SC,282,505.0,XANXERE,Restrição de Visibilidade,Colisão transversal,Com Vítimas Feridas,Plena Noite,Decrescente,Céu Claro,Simples,Interseção de Vias,Sim,2,0,1,0,1,0,1,2,-26.8852787,-52.4141655,SPRF-SC,DEL07-SC,UOP01-DEL07-SC,2020
285339.0,2020-05-19,terça-feira,21:55:00,SC,282,70.0,RANCHO QUEIMADO,Ingestão de álcool e/ou substâncias psicoativas pelo pedestre,Tombamento,Com Vítimas Feridas,Plena Noite,Decrescente,Céu Claro,Simples,Curva,Não,1,0,0,1,0,0,1,1,-27.692705,-49.091351,SPRF-SC,DEL01-SC,UOP03-DEL01-SC,2020
285389.0,2020-05-20,quarta-feira,08:55:00,SC,282,565.0,NOVA ERECHIM,Falta de Atenção à Condução,Saída de leito carroçável,Com Vítimas Feridas,Pleno dia,Decrescente,Céu Claro,Simples,Curva,Não,1,0,1,0,0,0,1,1,-26.900272,-52.888309,SPRF-SC,DEL07-SC,UOP02-DEL07-SC,2020
285451.0,2020-05-20,quarta-feira,18:19:00,SC,282,6.2,SAO JOSE,Falta de Atenção à Condução,Queda de ocupante de veículo,Com Vítimas Feridas,Anoitecer,Decrescente,Céu Claro,Múltipla,Curva;Aclive,Sim,1,0,1,0,0,0,1,1,-27.591936,-48.618244,SPRF-SC,DEL01-SC,UOP01-DEL01-SC,2020
285558.0,2020-05-21,quinta-feira,13:30:00,SC,282,672.4,PARAISO,Falta de Atenção à Condução,Colisão transversal,Com Vítimas Feridas,Pleno dia,Crescente,Céu Claro,Simples,Reta,Não,2,0,1,0,1,0,1,2,-26.61759736,-53.66201357,SPRF-SC,DEL07-SC,UOP03-DEL07-SC,2020
285584.0,2020-05-21,quinta-feira,17:55:00,SC,282,1.5,FLORIANOPOLIS,Falta de Atenção do Pedestre,Atropelamento de Pedestre,Com Vítimas Feridas,Pleno dia,Crescente,Nublado,Múltipla,Reta,Sim,2,0,0,2,0,0,2,2,-27.602955,-48.580509,SPRF-SC,DEL01-SC,UOP01-DEL01-SC,2020