id,data_inversa,dia_semana,horario,uf,br,km,municipio,causa_acidente,tipo_acidente,classificacao_acidente,fase_dia,sentido_via,condicao_metereologica,tipo_pista,tracado_via,uso_solo,pessoas,mortos,feridos_leves,feridos_graves,ilesos,ignorados,feridos,veiculos,latitude,longitude,regional,delegacia,uop,ano_arquivo
285645.0,2020-05-21,quinta-feira,21:30:00,SC,282,131.5,BOM RETIRO,Ultrapassagem Indevida,Colisão frontal,Com Vítimas Feridas,Plena Noite,Decrescente,Céu Claro,Simples,Curva;Aclive,Não,8,0,7,1,0,0,8,2,-27.81049222,-49.51655545,SPRF-SC,DEL05-SC,UOP01-DEL05-SC,2020
285673.0,2020-05-22,sexta-feira,05:30:00,SC,282,387.0,JOACABA,Falta de Atenção à Condução,Saída de leito carroçável,Sem Vítimas,Plena Noite,Decrescente,Chuva,Simples,Reta,Não,1,0,0,0,0,1,0,1,-27.178274,-51.524025,SPRF-SC,DEL07-SC,UOP05-DEL07-SC,2020
285691.0,2020-05-22,sexta-feira,06:45:00,SC,282,560.7,NOVA ITABERABA,Fenômenos da Natureza,Colisão com objeto estático,Com Vítimas Feridas,Amanhecer,Decrescente,Chuva,Simples,Reta,Não,3,0,1,0,2,0,1,3,-26.927135,-52.856205,SPRF-SC,DEL07-SC,UOP02-DEL07-SC,2020
285770.0,2020-05-22,sexta-feira,16:34:00,SC,282,22.1,SANTO AMARO DA IMPERATRIZ,Velocidade Incompatível,Colisão transversal,Com Vítimas Feridas,Pleno dia,Decrescente,Céu Claro,Simples,Reta,Sim,2,0,0,1,1,0,1,2,-27.688507,-48.72739,SPRF-SC,DEL01-SC,UOP02-DEL01-SC,2020
285849.0,2020-05-22,sexta-feira,22:40:00,SC,282,38.6,AGUAS MORNAS,Falta de Atenção à Condução,Colisão frontal,Com Vítimas Feridas,Plena Noite,Decrescente,Nublado,Simples,Interseção de Vias;Curva,Não,2,0,0,1,1,0,1,2,-27.709209,-48.852467,SPRF-SC,DEL01-SC,UOP03-DEL01-SC,2020
285855.0,2020-05-22,sexta-feira,21:15:00,SC,282,629.2,IRACEMINHA,Pista Escorregadia,Saída de leito carroçável,Sem Vítimas,Plena Noite,Crescente,Chuva,Simples,Curva,Não,1,0,0,0,1,0,0,1,-26.819656,-53.375282,SPRF-SC,DEL07-SC,UOP03-DEL07-SC,2020
285924.0,2020-05-23,sábado,13:30:00,SC,282,4.4,SAO JOSE,Falta de Atenção à Condução,Colisão transversal,Com Vítimas Feridas,Pleno dia,Crescente,Céu Claro,Simples,Interseção de Vias,Não,2,0,1,0,1,0,1,2,-27.592646,-48.604034,SPRF-SC,DEL01-SC,UOP01-DEL01-SC,2020
285950.0,2020-05-23,sábado,16:35:00,SC,282,20.8,PALHOCA,Falta de Atenção à Condução,Colisão lateral,Com Vítimas Feridas,Pleno dia,Decrescente,Nublado,Simples,Curva,Não,3,0,3,0,0,0,3,2,-27.683958,-48.71006,SPRF-SC,DEL01-SC,UOP02-DEL01-SC,2020
285961.0,2020-05-23,sábado,16:40:00,SC,282,515.8,XANXERE,Ingestão de Álcool,Saída de leito carroçável,Sem Vítimas,Pleno dia,Decrescente,Chuva,Simples,Declive,Não,1,0,0,0,1,0,0,1,-26.922623,-52.496132,SPRF-SC,DEL07-SC,UOP01-DEL07-SC,2020
286181.0,2020-05-24,domingo,16:50:00,SC,282,278.0,SAO JOSE DO CERRITO,Velocidade Incompatível,Saída de leito carroçável,Com Vítimas Feridas,Anoitecer,Decrescente,Céu Claro,Simples,Reta,Não,1,0,1,0,0,0,1,1,-27.587807,-50.735706,SPRF-SC,DEL05-SC,UOP02-DEL05-SC,2020
286182.0,2020-05-24,domingo,17:30:00,SC,282,455.0,PONTE SERRADA,Falta de Atenção à Condução,Saída de leito carroçável,Com Vítimas Feridas,Anoitecer,Crescente,Nublado,Simples,Reta,Não,4,0,4,0,0,0,4,1,-26.920919,-51.951135,SPRF-SC,DEL07-SC,UOP04-DEL07-SC,2020
286244.0,2020-05-25,segunda-feira,08:45:00,SC,282,0.5,FLORIANOPOLIS,Falta de Atenção à Condução,Colisão lateral,Com Vítimas Feridas,Pleno dia,Decrescente,Céu Claro,Múltipla,Reta,Sim,2,0,1,0,1,0,1,2,-27.59845,-48.571995,SPRF-SC,DEL01-SC,UOP01-DEL01-SC,2020
286272.0,2020-05-25,segunda-feira,11:30:00,SC,282,388.2,JOACABA,Defeito Mecânico no Veículo,Incêndio,Sem Vítimas,Pleno dia,Crescente,Céu Claro,Simples,Reta,Sim,1,0,0,0,1,0,0,1,-27.179003,-51.531616,SPRF-SC,DEL07-SC,UOP05-DEL07-SC,2020
286327.0,2020-05-25,segunda-feira,19:40:00,SC,282,109.9,ALFREDO WAGNER,Falta de Atenção à Condução,Saída de leito carroçável,Com Vítimas Feridas,Plena Noite,Decrescente,Céu Claro,Simples,Curva,Não,2,0,2,0,0,0,2,1,-27.719378,-49.3582,SPRF-SC,DEL01-SC,UOP03-DEL01-SC,2020
286389.0,2020-05-26,terça-feira,08:00:00,SC,282,6.0,SAO JOSE,Falta de Atenção à Condução,Tombamento,Com Vítimas Feridas,Pleno dia,Decrescente,Céu Claro,Dupla,Curva,Sim,1,0,1,0,0,0,1,1,-27.591936,-48.618244,SPRF-SC,DEL01-SC,UOP01-DEL01-SC,2020
286558.0,2020-05-26,terça-feira,20:30:00,SC,282,602.8,MARAVILHA,Velocidade Incompatível,Saída de leito carroçável,Com Vítimas Feridas,Plena Noite,Decrescente,Céu Claro,Simples,Reta,Não,2,0,1,0,1,0,1,1,-26.806049,-53.178757,SPRF-SC,DEL07-SC,UOP02-DEL07-SC,2020
286597.0,2020-05-27,quarta-feira,05:45:00,SC,282,32.7,AGUAS MORNAS,Condutor Dormindo,Capotamento,Sem Vítimas,Amanhecer,Decrescente,Céu Claro,Simples,Curva,Não,1,0,0,0,0,1,0,1,-27.68385743,-49.00485422,SPRF-SC,DEL01-SC,UOP03-DEL01-SC,2020
286718.0,2020-05-27,quarta-feira,22:40:00,SC,282,16.0,PALHOCA,Desobediência às normas de trânsito pelo condutor,Colisão traseira,Com Vítimas Feridas,Plena Noite,Crescente,Céu Claro,Simples,Reta,Sim,3,0,1,0,1,1,1,3,-27.658611,-48.681847,SPRF-SC,DEL01-SC,UOP02-DEL01-SC,2020
286974.0,2020-05-29,sexta-feira,13:00:00,SC,282,373.9,JOACABA,Falta de Atenção à Condução,Colisão transversal,Com Vítimas Feridas,Pleno dia,Decrescente,Sol,Simples,Rotatória,Sim,3,0,1,0,2,0,1,2,-27.17236019,-51.5544337,SPRF-SC,DEL07-SC,UOP05-DEL07-SC,2020
287031.0,2020-05-29,sexta-feira,19:00:00,SC,282,3.5,FLORIANOPOLIS,Falta de Atenção à Condução,Colisão traseira,Com Vítimas Feridas,Plena Noite,Decrescente,Céu Claro,Múltipla,Reta,Não,4,0,2,0,2,0,2,4,-27.600384,-48.599705,SPRF-SC,DEL01-SC,UOP01-DEL01-SC,2020
287040.0,2020-05-29,sexta-feira,19:55:00,SC,282,2.1,FLORIANOPOLIS,Falta de Atenção à Condução,Colisão traseira,Com Vítimas Feridas,Plena Noite,Crescente,Nublado,Múltipla,Reta,Sim,2,0,0,1,1,0,1,2,-27.603289,-48.590416,SPRF-SC,DEL01-SC,UOP01-DEL01-SC,2020
287044.0,2020-05-29,sexta-feira,18:10:00,SC,282,19.8,PALHOCA,Falta de Atenção do Pedestre,Atropelamento de Pedestre,Com Vítimas Feridas,Plena Noite,Decrescente,Nublado,Simples,Interseção de Vias,Sim,2,0,0,1,1,0,1,2,-27.678635,-48.70192,SPRF-SC,DEL01-SC,UOP02-DEL01-SC,2020
287097.0,2020-05-30,sábado,03:50:00,SC,282,579.2,PINHALZINHO,Ultrapassagem Indevida,Saída de leito carroçável,Com Vítimas Feridas,Plena Noite,Crescente,Céu Claro,Simples,Reta,Não,1,0,0,1,0,0,1,1,-26.835443,-52.990578,SPRF-SC,DEL07-SC,UOP02-DEL07-SC,2020
287117.0,2020-05-30,sábado,08:00:00,SC,282,506.0,XANXERE,Defeito Mecânico no Veículo,Tombamento,Com Vítimas Feridas,Pleno dia,Crescente,Sol,Dupla,Reta,Não,1,0,1,0,0,0,1,1,-26.885712,-52.42907,SPRF-SC,DEL07-SC,UOP01-DEL07-SC,2020
287239.0,2020-05-30,sábado,18:30:00,SC,282,521.6,XAXIM,Velocidade Incompatível,Colisão transversal,Com Vítimas Feridas,Plena Noite,Crescente,Céu Claro,Simples,Rotatória,Sim,4,0,3,0,0,1,3,2,-26.950993,-52.534767,SPRF-SC,DEL07-SC,UOP01-DEL07-SC,2020
287281.0,2020-05-30,sábado,22:10:00,SC,282,223.0,LAGES,Ingestão de Álcool,Colisão traseira,Sem Vítimas,Plena Noite,Decrescente,Nublado,Simples,Reta;Declive,Sim,2,0,0,0,2,0,0,2,-27.800127,-50.362751,SPRF-SC,DEL05-SC,UOP01-DEL05-SC,2020
287309.0,2020-05-31,domingo,03:00:00,SC,282,568.0,NOVA ERECHIM,Ingestão de Álcool,Colisão com objeto estático,Sem Vítimas,Pleno dia,Decrescente,Céu Claro,Simples,Reta,Sim,1,0,0,0,1,0,0,1,-26.89622898,-52.91879296,SPRF-SC,DEL07-SC,UOP02-DEL07-SC,2020
287433.0,2020-05-31,domingo,18:20:00,SC,282,278.2,SAO JOSE DO CERRITO,Falta de Atenção à Condução,Colisão transversal,Com Vítimas Fatais,Plena Noite,Crescente,Nublado,Simples,Reta;Interseção de Vias,Não,2,1,0,0,1,0,0,2,-27.58585553,-50.74065685,SPRF-SC,DEL05-SC,UOP02-DEL05-SC,2020
287444.0,2020-05-31,domingo,19:25:00,SC,282,28.0,SANTO AMARO DA IMPERATRIZ,Desobediência às normas de trânsito pelo condutor,Colisão transversal,Com Vítimas Feridas,Plena Noite,Crescente,Céu Claro,Simples,Reta,Não,2,0,0,1,1,0,1,2,-27.67581326,-48.78112078,SPRF-SC,DEL01-SC,UOP03-DEL01-SC,2020
287683.0,2020-06-02,terça-feira,06:30:00,SC,282,46.0,AGUAS MORNAS,Velocidade Incompatível,Saída de leito carroçável,Com Vítimas Feridas,Amanhecer,Decrescente,Garoa/Chuvisco,Simples,Reta,Não,2,0,2,0,0,0,2,1,-27.721041,-48.925152,SPRF-SC,DEL01-SC,UOP03-DEL01-SC,2020
287756.0,2020-05-24,domingo,03:00:00,SC,282,604.8,MARAVILHA,Ingestão de Álcool,Saída de leito carroçável,Com Vítimas Fatais,Plena Noite,Crescente,Garoa/Chuvisco,Simples,Reta,Não,5,2,0,2,0,1,2,2,-26.80334037,-53.18765759,SPRF-SC,DEL07-SC,UOP02-DEL07-SC,2020
287785.0,2020-06-02,terça-feira,16:45:00,SC,282,26.0,SANTO AMARO DA IMPERATRIZ,Falta de Atenção à Condução,Colisão frontal,Com Vítimas Fatais,Pleno dia,Decrescente,Nublado,Simples,Reta,Não,3,1,1,0,1,0,1,2,-27.680267,-48.762482,SPRF-SC,DEL01-SC,UOP03-DEL01-SC,2020
287794.0,2020-06-02,terça-feira,18:00:00,SC,282,16.0,PALHOCA,Desobediência às normas de trânsito pelo condutor,Queda de ocupante de veículo,Com Vítimas Feridas,Anoitecer,Crescente,Céu Claro,Simples,Reta,Não,2,0,1,0,1,0,1,2,-27.658611,-48.681847,SPRF-SC,DEL01-SC,UOP02-DEL01-SC,2020
288043.0,2020-06-04,quinta-feira,07:35:00,SC,282,377.0,HERVAL DOESTE,Falta de Atenção à Condução,Saída de leito carroçável,Com Vítimas Feridas,Pleno dia,Crescente,Céu Claro,Simples,Declive,Não,1,0,1,0,0,0,1,1,-27.216974,-51.470055,SPRF-SC,DEL07-SC,UOP05-DEL07-SC,2020
288073.0,2020-06-04,quinta-feira,12:10:00,SC,282,4.0,SAO JOSE,Desobediência às normas de trânsito pelo condutor,Saída de leito carroçável,Com Vítimas Feridas,Pleno dia,Decrescente,Nublado,Múltipla,Reta,Sim,1,0,1,0,0,0,1,1,-27.592646,-48.604034,SPRF-SC,DEL01-SC,UOP01-DEL01-SC,2020
288127.0,2020-06-04,quinta-feira,14:00:00,SC,282,24.0,SANTO AMARO DA IMPERATRIZ,Falta de Atenção à Condução,Colisão traseira,Com Vítimas Feridas,Pleno dia,Decrescente,Céu Claro,Simples,Reta,Não,2,0,0,1,1,0,1,2,-27.68002114,-48.77812786,SPRF-SC,DEL01-SC,UOP03-DEL01-SC,2020
288205.0,2020-06-05,sexta-feira,04:50:00,SC,282,0.5,FLORIANOPOLIS,Ingestão de Álcool,Capotamento,Com Vítimas Feridas,Plena Noite,Crescente,Chuva,Múltipla,Curva,Sim,1,0,1,0,0,0,1,1,-27.59845,-48.571995,SPRF-SC,DEL01-SC,UOP01-DEL01-SC,2020
288336.0,2020-06-05,sexta-feira,19:23:00,SC,282,215.9,LAGES,Falta de Atenção à Condução,Colisão transversal,Com Vítimas Feridas,Plena Noite,Crescente,Nublado,Dupla,Interseção de Vias,Sim,3,0,2,0,0,1,2,2,-27.793665,-50.281799,SPRF-SC,DEL05-SC,UOP01-DEL05-SC,2020
288413.0,2020-06-06,sábado,05:40:00,SC,282,16.0,PALHOCA,Falta de Atenção à Condução,Colisão lateral,Com Vítimas Feridas,Amanhecer,Crescente,Chuva,Simples,Reta,Sim,2,0,0,1,1,0,1,2,-27.658611,-48.681847,SPRF-SC,DEL01-SC,UOP02-DEL01-SC,2020
288420.0,2020-06-06,sábado,06:40:00,SC,282,16.3,PALHOCA,Falta de Atenção à Condução,Colisão lateral,Com Vítimas Feridas,Pleno dia,Crescente,Nublado,Simples,Reta,Sim,3,0,2,0,1,0,2,2,-27.658611,-48.681847,SPRF-SC,DEL01-SC,UOP02-DEL01-SC,2020
288466.0,2020-06-06,sábado,08:20:00,SC,282,30.1,SANTO AMARO DA IMPERATRIZ,Pista Escorregadia,Saída de leito carroçável,Sem Vítimas,Pleno dia,Crescente,Chuva,Simples,Curva,Não,3,0,0,0,3,0,0,1,-27.687376,-48.79071,SPRF-SC,DEL01-SC,UOP03-DEL01-SC,2020
288491.0,2020-06-06,sábado,14:45:00,SC,282,21.2,PALHOCA,Ultrapassagem Indevida,Colisão frontal,Com Vítimas Feridas,Pleno dia,Crescente,Céu Claro,Simples,Reta,Sim,2,0,0,1,1,0,1,2,-27.68851583,-48.72113585,SPRF-SC,DEL01-SC,UOP02-DEL01-SC,2020
288625.0,2020-06-07,domingo,06:25:00,SC,480,128.7,CHAPECO,Desobediência às normas de trânsito pelo condutor,Colisão lateral,Sem Vítimas,Amanhecer,Crescente,Nublado,Dupla,Curva,Sim,3,0,0,0,3,0,0,2,-27.04418166,-52.63618469,SPRF-SC,DEL07-SC,UOP01-DEL07-SC,2020
288697.0,2020-06-07,domingo,16:10:00,SC,282,4.1,SAO JOSE,Avarias e/ou desgaste excessivo no pneu,Tombamento,Com Vítimas Feridas,Pleno dia,Crescente,Céu Claro,Dupla,Reta,Sim,1,0,0,1,0,0,1,1,-27.592646,-48.604034,SPRF-SC,DEL01-SC,UOP01-DEL01-SC,2020
288914.0,2020-06-08,segunda-feira,14:15:00,SC,282,388.0,JOACABA,Falta de Atenção à Condução,Saída de leito carroçável,Com Vítimas Feridas,Pleno dia,Crescente,Céu Claro,Simples,Reta,Não,1,0,1,0,0,0,1,1,-27.179003,-51.531616,SPRF-SC,DEL07-SC,UOP05-DEL07-SC,2020
288948.0,2020-06-08,segunda-feira,18:20:00,SC,282,16.7,PALHOCA,Desobediência às normas de trânsito pelo condutor,Colisão transversal,Com Vítimas Feridas,Plena Noite,Decrescente,Céu Claro,Simples,Reta,Sim,2,0,1,0,1,0,1,2,-27.665707,-48.688065,SPRF-SC,DEL01-SC,UOP02-DEL01-SC,2020
288987.0,2020-06-08,segunda-feira,17:30:00,SC,282,195.9,LAGES,Mal Súbito,Saída de leito carroçável,Com Vítimas Feridas,Anoitecer,Decrescente,Chuva,Simples,Reta,Não,1,0,1,0,0,0,1,1,-27.746756,-50.084789,SPRF-SC,DEL05-SC,UOP01-DEL05-SC,2020
288990.0,2020-06-08,segunda-feira,18:25:00,SC,282,219.0,LAGES,Não guardar distância de segurança,Colisão traseira,Com Vítimas Feridas,Plena Noite,Decrescente,Chuva,Dupla,Viaduto,Sim,2,0,1,0,1,0,1,2,-27.795521,-50.323608,SPRF-SC,DEL05-SC,UOP01-DEL05-SC,2020
289051.0,2020-06-09,terça-feira,11:30:00,SC,282,217.0,LAGES,Desobediência às normas de trânsito pelo condutor,Colisão transversal,Com Vítimas Feridas,Pleno dia,Decrescente,Céu Claro,Simples,Reta,Sim,2,0,1,0,1,0,1,2,-27.79835927,-50.30670762,SPRF-SC,DEL05-SC,UOP01-DEL05-SC,2020
289111.0,2020-06-09,terça-feira,18:40:00,SC,282,16.3,PALHOCA,Falta de Atenção à Condução,Colisão transversal,Com Vítimas Feridas,Plena Noite,Crescente,Garoa/Chuvisco,Simples,Reta,Sim,2,0,0,2,0,0,2,2,-27.658611,-48.681847,SPRF-SC,DEL01-SC,UOP02-DEL01-SC,2020
289113.0,2020-06-09,terça-feira,18:15:00,SC,282,17.0,PALHOCA,Desobediência às normas de trânsito pelo condutor,Colisão frontal,Com Vítimas Feridas,Plena Noite,Crescente,Chuva,Simples,Reta,Sim,2,0,0,1,1,0,1,2,-27.665707,-48.688065,SPRF-SC,DEL01-SC,UOP02-DEL01-SC,2020
289213.0,2020-06-10,quarta-feira,08:50:00,SC,282,629.8,IRACEMINHA,Avarias e/ou desgaste excessivo no pneu,Saída de leito carroçável,Com Vítimas Fatais,Pleno dia,Crescente,Chuva,Simples,Curva,Não,1,1,0,0,0,0,0,1,-26.819656,-53.375282,SPRF-SC,DEL07-SC,UOP03-DEL07-SC,2020
289225.0,2020-06-10,quarta-feira,11:15:00,SC,282,392.7,JOACABA,Falta de Atenção à Condução,Tombamento,Com Vítimas Feridas,Pleno dia,Crescente,Chuva,Simples,Reta,Não,1,0,1,0,0,0,1,1,-27.164942,-51.56567,SPRF-SC,DEL07-SC,UOP05-DEL07-SC,2020
289328.0,2020-06-10,quarta-feira,15:30:00,SC,282,524.0,XAXIM,Velocidade Incompatível,Saída de leito carroçável,Sem Vítimas,Pleno dia,Crescente,Chuva,Simples,Curva,Sim,1,0,0,0,1,0,0,1,-26.965002,-52.557384,SPRF-SC,DEL07-SC,UOP01-DEL07-SC,2020
289477.0,2020-06-11,quinta-feira,16:55:00,SC,282,23.5,PALHOCA,Falta de Atenção à Condução,Colisão transversal,Sem Vítimas,Pleno dia,Decrescente,Céu Claro,Simples,Reta,Sim,2,0,0,0,2,0,0,2,-27.687958,-48.736794,SPRF-SC,DEL01-SC,UOP03-DEL01-SC,2020
289540.0,2020-06-11,quinta-feira,21:30:00,SC,282,527.9,CORDILHEIRA ALTA,Ingestão de Álcool,Tombamento,Com Vítimas Feridas,Plena Noite,Decrescente,Nublado,Simples,Curva,Não,1,0,0,1,0,0,1,1,-26.97691027,-52.5882268,SPRF-SC,DEL07-SC,UOP01-DEL07-SC,2020
289652.0,2020-06-12,sexta-feira,16:20:00,SC,282,607.0,MARAVILHA,Falta de Atenção à Condução,Colisão transversal,Com Vítimas Feridas,Pleno dia,Crescente,Sol,Simples,Reta,Sim,2,0,0,1,1,0,1,2,-26.772648,-53.2062,SPRF-SC,DEL07-SC,UOP02-DEL07-SC,2020
289702.0,2020-06-12,sexta-feira,20:25:00,SC,282,4.5,SAO JOSE,Falta de Atenção do Pedestre,Atropelamento de Pedestre,Com Vítimas Feridas,Plena Noite,Decrescente,Nublado,Múltipla,Reta,Sim,2,0,0,1,1,0,1,2,-27.592646,-48.604034,SPRF-SC,DEL01-SC,UOP01-DEL01-SC,2020
289706.0,2020-06-12,sexta-feira,18:30:00,SC,282,86.9,ALFREDO WAGNER,Velocidade Incompatível,Saída de leito carroçável,Com Vítimas Feridas,Pleno dia,Crescente,Céu Claro,Simples,Curva;Declive,Não,2,0,2,0,0,0,2,1,-27.661551,-49.197906,SPRF-SC,DEL01-SC,UOP03-DEL01-SC,2020
289727.0,2020-06-12,sexta-feira,23:00:00,SC,282,522.5,XAXIM,Desobediência às normas de trânsito pelo condutor,Queda de ocupante de veículo,Com Vítimas Feridas,Plena Noite,Decrescente,Céu Claro,Simples,Rotatória,Sim,2,0,0,1,1,0,1,2,-26.95955315,-52.5451827,SPRF-SC,DEL07-SC,UOP01-DEL07-SC,2020
289775.0,2020-06-13,sábado,09:30:00,SC,282,17.5,PALHOCA,Não guardar distância de segurança,Colisão traseira,Com Vítimas Feridas,Pleno dia,Crescente,Nublado,Simples,Reta,Sim,2,0,1,0,1,0,1,2,-27.665707,-48.688065,SPRF-SC,DEL01-SC,UOP02-DEL01-SC,2020
289784.0,2020-06-13,sábado,09:45:00,SC,282,388.0,JOACABA,Velocidade Incompatível,Saída de leito carroçável,Sem Vítimas,Pleno dia,Decrescente,Chuva,Simples,Declive;Curva,Não,1,0,0,0,1,0,0,1,-27.179003,-51.531616,SPRF-SC,DEL07-SC,UOP05-DEL07-SC,2020
289827.0,2020-06-13,sábado,13:40:00,SC,282,54.0,AGUAS MORNAS,Falta de Atenção à Condução,Colisão lateral,Com Vítimas Feridas,Pleno dia,Decrescente,Chuva,Simples,Reta,Não,2,0,2,0,0,0,2,2,-27.685799,-48.974514,SPRF-SC,DEL01-SC,UOP03-DEL01-SC,2020
289991.0,2020-06-14,domingo,19:00:00,SC,282,42.5,AGUAS MORNAS,Falta de Atenção à Condução,Colisão transversal,Com Vítimas Feridas,Plena Noite,Crescente,Nublado,Simples,Interseção de Vias,Não,6,0,0,2,3,1,2,3,-27.72077,-48.887478,SPRF-SC,DEL01-SC,UOP03-DEL01-SC,2020
290196.0,2020-06-15,segunda-feira,18:00:00,SC,282,501.3,XANXERE,Desobediência às normas de trânsito pelo condutor,Colisão frontal,Com Vítimas Feridas,Anoitecer,Crescente,Céu Claro,Simples,Interseção de Vias,Sim,2,0,1,0,1,0,1,2,-26.882715,-52.381729,SPRF-SC,DEL07-SC,UOP01-DEL07-SC,2020
290324.0,2020-06-16,terça-feira,17:10:00,SC,282,17.0,PALHOCA,Desobediência às normas de trânsito pelo condutor,Colisão transversal,Com Vítimas Feridas,Anoitecer,Decrescente,Garoa/Chuvisco,Simples,Retorno Regulamentado,Sim,3,0,1,0,1,1,1,3,-27.665707,-48.688065,SPRF-SC,DEL01-SC,UOP02-DEL01-SC,2020
290445.0,2020-06-17,quarta-feira,13:15:00,SC,282,137.3,BOM RETIRO,Avarias e/ou desgaste excessivo no pneu,Saída de leito carroçável,Com Vítimas Feridas,Pleno dia,Decrescente,Nublado,Simples,Rotatória,Não,2,0,1,0,1,0,1,1,-27.8218,-49.567032,SPRF-SC,DEL05-SC,UOP01-DEL05-SC,2020
290504.0,2020-06-17,quarta-feira,18:30:00,SC,282,1.0,FLORIANOPOLIS,Desobediência às normas de trânsito pelo condutor,Colisão lateral,Com Vítimas Feridas,Plena Noite,Crescente,Nublado,Múltipla,Reta,Sim,2,0,1,0,1,0,1,2,-27.6024953,-48.57971907,SPRF-SC,DEL01-SC,UOP01-DEL01-SC,2020
290511.0,2020-06-17,quarta-feira,17:10:00,SC,480,128.5,CHAPECO,Falta de Atenção à Condução,Colisão lateral,Com Vítimas Feridas,Pleno dia,Decrescente,Céu Claro,Dupla,Reta,Não,2,0,1,0,1,0,1,2,-27.04009174,-52.63489723,SPRF-SC,DEL07-SC,UOP01-DEL07-SC,2020
290520.0,2020-06-17,quarta-feira,19:45:00,SC,282,0.5,FLORIANOPOLIS,Falta de Atenção à Condução,Colisão lateral,Com Vítimas Feridas,Plena Noite,Crescente,Céu Claro,Dupla,Reta,Sim,2,0,1,0,1,0,1,2,-27.59845,-48.571995,SPRF-SC,DEL01-SC,UOP01-DEL01-SC,2020
290642.0,2020-06-18,quinta-feira,13:28:00,SC,282,22.0,PALHOCA,Falta de Atenção à Condução,Colisão transversal,Com Vítimas Feridas,Pleno dia,Decrescente,Céu Claro,Simples,Reta,Sim,2,0,1,0,1,0,1,2,-27.688507,-48.72739,SPRF-SC,DEL01-SC,UOP02-DEL01-SC,2020
290645.0,2020-06-18,quinta-feira,11:20:00,SC,282,463.0,PONTE SERRADA,Desobediência às normas de trânsito pelo condutor,Colisão transversal,Com Vítimas Feridas,Pleno dia,Decrescente,Sol,Simples,Rotatória,Sim,3,0,3,0,0,0,3,2,-26.85592982,-52.03193665,SPRF-SC,DEL07-SC,UOP04-DEL07-SC,2020
290679.0,2020-06-14,domingo,04:00:00,SC,282,528.0,CORDILHEIRA ALTA,Velocidade Incompatível,Saída de leito carroçável,Com Vítimas Feridas,Anoitecer,Decrescente,Nevoeiro/Neblina,Simples,Curva,Não,1,0,1,0,0,0,1,1,-26.978798,-52.588566,SPRF-SC,DEL07-SC,UOP01-DEL07-SC,2020
290979.0,2020-06-20,sábado,09:40:00,SC,282,137.2,BOM RETIRO,Desobediência às normas de trânsito pelo condutor,Colisão com objeto estático,Com Vítimas Feridas,Pleno dia,Decrescente,Céu Claro,Simples,Rotatória;Interseção de Vias,Não,1,0,1,0,0,0,1,1,-27.82283295,-49.56949711,SPRF-SC,DEL05-SC,UOP01-DEL05-SC,2020
290987.0,2020-06-20,sábado,11:10:00,SC,282,63.1,RANCHO QUEIMADO,Velocidade Incompatível,Queda de ocupante de veículo,Com Vítimas Feridas,Pleno dia,Decrescente,Céu Claro,Simples,Curva,Não,1,0,1,0,0,0,1,1,-27.695372,-49.042824,SPRF-SC,DEL01-SC,UOP03-DEL01-SC,2020
291015.0,2020-06-20,sábado,12:20:00,SC,282,378.0,HERVAL DOESTE,Falta de Atenção à Condução,Colisão traseira,Com Vítimas Feridas,Pleno dia,Crescente,Céu Claro,Simples,Declive,Não,7,0,2,0,5,0,2,2,-27.214546,-51.47958,SPRF-SC,DEL07-SC,UOP05-DEL07-SC,2020
291087.0,2020-06-20,sábado,18:45:00,SC,282,520.0,XAXIM,Falta de Atenção à Condução,Colisão transversal,Com Vítimas Feridas,Plena Noite,Crescente,Céu Claro,Simples,Reta,Não,2,0,1,0,1,0,1,2,-26.950415,-52.526096,SPRF-SC,DEL07-SC,UOP01-DEL07-SC,2020
291293.0,2020-06-21,domingo,19:00:00,SC,282,72.0,RANCHO QUEIMADO,Falta de Atenção à Condução,Colisão com objeto estático,Com Vítimas Feridas,Plena Noite,Crescente,Céu Claro,Simples,Curva,Não,1,0,1,0,0,0,1,1,-27.683439,-49.105259,SPRF-SC,DEL01-SC,UOP03-DEL01-SC,2020
291321.0,2020-06-21,domingo,19:19:00,SC,282,577.0,PINHALZINHO,Ultrapassagem Indevida,Colisão frontal,Com Vítimas Fatais,Plena Noite,Crescente,Céu Claro,Simples,Reta,Sim,6,1,2,3,0,0,5,2,-26.84676,-52.980644,SPRF-SC,DEL07-SC,UOP02-DEL07-SC,2020
291332.0,2020-06-21,domingo,22:20:00,SC,282,574.0,PINHALZINHO,Ingestão de álcool e/ou substâncias psicoativas pelo pedestre,Colisão traseira,Com Vítimas Feridas,Plena Noite,Crescente,Céu Claro,Simples,Reta,Não,2,0,1,0,1,0,1,2,-26.867399,-52.965149,SPRF-SC,DEL07-SC,UOP02-DEL07-SC,2020
291343.0,2020-06-22,segunda-feira,06:00:00,SC,282,17.0,PALHOCA,Ingestão de Álcool,Colisão traseira,Com Vítimas Fatais,Plena Noite,Crescente,Céu Claro,Simples,Reta,Sim,6,1,0,0,2,3,0,3,-27.665707,-48.688065,SPRF-SC,DEL01-SC,UOP02-DEL01-SC,2020
291404.0,2020-06-22,segunda-feira,12:11:00,SC,282,6.2,SAO JOSE,Falta de Atenção à Condução,Colisão traseira,Com Vítimas Feridas,Pleno dia,Decrescente,Céu Claro,Dupla,Curva,Sim,2,0,1,0,1,0,1,2,-27.58440582,-48.61745423,SPRF-SC,DEL01-SC,UOP01-DEL01-SC,2020