id,data_inversa,dia_semana,horario,uf,br,km,municipio,causa_acidente,tipo_acidente,classificacao_acidente,fase_dia,sentido_via,condicao_metereologica,tipo_pista,tracado_via,uso_solo,pessoas,mortos,feridos_leves,feridos_graves,ilesos,ignorados,feridos,veiculos,latitude,longitude,regional,delegacia,uop,ano_arquivo
296751.0,2020-07-21,terça-feira,15:50:00,SC,282,598.8,CUNHA PORA,Falta de Atenção à Condução,Colisão lateral,Com Vítimas Feridas,Pleno dia,Crescente,Céu Claro,Simples,Reta;Aclive,Não,4,0,1,0,3,0,1,2,-26.820988,-53.153901,SPRF-SC,DEL07-SC,UOP02-DEL07-SC,2020
296760.0,2020-07-21,terça-feira,19:30:00,SC,282,2.0,FLORIANOPOLIS,Não guardar distância de segurança,Colisão traseira,Com Vítimas Feridas,Plena Noite,Crescente,Céu Claro,Dupla,Reta,Sim,3,0,1,0,2,0,1,3,-27.59776035,-48.56609344,SPRF-SC,DEL01-SC,UOP01-DEL01-SC,2020
296920.0,2020-06-25,quinta-feira,10:00:00,SC,282,5.0,SAO JOSE,Falta de Atenção à Condução,Colisão com objeto estático,Com Vítimas Feridas,Pleno dia,Decrescente,Céu Claro,Dupla,Curva,Sim,1,0,0,1,0,0,1,1,-27.58501872,-48.61774206,SPRF-SC,DEL01-SC,UOP01-DEL01-SC,2020
296991.0,2020-07-23,quinta-feira,08:50:00,SC,282,4.5,FLORIANOPOLIS,Desobediência às normas de trânsito pelo condutor,Colisão lateral,Com Vítimas Feridas,Pleno dia,Decrescente,Céu Claro,Dupla,Reta,Não,2,0,2,0,0,0,2,2,-27.592646,-48.604034,SPRF-SC,DEL01-SC,UOP01-DEL01-SC,2020
297091.0,2020-07-23,quinta-feira,19:30:00,SC,282,499.0,XANXERE,Ingestão de Álcool,Colisão traseira,Sem Vítimas,Plena Noite,Decrescente,Céu Claro,Dupla,Reta,Não,2,0,0,0,2,0,0,2,-26.880869,-52.363121,SPRF-SC,DEL07-SC,UOP01-DEL07-SC,2020
297165.0,2020-07-24,sexta-feira,07:30:00,SC,480,127.6,CHAPECO,Falta de Atenção à Condução,Colisão transversal,Com Vítimas Feridas,Pleno dia,Crescente,Sol,Simples,Reta,Sim,2,0,1,0,1,0,1,2,-27.02885905,-52.63380035,SPRF-SC,DEL07-SC,UOP01-DEL07-SC,2020
297463.0,2020-07-25,sábado,17:30:00,SC,282,599.3,CUNHA PORA,Ingestão de Álcool,Saída de leito carroçável,Com Vítimas Feridas,Anoitecer,Crescente,Nublado,Simples,Curva;Aclive,Não,2,0,2,0,0,0,2,1,-26.820206,-53.155052,SPRF-SC,DEL07-SC,UOP02-DEL07-SC,2020
297491.0,2020-07-25,sábado,20:30:00,SC,282,411.1,CATANDUVAS,Falta de Atenção à Condução,Colisão frontal,Com Vítimas Feridas,Plena Noite,Decrescente,Céu Claro,Simples,Curva,Não,5,0,3,1,1,0,4,2,-27.059202,-51.680046,SPRF-SC,DEL07-SC,UOP05-DEL07-SC,2020
297619.0,2020-07-26,domingo,12:07:00,SC,282,88.5,ALFREDO WAGNER,Mal Súbito,Saída de leito carroçável,Com Vítimas Feridas,Pleno dia,Crescente,Céu Claro,Simples,Declive,Não,1,0,1,0,0,0,1,1,-27.67198,-49.208591,SPRF-SC,DEL01-SC,UOP03-DEL01-SC,2020
297686.0,2020-07-26,domingo,18:50:00,SC,282,72.0,RANCHO QUEIMADO,Falta de Atenção à Condução,Colisão frontal,Com Vítimas Feridas,Plena Noite,Crescente,Garoa/Chuvisco,Simples,Curva,Não,7,0,6,1,0,0,7,2,-27.683439,-49.105259,SPRF-SC,DEL01-SC,UOP03-DEL01-SC,2020
297842.0,2020-07-27,segunda-feira,13:15:00,SC,282,6.0,SAO JOSE,Desobediência às normas de trânsito pelo condutor,Colisão lateral,Com Vítimas Feridas,Pleno dia,Crescente,Céu Claro,Dupla,Curva,Não,2,0,1,0,1,0,1,2,-27.591936,-48.618244,SPRF-SC,DEL01-SC,UOP01-DEL01-SC,2020
298046.0,2020-07-28,terça-feira,14:30:00,SC,282,381.8,HERVAL DOESTE,Falta de Atenção à Condução,Colisão lateral,Sem Vítimas,Pleno dia,Decrescente,Chuva,Simples,Curva,Não,2,0,0,0,2,0,0,2,-27.204979,-51.501442,SPRF-SC,DEL07-SC,UOP05-DEL07-SC,2020
298058.0,2020-07-28,terça-feira,17:00:00,SC,282,16.0,PALHOCA,Desobediência às normas de trânsito pelo condutor,Colisão transversal,Com Vítimas Feridas,Plena Noite,Crescente,Céu Claro,Simples,Reta,Não,2,0,1,0,1,0,1,2,-27.658611,-48.681847,SPRF-SC,DEL01-SC,UOP02-DEL01-SC,2020
298069.0,2020-07-28,terça-feira,18:40:00,SC,282,21.0,PALHOCA,Falta de Atenção à Condução,Colisão transversal,Com Vítimas Feridas,Plena Noite,Crescente,Chuva,Simples,Reta,Sim,2,0,0,1,1,0,1,2,-27.68878183,-48.71949434,SPRF-SC,DEL01-SC,UOP02-DEL01-SC,2020
298074.0,2020-07-28,terça-feira,14:30:00,SC,282,97.0,ALFREDO WAGNER,Velocidade Incompatível,Saída de leito carroçável,Sem Vítimas,Pleno dia,Decrescente,Chuva,Simples,Curva,Não,1,0,0,0,1,0,0,1,-27.707966,-49.272182,SPRF-SC,DEL01-SC,UOP03-DEL01-SC,2020
298195.0,2020-07-29,quarta-feira,07:15:00,SC,282,27.4,SANTO AMARO DA IMPERATRIZ,Velocidade Incompatível,Saída de leito carroçável,Sem Vítimas,Pleno dia,Crescente,Nublado,Simples,Curva,Sim,1,0,0,0,0,1,0,1,-27.673981,-48.769676,SPRF-SC,DEL01-SC,UOP03-DEL01-SC,2020
298288.0,2020-07-30,quinta-feira,06:50:00,SC,282,488.1,FAXINAL DOS GUEDES,Falta de Atenção à Condução,Colisão transversal,Com Vítimas Feridas,Amanhecer,Crescente,Nevoeiro/Neblina,Simples,Retorno Regulamentado,Sim,2,0,0,1,1,0,1,2,-26.863047,-52.270107,SPRF-SC,DEL07-SC,UOP01-DEL07-SC,2020
298370.0,2020-07-30,quinta-feira,16:20:00,SC,282,4.0,FLORIANOPOLIS,Falta de Atenção à Condução,Colisão transversal,Com Vítimas Feridas,Pleno dia,Decrescente,Céu Claro,Múltipla,Reta,Sim,2,0,1,0,0,1,1,2,-27.592646,-48.604034,SPRF-SC,DEL01-SC,UOP01-DEL01-SC,2020
298436.0,2020-07-31,sexta-feira,00:05:00,SC,282,132.0,BOM RETIRO,Defeito Mecânico no Veículo,Saída de leito carroçável,Sem Vítimas,Plena Noite,Crescente,Vento,Simples,Reta,Não,1,0,0,0,1,0,0,1,-27.8097,-49.522575,SPRF-SC,DEL05-SC,UOP01-DEL05-SC,2020
298440.0,2020-07-30,quinta-feira,23:30:00,SC,282,19.8,PALHOCA,Velocidade Incompatível,Capotamento,Com Vítimas Feridas,Plena Noite,Decrescente,Céu Claro,Simples,Reta,Não,2,0,1,0,1,0,1,1,-27.678635,-48.70192,SPRF-SC,DEL01-SC,UOP02-DEL01-SC,2020
298572.0,2020-07-31,sexta-feira,16:30:00,SC,282,4.0,SAO JOSE,Falta de Atenção à Condução,Colisão traseira,Com Vítimas Feridas,Pleno dia,Crescente,Céu Claro,Dupla,Curva,Sim,3,0,2,0,1,0,2,2,-27.592646,-48.604034,SPRF-SC,DEL01-SC,UOP01-DEL01-SC,2020
298603.0,2020-07-31,sexta-feira,13:10:00,SC,282,433.4,VARGEM BONITA,Falta de Atenção à Condução,Colisão lateral,Sem Vítimas,Pleno dia,Decrescente,Céu Claro,Simples,Aclive;Curva,Não,2,0,0,0,2,0,0,2,-26.97752,-51.823841,SPRF-SC,DEL07-SC,UOP05-DEL07-SC,2020
298617.0,2020-07-31,sexta-feira,09:40:00,SC,282,35.4,AGUAS MORNAS,Falta de Atenção à Condução,Saída de leito carroçável,Com Vítimas Feridas,Pleno dia,Crescente,Garoa/Chuvisco,Simples,Reta,Não,1,0,1,0,0,0,1,1,-27.702084,-48.826664,SPRF-SC,DEL01-SC,UOP03-DEL01-SC,2020
298639.0,2020-07-31,sexta-feira,17:45:00,SC,282,461.9,PASSOS MAIA,Velocidade Incompatível,Saída de leito carroçável,Com Vítimas Feridas,Plena Noite,Crescente,Céu Claro,Simples,Reta,Sim,3,0,0,3,0,0,3,1,-26.855036,-52.059551,SPRF-SC,DEL07-SC,UOP04-DEL07-SC,2020
298659.0,2020-07-31,sexta-feira,23:25:00,SC,282,3.0,SAO JOSE,Desobediência às normas de trânsito pelo condutor,Colisão traseira,Com Vítimas Feridas,Plena Noite,Decrescente,Céu Claro,Dupla,Reta,Não,2,0,1,0,0,1,1,2,-27.600384,-48.599705,SPRF-SC,DEL01-SC,UOP01-DEL01-SC,2020
298754.0,2020-08-01,sábado,06:00:00,SC,282,471.4,PONTE SERRADA,Ingestão de Álcool,Saída de leito carroçável,Com Vítimas Feridas,Amanhecer,Decrescente,Céu Claro,Simples,Reta,Não,4,0,2,0,1,1,2,1,-26.863609,-52.130394,SPRF-SC,DEL07-SC,UOP01-DEL07-SC,2020
298764.0,2020-08-01,sábado,14:35:00,SC,282,4.5,SAO JOSE,Velocidade Incompatível,Saída de leito carroçável,Sem Vítimas,Pleno dia,Crescente,Céu Claro,Múltipla,Reta,Sim,1,0,0,0,0,1,0,1,-27.592646,-48.604034,SPRF-SC,DEL01-SC,UOP01-DEL01-SC,2020
298805.0,2020-08-01,sábado,18:43:00,SC,282,16.1,PALHOCA,Defeito na Via,Colisão traseira,Com Vítimas Feridas,Plena Noite,Crescente,Céu Claro,Simples,Reta,Sim,2,0,1,0,1,0,1,2,-27.66168474,-48.68444324,SPRF-SC,DEL01-SC,UOP02-DEL01-SC,2020
298829.0,2020-08-01,sábado,15:10:00,SC,282,281.9,SAO JOSE DO CERRITO,Ultrapassagem Indevida,Colisão lateral,Com Vítimas Feridas,Pleno dia,Decrescente,Céu Claro,Simples,Aclive,Não,3,0,3,0,0,0,3,2,-27.580057,-50.76429,SPRF-SC,DEL05-SC,UOP02-DEL05-SC,2020
298839.0,2020-08-01,sábado,21:10:00,SC,282,20.0,PALHOCA,Ingestão de Álcool,Colisão transversal,Com Vítimas Feridas,Plena Noite,Decrescente,Céu Claro,Simples,Reta,Não,2,0,0,1,1,0,1,2,-27.683958,-48.71006,SPRF-SC,DEL01-SC,UOP02-DEL01-SC,2020
299085.0,2020-08-02,domingo,18:55:00,SC,480,123.7,CHAPECO,Ingestão de Álcool,Atropelamento de Pedestre,Sem Vítimas,Plena Noite,Crescente,Céu Claro,Dupla,Reta,Não,3,0,0,0,2,1,0,2,-26.99739704,-52.64201951,SPRF-SC,DEL07-SC,UOP01-DEL07-SC,2020
299097.0,2020-08-02,domingo,22:00:00,SC,282,5.0,SAO JOSE,Desobediência às normas de trânsito pelo condutor,Colisão traseira,Com Vítimas Feridas,Plena Noite,Crescente,Céu Claro,Dupla,Curva,Não,3,0,2,0,1,0,2,2,-27.588425,-48.612919,SPRF-SC,DEL01-SC,UOP01-DEL01-SC,2020
299226.0,2020-08-03,segunda-feira,08:25:00,SC,282,197.3,LAGES,Não guardar distância de segurança,Colisão traseira,Sem Vítimas,Pleno dia,Decrescente,Céu Claro,Simples,Aclive;Curva,Não,2,0,0,0,2,0,0,2,-27.753368,-50.103615,SPRF-SC,DEL05-SC,UOP01-DEL05-SC,2020
299229.0,2020-08-03,segunda-feira,12:05:00,SC,282,6.0,SAO JOSE,Falta de Atenção à Condução,Colisão traseira,Com Vítimas Feridas,Pleno dia,Decrescente,Céu Claro,Dupla,Aclive;Curva,Sim,3,0,1,0,2,0,1,3,-27.591936,-48.618244,SPRF-SC,DEL01-SC,UOP01-DEL01-SC,2020
299248.0,2020-08-03,segunda-feira,15:10:00,SC,282,2.2,FLORIANOPOLIS,Ingestão de Álcool,Atropelamento de Pedestre,Com Vítimas Feridas,Pleno dia,Crescente,Céu Claro,Múltipla,Reta,Não,2,0,1,0,1,0,1,2,-27.603289,-48.590416,SPRF-SC,DEL01-SC,UOP01-DEL01-SC,2020
299259.0,2020-08-03,segunda-feira,14:35:00,SC,480,126.8,CHAPECO,Ingestão de álcool e/ou substâncias psicoativas pelo pedestre,Colisão lateral,Com Vítimas Feridas,Pleno dia,Crescente,Céu Claro,Dupla,Reta,Sim,1,0,1,0,0,0,1,1,-27.020083,-52.636024,SPRF-SC,DEL07-SC,UOP01-DEL07-SC,2020
299267.0,2020-08-03,segunda-feira,08:25:00,SC,282,495.1,XANXERE,Falta de Atenção à Condução,Saída de leito carroçável,Com Vítimas Feridas,Pleno dia,Decrescente,Céu Claro,Simples,Reta,Não,1,0,1,0,0,0,1,1,-26.875349,-52.327076,SPRF-SC,DEL07-SC,UOP01-DEL07-SC,2020
299281.0,2020-08-03,segunda-feira,15:15:00,SC,282,527.8,XAXIM,Falta de Atenção à Condução,Saída de leito carroçável,Com Vítimas Feridas,Pleno dia,Decrescente,Céu Claro,Múltipla,Reta,Não,2,0,1,0,1,0,1,1,-26.973196,-52.583321,SPRF-SC,DEL07-SC,UOP01-DEL07-SC,2020
299294.0,2020-08-03,segunda-feira,18:35:00,SC,282,3.4,FLORIANOPOLIS,Falta de Atenção à Condução,Colisão traseira,Com Vítimas Feridas,Plena Noite,Crescente,Nublado,Múltipla,Reta,Sim,2,0,1,0,1,0,1,2,-27.600384,-48.599705,SPRF-SC,DEL01-SC,UOP01-DEL01-SC,2020
299342.0,2020-08-03,segunda-feira,13:00:00,SC,282,503.0,XANXERE,Velocidade Incompatível,Saída de leito carroçável,Com Vítimas Feridas,Pleno dia,Crescente,Sol,Simples,Curva,Sim,1,0,1,0,0,0,1,1,-26.88492,-52.399788,SPRF-SC,DEL07-SC,UOP01-DEL07-SC,2020
299391.0,2020-08-04,terça-feira,06:00:00,SC,282,359.9,ERVAL VELHO,Animais na Pista,Atropelamento de Animal,Sem Vítimas,Plena Noite,Crescente,Céu Claro,Simples,Curva,Não,1,0,0,0,1,0,0,1,-27.324184,-51.36026,SPRF-SC,DEL07-SC,UOP05-DEL07-SC,2020
299422.0,2020-08-04,terça-feira,12:25:00,SC,282,48.0,AGUAS MORNAS,Falta de Atenção à Condução,Tombamento,Com Vítimas Feridas,Pleno dia,Decrescente,Céu Claro,Simples,Curva,Não,1,0,1,0,0,0,1,1,-27.714352,-48.938072,SPRF-SC,DEL01-SC,UOP03-DEL01-SC,2020
299623.0,2020-08-05,quarta-feira,17:00:00,SC,282,4.7,SAO JOSE,Não guardar distância de segurança,Colisão traseira,Com Vítimas Feridas,Pleno dia,Crescente,Céu Claro,Múltipla,Reta,Sim,3,0,1,0,2,0,1,3,-27.592646,-48.604034,SPRF-SC,DEL01-SC,UOP01-DEL01-SC,2020
299645.0,2020-08-05,quarta-feira,18:50:00,SC,282,6.0,SAO JOSE,Desobediência às normas de trânsito pelo condutor,Colisão lateral,Com Vítimas Feridas,Plena Noite,Crescente,Céu Claro,Dupla,Reta,Não,2,0,0,1,1,0,1,2,-27.591936,-48.618244,SPRF-SC,DEL01-SC,UOP01-DEL01-SC,2020
299990.0,2020-08-07,sexta-feira,16:55:00,SC,282,3.5,FLORIANOPOLIS,Animais na Pista,Colisão traseira,Com Vítimas Feridas,Pleno dia,Decrescente,Céu Claro,Múltipla,Reta,Sim,4,0,1,0,1,2,1,4,-27.600384,-48.599705,SPRF-SC,DEL01-SC,UOP01-DEL01-SC,2020
300055.0,2020-08-07,sexta-feira,19:35:00,SC,282,620.0,IRACEMINHA,Defeito na Via,Queda de ocupante de veículo,Com Vítimas Feridas,Plena Noite,Crescente,Céu Claro,Simples,Curva,Não,1,0,1,0,0,0,1,1,-26.79934885,-53.32884572,SPRF-SC,DEL07-SC,UOP02-DEL07-SC,2020
300095.0,2020-08-07,sexta-feira,23:25:00,SC,282,205.8,SAO JOSE,Falta de Atenção à Condução,Saída de leito carroçável,Sem Vítimas,Plena Noite,Decrescente,Céu Claro,Múltipla,Curva,Sim,1,0,0,0,1,0,0,1,-27.58812047,-48.61628294,SPRF-SC,DEL05-SC,UOP01-DEL05-SC,2020
300192.0,2020-08-08,sábado,13:40:00,SC,282,16.0,PALHOCA,Falta de Atenção à Condução,Colisão traseira,Com Vítimas Feridas,Pleno dia,Decrescente,Céu Claro,Simples,Reta,Sim,2,0,0,1,1,0,1,2,-27.658611,-48.681847,SPRF-SC,DEL01-SC,UOP02-DEL01-SC,2020
300236.0,2020-08-08,sábado,15:00:00,SC,282,416.5,CATANDUVAS,Velocidade Incompatível,Saída de leito carroçável,Com Vítimas Fatais,Pleno dia,Decrescente,Céu Claro,Simples,Reta,Não,1,1,0,0,0,0,0,1,-27.037748,-51.718472,SPRF-SC,DEL07-SC,UOP05-DEL07-SC,2020
300676.0,2020-08-10,segunda-feira,15:00:00,SC,282,16.2,PALHOCA,Não guardar distância de segurança,Colisão transversal,Com Vítimas Feridas,Pleno dia,Crescente,Céu Claro,Simples,Interseção de Vias,Sim,2,0,0,1,1,0,1,2,-27.66103551,-48.68397921,SPRF-SC,DEL01-SC,UOP02-DEL01-SC,2020
300749.0,2020-08-10,segunda-feira,22:00:00,SC,282,3.0,FLORIANOPOLIS,Desobediência às normas de trânsito pelo condutor,Colisão transversal,Com Vítimas Feridas,Plena Noite,Decrescente,Céu Claro,Múltipla,Reta,Não,5,0,1,0,4,0,1,2,-27.600384,-48.599705,SPRF-SC,DEL01-SC,UOP01-DEL01-SC,2020
300759.0,2020-08-11,terça-feira,00:50:00,SC,282,1.0,FLORIANOPOLIS,Falta de Atenção à Condução,Colisão com objeto estático,Sem Vítimas,Plena Noite,Crescente,Céu Claro,Dupla,Reta,Sim,3,0,0,0,0,3,0,2,-27.602955,-48.580509,SPRF-SC,DEL01-SC,UOP01-DEL01-SC,2020
300881.0,2020-08-11,terça-feira,14:50:00,SC,282,497.5,XANXERE,Defeito Mecânico no Veículo,Saída de leito carroçável,Sem Vítimas,Pleno dia,Decrescente,Sol,Simples,Reta,Não,1,0,0,0,0,1,0,1,-26.87971294,-52.34557271,SPRF-SC,DEL07-SC,UOP01-DEL07-SC,2020
301038.0,2020-08-12,quarta-feira,10:45:00,SC,282,275.1,SAO JOSE DO CERRITO,Velocidade Incompatível,Colisão com objeto estático,Com Vítimas Feridas,Pleno dia,Crescente,Chuva,Simples,Curva,Não,2,0,1,0,1,0,1,1,-27.606421,-50.720207,SPRF-SC,DEL05-SC,UOP02-DEL05-SC,2020
301050.0,2020-08-12,quarta-feira,14:35:00,SC,282,558.3,NOVA ITABERABA,Fenômenos da Natureza,Saída de leito carroçável,Com Vítimas Feridas,Pleno dia,Decrescente,Chuva,Simples,Curva,Não,2,0,1,0,1,0,1,2,-26.93148255,-52.83471107,SPRF-SC,DEL07-SC,UOP01-DEL07-SC,2020
301090.0,2020-08-12,quarta-feira,13:50:00,SC,282,642.0,SAO MIGUEL DO OESTE,Falta de Atenção à Condução,Colisão lateral,Sem Vítimas,Pleno dia,Crescente,Chuva,Simples,Declive;Reta,Não,2,0,0,0,2,0,0,2,-26.772327,-53.461613,SPRF-SC,DEL07-SC,UOP03-DEL07-SC,2020
301221.0,2020-08-13,quinta-feira,13:50:00,SC,282,394.0,JOACABA,Falta de Atenção à Condução,Colisão com objeto estático,Com Vítimas Feridas,Pleno dia,Decrescente,Céu Claro,Simples,Curva,Não,1,0,1,0,0,0,1,1,-27.16017,-51.58284,SPRF-SC,DEL07-SC,UOP05-DEL07-SC,2020
301275.0,2020-08-13,quinta-feira,19:30:00,SC,282,22.0,PALHOCA,Falta de Atenção à Condução,Colisão transversal,Com Vítimas Feridas,Plena Noite,Decrescente,Garoa/Chuvisco,Simples,Reta;Em Obras,Sim,2,0,2,0,0,0,2,2,-27.688507,-48.72739,SPRF-SC,DEL01-SC,UOP02-DEL01-SC,2020
301291.0,2020-08-13,quinta-feira,18:10:00,SC,282,502.3,XANXERE,Falta de Atenção à Condução,Colisão lateral,Com Vítimas Feridas,Plena Noite,Decrescente,Céu Claro,Simples,Interseção de Vias,Sim,2,0,0,1,1,0,1,2,-26.883674,-52.388396,SPRF-SC,DEL07-SC,UOP01-DEL07-SC,2020
301477.0,2020-08-14,sexta-feira,19:40:00,SC,282,1.8,FLORIANOPOLIS,Não guardar distância de segurança,Colisão lateral,Com Vítimas Feridas,Plena Noite,Crescente,Chuva,Múltipla,Reta,Sim,1,0,0,1,0,0,1,1,-27.602955,-48.580509,SPRF-SC,DEL01-SC,UOP01-DEL01-SC,2020
301535.0,2020-08-15,sábado,00:05:00,SC,282,22.2,PALHOCA,Ingestão de Álcool,Colisão frontal,Com Vítimas Feridas,Plena Noite,Crescente,Chuva,Simples,Reta,Sim,3,0,2,0,1,0,2,2,-27.688507,-48.72739,SPRF-SC,DEL01-SC,UOP02-DEL01-SC,2020
301537.0,2020-08-15,sábado,00:20:00,SC,282,386.0,JOACABA,Ingestão de Álcool,Saída de leito carroçável,Sem Vítimas,Plena Noite,Crescente,Chuva,Simples,Curva;Aclive,Não,1,0,0,0,0,1,0,1,-27.185896,-51.518845,SPRF-SC,DEL07-SC,UOP05-DEL07-SC,2020
301559.0,2020-08-14,sexta-feira,19:30:00,SC,282,461.5,PONTE SERRADA,Falta de Atenção à Condução,Colisão transversal,Com Vítimas Feridas,Plena Noite,Decrescente,Nublado,Simples,Reta,Sim,2,0,1,0,1,0,1,2,-26.856403,-52.041328,SPRF-SC,DEL07-SC,UOP04-DEL07-SC,2020
301570.0,2020-08-15,sábado,04:30:00,SC,282,584.5,PINHALZINHO,Ingestão de Álcool,Saída de leito carroçável,Com Vítimas Feridas,Plena Noite,Decrescente,Nublado,Simples,Curva,Não,4,0,2,2,0,0,4,1,-26.831865,-53.016579,SPRF-SC,DEL07-SC,UOP02-DEL07-SC,2020
301767.0,2020-08-16,domingo,01:50:00,SC,282,5.1,SAO JOSE,Falta de Atenção à Condução,Saída de leito carroçável,Sem Vítimas,Plena Noite,Crescente,Chuva,Dupla,Reta,Sim,1,0,0,0,1,0,0,1,-27.588425,-48.612919,SPRF-SC,DEL01-SC,UOP01-DEL01-SC,2020
301768.0,2020-08-16,domingo,00:10:00,SC,282,574.6,PINHALZINHO,Ultrapassagem Indevida,Colisão frontal,Com Vítimas Fatais,Plena Noite,Decrescente,Céu Claro,Simples,Reta,Não,2,1,1,0,0,0,1,2,-26.863194,-52.974529,SPRF-SC,DEL07-SC,UOP02-DEL07-SC,2020
301973.0,2020-08-16,domingo,23:25:00,SC,282,577.8,PINHALZINHO,Ingestão de Álcool,Saída de leito carroçável,Com Vítimas Feridas,Plena Noite,Decrescente,Céu Claro,Simples,Reta,Não,2,0,1,1,0,0,2,1,-26.84676,-52.980644,SPRF-SC,DEL07-SC,UOP02-DEL07-SC,2020
302054.0,2020-08-17,segunda-feira,11:30:00,SC,282,22.0,SANTO AMARO DA IMPERATRIZ,Não guardar distância de segurança,Colisão traseira,Com Vítimas Feridas,Pleno dia,Decrescente,Nublado,Simples,Reta,Sim,6,0,1,0,5,0,1,4,-27.688507,-48.72739,SPRF-SC,DEL01-SC,UOP02-DEL01-SC,2020
302091.0,2020-08-17,segunda-feira,17:50:00,SC,282,3.0,FLORIANOPOLIS,Não guardar distância de segurança,Colisão traseira,Com Vítimas Feridas,Anoitecer,Crescente,Céu Claro,Múltipla,Reta,Sim,2,0,0,1,1,0,1,2,-27.600384,-48.599705,SPRF-SC,DEL01-SC,UOP01-DEL01-SC,2020
302115.0,2020-08-17,segunda-feira,20:00:00,SC,282,2.3,FLORIANOPOLIS,Falta de Atenção à Condução,Colisão transversal,Com Vítimas Feridas,Plena Noite,Crescente,Céu Claro,Múltipla,Reta,Sim,2,0,1,0,1,0,1,2,-27.603289,-48.590416,SPRF-SC,DEL01-SC,UOP01-DEL01-SC,2020
302237.0,2020-08-18,terça-feira,16:25:00,SC,282,2.0,FLORIANOPOLIS,Falta de Atenção do Pedestre,Atropelamento de Pedestre,Com Vítimas Fatais,Pleno dia,Decrescente,Garoa/Chuvisco,Múltipla,Reta,Sim,3,1,0,0,2,0,0,2,-27.603289,-48.590416,SPRF-SC,DEL01-SC,UOP01-DEL01-SC,2020
302270.0,2020-08-18,terça-feira,16:50:00,SC,282,581.5,PINHALZINHO,Avarias e/ou desgaste excessivo no pneu,Colisão frontal,Com Vítimas Feridas,Pleno dia,Crescente,Chuva,Simples,Curva;Aclive,Não,2,0,2,0,0,0,2,2,-26.828749,-52.997929,SPRF-SC,DEL07-SC,UOP02-DEL07-SC,2020
302305.0,2020-08-18,terça-feira,22:45:00,SC,282,51.8,AGUAS MORNAS,Defeito Mecânico no Veículo,Saída de leito carroçável,Sem Vítimas,Plena Noite,Decrescente,Chuva,Simples,Declive,Não,3,0,0,0,3,0,0,1,-27.703712,-48.959267,SPRF-SC,DEL01-SC,UOP03-DEL01-SC,2020
302425.0,2020-08-19,quarta-feira,19:30:00,SC,282,41.1,AGUAS MORNAS,Falta de Atenção do Pedestre,Atropelamento de Pedestre,Com Vítimas Feridas,Plena Noite,Decrescente,Nublado,Simples,Reta,Sim,2,0,0,1,1,0,1,2,-27.715973,-48.878979,SPRF-SC,DEL01-SC,UOP03-DEL01-SC,2020
302600.0,2020-08-20,quinta-feira,20:20:00,SC,282,347.3,CAMPOS NOVOS,Ultrapassagem Indevida,Colisão frontal,Com Vítimas Feridas,Plena Noite,Decrescente,Céu Claro,Simples,Reta,Não,3,0,1,2,0,0,3,2,-27.365206,-51.263924,SPRF-SC,DEL07-SC,UOP06-DEL07-SC,2020
302727.0,2020-08-21,sexta-feira,14:50:00,SC,282,18.7,PALHOCA,Falta de Atenção à Condução,Engavetamento,Com Vítimas Feridas,Pleno dia,Decrescente,Céu Claro,Simples,Reta,Não,5,0,3,0,2,0,3,3,-27.672798,-48.694286,SPRF-SC,DEL01-SC,UOP02-DEL01-SC,2020
302728.0,2020-08-21,sexta-feira,13:30:00,SC,282,459.0,PONTE SERRADA,Desobediência às normas de trânsito pelo condutor,Colisão transversal,Com Vítimas Feridas,Pleno dia,Crescente,Céu Claro,Simples,Reta,Não,2,0,1,0,1,0,1,2,-26.863695,-52.024818,SPRF-SC,DEL07-SC,UOP04-DEL07-SC,2020
302730.0,2020-08-21,sexta-feira,13:20:00,SC,282,549.3,CHAPECO,Defeito Mecânico no Veículo,Queda de ocupante de veículo,Com Vítimas Feridas,Pleno dia,Crescente,Sol,Simples,Reta,Não,2,0,1,0,1,0,1,1,-26.962664,-52.762272,SPRF-SC,DEL07-SC,UOP01-DEL07-SC,2020
302752.0,2020-08-21,sexta-feira,15:00:00,SC,282,89.0,ALFREDO WAGNER,Velocidade Incompatível,Saída de leito carroçável,Sem Vítimas,Pleno dia,Decrescente,Sol,Simples,Curva,Não,1,0,0,0,1,0,0,1,-27.677973,-49.215893,SPRF-SC,DEL01-SC,UOP03-DEL01-SC,2020
302801.0,2020-08-21,sexta-feira,19:20:00,SC,282,23.4,SANTO AMARO DA IMPERATRIZ,Desobediência às normas de trânsito pelo condutor,Colisão transversal,Sem Vítimas,Plena Noite,Crescente,Nublado,Simples,Reta,Sim,2,0,0,0,2,0,0,2,-27.687958,-48.736794,SPRF-SC,DEL01-SC,UOP02-DEL01-SC,2020
303058.0,2020-08-22,sábado,20:30:00,SC,282,232.9,LAGES,Velocidade Incompatível,Saída de leito carroçável,Sem Vítimas,Plena Noite,Decrescente,Céu Claro,Simples,Curva,Não,1,0,0,0,1,0,0,1,-27.785076,-50.445385,SPRF-SC,DEL05-SC,UOP02-DEL05-SC,2020
303208.0,2020-08-23,domingo,18:50:00,SC,282,2.3,FLORIANOPOLIS,Falta de Atenção do Pedestre,Atropelamento de Pedestre,Com Vítimas Fatais,Plena Noite,Decrescente,Chuva,Múltipla,Reta,Sim,2,1,0,0,0,1,0,2,-27.603289,-48.590416,SPRF-SC,DEL01-SC,UOP01-DEL01-SC,2020
303289.0,2020-08-24,segunda-feira,02:05:00,SC,282,209.7,SAO JOSE,Ingestão de Álcool,Colisão com objeto estático,Com Vítimas Feridas,Plena Noite,Decrescente,Garoa/Chuvisco,Múltipla,Reta,Sim,1,0,1,0,0,0,1,1,-27.61351181,-48.64136696,SPRF-SC,DEL05-SC,UOP01-DEL05-SC,2020