id,data_inversa,dia_semana,horario,uf,br,km,municipio,causa_acidente,tipo_acidente,classificacao_acidente,fase_dia,sentido_via,condicao_metereologica,tipo_pista,tracado_via,uso_solo,pessoas,mortos,feridos_leves,feridos_graves,ilesos,ignorados,feridos,veiculos,latitude,longitude,regional,delegacia,uop,ano_arquivo
309724.0,2020-09-21,segunda-feira,00:35:00,SC,282,132.0,BOM RETIRO,Animais na Pista,Atropelamento de Animal,Com Vítimas Feridas,Plena Noite,Decrescente,Céu Claro,Simples,Reta,Não,1,0,1,0,0,0,1,1,-27.8097,-49.522575,SPRF-SC,DEL05-SC,UOP01-DEL05-SC,2020
309999.0,2020-09-24,quinta-feira,13:10:00,SC,480,130.2,CHAPECO,Ultrapassagem Indevida,Colisão transversal,Com Vítimas Feridas,Pleno dia,Decrescente,Sol,Simples,Reta,Sim,2,0,1,0,1,0,1,2,-27.05534298,-52.63652069,SPRF-SC,DEL07-SC,UOP01-DEL07-SC,2020
310009.0,2020-09-24,quinta-feira,16:00:00,SC,282,490.8,FAXINAL DOS GUEDES,Desobediência às normas de trânsito pelo condutor,Colisão frontal,Com Vítimas Feridas,Pleno dia,Decrescente,Céu Claro,Simples,Reta,Não,3,0,2,0,1,0,2,2,-26.874599,-52.282806,SPRF-SC,DEL07-SC,UOP01-DEL07-SC,2020
310095.0,2020-09-25,sexta-feira,08:45:00,SC,282,1.0,FLORIANOPOLIS,Falta de Atenção à Condução,Colisão traseira,Com Vítimas Feridas,Pleno dia,Crescente,Céu Claro,Dupla,Reta,Sim,2,0,1,0,1,0,1,2,-27.602955,-48.580509,SPRF-SC,DEL01-SC,UOP01-DEL01-SC,2020
310185.0,2020-09-25,sexta-feira,17:30:00,SC,282,1.8,FLORIANOPOLIS,Falta de Atenção à Condução,Colisão traseira,Com Vítimas Feridas,Anoitecer,Crescente,Céu Claro,Dupla,Reta,Sim,2,0,0,1,1,0,1,2,-27.602955,-48.580509,SPRF-SC,DEL01-SC,UOP01-DEL01-SC,2020
310334.0,2020-09-26,sábado,06:30:00,SC,282,185.3,BOCAINA DO SUL,Falta de Atenção à Condução,Saída de leito carroçável,Com Vítimas Feridas,Amanhecer,Decrescente,Nublado,Simples,Reta,Não,2,0,1,0,0,1,1,1,-27.734449,-49.98819,SPRF-SC,DEL05-SC,UOP01-DEL05-SC,2020
310374.0,2020-09-26,sábado,08:20:00,SC,282,504.0,XANXERE,Desobediência às normas de trânsito pelo condutor,Colisão lateral,Com Vítimas Feridas,Pleno dia,Decrescente,Céu Claro,Simples,Reta,Sim,2,0,1,0,1,0,1,2,-26.884279,-52.408466,SPRF-SC,DEL07-SC,UOP01-DEL07-SC,2020
310377.0,2020-09-26,sábado,10:10:00,SC,282,386.2,JOACABA,Falta de Atenção à Condução,Colisão transversal,Sem Vítimas,Pleno dia,Crescente,Sol,Simples,Reta,Não,5,0,0,0,5,0,0,2,-27.185896,-51.518845,SPRF-SC,DEL07-SC,UOP05-DEL07-SC,2020
310452.0,2020-09-19,sábado,08:45:00,SC,282,16.3,PALHOCA,Desobediência às normas de trânsito pelo condutor,Colisão transversal,Com Vítimas Feridas,Pleno dia,Crescente,Sol,Simples,Reta,Sim,2,0,1,0,1,0,1,2,-27.661882,-48.684759,SPRF-SC,DEL01-SC,UOP02-DEL01-SC,2020
310460.0,2020-09-26,sábado,15:20:00,SC,282,516.0,XAXIM,Velocidade Incompatível,Saída de leito carroçável,Sem Vítimas,Pleno dia,Decrescente,Sol,Simples,Curva,Não,1,0,0,0,1,0,0,1,-26.930862,-52.499157,SPRF-SC,DEL07-SC,UOP01-DEL07-SC,2020
310585.0,2020-09-27,domingo,10:15:00,SC,282,19.6,PALHOCA,Desobediência às normas de trânsito pelo condutor,Colisão transversal,Com Vítimas Feridas,Pleno dia,Crescente,Céu Claro,Simples,Declive;Reta,Sim,3,0,0,1,1,1,1,3,-27.67808406,-48.70104074,SPRF-SC,DEL01-SC,UOP02-DEL01-SC,2020
310588.0,2020-09-27,domingo,08:30:00,SC,480,126.4,CHAPECO,Falta de Atenção à Condução,Capotamento,Com Vítimas Feridas,Pleno dia,Crescente,Sol,Dupla,Reta,Sim,5,0,3,1,1,0,4,2,-27.020083,-52.636024,SPRF-SC,DEL07-SC,UOP01-DEL07-SC,2020
310656.0,2020-09-27,domingo,12:45:00,SC,282,379.7,HERVAL DOESTE,Velocidade Incompatível,Capotamento,Com Vítimas Feridas,Pleno dia,Crescente,Garoa/Chuvisco,Simples,Interseção de Vias,Não,1,0,1,0,0,0,1,1,-27.21457347,-51.4875555,SPRF-SC,DEL07-SC,UOP05-DEL07-SC,2020
310659.0,2020-09-27,domingo,16:15:00,SC,282,638.0,DESCANSO,Desobediência às normas de trânsito pelo condutor,Colisão lateral,Com Vítimas Feridas,Pleno dia,Crescente,Céu Claro,Simples,Reta,Não,2,0,1,0,1,0,1,2,-26.800833,-53.448235,SPRF-SC,DEL07-SC,UOP03-DEL07-SC,2020
310689.0,2020-09-27,domingo,14:55:00,SC,282,569.9,NOVA ERECHIM,Desobediência às normas de trânsito pelo condutor,Colisão lateral,Com Vítimas Feridas,Pleno dia,Crescente,Sol,Simples,Interseção de Vias,Não,3,0,3,0,0,0,3,2,-26.894342,-52.923874,SPRF-SC,DEL07-SC,UOP02-DEL07-SC,2020
310703.0,2020-09-27,domingo,12:20:00,SC,282,70.1,RANCHO QUEIMADO,Velocidade Incompatível,Saída de leito carroçável,Com Vítimas Feridas,Pleno dia,Crescente,Chuva,Simples,Curva,Não,1,0,1,0,0,0,1,1,-27.692705,-49.091351,SPRF-SC,DEL01-SC,UOP03-DEL01-SC,2020
310881.0,2020-09-28,segunda-feira,11:49:00,SC,282,206.0,LAGES,Falta de Atenção à Condução,Saída de leito carroçável,Com Vítimas Feridas,Pleno dia,Decrescente,Céu Claro,Simples,Reta,Não,1,0,1,0,0,0,1,1,-27.771982,-50.192139,SPRF-SC,DEL05-SC,UOP01-DEL05-SC,2020
310926.0,2020-09-28,segunda-feira,17:20:00,SC,282,6.0,SAO JOSE,Falta de Atenção à Condução,Colisão lateral,Com Vítimas Feridas,Anoitecer,Crescente,Nublado,Dupla,Curva,Sim,2,0,0,1,1,0,1,2,-27.591936,-48.618244,SPRF-SC,DEL01-SC,UOP01-DEL01-SC,2020
311212.0,2020-09-30,quarta-feira,11:00:00,SC,282,18.0,PALHOCA,Defeito Mecânico no Veículo,Queda de ocupante de veículo,Com Vítimas Feridas,Pleno dia,Crescente,Céu Claro,Simples,Reta,Não,1,0,1,0,0,0,1,1,-27.672798,-48.694286,SPRF-SC,DEL01-SC,UOP02-DEL01-SC,2020
311239.0,2020-09-30,quarta-feira,14:58:00,SC,282,6.0,SAO JOSE,Falta de Atenção à Condução,Colisão lateral,Com Vítimas Feridas,Pleno dia,Decrescente,Céu Claro,Dupla,Curva;Aclive,Não,3,0,2,0,1,0,2,2,-27.591936,-48.618244,SPRF-SC,DEL01-SC,UOP01-DEL01-SC,2020
311254.0,2020-09-30,quarta-feira,16:40:00,SC,282,4.9,SAO JOSE,Falta de Atenção à Condução,Colisão traseira,Com Vítimas Feridas,Pleno dia,Crescente,Nublado,Múltipla,Reta,Sim,2,0,1,0,1,0,1,2,-27.592646,-48.604034,SPRF-SC,DEL01-SC,UOP01-DEL01-SC,2020
311258.0,2020-09-30,quarta-feira,16:58:00,SC,282,4.0,SAO JOSE,Falta de Atenção à Condução,Colisão lateral,Com Vítimas Feridas,Pleno dia,Crescente,Chuva,Dupla,Declive,Não,3,0,2,0,1,0,2,2,-27.592646,-48.604034,SPRF-SC,DEL01-SC,UOP01-DEL01-SC,2020
311261.0,2020-09-30,quarta-feira,17:40:00,SC,282,4.4,SAO JOSE,Não guardar distância de segurança,Colisão lateral,Com Vítimas Feridas,Anoitecer,Crescente,Chuva,Dupla,Reta,Não,3,0,1,0,1,1,1,3,-27.592646,-48.604034,SPRF-SC,DEL01-SC,UOP01-DEL01-SC,2020
311407.0,2020-10-01,quinta-feira,10:20:00,SC,282,339.0,CAMPOS NOVOS,Falta de Atenção à Condução,Colisão transversal,Com Vítimas Feridas,Pleno dia,Decrescente,Céu Claro,Simples,Interseção de Vias,Não,2,0,1,0,1,0,1,2,-27.392731,-51.195118,SPRF-SC,DEL07-SC,UOP06-DEL07-SC,2020
311610.0,2020-10-02,sexta-feira,10:50:00,SC,282,501.3,XANXERE,Velocidade Incompatível,Saída de leito carroçável,Com Vítimas Feridas,Pleno dia,Decrescente,Céu Claro,Dupla,Rotatória;Interseção de Vias,Sim,1,0,1,0,0,0,1,1,-26.882715,-52.381729,SPRF-SC,DEL07-SC,UOP01-DEL07-SC,2020
311802.0,2020-10-03,sábado,04:50:00,SC,282,138.3,BOM RETIRO,Ingestão de Álcool,Colisão lateral,Com Vítimas Feridas,Plena Noite,Decrescente,Nublado,Simples,Declive;Curva,Não,3,0,2,0,1,0,2,2,-27.825998,-49.575924,SPRF-SC,DEL05-SC,UOP01-DEL05-SC,2020
311925.0,2020-10-03,sábado,12:40:00,SC,282,343.8,CAMPOS NOVOS,Ingestão de Álcool,Colisão traseira,Sem Vítimas,Pleno dia,Crescente,Nublado,Simples,Reta,Sim,2,0,0,0,2,0,0,2,-27.387402,-51.232861,SPRF-SC,DEL07-SC,UOP06-DEL07-SC,2020
312274.0,2020-10-05,segunda-feira,00:20:00,SC,282,340.5,CAMPOS NOVOS,Velocidade Incompatível,Saída de leito carroçável,Com Vítimas Feridas,Plena Noite,Decrescente,Céu Claro,Simples,Reta,Sim,1,0,1,0,0,0,1,1,-27.388266,-51.203793,SPRF-SC,DEL07-SC,UOP06-DEL07-SC,2020
312395.0,2020-10-05,segunda-feira,09:40:00,SC,282,39.0,AGUAS MORNAS,Velocidade Incompatível,Saída de leito carroçável,Com Vítimas Feridas,Pleno dia,Crescente,Chuva,Simples,Curva,Sim,3,0,3,0,0,0,3,1,-27.7130047,-48.85729551,SPRF-SC,DEL01-SC,UOP03-DEL01-SC,2020
312449.0,2020-10-05,segunda-feira,19:30:00,SC,282,393.7,JOACABA,Defeito Mecânico no Veículo,Colisão frontal,Com Vítimas Feridas,Plena Noite,Decrescente,Céu Claro,Simples,Curva;Declive,Não,5,0,3,1,1,0,4,2,-27.160221,-51.573895,SPRF-SC,DEL07-SC,UOP05-DEL07-SC,2020
312471.0,2020-10-05,segunda-feira,23:30:00,SC,282,574.3,PINHALZINHO,Sinalização da via insuficiente ou inadequada,Saída de leito carroçável,Com Vítimas Feridas,Plena Noite,Decrescente,Céu Claro,Simples,Em Obras;Rotatória,Não,1,0,1,0,0,0,1,1,-26.867399,-52.965149,SPRF-SC,DEL07-SC,UOP02-DEL07-SC,2020
312588.0,2020-10-06,terça-feira,15:30:00,SC,282,225.0,LAGES,Ingestão de Álcool,Colisão lateral,Sem Vítimas,Pleno dia,Crescente,Céu Claro,Simples,Curva,Sim,2,0,0,0,2,0,0,2,-27.794176,-50.379559,SPRF-SC,DEL05-SC,UOP02-DEL05-SC,2020
312667.0,2020-10-07,quarta-feira,06:45:00,SC,282,1.9,FLORIANOPOLIS,Defeito na Via,Queda de ocupante de veículo,Com Vítimas Feridas,Pleno dia,Decrescente,Sol,Dupla,Reta,Sim,1,0,1,0,0,0,1,1,-27.602955,-48.580509,SPRF-SC,DEL01-SC,UOP01-DEL01-SC,2020
312745.0,2020-10-07,quarta-feira,14:40:00,SC,282,578.0,PINHALZINHO,Falta de Atenção à Condução,Colisão transversal,Com Vítimas Feridas,Pleno dia,Decrescente,Céu Claro,Simples,Rotatória,Não,2,0,1,0,1,0,1,2,-26.838364,-52.985279,SPRF-SC,DEL07-SC,UOP02-DEL07-SC,2020
312933.0,2020-10-08,quinta-feira,12:45:00,SC,282,389.9,JOACABA,Desobediência às normas de trânsito pelo condutor,Colisão transversal,Com Vítimas Feridas,Pleno dia,Crescente,Céu Claro,Simples,Rotatória,Não,3,0,1,0,2,0,1,2,-27.178604,-51.541367,SPRF-SC,DEL07-SC,UOP05-DEL07-SC,2020
313186.0,2020-10-09,sexta-feira,15:00:00,SC,282,145.0,BOM RETIRO,Falta de Atenção à Condução,Saída de leito carroçável,Com Vítimas Feridas,Pleno dia,Crescente,Chuva,Simples,Curva,Não,4,0,3,1,0,0,4,1,-27.802912,-49.632038,SPRF-SC,DEL05-SC,UOP01-DEL05-SC,2020
313295.0,2020-10-09,sexta-feira,20:55:00,SC,282,596.4,CUNHA PORA,Desobediência às normas de trânsito pelo condutor,Colisão frontal,Com Vítimas Feridas,Plena Noite,Crescente,Nevoeiro/Neblina,Simples,Aclive;Reta,Não,5,0,2,0,0,3,2,3,-26.82962,-53.133655,SPRF-SC,DEL07-SC,UOP02-DEL07-SC,2020
313309.0,2020-10-09,sexta-feira,22:40:00,SC,282,27.0,SANTO AMARO DA IMPERATRIZ,Falta de Atenção à Condução,Colisão transversal,Com Vítimas Feridas,Plena Noite,Crescente,Nublado,Simples,Reta,Não,2,0,0,1,1,0,1,2,-27.673981,-48.769676,SPRF-SC,DEL01-SC,UOP03-DEL01-SC,2020
313530.0,2020-10-10,sábado,16:10:00,SC,282,56.9,RANCHO QUEIMADO,Velocidade Incompatível,Colisão frontal,Com Vítimas Feridas,Pleno dia,Decrescente,Céu Claro,Simples,Reta,Não,3,0,2,0,1,0,2,2,-27.691633,-48.991375,SPRF-SC,DEL01-SC,UOP03-DEL01-SC,2020
313596.0,2020-10-10,sábado,11:20:00,SC,282,211.5,LAGES,Falta de Atenção à Condução,Colisão transversal,Com Vítimas Feridas,Pleno dia,Crescente,Céu Claro,Simples,Curva,Não,3,0,1,1,1,0,2,2,-27.780222,-50.241741,SPRF-SC,DEL05-SC,UOP01-DEL05-SC,2020
313612.0,2020-10-10,sábado,13:24:00,SC,282,220.7,LAGES,Falta de Atenção à Condução,Saída de leito carroçável,Com Vítimas Feridas,Pleno dia,Decrescente,Céu Claro,Simples,Reta,Sim,1,0,1,0,0,0,1,1,-27.794014,-50.33363,SPRF-SC,DEL05-SC,UOP01-DEL05-SC,2020
313892.0,2020-10-11,domingo,02:00:00,SC,282,565.6,NOVA ERECHIM,Condutor Dormindo,Colisão com objeto estático,Com Vítimas Feridas,Plena Noite,Crescente,Céu Claro,Simples,Reta,Não,1,0,0,1,0,0,1,1,-26.900272,-52.888309,SPRF-SC,DEL07-SC,UOP02-DEL07-SC,2020
314092.0,2020-10-11,domingo,15:00:00,SC,282,461.5,PONTE SERRADA,Falta de Atenção à Condução,Colisão transversal,Com Vítimas Feridas,Pleno dia,Decrescente,Céu Claro,Simples,Reta,Sim,2,0,0,2,0,0,2,2,-26.856403,-52.041328,SPRF-SC,DEL07-SC,UOP04-DEL07-SC,2020
314120.0,2020-10-11,domingo,15:30:00,SC,282,218.0,LAGES,Mal Súbito,Saída de leito carroçável,Com Vítimas Feridas,Pleno dia,Decrescente,Céu Claro,Simples,Reta,Sim,2,0,2,0,0,0,2,1,-27.797235,-50.31361,SPRF-SC,DEL05-SC,UOP01-DEL05-SC,2020
314144.0,2020-10-11,domingo,19:30:00,SC,282,604.7,MARAVILHA,Ingestão de Álcool,Colisão frontal,Com Vítimas Feridas,Plena Noite,Crescente,Céu Claro,Simples,Curva,Não,3,0,0,2,1,0,2,2,-26.795523,-53.192974,SPRF-SC,DEL07-SC,UOP02-DEL07-SC,2020
314178.0,2020-10-11,domingo,20:10:00,SC,282,371.4,ERVAL VELHO,Falta de Atenção à Condução,Tombamento,Com Vítimas Feridas,Pleno dia,Decrescente,Céu Claro,Simples,Reta,Não,2,0,0,2,0,0,2,1,-27.259993,-51.442684,SPRF-SC,DEL07-SC,UOP05-DEL07-SC,2020
314281.0,2020-10-11,domingo,18:20:00,SC,282,572.5,NOVA ERECHIM,Defeito Mecânico no Veículo,Tombamento,Com Vítimas Feridas,Anoitecer,Decrescente,Céu Claro,Simples,Reta,Não,2,0,2,0,0,0,2,1,-26.879332,-52.949421,SPRF-SC,DEL07-SC,UOP02-DEL07-SC,2020
314330.0,2020-10-12,segunda-feira,16:15:00,SC,282,216.0,LAGES,Desobediência às normas de trânsito pelo condutor,Engavetamento,Com Vítimas Feridas,Pleno dia,Decrescente,Céu Claro,Simples,Reta,Sim,3,0,1,0,2,0,1,3,-27.797529,-50.291862,SPRF-SC,DEL05-SC,UOP01-DEL05-SC,2020
314356.0,2020-10-12,segunda-feira,18:35:00,SC,282,212.0,LAGES,Ingestão de Álcool,Engavetamento,Sem Vítimas,Pleno dia,Crescente,Céu Claro,Simples,Reta,Não,5,0,0,0,5,0,0,3,-27.782257,-50.251381,SPRF-SC,DEL05-SC,UOP01-DEL05-SC,2020
314395.0,2020-10-12,segunda-feira,16:49:00,SC,282,211.2,LAGES,Ingestão de Álcool,Colisão traseira,Sem Vítimas,Pleno dia,Crescente,Céu Claro,Simples,Reta;Aclive,Não,2,0,0,0,2,0,0,2,-27.780222,-50.241741,SPRF-SC,DEL05-SC,UOP01-DEL05-SC,2020
314425.0,2020-10-12,segunda-feira,20:40:00,SC,282,104.0,ALFREDO WAGNER,Falta de Atenção do Pedestre,Colisão lateral,Com Vítimas Feridas,Plena Noite,Decrescente,Céu Claro,Simples,Reta,Não,1,0,1,0,0,0,1,1,-27.696043,-49.334038,SPRF-SC,DEL01-SC,UOP03-DEL01-SC,2020
314587.0,2020-10-13,terça-feira,16:50:00,SC,282,16.3,PALHOCA,Desobediência às normas de trânsito pelo condutor,Atropelamento de Pedestre,Com Vítimas Feridas,Pleno dia,Decrescente,Nublado,Simples,Reta,Não,2,0,1,0,1,0,1,2,-27.658611,-48.681847,SPRF-SC,DEL01-SC,UOP02-DEL01-SC,2020
314607.0,2020-10-13,terça-feira,16:40:00,SC,282,16.9,PALHOCA,Não guardar distância de segurança,Colisão traseira,Com Vítimas Feridas,Pleno dia,Decrescente,Nublado,Simples,Reta,Sim,3,0,1,0,2,0,1,2,-27.66647304,-48.68865967,SPRF-SC,DEL01-SC,UOP02-DEL01-SC,2020
314953.0,2020-10-15,quinta-feira,15:55:00,SC,282,4.9,SAO JOSE,Falta de Atenção à Condução,Colisão lateral,Com Vítimas Feridas,Pleno dia,Crescente,Sol,Dupla,Reta,Sim,3,0,2,0,1,0,2,2,-27.592646,-48.604034,SPRF-SC,DEL01-SC,UOP01-DEL01-SC,2020
315089.0,2020-10-16,sexta-feira,12:35:00,SC,282,16.0,PALHOCA,Desobediência às normas de trânsito pelo condutor,Colisão transversal,Com Vítimas Feridas,Pleno dia,Crescente,Céu Claro,Simples,Reta,Não,2,0,1,0,1,0,1,2,-27.66222549,-48.68503332,SPRF-SC,DEL01-SC,UOP02-DEL01-SC,2020
315293.0,2020-10-17,sábado,09:20:00,SC,282,16.4,PALHOCA,Desobediência às normas de trânsito pelo condutor,Colisão lateral,Com Vítimas Feridas,Pleno dia,Crescente,Céu Claro,Simples,Reta,Sim,2,0,1,0,1,0,1,2,-27.658611,-48.681847,SPRF-SC,DEL01-SC,UOP02-DEL01-SC,2020
315382.0,2020-10-17,sábado,16:40:00,SC,282,188.9,BOCAINA DO SUL,Pista Escorregadia,Tombamento,Com Vítimas Feridas,Pleno dia,Crescente,Céu Claro,Simples,Rotatória,Sim,2,0,2,0,0,0,2,1,-27.73865608,-49.94796753,SPRF-SC,DEL05-SC,UOP01-DEL05-SC,2020
315388.0,2020-10-17,sábado,16:35:00,SC,282,467.5,PONTE SERRADA,Ingestão de Álcool,Saída de leito carroçável,Com Vítimas Feridas,Pleno dia,Decrescente,Céu Claro,Simples,Reta,Não,1,0,0,1,0,0,1,1,-26.854425,-52.096107,SPRF-SC,DEL07-SC,UOP04-DEL07-SC,2020
315446.0,2020-10-17,sábado,23:50:00,SC,282,16.7,PALHOCA,Ultrapassagem Indevida,Colisão frontal,Com Vítimas Feridas,Plena Noite,Crescente,Céu Claro,Simples,Reta,Não,2,0,0,1,1,0,1,2,-27.658611,-48.681847,SPRF-SC,DEL01-SC,UOP02-DEL01-SC,2020
315603.0,2020-10-18,domingo,15:00:00,SC,282,550.9,NOVA ITABERABA,Não guardar distância de segurança,Colisão traseira,Com Vítimas Feridas,Pleno dia,Crescente,Céu Claro,Simples,Reta,Não,4,0,2,0,2,0,2,3,-26.958057,-52.771416,SPRF-SC,DEL07-SC,UOP01-DEL07-SC,2020
315756.0,2020-10-19,segunda-feira,15:05:00,SC,282,17.9,PALHOCA,Falta de Atenção à Condução,Colisão transversal,Com Vítimas Feridas,Pleno dia,Decrescente,Nublado,Simples,Reta,Sim,2,0,0,2,0,0,2,2,-27.665707,-48.688065,SPRF-SC,DEL01-SC,UOP02-DEL01-SC,2020
315832.0,2020-10-19,segunda-feira,21:50:00,SC,282,574.0,PINHALZINHO,Ingestão de Álcool,Colisão com objeto estático,Sem Vítimas,Plena Noite,Decrescente,Céu Claro,Simples,Reta,Não,1,0,0,0,1,0,0,1,-26.867399,-52.965149,SPRF-SC,DEL07-SC,UOP02-DEL07-SC,2020
315848.0,2020-10-20,terça-feira,02:18:00,SC,282,383.4,JOACABA,Ingestão de Álcool,Saída de leito carroçável,Sem Vítimas,Plena Noite,Decrescente,Céu Claro,Simples,Rotatória,Sim,1,0,0,0,1,0,0,1,-27.20355468,-51.51039384,SPRF-SC,DEL07-SC,UOP05-DEL07-SC,2020
315962.0,2020-10-20,terça-feira,16:10:00,SC,282,5.6,SAO JOSE,Falta de Atenção à Condução,Colisão traseira,Com Vítimas Feridas,Pleno dia,Crescente,Céu Claro,Dupla,Reta,Não,1,0,1,0,0,0,1,1,-27.588425,-48.612919,SPRF-SC,DEL01-SC,UOP01-DEL01-SC,2020
315977.0,2020-10-20,terça-feira,15:45:00,SC,282,218.7,LAGES,Falta de Atenção à Condução,Engavetamento,Com Vítimas Feridas,Pleno dia,Crescente,Céu Claro,Simples,Reta;Declive,Sim,4,0,1,0,3,0,1,4,-27.79754307,-50.31084895,SPRF-SC,DEL05-SC,UOP01-DEL05-SC,2020
316028.0,2020-10-20,terça-feira,22:20:00,SC,282,4.0,SAO JOSE,Velocidade Incompatível,Colisão transversal,Com Vítimas Feridas,Plena Noite,Decrescente,Céu Claro,Múltipla,Reta,Não,4,0,0,2,0,2,2,3,-27.592646,-48.604034,SPRF-SC,DEL01-SC,UOP01-DEL01-SC,2020
316078.0,2020-10-21,quarta-feira,07:40:00,SC,282,0.7,SAO JOSE,Falta de Atenção à Condução,Colisão traseira,Com Vítimas Feridas,Pleno dia,Decrescente,Céu Claro,Múltipla,Declive,Sim,4,0,2,0,2,0,2,4,-27.59845,-48.571995,SPRF-SC,DEL01-SC,UOP01-DEL01-SC,2020
316163.0,2020-10-21,quarta-feira,15:10:00,SC,282,642.0,SAO MIGUEL DO OESTE,Falta de Atenção à Condução,Colisão frontal,Com Vítimas Feridas,Pleno dia,Crescente,Céu Claro,Simples,Em Obras;Reta;Declive,Não,2,0,1,0,1,0,1,2,-26.770444,-53.463364,SPRF-SC,DEL07-SC,UOP03-DEL07-SC,2020
316196.0,2020-10-21,quarta-feira,20:00:00,SC,282,23.3,SANTO AMARO DA IMPERATRIZ,Desobediência às normas de trânsito pelo condutor,Colisão transversal,Com Vítimas Feridas,Plena Noite,Decrescente,Garoa/Chuvisco,Simples,Reta,Sim,3,0,2,0,1,0,2,2,-27.687958,-48.736794,SPRF-SC,DEL01-SC,UOP02-DEL01-SC,2020
316267.0,2020-10-22,quinta-feira,07:30:00,SC,282,20.0,PALHOCA,Falta de Atenção à Condução,Colisão traseira,Com Vítimas Feridas,Pleno dia,Decrescente,Nublado,Simples,Reta,Não,3,0,0,1,2,0,1,3,-27.683958,-48.71006,SPRF-SC,DEL01-SC,UOP02-DEL01-SC,2020
316449.0,2020-10-23,sexta-feira,07:30:00,SC,282,31.0,SANTO AMARO DA IMPERATRIZ,Pista Escorregadia,Queda de ocupante de veículo,Com Vítimas Feridas,Pleno dia,Decrescente,Garoa/Chuvisco,Simples,Declive;Curva,Não,1,0,1,0,0,0,1,1,-27.695198,-48.793308,SPRF-SC,DEL01-SC,UOP03-DEL01-SC,2020
316759.0,2020-10-24,sábado,13:30:00,SC,282,226.0,LAGES,Falta de Atenção à Condução,Saída de leito carroçável,Com Vítimas Feridas,Pleno dia,Decrescente,Céu Claro,Simples,Reta,Sim,2,0,1,0,0,1,1,2,-27.795473,-50.389488,SPRF-SC,DEL05-SC,UOP02-DEL05-SC,2020
316775.0,2020-10-24,sábado,13:00:00,SC,282,606.4,MARAVILHA,Desobediência às normas de trânsito pelo condutor,Colisão frontal,Com Vítimas Fatais,Pleno dia,Crescente,Sol,Simples,Rotatória,Sim,5,2,2,1,0,0,3,2,-26.77490529,-53.20320368,SPRF-SC,DEL07-SC,UOP02-DEL07-SC,2020
316799.0,2020-10-24,sábado,15:05:00,SC,282,642.9,SAO MIGUEL DO OESTE,Falta de Atenção à Condução,Colisão traseira,Sem Vítimas,Pleno dia,Decrescente,Céu Claro,Simples,Reta,Não,2,0,0,0,2,0,0,2,-26.772327,-53.461613,SPRF-SC,DEL07-SC,UOP03-DEL07-SC,2020
316848.0,2020-10-24,sábado,19:40:00,SC,480,126.7,CHAPECO,Ingestão de Álcool,Colisão com objeto estático,Sem Vítimas,Plena Noite,Crescente,Céu Claro,Dupla,Reta;Declive,Não,1,0,0,0,1,0,0,1,-27.020083,-52.636024,SPRF-SC,DEL07-SC,UOP01-DEL07-SC,2020
316907.0,2020-10-25,domingo,02:10:00,SC,282,1.0,FLORIANOPOLIS,Condutor Dormindo,Colisão com objeto estático,Com Vítimas Feridas,Plena Noite,Crescente,Nublado,Múltipla,Reta,Sim,1,0,1,0,0,0,1,1,-27.602955,-48.580509,SPRF-SC,DEL01-SC,UOP01-DEL01-SC,2020
316912.0,2020-10-25,domingo,01:50:00,SC,282,493.6,FAXINAL DOS GUEDES,Ingestão de álcool e/ou substâncias psicoativas pelo pedestre,Colisão lateral,Sem Vítimas,Plena Noite,Decrescente,Céu Claro,Simples,Aclive;Reta,Não,2,0,0,0,2,0,0,2,-26.869814,-52.310135,SPRF-SC,DEL07-SC,UOP01-DEL07-SC,2020
316998.0,2020-10-25,domingo,10:25:00,SC,282,516.3,XAXIM,Falta de Atenção à Condução,Colisão lateral,Com Vítimas Feridas,Pleno dia,Decrescente,Céu Claro,Simples,Curva,Não,3,0,2,0,1,0,2,2,-26.930862,-52.499157,SPRF-SC,DEL07-SC,UOP01-DEL07-SC,2020
317387.0,2020-10-27,terça-feira,06:30:00,SC,282,293.7,VARGEM,Velocidade Incompatível,Colisão com objeto estático,Com Vítimas Feridas,Pleno dia,Decrescente,Chuva,Simples,Curva,Não,2,0,2,0,0,0,2,1,-27.53443875,-50.87227084,SPRF-SC,DEL07-SC,UOP06-DEL07-SC,2020
317532.0,2020-10-28,quarta-feira,06:35:00,SC,480,130.0,CHAPECO,Velocidade Incompatível,Colisão frontal,Com Vítimas Feridas,Pleno dia,Decrescente,Céu Claro,Simples,Curva,Sim,2,0,0,1,1,0,1,2,-27.05534298,-52.63652069,SPRF-SC,DEL07-SC,UOP01-DEL07-SC,2020
317560.0,2020-10-28,quarta-feira,07:40:00,SC,282,23.7,PALHOCA,Desobediência às normas de trânsito pelo condutor,Colisão lateral,Com Vítimas Feridas,Pleno dia,Crescente,Sol,Simples,Interseção de Vias,Não,2,0,0,1,1,0,1,2,-27.687958,-48.736794,SPRF-SC,DEL01-SC,UOP03-DEL01-SC,2020
317566.0,2020-10-12,segunda-feira,05:10:00,SC,282,507.0,XANXERE,Desobediência às normas de trânsito pelo condutor,Tombamento,Com Vítimas Feridas,Amanhecer,Decrescente,Céu Claro,Dupla,Reta,Sim,2,0,1,1,0,0,2,1,-26.886171,-52.43911,SPRF-SC,DEL07-SC,UOP01-DEL07-SC,2020