id,data_inversa,dia_semana,horario,uf,br,km,municipio,causa_acidente,tipo_acidente,classificacao_acidente,fase_dia,sentido_via,condicao_metereologica,tipo_pista,tracado_via,uso_solo,pessoas,mortos,feridos_leves,feridos_graves,ilesos,ignorados,feridos,veiculos,latitude,longitude,regional,delegacia,uop,ano_arquivo
317762.0,2020-10-29,quinta-feira,10:40:00,SC,282,6.3,SAO JOSE,Falta de Atenção à Condução,Colisão traseira,Sem Vítimas,Pleno dia,Crescente,Céu Claro,Dupla,Curva,Sim,2,0,0,0,2,0,0,2,-27.591936,-48.618244,SPRF-SC,DEL01-SC,UOP01-DEL01-SC,2020
317946.0,2020-09-19,sábado,00:30:00,SC,282,257.0,SAO JOSE DO CERRITO,Velocidade Incompatível,Saída de leito carroçável,Com Vítimas Feridas,Plena Noite,Crescente,Céu Claro,Simples,Curva,Não,4,0,4,0,0,0,4,1,-27.664351,-50.584618,SPRF-SC,DEL05-SC,UOP02-DEL05-SC,2020
317975.0,2020-10-30,sexta-feira,11:05:00,SC,282,258.5,SAO JOSE DO CERRITO,Velocidade Incompatível,Saída de leito carroçável,Com Vítimas Feridas,Pleno dia,Decrescente,Céu Claro,Simples,Curva,Não,1,0,1,0,0,0,1,1,-27.659687,-50.591881,SPRF-SC,DEL05-SC,UOP02-DEL05-SC,2020
318037.0,2020-10-30,sexta-feira,17:10:00,SC,282,5.0,SAO JOSE,Falta de Atenção à Condução,Colisão traseira,Com Vítimas Feridas,Pleno dia,Crescente,Céu Claro,Dupla,Reta,Sim,2,0,1,0,1,0,1,2,-27.588425,-48.612919,SPRF-SC,DEL01-SC,UOP01-DEL01-SC,2020
318157.0,2020-10-31,sábado,02:40:00,SC,282,331.0,CAMPOS NOVOS,Ingestão de Álcool,Saída de leito carroçável,Com Vítimas Feridas,Plena Noite,Decrescente,Céu Claro,Simples,Reta,Não,2,0,1,0,0,1,1,1,-27.387941,-51.116081,SPRF-SC,DEL07-SC,UOP06-DEL07-SC,2020
318170.0,2020-10-31,sábado,03:50:00,SC,282,526.7,XAXIM,Ingestão de Álcool,Saída de leito carroçável,Sem Vítimas,Plena Noite,Crescente,Céu Claro,Simples,Curva,Não,1,0,0,0,1,0,0,1,-26.973196,-52.583321,SPRF-SC,DEL07-SC,UOP01-DEL07-SC,2020
318230.0,2020-10-31,sábado,10:05:00,SC,282,17.0,PALHOCA,Falta de Atenção à Condução,Colisão transversal,Com Vítimas Feridas,Pleno dia,Crescente,Nublado,Simples,Reta,Sim,3,0,2,0,1,0,2,2,-27.665707,-48.688065,SPRF-SC,DEL01-SC,UOP02-DEL01-SC,2020
318298.0,2020-10-31,sábado,12:45:00,SC,282,54.0,RANCHO QUEIMADO,Falta de Atenção à Condução,Saída de leito carroçável,Com Vítimas Feridas,Pleno dia,Decrescente,Chuva,Simples,Curva,Não,2,0,0,1,1,0,1,1,-27.685799,-48.974514,SPRF-SC,DEL01-SC,UOP03-DEL01-SC,2020
318311.0,2020-10-31,sábado,16:22:00,SC,282,222.0,LAGES,Avarias e/ou desgaste excessivo no pneu,Saída de leito carroçável,Sem Vítimas,Pleno dia,Decrescente,Chuva,Simples,Curva,Não,3,0,0,0,3,0,0,1,-27.797739,-50.353409,SPRF-SC,DEL05-SC,UOP01-DEL05-SC,2020
318341.0,2020-10-31,sábado,14:00:00,SC,282,589.0,SAUDADES,Ultrapassagem Indevida,Colisão lateral,Com Vítimas Feridas,Pleno dia,Decrescente,Céu Claro,Simples,Reta,Não,3,0,1,2,0,0,3,2,-26.82596,-53.062588,SPRF-SC,DEL07-SC,UOP02-DEL07-SC,2020
318486.0,2020-11-01,domingo,07:40:00,SC,282,3.7,FLORIANOPOLIS,Ingestão de Álcool,Colisão com objeto estático,Sem Vítimas,Pleno dia,Decrescente,Nublado,Múltipla,Curva,Sim,1,0,0,0,1,0,0,1,-27.600384,-48.599705,SPRF-SC,DEL01-SC,UOP01-DEL01-SC,2020
318598.0,2020-11-01,domingo,14:30:00,SC,282,561.0,NOVA ITABERABA,Ingestão de Álcool,Colisão frontal,Com Vítimas Feridas,Pleno dia,Decrescente,Céu Claro,Simples,Aclive;Curva,Não,5,0,3,2,0,0,5,2,-26.919464,-52.861614,SPRF-SC,DEL07-SC,UOP02-DEL07-SC,2020
318602.0,2020-11-01,domingo,16:05:00,SC,282,535.2,CHAPECO,Não guardar distância de segurança,Colisão traseira,Sem Vítimas,Pleno dia,Crescente,Sol,Dupla,Viaduto,Não,2,0,0,0,2,0,0,2,-26.998245,-52.643768,SPRF-SC,DEL07-SC,UOP01-DEL07-SC,2020
318607.0,2020-11-01,domingo,16:05:00,SC,282,535.3,CHAPECO,Não guardar distância de segurança,Colisão traseira,Com Vítimas Feridas,Pleno dia,Crescente,Céu Claro,Simples,Curva;Viaduto,Não,3,0,1,0,2,0,1,2,-26.998245,-52.643768,SPRF-SC,DEL07-SC,UOP01-DEL07-SC,2020
318640.0,2020-11-01,domingo,21:45:00,SC,282,526.3,XAXIM,Ultrapassagem Indevida,Colisão frontal,Com Vítimas Feridas,Plena Noite,Decrescente,Céu Claro,Simples,Reta,Não,3,0,1,0,2,0,1,2,-26.969427,-52.57497,SPRF-SC,DEL07-SC,UOP01-DEL07-SC,2020
318708.0,2020-11-02,segunda-feira,11:10:00,SC,282,23.5,SANTO AMARO DA IMPERATRIZ,Falta de Atenção à Condução,Colisão transversal,Sem Vítimas,Pleno dia,Crescente,Nublado,Simples,Interseção de Vias,Não,2,0,0,0,2,0,0,2,-27.687958,-48.736794,SPRF-SC,DEL01-SC,UOP03-DEL01-SC,2020
318719.0,2020-11-02,segunda-feira,10:45:00,SC,282,610.0,MARAVILHA,Falta de Atenção à Condução,Colisão transversal,Com Vítimas Feridas,Pleno dia,Decrescente,Céu Claro,Simples,Curva;Aclive,Não,6,0,1,0,5,0,1,2,-26.756321,-53.230247,SPRF-SC,DEL07-SC,UOP02-DEL07-SC,2020
318859.0,2020-11-02,segunda-feira,21:10:00,SC,282,99.3,ALFREDO WAGNER,Falta de Atenção à Condução,Saída de leito carroçável,Com Vítimas Fatais,Plena Noite,Decrescente,Nublado,Simples,Curva,Não,1,1,0,0,0,0,0,1,-27.700493,-49.290178,SPRF-SC,DEL01-SC,UOP03-DEL01-SC,2020
318997.0,2020-11-03,terça-feira,15:13:00,SC,282,37.3,AGUAS MORNAS,Velocidade Incompatível,Saída de leito carroçável,Com Vítimas Feridas,Pleno dia,Crescente,Chuva,Simples,Curva,Não,4,0,3,1,0,0,4,1,-27.707325,-48.842983,SPRF-SC,DEL01-SC,UOP03-DEL01-SC,2020
319071.0,2020-11-03,terça-feira,15:10:00,SC,282,499.9,XANXERE,Velocidade Incompatível,Colisão traseira,Com Vítimas Feridas,Pleno dia,Crescente,Sol,Dupla,Reta,Não,3,0,1,0,2,0,1,2,-26.880869,-52.363121,SPRF-SC,DEL07-SC,UOP01-DEL07-SC,2020
319393.0,2020-11-05,quinta-feira,19:30:00,SC,282,5.0,SAO JOSE,Falta de Atenção à Condução,Tombamento,Com Vítimas Feridas,Plena Noite,Crescente,Céu Claro,Dupla,Reta,Sim,1,0,1,0,0,0,1,1,-27.588425,-48.612919,SPRF-SC,DEL01-SC,UOP01-DEL01-SC,2020
319394.0,2020-11-05,quinta-feira,17:40:00,SC,282,575.9,PINHALZINHO,Falta de Atenção à Condução,Colisão com objeto estático,Com Vítimas Feridas,Pleno dia,Decrescente,Céu Claro,Simples,Reta,Não,1,0,1,0,0,0,1,1,-26.863194,-52.974529,SPRF-SC,DEL07-SC,UOP02-DEL07-SC,2020
319460.0,2020-10-25,domingo,15:05:00,SC,282,4.8,SAO JOSE,Não guardar distância de segurança,Engavetamento,Com Vítimas Feridas,Pleno dia,Decrescente,Céu Claro,Dupla,Reta,Sim,8,0,2,0,6,0,2,4,-27.592646,-48.604034,SPRF-SC,DEL01-SC,UOP01-DEL01-SC,2020
319546.0,2020-11-06,sexta-feira,14:10:00,SC,282,569.8,NOVA ERECHIM,Desobediência às normas de trânsito pelo condutor,Colisão transversal,Com Vítimas Feridas,Pleno dia,Crescente,Céu Claro,Simples,Interseção de Vias,Não,4,0,2,0,2,0,2,2,-26.896307,-52.918372,SPRF-SC,DEL07-SC,UOP02-DEL07-SC,2020
319567.0,2020-11-06,sexta-feira,13:33:00,SC,282,501.4,XANXERE,Falta de Atenção à Condução,Colisão traseira,Sem Vítimas,Pleno dia,Crescente,Sol,Dupla,Rotatória,Sim,2,0,0,0,2,0,0,2,-26.882715,-52.381729,SPRF-SC,DEL07-SC,UOP01-DEL07-SC,2020
319570.0,2020-11-06,sexta-feira,19:40:00,SC,282,125.3,CHAPECO,Desobediência às normas de trânsito pelo condutor,Colisão frontal,Com Vítimas Feridas,Plena Noite,Crescente,Céu Claro,Simples,Viaduto,Não,3,0,0,2,1,0,2,2,-27.02773598,-52.6341499,SPRF-SC,DEL05-SC,UOP01-DEL05-SC,2020
319578.0,2020-11-06,sexta-feira,22:25:00,SC,282,23.4,SANTO AMARO DA IMPERATRIZ,Desobediência às normas de trânsito pelo condutor,Colisão transversal,Com Vítimas Feridas,Plena Noite,Decrescente,Céu Claro,Simples,Reta,Sim,2,0,1,0,1,0,1,2,-27.687958,-48.736794,SPRF-SC,DEL01-SC,UOP02-DEL01-SC,2020
319615.0,2020-11-07,sábado,04:15:00,SC,282,2.0,FLORIANOPOLIS,Falta de Atenção do Pedestre,Atropelamento de Pedestre,Com Vítimas Fatais,Amanhecer,Decrescente,Céu Claro,Dupla,Reta,Sim,2,1,1,0,0,0,1,2,-27.60376071,-48.58399283,SPRF-SC,DEL01-SC,UOP01-DEL01-SC,2020
319714.0,2020-11-07,sábado,14:25:00,SC,282,640.0,DESCANSO,Falta de Atenção à Condução,Saída de leito carroçável,Com Vítimas Feridas,Plena Noite,Decrescente,Céu Claro,Simples,Reta,Sim,1,0,1,0,0,0,1,1,-26.7887933,-53.45794916,SPRF-SC,DEL07-SC,UOP03-DEL07-SC,2020
319718.0,2020-11-07,sábado,17:45:00,SC,282,22.0,SANTO AMARO DA IMPERATRIZ,Ingestão de Álcool,Engavetamento,Com Vítimas Feridas,Pleno dia,Decrescente,Nublado,Simples,Reta,Sim,3,0,1,0,2,0,1,3,-27.688507,-48.72739,SPRF-SC,DEL01-SC,UOP02-DEL01-SC,2020
319755.0,2020-11-07,sábado,17:40:00,SC,282,565.1,NOVA ERECHIM,Ultrapassagem Indevida,Saída de leito carroçável,Com Vítimas Feridas,Pleno dia,Crescente,Céu Claro,Simples,Curva,Não,3,0,1,0,0,2,1,3,-26.900272,-52.888309,SPRF-SC,DEL07-SC,UOP02-DEL07-SC,2020
319839.0,2020-11-07,sábado,23:49:00,SC,282,516.9,XAXIM,Ingestão de Álcool,Colisão traseira,Com Vítimas Feridas,Plena Noite,Crescente,Céu Claro,Simples,Reta,Não,3,0,1,0,2,0,1,3,-26.930862,-52.499157,SPRF-SC,DEL07-SC,UOP01-DEL07-SC,2020
319841.0,2020-11-07,sábado,23:15:00,SC,282,517.0,XAXIM,Ingestão de Álcool,Colisão frontal,Com Vítimas Feridas,Plena Noite,Decrescente,Céu Claro,Simples,Curva,Não,6,0,5,1,0,0,6,2,-26.93784328,-52.4993062,SPRF-SC,DEL07-SC,UOP01-DEL07-SC,2020
319963.0,2020-11-08,domingo,11:00:00,SC,282,90.4,ALFREDO WAGNER,Falta de Atenção à Condução,Saída de leito carroçável,Com Vítimas Feridas,Pleno dia,Decrescente,Céu Claro,Simples,Curva,Não,1,0,1,0,0,0,1,1,-27.683796,-49.222366,SPRF-SC,DEL01-SC,UOP03-DEL01-SC,2020
320141.0,2020-11-09,segunda-feira,02:05:00,SC,282,504.0,XANXERE,Velocidade Incompatível,Saída de leito carroçável,Com Vítimas Feridas,Plena Noite,Decrescente,Nublado,Dupla,Interseção de Vias;Curva,Sim,2,0,1,0,0,1,1,1,-26.88376084,-52.40690947,SPRF-SC,DEL07-SC,UOP01-DEL07-SC,2020
320142.0,2020-11-08,domingo,21:00:00,SC,282,582.1,PINHALZINHO,Velocidade Incompatível,Saída de leito carroçável,Sem Vítimas,Plena Noite,Crescente,Ignorado,Simples,Rotatória,Sim,1,0,0,0,0,1,0,1,-26.82616755,-53.00376534,SPRF-SC,DEL07-SC,UOP02-DEL07-SC,2020
320202.0,2020-10-18,domingo,22:00:00,SC,282,342.1,CAMPOS NOVOS,Falta de Atenção do Pedestre,Atropelamento de Pedestre,Com Vítimas Feridas,Plena Noite,Decrescente,Céu Claro,Simples,Reta,Sim,2,0,1,1,0,0,2,2,-27.390287,-51.223286,SPRF-SC,DEL07-SC,UOP06-DEL07-SC,2020
320225.0,2020-11-09,segunda-feira,10:30:00,SC,282,97.2,ALFREDO WAGNER,Velocidade Incompatível,Saída de leito carroçável,Com Vítimas Feridas,Pleno dia,Crescente,Chuva,Simples,Curva,Não,3,0,1,0,2,0,1,1,-27.707966,-49.272182,SPRF-SC,DEL01-SC,UOP03-DEL01-SC,2020
320238.0,2020-11-09,segunda-feira,13:50:00,SC,282,38.5,AGUAS MORNAS,Pista Escorregadia,Saída de leito carroçável,Sem Vítimas,Pleno dia,Decrescente,Chuva,Simples,Curva,Não,1,0,0,0,1,0,0,1,-27.709209,-48.852467,SPRF-SC,DEL01-SC,UOP03-DEL01-SC,2020
320257.0,2020-11-09,segunda-feira,15:30:00,SC,282,69.6,RANCHO QUEIMADO,Velocidade Incompatível,Saída de leito carroçável,Sem Vítimas,Pleno dia,Decrescente,Chuva,Simples,Curva,Não,1,0,0,0,1,0,0,1,-27.690144,-49.083813,SPRF-SC,DEL01-SC,UOP03-DEL01-SC,2020
320276.0,2020-11-09,segunda-feira,17:30:00,SC,282,3.9,FLORIANOPOLIS,Falta de Atenção à Condução,Colisão lateral,Com Vítimas Feridas,Pleno dia,Crescente,Garoa/Chuvisco,Múltipla,Reta,Sim,2,0,1,0,1,0,1,2,-27.600384,-48.599705,SPRF-SC,DEL01-SC,UOP01-DEL01-SC,2020
320300.0,2020-11-09,segunda-feira,18:30:00,SC,282,300.0,VARGEM,Pista Escorregadia,Tombamento,Com Vítimas Feridas,Plena Noite,Decrescente,Chuva,Simples,Declive;Curva,Não,1,0,1,0,0,0,1,1,-27.515957,-50.917877,SPRF-SC,DEL07-SC,UOP06-DEL07-SC,2020
320595.0,2020-11-11,quarta-feira,07:23:00,SC,282,520.6,XAXIM,Desobediência às normas de trânsito pelo condutor,Colisão lateral,Com Vítimas Feridas,Pleno dia,Crescente,Nublado,Simples,Rotatória,Não,2,0,1,0,1,0,1,2,-26.950415,-52.526096,SPRF-SC,DEL07-SC,UOP01-DEL07-SC,2020
320668.0,2020-11-11,quarta-feira,15:40:00,SC,282,29.6,SANTO AMARO DA IMPERATRIZ,Não guardar distância de segurança,Colisão traseira,Com Vítimas Feridas,Pleno dia,Crescente,Nublado,Simples,Reta,Não,2,0,1,0,1,0,1,2,-27.679737,-48.786785,SPRF-SC,DEL01-SC,UOP03-DEL01-SC,2020
320857.0,2020-11-12,quinta-feira,16:25:00,SC,282,4.5,SAO JOSE,Falta de Atenção à Condução,Colisão traseira,Com Vítimas Feridas,Pleno dia,Crescente,Céu Claro,Múltipla,Reta,Sim,2,0,1,0,1,0,1,2,-27.592646,-48.604034,SPRF-SC,DEL01-SC,UOP01-DEL01-SC,2020
320926.0,2020-11-12,quinta-feira,17:30:00,SC,282,293.9,VARGEM,Avarias e/ou desgaste excessivo no pneu,Colisão com objeto estático,Com Vítimas Feridas,Pleno dia,Decrescente,Chuva,Simples,Curva,Não,1,0,1,0,0,0,1,1,-27.53449405,-50.87172031,SPRF-SC,DEL07-SC,UOP06-DEL07-SC,2020
320966.0,2020-11-13,sexta-feira,06:40:00,SC,282,533.0,CORDILHEIRA ALTA,Falta de Atenção à Condução,Engavetamento,Com Vítimas Feridas,Pleno dia,Crescente,Céu Claro,Simples,Curva,Não,3,0,1,0,2,0,1,3,-26.99499724,-52.62745142,SPRF-SC,DEL07-SC,UOP01-DEL07-SC,2020
321019.0,2020-11-13,sexta-feira,08:00:00,SC,282,379.5,HERVAL DOESTE,Desobediência às normas de trânsito pelo condutor,Colisão transversal,Com Vítimas Feridas,Pleno dia,Crescente,Céu Claro,Simples,Rotatória,Não,3,0,2,0,1,0,2,2,-27.214668,-51.489677,SPRF-SC,DEL07-SC,UOP05-DEL07-SC,2020
321051.0,2020-10-31,sábado,01:40:00,SC,282,53.9,RANCHO QUEIMADO,Ingestão de álcool e/ou substâncias psicoativas pelo pedestre,Colisão frontal,Com Vítimas Feridas,Plena Noite,Crescente,Chuva,Simples,Curva,Não,5,0,1,2,2,0,3,4,-27.68556121,-48.97417545,SPRF-SC,DEL01-SC,UOP03-DEL01-SC,2020
321182.0,2020-11-13,sexta-feira,18:30:00,SC,282,16.2,PALHOCA,Falta de Atenção à Condução,Colisão lateral,Com Vítimas Feridas,Anoitecer,Crescente,Nublado,Simples,Reta,Sim,3,0,2,0,1,0,2,2,-27.658611,-48.681847,SPRF-SC,DEL01-SC,UOP02-DEL01-SC,2020
321208.0,2020-11-13,sexta-feira,21:50:00,SC,282,245.1,LAGES,Desobediência às normas de trânsito pelo condutor,Colisão transversal,Com Vítimas Feridas,Plena Noite,Crescente,Céu Claro,Simples,Rotatória,Sim,2,0,1,0,1,0,1,2,-27.79971643,-50.36364555,SPRF-SC,DEL05-SC,UOP02-DEL05-SC,2020
321274.0,2020-11-14,sábado,02:30:00,SC,282,641.5,SAO MIGUEL DO OESTE,Ingestão de Álcool,Saída de leito carroçável,Com Vítimas Feridas,Plena Noite,Crescente,Céu Claro,Simples,Curva;Aclive;Em Obras,Não,4,0,4,0,0,0,4,1,-26.77588229,-53.45878601,SPRF-SC,DEL07-SC,UOP03-DEL07-SC,2020
321367.0,2020-11-14,sábado,15:40:00,SC,282,132.0,BOM RETIRO,Velocidade Incompatível,Colisão traseira,Com Vítimas Feridas,Pleno dia,Decrescente,Céu Claro,Simples,Reta,Não,2,0,1,0,1,0,1,2,-27.8097,-49.522575,SPRF-SC,DEL05-SC,UOP01-DEL05-SC,2020
321483.0,2020-11-14,sábado,20:40:00,SC,282,419.1,VARGEM BONITA,Ingestão de Álcool,Saída de leito carroçável,Com Vítimas Feridas,Plena Noite,Decrescente,Céu Claro,Simples,Curva,Não,1,0,0,1,0,0,1,1,-27.019398,-51.729195,SPRF-SC,DEL07-SC,UOP05-DEL07-SC,2020
321489.0,2020-11-15,domingo,00:15:00,SC,282,516.0,XAXIM,Ingestão de Álcool,Saída de leito carroçável,Sem Vítimas,Plena Noite,Decrescente,Céu Claro,Simples,Curva,Não,1,0,0,0,1,0,0,1,-26.930862,-52.499157,SPRF-SC,DEL07-SC,UOP01-DEL07-SC,2020
321606.0,2020-11-15,domingo,15:25:00,SC,282,201.8,LAGES,Falta de Atenção à Condução,Colisão transversal,Com Vítimas Feridas,Pleno dia,Crescente,Nublado,Simples,Reta;Aclive,Não,3,0,1,0,2,0,1,2,-27.763393,-50.152874,SPRF-SC,DEL05-SC,UOP01-DEL05-SC,2020
321652.0,2020-11-15,domingo,18:05:00,SC,282,38.6,AGUAS MORNAS,Ingestão de Álcool,Colisão frontal,Com Vítimas Feridas,Plena Noite,Decrescente,Céu Claro,Simples,Curva,Não,4,0,1,1,1,1,2,3,-27.71339412,-48.85821819,SPRF-SC,DEL01-SC,UOP03-DEL01-SC,2020
321707.0,2020-11-15,domingo,23:00:00,SC,282,21.0,PALHOCA,Desobediência às normas de trânsito pelo condutor,Colisão traseira,Sem Vítimas,Plena Noite,Crescente,Nublado,Simples,Reta,Sim,2,0,0,0,2,0,0,2,-27.68907,-48.717541,SPRF-SC,DEL01-SC,UOP02-DEL01-SC,2020
321716.0,2020-11-15,domingo,22:35:00,SC,282,229.7,LAGES,Ingestão de Álcool,Saída de leito carroçável,Com Vítimas Feridas,Plena Noite,Decrescente,Nublado,Simples,Declive;Curva,Não,8,0,6,2,0,0,8,1,-27.79125053,-50.41531563,SPRF-SC,DEL05-SC,UOP02-DEL05-SC,2020
321731.0,2020-11-16,segunda-feira,00:40:00,SC,282,503.0,XANXERE,Defeito Mecânico no Veículo,Saída de leito carroçável,Com Vítimas Feridas,Plena Noite,Decrescente,Céu Claro,Dupla,Curva,Sim,1,0,1,0,0,0,1,1,-26.88492,-52.399788,SPRF-SC,DEL07-SC,UOP01-DEL07-SC,2020
321733.0,2020-11-16,segunda-feira,01:30:00,SC,282,503.8,XANXERE,Ingestão de Álcool,Colisão traseira,Sem Vítimas,Plena Noite,Decrescente,Céu Claro,Dupla,Curva,Sim,3,0,0,0,3,0,0,3,-26.88492,-52.399788,SPRF-SC,DEL07-SC,UOP01-DEL07-SC,2020
321746.0,2020-11-16,segunda-feira,02:30:00,SC,282,140.6,BOM RETIRO,Falta de Atenção à Condução,Saída de leito carroçável,Com Vítimas Feridas,Plena Noite,Crescente,Nevoeiro/Neblina,Simples,Reta,Não,5,0,2,3,0,0,5,1,-27.818821,-49.590221,SPRF-SC,DEL05-SC,UOP01-DEL05-SC,2020
321751.0,2020-11-16,segunda-feira,04:45:00,SC,282,322.7,CAMPOS NOVOS,Velocidade Incompatível,Capotamento,Com Vítimas Feridas,Plena Noite,Crescente,Nublado,Simples,Interseção de Vias,Não,1,0,1,0,0,0,1,1,-27.37501187,-51.06675094,SPRF-SC,DEL07-SC,UOP06-DEL07-SC,2020
321790.0,2020-11-16,segunda-feira,07:50:00,SC,282,540.0,CHAPECO,Pista Escorregadia,Tombamento,Com Vítimas Feridas,Pleno dia,Crescente,Céu Claro,Simples,Reta,Não,1,0,0,1,0,0,1,1,-26.994461,-52.690178,SPRF-SC,DEL07-SC,UOP01-DEL07-SC,2020
321840.0,2020-11-16,segunda-feira,15:20:00,SC,282,16.0,PALHOCA,Desobediência às normas de trânsito pelo condutor,Colisão transversal,Com Vítimas Feridas,Pleno dia,Crescente,Céu Claro,Simples,Reta,Não,2,0,1,0,1,0,1,2,-27.658611,-48.681847,SPRF-SC,DEL01-SC,UOP02-DEL01-SC,2020
321883.0,2020-11-16,segunda-feira,18:25:00,SC,282,5.0,SAO JOSE,Falta de Atenção à Condução,Colisão lateral,Com Vítimas Feridas,Anoitecer,Decrescente,Chuva,Múltipla,Interseção de Vias,Sim,2,0,1,0,1,0,1,2,-27.588425,-48.612919,SPRF-SC,DEL01-SC,UOP01-DEL01-SC,2020
321964.0,2020-11-17,terça-feira,05:20:00,SC,282,345.0,CAMPOS NOVOS,Desobediência às normas de trânsito pelo condutor,Colisão frontal,Com Vítimas Feridas,Amanhecer,Decrescente,Chuva,Simples,Reta,Não,6,0,4,1,0,1,5,3,-27.374619,-51.247044,SPRF-SC,DEL07-SC,UOP06-DEL07-SC,2020
322194.0,2020-11-18,quarta-feira,12:10:00,SC,282,293.5,VARGEM,Velocidade Incompatível,Saída de leito carroçável,Com Vítimas Feridas,Pleno dia,Decrescente,Nublado,Simples,Curva,Não,1,0,1,0,0,0,1,1,-27.538227,-50.860825,SPRF-SC,DEL07-SC,UOP06-DEL07-SC,2020
322353.0,2020-11-19,quinta-feira,07:30:00,SC,282,3.0,FLORIANOPOLIS,Avarias e/ou desgaste excessivo no pneu,Queda de ocupante de veículo,Com Vítimas Feridas,Pleno dia,Decrescente,Chuva,Dupla,Reta,Sim,2,0,2,0,0,0,2,1,-27.600384,-48.599705,SPRF-SC,DEL01-SC,UOP01-DEL01-SC,2020
322500.0,2020-11-19,quinta-feira,21:35:00,SC,282,222.4,LAGES,Animais na Pista,Atropelamento de Animal,Com Vítimas Fatais,Plena Noite,Decrescente,Céu Claro,Simples,Reta;Declive,Não,4,1,1,1,0,1,2,3,-27.796944,-50.34803,SPRF-SC,DEL05-SC,UOP01-DEL05-SC,2020
322598.0,2020-11-20,sexta-feira,09:20:00,SC,282,646.2,SAO MIGUEL DO OESTE,Falta de Atenção à Condução,Colisão transversal,Com Vítimas Feridas,Pleno dia,Crescente,Céu Claro,Simples,Reta,Não,2,0,0,1,1,0,1,2,-26.763933,-53.496826,SPRF-SC,DEL07-SC,UOP03-DEL07-SC,2020
322651.0,2020-11-20,sexta-feira,17:25:00,SC,282,3.0,SAO JOSE,Não guardar distância de segurança,Colisão lateral,Com Vítimas Feridas,Pleno dia,Crescente,Nublado,Dupla,Reta,Sim,2,0,1,0,1,0,1,2,-27.600384,-48.599705,SPRF-SC,DEL01-SC,UOP01-DEL01-SC,2020
322702.0,2020-11-20,sexta-feira,20:00:00,SC,282,507.0,XANXERE,Falta de Atenção à Condução,Colisão frontal,Com Vítimas Feridas,Plena Noite,Decrescente,Céu Claro,Simples,Reta,Sim,2,0,1,0,1,0,1,2,-26.886171,-52.43911,SPRF-SC,DEL07-SC,UOP01-DEL07-SC,2020
322708.0,2020-11-20,sexta-feira,16:40:00,SC,282,111.0,ALFREDO WAGNER,Pista Escorregadia,Saída de leito carroçável,Com Vítimas Feridas,Pleno dia,Decrescente,Chuva,Simples,Curva,Não,2,0,0,2,0,0,2,1,-27.733616,-49.367538,SPRF-SC,DEL01-SC,UOP03-DEL01-SC,2020
322742.0,2020-11-21,sábado,01:15:00,SC,282,18.0,PALHOCA,Ingestão de Álcool,Colisão frontal,Com Vítimas Feridas,Plena Noite,Crescente,Céu Claro,Simples,Reta,Não,1,0,1,0,0,0,1,1,-27.672798,-48.694286,SPRF-SC,DEL01-SC,UOP02-DEL01-SC,2020
322751.0,2020-11-21,sábado,03:00:00,SC,282,21.3,PALHOCA,Ingestão de Álcool,Colisão frontal,Com Vítimas Feridas,Plena Noite,Crescente,Nublado,Simples,Curva,Sim,3,0,2,0,1,0,2,2,-27.68907,-48.717541,SPRF-SC,DEL01-SC,UOP02-DEL01-SC,2020
322813.0,2020-11-19,quinta-feira,14:35:00,SC,480,125.0,CHAPECO,Falta de Atenção à Condução,Tombamento,Com Vítimas Feridas,Pleno dia,Decrescente,Céu Claro,Dupla,Reta,Sim,1,0,0,1,0,0,1,1,-27.012861,-52.638955,SPRF-SC,DEL07-SC,UOP01-DEL07-SC,2020
322856.0,2020-11-21,sábado,14:55:00,SC,282,47.0,AGUAS MORNAS,Velocidade Incompatível,Saída de leito carroçável,Com Vítimas Feridas,Pleno dia,Decrescente,Chuva,Simples,Curva,Não,3,0,2,0,1,0,2,1,-27.721771,-48.934837,SPRF-SC,DEL01-SC,UOP03-DEL01-SC,2020
322863.0,2020-11-21,sábado,13:20:00,SC,282,312.9,VARGEM,Ingestão de Álcool,Colisão frontal,Com Vítimas Feridas,Pleno dia,Crescente,Céu Claro,Simples,Curva,Não,2,0,1,1,0,0,2,2,-27.454024,-50.991287,SPRF-SC,DEL07-SC,UOP06-DEL07-SC,2020
323066.0,2020-11-22,domingo,10:00:00,SC,282,91.0,ALFREDO WAGNER,Falta de Atenção à Condução,Queda de ocupante de veículo,Com Vítimas Feridas,Pleno dia,Crescente,Céu Claro,Simples,Curva,Não,1,0,1,0,0,0,1,1,-27.690374,-49.229061,SPRF-SC,DEL01-SC,UOP03-DEL01-SC,2020
323088.0,2020-11-22,domingo,02:20:00,SC,282,140.5,BOM RETIRO,Velocidade Incompatível,Saída de leito carroçável,Sem Vítimas,Plena Noite,Crescente,Ignorado,Simples,Reta,Não,1,0,0,0,0,1,0,1,-27.818821,-49.590221,SPRF-SC,DEL05-SC,UOP01-DEL05-SC,2020
323090.0,2020-11-22,domingo,15:05:00,SC,282,17.8,PALHOCA,Desobediência às normas de trânsito pelo condutor,Colisão traseira,Com Vítimas Feridas,Pleno dia,Decrescente,Nublado,Simples,Reta,Não,4,0,0,1,2,1,1,4,-27.665707,-48.688065,SPRF-SC,DEL01-SC,UOP02-DEL01-SC,2020
323469.0,2020-11-24,terça-feira,08:15:00,SC,282,3.0,FLORIANOPOLIS,Falta de Atenção à Condução,Colisão lateral,Com Vítimas Feridas,Pleno dia,Crescente,Nublado,Dupla,Reta,Sim,2,0,1,0,1,0,1,2,-27.600384,-48.599705,SPRF-SC,DEL01-SC,UOP01-DEL01-SC,2020