id,data_inversa,dia_semana,horario,uf,br,km,municipio,causa_acidente,tipo_acidente,classificacao_acidente,fase_dia,sentido_via,condicao_metereologica,tipo_pista,tracado_via,uso_solo,pessoas,mortos,feridos_leves,feridos_graves,ilesos,ignorados,feridos,veiculos,latitude,longitude,regional,delegacia,uop,ano_arquivo
349711.0,2021-04-03,sábado,10:30:00,SC,282,409.5,CATANDUVAS,Demais falhas mecânicas ou elétricas,Tombamento,Com Vítimas Feridas,Pleno dia,Crescente,Céu Claro,Simples,Reta,Sim,4,0,0,1,2,2,1,4,-27.070725,-51.662519,SPRF-SC,DEL07-SC,UOP05-DEL07-SC,2021
350108.0,2021-04-05,segunda-feira,17:20:00,SC,282,246.5,SAO JOSE DO CERRITO,Velocidade Incompatível,Tombamento,Com Vítimas Fatais,Anoitecer,Crescente,Nublado,Simples,Curva,Não,3,1,1,0,0,2,1,4,-27.727213,-50.529724,SPRF-SC,DEL05-SC,UOP02-DEL05-SC,2021
350494.0,2021-04-07,quarta-feira,18:20:00,SC,282,586.9,PINHALZINHO,Velocidade Incompatível,Tombamento,Com Vítimas Feridas,Anoitecer,Decrescente,Céu Claro,Simples,Aclive;Curva,Não,3,0,2,0,0,1,2,2,-26.830345,-53.044727,SPRF-SC,DEL07-SC,UOP02-DEL07-SC,2021
350621.0,2021-04-08,quinta-feira,11:50:00,SC,282,45.0,AGUAS MORNAS,Velocidade Incompatível,Saída de leito carroçável,Sem Vítimas,Pleno dia,Decrescente,Chuva,Simples,Curva,Não,1,0,0,0,1,0,0,1,-27.719851,-48.916126,SPRF-SC,DEL01-SC,UOP03-DEL01-SC,2021
351424.0,2021-03-22,segunda-feira,18:25:00,SC,282,20.5,PALHOCA,Falta de acostamento,Colisão lateral mesmo sentido,Com Vítimas Fatais,Anoitecer,Crescente,Chuva,Simples,Reta;Declive,Sim,2,1,0,0,1,0,0,2,-27.68810256,-48.71439278,SPRF-SC,DEL01-SC,UOP02-DEL01-SC,2021
351690.0,2021-04-14,quarta-feira,01:30:00,SC,282,46.0,AGUAS MORNAS,Velocidade Incompatível,Saída de leito carroçável,Com Vítimas Feridas,Plena Noite,Crescente,Céu Claro,Simples,Declive,Não,4,0,0,1,3,0,1,4,-27.721041,-48.925152,SPRF-SC,DEL01-SC,UOP03-DEL01-SC,2021
351745.0,2021-04-14,quarta-feira,11:15:00,SC,282,628.0,IRACEMINHA,Velocidade Incompatível,Colisão traseira,Sem Vítimas,Pleno dia,Decrescente,Nublado,Simples,Curva;Aclive;Em Obras,Não,5,0,0,0,4,1,0,3,-26.818754,-53.365486,SPRF-SC,DEL07-SC,UOP02-DEL07-SC,2021
351923.0,2021-04-15,quinta-feira,13:30:00,SC,282,4.0,FLORIANOPOLIS,Estacionar ou parar em local proibido,Colisão traseira,Com Vítimas Feridas,Pleno dia,Crescente,Céu Claro,Simples,Reta,Sim,2,0,0,1,1,0,1,2,-27.59309176,-48.60263586,SPRF-SC,DEL01-SC,UOP01-DEL01-SC,2021
352006.0,2021-04-15,quinta-feira,19:30:00,SC,282,216.8,LAGES,Ingestão de álcool pelo condutor,Colisão lateral sentido oposto,Sem Vítimas,Plena Noite,Crescente,Céu Claro,Simples,Reta,Sim,2,0,0,0,2,0,0,2,-27.797529,-50.291862,SPRF-SC,DEL05-SC,UOP01-DEL05-SC,2021
352731.0,2021-04-19,segunda-feira,09:35:00,SC,282,437.0,IRANI,Desrespeitar a preferência no cruzamento,Colisão transversal,Com Vítimas Feridas,Pleno dia,Decrescente,Céu Claro,Simples,Rotatória,Não,4,0,2,0,2,0,2,2,-26.963764,-51.854839,SPRF-SC,DEL07-SC,UOP04-DEL07-SC,2021
352784.0,2021-04-19,segunda-feira,09:48:00,SC,282,528.2,CORDILHEIRA ALTA,Condutor deixou de manter distância do veículo da frente,Engavetamento,Com Vítimas Feridas,Pleno dia,Crescente,Céu Claro,Simples,Reta;Em Obras,Não,6,0,0,1,5,0,1,6,-26.978798,-52.588566,SPRF-SC,DEL07-SC,UOP01-DEL07-SC,2021
352799.0,2021-04-19,segunda-feira,14:00:00,SC,480,126.2,CHAPECO,Desrespeitar a preferência no cruzamento,Colisão frontal,Com Vítimas Feridas,Pleno dia,Crescente,Céu Claro,Simples,Reta,Não,4,0,3,0,1,0,3,2,-27.02344387,-52.63509035,SPRF-SC,DEL07-SC,UOP01-DEL07-SC,2021
353026.0,2021-04-20,terça-feira,14:18:00,SC,282,509.0,XANXERE,Reação tardia ou ineficiente do condutor,Colisão com objeto,Sem Vítimas,Pleno dia,Crescente,Sol,Simples,Curva,Não,1,0,0,0,1,0,0,1,-26.890533,-52.457096,SPRF-SC,DEL07-SC,UOP01-DEL07-SC,2021
353568.0,2021-04-23,sexta-feira,22:00:00,SC,282,386.0,JOACABA,Velocidade Incompatível,Colisão lateral sentido oposto,Com Vítimas Feridas,Plena Noite,Decrescente,Céu Claro,Simples,Reta,Não,3,0,1,0,1,1,1,3,-27.185896,-51.518845,SPRF-SC,DEL07-SC,UOP05-DEL07-SC,2021
353734.0,2021-04-24,sábado,22:00:00,SC,282,422.0,VARGEM BONITA,Ingestão de álcool pelo condutor,Colisão lateral sentido oposto,Sem Vítimas,Plena Noite,Decrescente,Céu Claro,Simples,Curva,Não,2,0,0,0,2,0,0,2,-26.999937,-51.744019,SPRF-SC,DEL07-SC,UOP05-DEL07-SC,2021
353788.0,2021-04-25,domingo,07:30:00,SC,282,531.6,CORDILHEIRA ALTA,Condutor Dormindo,Colisão frontal,Com Vítimas Feridas,Pleno dia,Crescente,Nublado,Simples,Curva,Sim,3,0,0,1,2,0,1,3,-26.990747,-52.609776,SPRF-SC,DEL07-SC,UOP01-DEL07-SC,2021
353991.0,2021-03-09,terça-feira,16:39:00,SC,282,420.0,VARGEM BONITA,Velocidade Incompatível,Tombamento,Com Vítimas Feridas,Pleno dia,Decrescente,Céu Claro,Simples,Aclive;Curva,Não,2,0,1,0,0,1,1,2,-27.014505,-51.736427,SPRF-SC,DEL07-SC,UOP05-DEL07-SC,2021
354236.0,2021-04-27,terça-feira,18:20:00,SC,282,17.9,PALHOCA,Condutor deixou de manter distância do veículo da frente,Colisão traseira,Com Vítimas Feridas,Plena Noite,Decrescente,Céu Claro,Simples,Reta,Não,4,0,1,0,2,1,1,3,-27.665707,-48.688065,SPRF-SC,DEL01-SC,UOP02-DEL01-SC,2021
354302.0,2021-04-28,quarta-feira,07:10:00,SC,282,230.0,LAGES,Condutor deixou de manter distância do veículo da frente,Colisão traseira,Com Vítimas Feridas,Pleno dia,Crescente,Sol,Simples,Curva,Não,2,0,1,0,1,0,1,2,-27.78353473,-50.47233939,SPRF-SC,DEL05-SC,UOP02-DEL05-SC,2021
354391.0,2021-04-28,quarta-feira,13:40:00,SC,282,442.4,PONTE SERRADA,Condutor Dormindo,Colisão lateral sentido oposto,Com Vítimas Feridas,Pleno dia,Crescente,Sol,Simples,Reta,Não,3,0,2,0,0,2,2,4,-26.92168,-51.880993,SPRF-SC,DEL07-SC,UOP04-DEL07-SC,2021
354538.0,2021-04-29,quinta-feira,06:55:00,SC,282,118.2,BOM RETIRO,Velocidade Incompatível,Tombamento,Com Vítimas Feridas,Amanhecer,Crescente,Céu Claro,Simples,Curva,Não,1,0,1,0,0,0,1,1,-27.776798,-49.411194,SPRF-SC,DEL05-SC,UOP01-DEL05-SC,2021
354572.0,2021-04-29,quinta-feira,17:30:00,SC,282,408.9,CATANDUVAS,Ausência de reação do condutor,Colisão lateral mesmo sentido,Com Vítimas Feridas,Pleno dia,Crescente,Céu Claro,Simples,Reta,Sim,2,0,1,0,1,0,1,2,-27.083517,-51.662014,SPRF-SC,DEL07-SC,UOP05-DEL07-SC,2021
354657.0,2021-04-30,sexta-feira,08:40:00,SC,282,83.0,ALFREDO WAGNER,Ultrapassagem Indevida,Colisão lateral mesmo sentido,Sem Vítimas,Pleno dia,Decrescente,Sol,Simples,Reta,Não,1,0,0,0,1,0,0,1,-27.666153,-49.175022,SPRF-SC,DEL01-SC,UOP03-DEL01-SC,2021
354844.0,2021-04-30,sexta-feira,17:30:00,SC,282,502.6,XANXERE,Desrespeitar a preferência no cruzamento,Colisão transversal,Com Vítimas Feridas,Pleno dia,Decrescente,Sol,Simples,Retorno Regulamentado,Sim,3,0,0,1,2,0,1,2,-26.884584,-52.390911,SPRF-SC,DEL07-SC,UOP01-DEL07-SC,2021
354977.0,2021-05-01,sábado,16:40:00,SC,282,136.4,BOM RETIRO,Reação tardia ou ineficiente do condutor,Colisão traseira,Com Vítimas Feridas,Pleno dia,Decrescente,Céu Claro,Simples,Reta,Não,4,0,2,0,2,0,2,2,-27.817894,-49.558086,SPRF-SC,DEL05-SC,UOP01-DEL05-SC,2021
355380.0,2021-05-03,segunda-feira,08:30:00,SC,282,53.0,AGUAS MORNAS,Ausência de reação do condutor,Colisão traseira,Com Vítimas Feridas,Pleno dia,Decrescente,Céu Claro,Simples,Reta,Não,3,0,1,0,2,0,1,2,-27.691511,-48.970215,SPRF-SC,DEL01-SC,UOP03-DEL01-SC,2021
355641.0,2021-05-04,terça-feira,18:30:00,SC,282,562.2,NOVA ERECHIM,Condutor Dormindo,Colisão frontal,Sem Vítimas,Plena Noite,Decrescente,Céu Claro,Simples,Reta;Declive,Não,3,0,0,0,2,1,0,3,-26.911108,-52.865475,SPRF-SC,DEL07-SC,UOP02-DEL07-SC,2021
355787.0,2021-05-05,quarta-feira,16:10:00,SC,282,208.0,LAGES,Carga excessiva e/ou mal acondicionada,Tombamento,Sem Vítimas,Pleno dia,Crescente,Céu Claro,Simples,Rotatória,Sim,2,0,0,0,1,1,0,2,-27.775284,-50.211971,SPRF-SC,DEL05-SC,UOP01-DEL05-SC,2021
356091.0,2021-05-07,sexta-feira,06:50:00,SC,282,373.2,ERVAL VELHO,Manobra de mudança de faixa,Colisão lateral mesmo sentido,Com Vítimas Feridas,Pleno dia,Crescente,Céu Claro,Simples,Reta,Não,2,0,1,0,1,0,1,2,-27.248575,-51.448893,SPRF-SC,DEL07-SC,UOP05-DEL07-SC,2021
357336.0,2021-05-12,quarta-feira,18:20:00,SC,282,104.6,ALFREDO WAGNER,Condutor Dormindo,Colisão traseira,Com Vítimas Feridas,Plena Noite,Crescente,Céu Claro,Simples,Aclive,Não,17,0,10,2,4,1,12,3,-27.69620353,-49.3386898,SPRF-SC,DEL01-SC,UOP03-DEL01-SC,2021
358508.0,2021-05-18,terça-feira,11:00:00,SC,282,622.7,IRACEMINHA,Reação tardia ou ineficiente do condutor,Saída de leito carroçável,Com Vítimas Feridas,Pleno dia,Crescente,Céu Claro,Simples,Curva,Não,2,0,1,0,0,1,1,2,-26.797441,-53.323349,SPRF-SC,DEL07-SC,UOP02-DEL07-SC,2021
358598.0,2021-05-18,terça-feira,22:15:00,SC,282,533.2,CORDILHEIRA ALTA,Transitar na contramão,Colisão frontal,Com Vítimas Feridas,Plena Noite,Decrescente,Céu Claro,Simples,Curva,Não,2,0,1,0,0,1,1,2,-26.995323,-52.625305,SPRF-SC,DEL07-SC,UOP01-DEL07-SC,2021
358643.0,2021-05-19,quarta-feira,08:55:00,SC,282,526.0,XAXIM,Reação tardia ou ineficiente do condutor,Colisão lateral sentido oposto,Com Vítimas Feridas,Pleno dia,Crescente,Céu Claro,Simples,Reta,Não,4,0,1,0,3,0,1,3,-26.969427,-52.57497,SPRF-SC,DEL07-SC,UOP01-DEL07-SC,2021
358934.0,2021-05-20,quinta-feira,19:30:00,SC,282,16.0,PALHOCA,Conversão proibida,Colisão transversal,Com Vítimas Feridas,Plena Noite,Crescente,Nublado,Simples,Reta,Sim,2,0,1,0,1,0,1,2,-27.658611,-48.681847,SPRF-SC,DEL01-SC,UOP02-DEL01-SC,2021
359088.0,2021-05-21,sexta-feira,16:40:00,SC,282,494.9,XANXERE,Manobra de mudança de faixa,Colisão lateral mesmo sentido,Com Vítimas Feridas,Pleno dia,Crescente,Nublado,Simples,Curva,Não,4,0,2,0,1,2,2,4,-26.87149,-52.318768,SPRF-SC,DEL07-SC,UOP01-DEL07-SC,2021
359479.0,2021-05-23,domingo,08:30:00,SC,282,499.1,XANXERE,Acessar a via sem observar a presença dos outros veículos,Colisão traseira,Com Vítimas Feridas,Pleno dia,Crescente,Céu Claro,Simples,Rotatória,Não,2,0,1,0,1,0,1,2,-26.88046894,-52.35899448,SPRF-SC,DEL07-SC,UOP01-DEL07-SC,2021
360156.0,2021-05-26,quarta-feira,18:30:00,SC,282,516.0,XAXIM,Velocidade Incompatível,Colisão frontal,Com Vítimas Feridas,Plena Noite,Crescente,Céu Claro,Simples,Curva,Não,4,0,2,1,1,0,3,3,-26.930862,-52.499157,SPRF-SC,DEL07-SC,UOP01-DEL07-SC,2021
360231.0,2021-05-27,quinta-feira,07:40:00,SC,282,521.2,XAXIM,Condutor deixou de manter distância do veículo da frente,Colisão traseira,Com Vítimas Feridas,Pleno dia,Decrescente,Céu Claro,Simples,Reta,Sim,3,0,1,0,1,2,1,4,-26.950993,-52.534767,SPRF-SC,DEL07-SC,UOP01-DEL07-SC,2021
360236.0,2021-04-28,quarta-feira,18:11:00,SC,282,236.4,LAGES,Velocidade Incompatível,Tombamento,Com Vítimas Fatais,Anoitecer,Crescente,Céu Claro,Simples,Curva,Não,3,1,1,0,0,1,1,2,-27.788113,-50.486886,SPRF-SC,DEL05-SC,UOP02-DEL05-SC,2021
360279.0,2021-05-27,quinta-feira,08:50:00,SC,282,599.7,CUNHA PORA,Transitar na contramão,Colisão frontal,Com Vítimas Fatais,Pleno dia,Crescente,Céu Claro,Simples,Aclive;Curva,Não,3,1,1,0,0,1,1,3,-26.8171642,-53.1627853,SPRF-SC,DEL07-SC,UOP02-DEL07-SC,2021
360336.0,2021-05-27,quinta-feira,19:55:00,SC,282,521.6,XAXIM,Condutor usando celular,Saída de leito carroçável,Com Vítimas Feridas,Plena Noite,Crescente,Céu Claro,Simples,Declive;Reta,Não,2,0,1,0,0,1,1,2,-26.952384,-52.537726,SPRF-SC,DEL07-SC,UOP01-DEL07-SC,2021
361303.0,2021-05-31,segunda-feira,19:30:00,SC,282,44.0,AGUAS MORNAS,Problema com o freio,Incêndio,Sem Vítimas,Plena Noite,Decrescente,Céu Claro,Simples,Declive,Não,1,0,0,0,1,0,0,1,-27.722137,-48.90694,SPRF-SC,DEL01-SC,UOP03-DEL01-SC,2021
361337.0,2021-06-01,terça-feira,07:15:00,SC,282,26.9,SANTO AMARO DA IMPERATRIZ,Pedestre cruzava a pista fora da faixa,Atropelamento de Pedestre,Com Vítimas Feridas,Pleno dia,Crescente,Nevoeiro/Neblina,Simples,Curva,Sim,3,0,0,1,1,1,1,2,-27.680267,-48.762482,SPRF-SC,DEL01-SC,UOP03-DEL01-SC,2021
361416.0,2021-06-01,terça-feira,16:30:00,SC,480,123.7,CHAPECO,Manobra de mudança de faixa,Colisão traseira,Sem Vítimas,Pleno dia,Decrescente,Céu Claro,Dupla,Aclive,Não,3,0,0,0,2,1,0,3,-27.00216692,-52.64455318,SPRF-SC,DEL07-SC,UOP01-DEL07-SC,2021
361712.0,2021-06-03,quinta-feira,04:30:00,SC,282,162.3,BOCAINA DO SUL,Condutor Dormindo,Saída de leito carroçável,Com Vítimas Feridas,Plena Noite,Crescente,Nublado,Simples,Reta,Não,1,0,1,0,0,0,1,1,-27.729252,-49.77306,SPRF-SC,DEL05-SC,UOP01-DEL05-SC,2021
361731.0,2021-06-03,quinta-feira,06:00:00,SC,282,344.0,CAMPOS NOVOS,Problema com o freio,Tombamento,Com Vítimas Feridas,Pleno dia,Decrescente,Nevoeiro/Neblina,Simples,Rotatória,Sim,2,0,1,0,0,1,1,2,-27.38575302,-51.23556733,SPRF-SC,DEL07-SC,UOP06-DEL07-SC,2021
362126.0,2021-06-05,sábado,05:40:00,SC,282,496.9,XANXERE,Condutor deixou de manter distância do veículo da frente,Colisão lateral mesmo sentido,Com Vítimas Feridas,Amanhecer,Decrescente,Nublado,Simples,Reta,Não,4,0,2,0,1,1,2,3,-26.878679,-52.335735,SPRF-SC,DEL07-SC,UOP01-DEL07-SC,2021
362258.0,2021-06-05,sábado,07:35:00,SC,282,437.3,IRANI,Desrespeitar a preferência no cruzamento,Colisão transversal,Com Vítimas Feridas,Pleno dia,Crescente,Céu Claro,Simples,Rotatória,Não,3,0,1,0,2,0,1,2,-26.963764,-51.854839,SPRF-SC,DEL07-SC,UOP04-DEL07-SC,2021
362674.0,2021-06-07,segunda-feira,12:10:00,SC,480,125.9,CHAPECO,Desrespeitar a preferência no cruzamento,Colisão frontal,Com Vítimas Feridas,Pleno dia,Crescente,Céu Claro,Simples,Interseção de Vias,Sim,3,0,0,1,1,1,1,3,-27.01164515,-52.63953123,SPRF-SC,DEL07-SC,UOP01-DEL07-SC,2021
362899.0,2021-06-08,terça-feira,18:30:00,SC,282,15.5,PALHOCA,Ausência de reação do condutor,Colisão traseira,Com Vítimas Feridas,Plena Noite,Crescente,Chuva,Simples,Reta,Sim,2,0,1,0,1,0,1,2,-27.651848,-48.676048,SPRF-SC,DEL01-SC,UOP02-DEL01-SC,2021
363150.0,2021-06-10,quinta-feira,00:00:00,SC,282,118.7,ALFREDO WAGNER,Ingestão de álcool pelo condutor,Colisão lateral sentido oposto,Com Vítimas Feridas,Plena Noite,Decrescente,Céu Claro,Simples,Reta,Não,2,0,1,0,1,0,1,2,-27.776798,-49.411194,SPRF-SC,DEL05-SC,UOP01-DEL05-SC,2021
363251.0,2021-05-15,sábado,01:20:00,SC,282,601.4,CUNHA PORA,Ingestão de álcool pelo condutor,Colisão frontal,Com Vítimas Feridas,Plena Noite,Decrescente,Céu Claro,Simples,Reta,Não,3,0,2,0,1,0,2,2,-26.809002,-53.169399,SPRF-SC,DEL07-SC,UOP02-DEL07-SC,2021
364188.0,2021-06-14,segunda-feira,12:45:00,SC,282,569.2,NOVA ERECHIM,Pista esburacada,Colisão frontal,Com Vítimas Fatais,Pleno dia,Crescente,Sol,Simples,Reta,Não,4,2,0,0,1,1,0,3,-26.9007,-52.9152,SPRF-SC,DEL07-SC,UOP02-DEL07-SC,2021
364224.0,2021-06-14,segunda-feira,10:20:00,SC,282,488.1,FAXINAL DOS GUEDES,Velocidade Incompatível,Tombamento,Sem Vítimas,Pleno dia,Decrescente,Sol,Simples,Rotatória,Não,2,0,0,0,1,1,0,2,-26.863047,-52.270107,SPRF-SC,DEL07-SC,UOP01-DEL07-SC,2021
364230.0,2021-06-14,segunda-feira,13:30:00,SC,282,111.7,ALFREDO WAGNER,Reação tardia ou ineficiente do condutor,Saída de leito carroçável,Com Vítimas Feridas,Pleno dia,Decrescente,Céu Claro,Simples,Curva,Não,2,0,1,0,0,1,1,2,-27.733616,-49.367538,SPRF-SC,DEL01-SC,UOP03-DEL01-SC,2021
364432.0,2021-06-15,terça-feira,18:35:00,SC,282,513.6,XAXIM,Acessar a via sem observar a presença dos outros veículos,Colisão transversal,Com Vítimas Fatais,Plena Noite,Crescente,Céu Claro,Simples,Reta,Não,3,1,0,0,1,1,0,3,-26.915344,-52.4851546,SPRF-SC,DEL07-SC,UOP01-DEL07-SC,2021
364686.0,2021-06-17,quinta-feira,14:25:00,SC,480,125.0,CHAPECO,Manobra de mudança de faixa,Colisão lateral mesmo sentido,Sem Vítimas,Pleno dia,Crescente,Nublado,Dupla,Reta,Sim,3,0,0,0,2,1,0,3,-26.99739704,-52.64201951,SPRF-SC,DEL07-SC,UOP01-DEL07-SC,2021
364777.0,2021-06-17,quinta-feira,23:20:00,SC,282,544.4,CHAPECO,Ingestão de álcool pelo condutor,Saída de leito carroçável,Sem Vítimas,Plena Noite,Crescente,Garoa/Chuvisco,Simples,Reta,Não,1,0,0,0,1,0,0,1,-26.992517,-52.724781,SPRF-SC,DEL07-SC,UOP01-DEL07-SC,2021
364801.0,2021-06-18,sexta-feira,06:30:00,SC,282,411.6,CATANDUVAS,Ultrapassagem Indevida,Colisão frontal,Com Vítimas Feridas,Amanhecer,Decrescente,Céu Claro,Simples,Declive;Curva,Não,5,0,1,1,2,3,2,7,-27.059202,-51.680046,SPRF-SC,DEL07-SC,UOP05-DEL07-SC,2021
364846.0,2021-04-26,segunda-feira,17:45:00,SC,282,580.3,PINHALZINHO,Reação tardia ou ineficiente do condutor,Engavetamento,Com Vítimas Feridas,Anoitecer,Decrescente,Céu Claro,Simples,Reta,Sim,4,0,2,0,2,0,2,3,-26.835988,-52.989708,SPRF-SC,DEL07-SC,UOP02-DEL07-SC,2021
364855.0,2021-06-18,sexta-feira,11:29:00,SC,282,334.3,CAMPOS NOVOS,Ultrapassagem Indevida,Colisão lateral mesmo sentido,Com Vítimas Feridas,Pleno dia,Crescente,Céu Claro,Simples,Reta,Não,4,0,0,1,2,2,1,5,-27.3943,-51.145859,SPRF-SC,DEL07-SC,UOP06-DEL07-SC,2021
365504.0,2021-06-17,quinta-feira,22:50:00,SC,282,69.4,RANCHO QUEIMADO,Problema com o freio,Saída de leito carroçável,Com Vítimas Feridas,Plena Noite,Decrescente,Nublado,Simples,Reta,Não,2,0,1,0,0,1,1,2,-27.690144,-49.083813,SPRF-SC,DEL01-SC,UOP03-DEL01-SC,2021
365538.0,2021-06-21,segunda-feira,08:30:00,SC,282,449.6,PONTE SERRADA,Condutor Dormindo,Colisão frontal,Com Vítimas Feridas,Pleno dia,Crescente,Céu Claro,Simples,Reta,Não,3,0,0,1,1,1,1,3,-26.919342,-51.944427,SPRF-SC,DEL07-SC,UOP04-DEL07-SC,2021
365655.0,2021-06-21,segunda-feira,14:20:00,SC,282,535.0,CHAPECO,Velocidade Incompatível,Tombamento,Com Vítimas Feridas,Pleno dia,Crescente,Chuva,Dupla,Viaduto,Sim,1,0,0,1,0,0,1,1,-26.99938514,-52.64625907,SPRF-SC,DEL07-SC,UOP01-DEL07-SC,2021
365837.0,2021-06-22,terça-feira,22:30:00,SC,282,197.0,LAGES,Reação tardia ou ineficiente do condutor,Colisão lateral mesmo sentido,Com Vítimas Feridas,Plena Noite,Crescente,Céu Claro,Simples,Reta,Não,4,0,1,0,2,1,1,3,-27.753368,-50.103615,SPRF-SC,DEL05-SC,UOP01-DEL05-SC,2021
365847.0,2021-06-22,terça-feira,18:45:00,SC,282,632.4,DESCANSO,Demais falhas mecânicas ou elétricas,Saída de leito carroçável,Com Vítimas Feridas,Plena Noite,Decrescente,Céu Claro,Simples,Curva;Declive,Não,1,0,0,1,0,0,1,1,-26.82284525,-53.40857506,SPRF-SC,DEL07-SC,UOP03-DEL07-SC,2021
365951.0,2021-06-23,quarta-feira,04:00:00,SC,282,432.0,VARGEM BONITA,Demais falhas mecânicas ou elétricas,Incêndio,Com Vítimas Feridas,Plena Noite,Decrescente,Ignorado,Simples,Reta,Não,1,0,1,0,0,0,1,1,-26.981241,-51.814842,SPRF-SC,DEL07-SC,UOP05-DEL07-SC,2021
366444.0,2021-06-25,sexta-feira,18:05:00,SC,282,516.8,XAXIM,Reação tardia ou ineficiente do condutor,Saída de leito carroçável,Com Vítimas Feridas,Anoitecer,Crescente,Céu Claro,Simples,Reta,Não,2,0,1,0,0,1,1,2,-26.930862,-52.499157,SPRF-SC,DEL07-SC,UOP01-DEL07-SC,2021
366705.0,2021-06-26,sábado,20:15:00,SC,282,622.6,IRACEMINHA,Demais falhas mecânicas ou elétricas,Tombamento,Com Vítimas Feridas,Plena Noite,Crescente,Céu Claro,Simples,Curva;Aclive,Não,2,0,1,0,0,1,1,2,-26.797441,-53.323349,SPRF-SC,DEL07-SC,UOP02-DEL07-SC,2021
366777.0,2021-06-27,domingo,09:55:00,SC,480,128.6,CHAPECO,Reação tardia ou ineficiente do condutor,Saída de leito carroçável,Com Vítimas Feridas,Pleno dia,Crescente,Chuva,Dupla,Curva,Sim,1,0,0,1,0,0,1,1,-27.03781899,-52.63432603,SPRF-SC,DEL07-SC,UOP01-DEL07-SC,2021
367030.0,2021-06-28,segunda-feira,10:54:00,SC,282,88.2,ALFREDO WAGNER,Pista Escorregadia,Colisão frontal,Com Vítimas Feridas,Pleno dia,Crescente,Chuva,Simples,Curva,Não,2,0,0,1,1,0,1,2,-27.67198,-49.208591,SPRF-SC,DEL01-SC,UOP03-DEL01-SC,2021
367655.0,2021-07-01,quinta-feira,18:10:00,SC,282,502.0,XANXERE,Acessar a via sem observar a presença dos outros veículos,Queda de ocupante de veículo,Com Vítimas Feridas,Anoitecer,Crescente,Céu Claro,Dupla,Interseção de Vias,Sim,3,0,0,1,2,0,1,3,-26.88506226,-52.3937881,SPRF-SC,DEL07-SC,UOP01-DEL07-SC,2021
368418.0,2021-07-05,segunda-feira,04:20:00,SC,282,217.0,LAGES,Entrada inopinada do pedestre,Atropelamento de Pedestre,Com Vítimas Feridas,Plena Noite,Crescente,Céu Claro,Simples,Reta,Sim,3,0,1,0,1,1,1,2,-27.797916,-50.302944,SPRF-SC,DEL05-SC,UOP01-DEL05-SC,2021
368559.0,2021-07-05,segunda-feira,11:00:00,SC,480,127.4,CHAPECO,Ausência de reação do condutor,Colisão com objeto,Sem Vítimas,Pleno dia,Decrescente,Céu Claro,Simples,Reta,Não,2,0,0,0,1,1,0,2,-27.02885905,-52.63380035,SPRF-SC,DEL07-SC,UOP01-DEL07-SC,2021
368561.0,2021-07-05,segunda-feira,14:35:00,SC,282,548.0,CHAPECO,Condutor deixou de manter distância do veículo da frente,Engavetamento,Sem Vítimas,Pleno dia,Decrescente,Céu Claro,Simples,Reta,Não,5,0,0,0,5,0,0,4,-26.968346,-52.753883,SPRF-SC,DEL07-SC,UOP01-DEL07-SC,2021
369247.0,2021-07-08,quinta-feira,18:37:00,SC,282,601.1,CUNHA PORA,Transitar na contramão,Colisão frontal,Com Vítimas Feridas,Plena Noite,Decrescente,Céu Claro,Simples,Reta,Não,5,0,0,4,0,1,4,3,-26.80762,-53.172007,SPRF-SC,DEL07-SC,UOP02-DEL07-SC,2021
369416.0,2021-07-09,sexta-feira,16:30:00,SC,282,31.9,AGUAS MORNAS,Ausência de reação do condutor,Colisão lateral sentido oposto,Com Vítimas Feridas,Anoitecer,Crescente,Nublado,Simples,Reta,Sim,4,0,3,0,1,0,3,2,-27.695198,-48.793308,SPRF-SC,DEL01-SC,UOP03-DEL01-SC,2021
370007.0,2021-07-11,domingo,18:30:00,SC,282,507.1,XANXERE,Deficiência do Sistema de Iluminação/Sinalização,Colisão frontal,Com Vítimas Feridas,Anoitecer,Decrescente,Céu Claro,Simples,Interseção de Vias,Não,3,0,0,1,1,2,1,4,-26.886171,-52.43911,SPRF-SC,DEL07-SC,UOP01-DEL07-SC,2021
370153.0,2021-07-12,segunda-feira,07:50:00,SC,282,84.7,ALFREDO WAGNER,Reação tardia ou ineficiente do condutor,Colisão traseira,Com Vítimas Feridas,Pleno dia,Decrescente,Céu Claro,Múltipla,Reta;Aclive,Não,2,0,1,0,1,0,1,2,-27.666992,-49.183552,SPRF-SC,DEL01-SC,UOP03-DEL01-SC,2021
370308.0,2021-07-13,terça-feira,05:50:00,SC,282,26.0,SANTO AMARO DA IMPERATRIZ,Mal súbito do condutor,Colisão transversal,Com Vítimas Feridas,Amanhecer,Crescente,Céu Claro,Simples,Reta,Não,3,0,1,0,1,1,1,3,-27.680267,-48.762482,SPRF-SC,DEL01-SC,UOP03-DEL01-SC,2021
370443.0,2021-07-13,terça-feira,06:20:00,SC,282,487.3,FAXINAL DOS GUEDES,Condutor Dormindo,Saída de leito carroçável,Sem Vítimas,Amanhecer,Crescente,Céu Claro,Simples,Reta,Sim,1,0,0,0,1,0,0,1,-26.85758,-52.263203,SPRF-SC,DEL07-SC,UOP01-DEL07-SC,2021