id,data_inversa,dia_semana,horario,uf,br,km,municipio,causa_acidente,tipo_acidente,classificacao_acidente,fase_dia,sentido_via,condicao_metereologica,tipo_pista,tracado_via,uso_solo,pessoas,mortos,feridos_leves,feridos_graves,ilesos,ignorados,feridos,veiculos,latitude,longitude,regional,delegacia,uop,ano_arquivo
339005.0,2021-02-06,sábado,16:45:00,SC,282,302.5,VARGEM,Acessar a via sem observar a presença dos outros veículos,Saída de leito carroçável,Com Vítimas Feridas,Pleno dia,Crescente,Céu Claro,Simples,Curva,Não,2,0,0,1,0,1,1,2,-27.505852,-50.926998,SPRF-SC,DEL07-SC,UOP06-DEL07-SC,2021
339045.0,2021-02-06,sábado,19:50:00,SC,282,103.8,ALFREDO WAGNER,Pista esburacada,Colisão com objeto,Com Vítimas Feridas,Plena Noite,Decrescente,Céu Claro,Simples,Reta,Sim,2,0,2,0,0,0,2,1,-27.69592146,-49.3308717,SPRF-SC,DEL01-SC,UOP03-DEL01-SC,2021
339073.0,2021-02-06,sábado,23:40:00,SC,282,2.5,FLORIANOPOLIS,Reação tardia ou ineficiente do condutor,Colisão traseira,Com Vítimas Feridas,Plena Noite,Decrescente,Céu Claro,Dupla,Reta,Sim,2,0,1,0,1,0,1,2,-27.603289,-48.590416,SPRF-SC,DEL01-SC,UOP01-DEL01-SC,2021
339094.0,2021-02-06,sábado,23:30:00,SC,282,277.0,SAO JOSE DO CERRITO,Ingestão de álcool pelo condutor,Saída de leito carroçável,Com Vítimas Fatais,Plena Noite,Decrescente,Céu Claro,Simples,Declive;Curva,Não,1,1,0,0,0,0,0,1,-27.593215,-50.736011,SPRF-SC,DEL05-SC,UOP02-DEL05-SC,2021
339105.0,2021-02-07,domingo,02:50:00,SC,282,18.3,PALHOCA,Acessar a via sem observar a presença dos outros veículos,Colisão transversal,Com Vítimas Feridas,Plena Noite,Decrescente,Céu Claro,Simples,Reta,Sim,4,0,4,0,0,0,4,2,-27.67551872,-48.69714618,SPRF-SC,DEL01-SC,UOP02-DEL01-SC,2021
339163.0,2021-02-07,domingo,07:00:00,SC,282,582.0,PINHALZINHO,Condutor Dormindo,Saída de leito carroçável,Sem Vítimas,Pleno dia,Crescente,Sol,Simples,Reta,Não,1,0,0,0,0,1,0,1,-26.826683,-53.002621,SPRF-SC,DEL07-SC,UOP02-DEL07-SC,2021
339293.0,2021-02-07,domingo,17:30:00,SC,282,605.4,MARAVILHA,Reação tardia ou ineficiente do condutor,Colisão com objeto,Com Vítimas Feridas,Pleno dia,Crescente,Céu Claro,Simples,Rotatória;Em Obras;Declive,Sim,1,0,0,1,0,0,1,1,-26.786951,-53.195248,SPRF-SC,DEL07-SC,UOP02-DEL07-SC,2021
339380.0,2021-02-08,segunda-feira,06:30:00,SC,282,190.0,LAGES,Condutor Dormindo,Saída de leito carroçável,Com Vítimas Feridas,Amanhecer,Crescente,Céu Claro,Simples,Curva,Não,2,0,2,0,0,0,2,1,-27.736708,-50.036961,SPRF-SC,DEL05-SC,UOP01-DEL05-SC,2021
339431.0,2021-02-08,segunda-feira,13:00:00,SC,282,26.0,SANTO AMARO DA IMPERATRIZ,Desrespeitar a preferência no cruzamento,Colisão transversal,Com Vítimas Feridas,Pleno dia,Crescente,Céu Claro,Simples,Reta,Não,4,0,4,0,0,0,4,2,-27.680267,-48.762482,SPRF-SC,DEL01-SC,UOP03-DEL01-SC,2021
339470.0,2021-02-08,segunda-feira,17:30:00,SC,282,1.0,FLORIANOPOLIS,Condutor deixou de manter distância do veículo da frente,Colisão traseira,Com Vítimas Feridas,Pleno dia,Decrescente,Céu Claro,Dupla,Reta,Sim,2,0,1,0,1,0,1,2,-27.602955,-48.580509,SPRF-SC,DEL01-SC,UOP01-DEL01-SC,2021
339472.0,2021-02-08,segunda-feira,17:10:00,SC,282,51.0,RANCHO QUEIMADO,Ultrapassagem Indevida,Tombamento,Com Vítimas Feridas,Pleno dia,Decrescente,Nublado,Simples,Curva,Não,2,0,1,0,0,1,1,2,-27.703712,-48.959267,SPRF-SC,DEL01-SC,UOP03-DEL01-SC,2021
339481.0,2021-02-08,segunda-feira,18:15:00,SC,282,1.0,FLORIANOPOLIS,Condutor deixou de manter distância do veículo da frente,Colisão traseira,Com Vítimas Feridas,Pleno dia,Crescente,Sol,Dupla,Reta,Sim,3,0,0,2,1,0,2,2,-27.60160157,-48.57856035,SPRF-SC,DEL01-SC,UOP01-DEL01-SC,2021
339588.0,2021-02-09,terça-feira,11:00:00,SC,282,17.7,PALHOCA,Acessar a via sem observar a presença dos outros veículos,Colisão transversal,Sem Vítimas,Pleno dia,Crescente,Céu Claro,Dupla,Reta,Sim,2,0,0,0,2,0,0,2,-27.665707,-48.688065,SPRF-SC,DEL01-SC,UOP02-DEL01-SC,2021
339664.0,2021-02-09,terça-feira,16:00:00,SC,282,534.2,CORDILHEIRA ALTA,Avarias e/ou desgaste excessivo no pneu,Saída de leito carroçável,Com Vítimas Feridas,Pleno dia,Crescente,Chuva,Simples,Curva,Não,2,0,1,0,1,0,1,1,-26.996832,-52.634586,SPRF-SC,DEL07-SC,UOP01-DEL07-SC,2021
339765.0,2021-02-10,quarta-feira,03:30:00,SC,282,458.8,PONTE SERRADA,Velocidade Incompatível,Saída de leito carroçável,Com Vítimas Feridas,Plena Noite,Crescente,Céu Claro,Simples,Reta,Não,1,0,1,0,0,0,1,1,-26.872128,-52.019024,SPRF-SC,DEL07-SC,UOP04-DEL07-SC,2021
339884.0,2021-02-10,quarta-feira,17:30:00,SC,282,67.5,SAO MIGUEL DO OESTE,Acessar a via sem observar a presença dos outros veículos,Colisão transversal,Com Vítimas Feridas,Pleno dia,Crescente,Céu Claro,Dupla,Reta;Declive,Sim,2,0,2,0,0,0,2,2,-26.75586158,-53.50054264,SPRF-SC,DEL01-SC,UOP03-DEL01-SC,2021
340134.0,2021-02-11,quinta-feira,11:45:00,SC,282,103.9,ALFREDO WAGNER,Ingestão de álcool pelo condutor,Colisão frontal,Com Vítimas Feridas,Pleno dia,Decrescente,Céu Claro,Simples,Reta,Não,2,0,0,1,1,0,1,2,-27.694868,-49.324345,SPRF-SC,DEL01-SC,UOP03-DEL01-SC,2021
340233.0,2021-02-12,sexta-feira,16:00:00,SC,282,3.8,FLORIANOPOLIS,Ausência de reação do condutor,Colisão lateral,Com Vítimas Feridas,Pleno dia,Crescente,Chuva,Múltipla,Reta,Sim,2,0,1,0,1,0,1,2,-27.600384,-48.599705,SPRF-SC,DEL01-SC,UOP01-DEL01-SC,2021
340374.0,2021-02-13,sábado,02:30:00,SC,282,379.6,HERVAL DOESTE,Reação tardia ou ineficiente do condutor,Saída de leito carroçável,Com Vítimas Feridas,Plena Noite,Decrescente,Nublado,Simples,Rotatória,Não,30,0,17,0,13,0,17,1,-27.214668,-51.489677,SPRF-SC,DEL07-SC,UOP05-DEL07-SC,2021
340404.0,2021-02-13,sábado,08:45:00,SC,282,20.0,PALHOCA,Condutor deixou de manter distância do veículo da frente,Colisão traseira,Com Vítimas Feridas,Pleno dia,Crescente,Céu Claro,Simples,Reta,Sim,3,0,1,0,2,0,1,2,-27.683958,-48.71006,SPRF-SC,DEL01-SC,UOP02-DEL01-SC,2021
340415.0,2021-02-13,sábado,09:30:00,SC,282,205.0,LAGES,Condutor deixou de manter distância do veículo da frente,Colisão traseira,Com Vítimas Feridas,Pleno dia,Decrescente,Céu Claro,Simples,Reta,Não,9,0,3,0,6,0,3,2,-27.770323,-50.182167,SPRF-SC,DEL05-SC,UOP01-DEL05-SC,2021
340471.0,2021-02-13,sábado,10:30:00,SC,282,115.6,ALFREDO WAGNER,Velocidade Incompatível,Saída de leito carroçável,Com Vítimas Feridas,Pleno dia,Decrescente,Céu Claro,Simples,Curva,Não,2,0,0,2,0,0,2,1,-27.755424,-49.39444,SPRF-SC,DEL01-SC,UOP03-DEL01-SC,2021
340484.0,2021-02-13,sábado,16:10:00,SC,282,114.7,ALFREDO WAGNER,Velocidade Incompatível,Saída de leito carroçável,Com Vítimas Feridas,Pleno dia,Crescente,Céu Claro,Simples,Curva,Não,1,0,0,1,0,0,1,1,-27.748552,-49.388176,SPRF-SC,DEL01-SC,UOP03-DEL01-SC,2021
340514.0,2021-02-13,sábado,14:40:00,SC,282,645.8,SAO MIGUEL DO OESTE,Acessar a via sem observar a presença dos outros veículos,Colisão transversal,Com Vítimas Feridas,Pleno dia,Decrescente,Céu Claro,Simples,Reta,Não,2,0,0,1,1,0,1,2,-26.765184,-53.487823,SPRF-SC,DEL07-SC,UOP03-DEL07-SC,2021
340641.0,2021-02-14,domingo,10:00:00,SC,282,529.3,CORDILHEIRA ALTA,Acumulo de areia ou detritos sobre o pavimento,Queda de ocupante de veículo,Com Vítimas Feridas,Pleno dia,Decrescente,Céu Claro,Simples,Reta,Não,1,0,1,0,0,0,1,1,-26.982185,-52.59734,SPRF-SC,DEL07-SC,UOP01-DEL07-SC,2021
340737.0,2021-02-14,domingo,13:50:00,SC,282,512.2,XANXERE,Condutor deixou de manter distância do veículo da frente,Colisão traseira,Com Vítimas Feridas,Pleno dia,Crescente,Sol,Simples,Aclive;Reta,Não,3,0,2,0,1,0,2,2,-26.910799,-52.472099,SPRF-SC,DEL07-SC,UOP01-DEL07-SC,2021
340801.0,2021-02-14,domingo,19:00:00,SC,282,380.0,HERVAL DOESTE,Condutor deixou de manter distância do veículo da frente,Colisão traseira,Com Vítimas Feridas,Plena Noite,Crescente,Céu Claro,Simples,Reta,Não,3,0,1,1,1,0,2,2,-27.21464026,-51.4881134,SPRF-SC,DEL07-SC,UOP05-DEL07-SC,2021
340821.0,2021-02-14,domingo,21:00:00,SC,282,413.0,CATANDUVAS,Ingestão de álcool pelo condutor,Colisão traseira,Com Vítimas Feridas,Plena Noite,Decrescente,Céu Claro,Simples,Reta;Aclive,Não,4,0,1,0,3,0,1,2,-27.053736,-51.698277,SPRF-SC,DEL07-SC,UOP05-DEL07-SC,2021
340823.0,2021-02-14,domingo,17:55:00,SC,282,443.0,PONTE SERRADA,Carga excessiva e/ou mal acondicionada,Saída de leito carroçável,Com Vítimas Feridas,Pleno dia,Crescente,Céu Claro,Simples,Reta,Não,2,0,1,1,0,0,2,1,-26.917578,-51.890999,SPRF-SC,DEL07-SC,UOP04-DEL07-SC,2021
341103.0,2021-02-12,sexta-feira,11:15:00,SC,282,49.0,AGUAS MORNAS,Condutor Dormindo,Capotamento,Com Vítimas Feridas,Pleno dia,Decrescente,Chuva,Simples,Declive,Não,2,0,1,0,1,0,1,2,-27.712931,-48.943741,SPRF-SC,DEL01-SC,UOP03-DEL01-SC,2021
341152.0,2021-02-16,terça-feira,20:00:00,SC,282,155.5,BOM RETIRO,Animais na Pista,Atropelamento de Animal,Sem Vítimas,Plena Noite,Decrescente,Céu Claro,Simples,Reta,Não,3,0,0,0,3,0,0,2,-27.739244,-49.734146,SPRF-SC,DEL05-SC,UOP01-DEL05-SC,2021
341157.0,2021-02-16,terça-feira,18:45:00,SC,282,370.0,ERVAL VELHO,Ingestão de álcool pelo condutor,Colisão transversal,Sem Vítimas,Anoitecer,Decrescente,Céu Claro,Simples,Rotatória,Sim,2,0,0,0,2,0,0,2,-27.268663,-51.443768,SPRF-SC,DEL07-SC,UOP05-DEL07-SC,2021
341158.0,2021-02-16,terça-feira,18:30:00,SC,282,396.9,JOACABA,Ausência de reação do condutor,Colisão lateral sentido oposto,Com Vítimas Feridas,Pleno dia,Decrescente,Céu Claro,Simples,Curva,Não,2,0,1,0,1,0,1,2,-27.155375,-51.601593,SPRF-SC,DEL07-SC,UOP05-DEL07-SC,2021
341310.0,2021-02-17,quarta-feira,21:20:00,SC,282,217.0,LAGES,Desrespeitar a preferência no cruzamento,Colisão transversal,Com Vítimas Feridas,Plena Noite,Decrescente,Céu Claro,Simples,Reta;Rotatória,Sim,2,0,1,0,1,0,1,2,-27.797916,-50.302944,SPRF-SC,DEL05-SC,UOP01-DEL05-SC,2021
341490.0,2021-02-18,quinta-feira,19:28:00,SC,282,3.7,FLORIANOPOLIS,Condutor deixou de manter distância do veículo da frente,Colisão traseira,Com Vítimas Feridas,Plena Noite,Crescente,Céu Claro,Múltipla,Curva,Sim,2,0,0,1,1,0,1,2,-27.59953836,-48.6000663,SPRF-SC,DEL01-SC,UOP01-DEL01-SC,2021
341653.0,2021-02-19,sexta-feira,14:30:00,SC,282,96.6,ALFREDO WAGNER,Condutor Dormindo,Saída de leito carroçável,Com Vítimas Feridas,Pleno dia,Crescente,Céu Claro,Simples,Curva,Não,2,0,1,0,1,0,1,1,-27.712412,-49.263622,SPRF-SC,DEL01-SC,UOP03-DEL01-SC,2021
341765.0,2021-02-19,sexta-feira,20:30:00,SC,282,571.0,NOVA ERECHIM,Manobra de mudança de faixa,Colisão lateral sentido oposto,Com Vítimas Feridas,Plena Noite,Decrescente,Céu Claro,Simples,Curva,Não,2,0,1,0,1,0,1,2,-26.883053,-52.939816,SPRF-SC,DEL07-SC,UOP02-DEL07-SC,2021
341827.0,2021-02-20,sábado,10:20:00,SC,282,42.5,AGUAS MORNAS,Conversão proibida,Colisão transversal,Com Vítimas Feridas,Pleno dia,Crescente,Céu Claro,Simples,Reta,Não,3,0,2,0,1,0,2,2,-27.72077,-48.887478,SPRF-SC,DEL01-SC,UOP03-DEL01-SC,2021
341834.0,2021-02-20,sábado,11:50:00,SC,282,16.0,PALHOCA,Acessar a via sem observar a presença dos outros veículos,Colisão transversal,Com Vítimas Feridas,Pleno dia,Decrescente,Céu Claro,Simples,Reta,Sim,2,0,1,1,0,0,2,2,-27.658611,-48.681847,SPRF-SC,DEL01-SC,UOP02-DEL01-SC,2021
342016.0,2021-02-21,domingo,04:50:00,SC,282,633.5,DESCANSO,Ingestão de álcool pelo condutor,Saída de leito carroçável,Com Vítimas Feridas,Plena Noite,Decrescente,Céu Claro,Simples,Declive;Curva,Não,4,0,4,0,0,0,4,1,-26.824224,-53.412407,SPRF-SC,DEL07-SC,UOP03-DEL07-SC,2021
342129.0,2021-02-21,domingo,18:45:00,SC,282,503.8,XANXERE,Acumulo de areia ou detritos sobre o pavimento,Tombamento,Com Vítimas Feridas,Pleno dia,Decrescente,Sol,Dupla,Curva,Sim,1,0,1,0,0,0,1,1,-26.88492,-52.399788,SPRF-SC,DEL07-SC,UOP01-DEL07-SC,2021
342139.0,2021-02-21,domingo,17:00:00,SC,282,495.2,FAXINAL DOS GUEDES,Ingestão de álcool pelo condutor,Colisão com objeto,Com Vítimas Feridas,Pleno dia,Decrescente,Sol,Simples,Curva,Não,1,0,1,0,0,0,1,1,-26.875349,-52.327076,SPRF-SC,DEL07-SC,UOP01-DEL07-SC,2021
342237.0,2021-02-22,segunda-feira,09:00:00,SC,282,5.0,SAO JOSE,Trafegar com motocicleta (ou similar) entre as faixas,Colisão lateral mesmo sentido,Com Vítimas Feridas,Pleno dia,Crescente,Céu Claro,Dupla,Reta,Sim,3,0,0,2,1,0,2,2,-27.588425,-48.612919,SPRF-SC,DEL01-SC,UOP01-DEL01-SC,2021
342255.0,2021-02-22,segunda-feira,08:25:00,SC,282,0.7,FLORIANOPOLIS,Reação tardia ou ineficiente do condutor,Tombamento,Com Vítimas Feridas,Pleno dia,Decrescente,Sol,Dupla,Reta,Sim,1,0,1,0,0,0,1,1,-27.59845,-48.571995,SPRF-SC,DEL01-SC,UOP01-DEL01-SC,2021
342277.0,2021-02-22,segunda-feira,12:40:00,SC,282,5.0,SAO JOSE,Reação tardia ou ineficiente do condutor,Colisão lateral mesmo sentido,Com Vítimas Feridas,Pleno dia,Decrescente,Sol,Múltipla,Reta,Sim,3,0,2,0,1,0,2,2,-27.588425,-48.612919,SPRF-SC,DEL01-SC,UOP01-DEL01-SC,2021
342290.0,2021-02-22,segunda-feira,12:50:00,SC,282,260.3,SAO JOSE DO CERRITO,Velocidade Incompatível,Saída de leito carroçável,Com Vítimas Feridas,Pleno dia,Decrescente,Sol,Simples,Curva,Não,4,0,1,0,3,0,1,1,-27.644962,-50.59391,SPRF-SC,DEL05-SC,UOP02-DEL05-SC,2021
342311.0,2021-02-22,segunda-feira,15:10:00,SC,282,59.1,RANCHO QUEIMADO,Acessar a via sem observar a presença dos outros veículos,Colisão frontal,Sem Vítimas,Pleno dia,Decrescente,Céu Claro,Simples,Reta,Não,2,0,0,0,2,0,0,2,-27.67734297,-49.01332498,SPRF-SC,DEL01-SC,UOP03-DEL01-SC,2021
342431.0,2021-02-23,terça-feira,09:35:00,SC,282,509.2,XANXERE,Objeto estático sobre o leito carroçável,Queda de ocupante de veículo,Com Vítimas Feridas,Pleno dia,Crescente,Céu Claro,Simples,Reta,Não,1,0,0,1,0,0,1,1,-26.890533,-52.457096,SPRF-SC,DEL07-SC,UOP01-DEL07-SC,2021
342464.0,2021-02-23,terça-feira,13:40:00,SC,282,41.5,AGUAS MORNAS,Condutor deixou de manter distância do veículo da frente,Colisão traseira,Sem Vítimas,Pleno dia,Decrescente,Chuva,Simples,Reta,Não,3,0,0,0,3,0,0,2,-27.715973,-48.878979,SPRF-SC,DEL01-SC,UOP03-DEL01-SC,2021
342521.0,2021-02-23,terça-feira,19:00:00,SC,282,330.0,CAMPOS NOVOS,Condutor Dormindo,Saída de leito carroçável,Com Vítimas Feridas,Anoitecer,Crescente,Nublado,Simples,Reta,Não,1,0,1,0,0,0,1,1,-27.384575,-51.106579,SPRF-SC,DEL07-SC,UOP06-DEL07-SC,2021
342589.0,2021-02-24,quarta-feira,07:05:00,SC,282,577.4,PINHALZINHO,Acessar a via sem observar a presença dos outros veículos,Colisão transversal,Com Vítimas Feridas,Pleno dia,Decrescente,Nublado,Simples,Reta;Aclive,Sim,5,0,1,0,4,0,1,2,-26.84676,-52.980644,SPRF-SC,DEL07-SC,UOP02-DEL07-SC,2021
342705.0,2021-01-25,segunda-feira,14:00:00,SC,282,48.9,AGUAS MORNAS,Chuva,Saída de leito carroçável,Com Vítimas Feridas,Pleno dia,Crescente,Chuva,Simples,Curva,Não,4,0,2,0,2,0,2,1,-27.714352,-48.938072,SPRF-SC,DEL01-SC,UOP03-DEL01-SC,2021
342872.0,2021-02-25,quinta-feira,18:00:00,SC,282,223.0,LAGES,Desrespeitar a preferência no cruzamento,Colisão transversal,Com Vítimas Feridas,Pleno dia,Decrescente,Céu Claro,Simples,Declive,Sim,2,0,1,0,1,0,1,2,-27.800127,-50.362751,SPRF-SC,DEL05-SC,UOP01-DEL05-SC,2021
342888.0,2021-02-25,quinta-feira,17:00:00,SC,282,496.7,XANXERE,Ausência de reação do condutor,Saída de leito carroçável,Com Vítimas Feridas,Pleno dia,Crescente,Sol,Simples,Reta,Não,2,0,2,0,0,0,2,1,-26.878679,-52.335735,SPRF-SC,DEL07-SC,UOP01-DEL07-SC,2021
343004.0,2021-02-07,domingo,20:45:00,SC,282,215.0,LAGES,Velocidade Incompatível,Queda de ocupante de veículo,Com Vítimas Feridas,Plena Noite,Decrescente,Céu Claro,Dupla,Reta,Sim,1,0,1,0,0,0,1,1,-27.793665,-50.281799,SPRF-SC,DEL05-SC,UOP01-DEL05-SC,2021
343065.0,2021-02-26,sexta-feira,15:20:00,SC,282,134.6,BOM RETIRO,Manobra de mudança de faixa,Saída de leito carroçável,Com Vítimas Feridas,Pleno dia,Decrescente,Céu Claro,Simples,Reta,Não,2,0,1,0,1,0,1,2,-27.813074,-49.540077,SPRF-SC,DEL05-SC,UOP01-DEL05-SC,2021
343102.0,2021-02-26,sexta-feira,17:45:00,SC,282,3.0,FLORIANOPOLIS,Ingestão de álcool pelo condutor,Engavetamento,Com Vítimas Feridas,Anoitecer,Crescente,Chuva,Múltipla,Reta,Sim,4,0,1,0,3,0,1,4,-27.600384,-48.599705,SPRF-SC,DEL01-SC,UOP01-DEL01-SC,2021
343118.0,2021-02-26,sexta-feira,20:30:00,SC,282,3.0,FLORIANOPOLIS,Ingestão de álcool pelo condutor,Engavetamento,Sem Vítimas,Plena Noite,Crescente,Chuva,Dupla,Reta,Sim,6,0,0,0,6,0,0,3,-27.600384,-48.599705,SPRF-SC,DEL01-SC,UOP01-DEL01-SC,2021
343328.0,2021-02-27,sábado,19:40:00,SC,282,38.6,AGUAS MORNAS,Transitar na contramão,Colisão lateral sentido oposto,Sem Vítimas,Plena Noite,Decrescente,Nublado,Simples,Curva,Não,2,0,0,0,2,0,0,2,-27.709209,-48.852467,SPRF-SC,DEL01-SC,UOP03-DEL01-SC,2021
343355.0,2021-02-27,sábado,20:30:00,SC,282,643.2,SAO MIGUEL DO OESTE,Velocidade Incompatível,Saída de leito carroçável,Sem Vítimas,Plena Noite,Crescente,Céu Claro,Simples,Curva,Não,1,0,0,0,0,1,0,1,-26.768974,-53.469772,SPRF-SC,DEL07-SC,UOP03-DEL07-SC,2021
343371.0,2021-02-27,sábado,20:20:00,SC,282,408.0,CATANDUVAS,Ingestão de álcool pelo condutor,Saída de leito carroçável,Sem Vítimas,Plena Noite,Decrescente,Céu Claro,Simples,Curva,Não,1,0,0,0,1,0,0,1,-27.074812,-51.663269,SPRF-SC,DEL07-SC,UOP05-DEL07-SC,2021
343390.0,2021-02-28,domingo,02:45:00,SC,282,504.0,XANXERE,Velocidade Incompatível,Capotamento,Sem Vítimas,Plena Noite,Crescente,Céu Claro,Dupla,Curva,Sim,3,0,0,0,3,0,0,1,-26.88429672,-52.40851879,SPRF-SC,DEL07-SC,UOP01-DEL07-SC,2021
343639.0,2021-03-01,segunda-feira,08:00:00,SC,282,69.0,RANCHO QUEIMADO,Velocidade Incompatível,Saída de leito carroçável,Com Vítimas Feridas,Pleno dia,Crescente,Chuva,Simples,Curva,Não,1,0,1,0,0,0,1,1,-27.690144,-49.083813,SPRF-SC,DEL01-SC,UOP03-DEL01-SC,2021
343744.0,2021-02-13,sábado,19:30:00,SC,282,507.2,XANXERE,Ingestão de álcool pelo condutor,Colisão com objeto,Com Vítimas Feridas,Plena Noite,Crescente,Céu Claro,Dupla,Rotatória,Sim,2,0,1,1,0,0,2,1,-26.886171,-52.43911,SPRF-SC,DEL07-SC,UOP01-DEL07-SC,2021
344146.0,2021-02-08,segunda-feira,11:30:00,SC,282,412.0,CATANDUVAS,Manobra de mudança de faixa,Colisão lateral mesmo sentido,Com Vítimas Feridas,Pleno dia,Decrescente,Céu Claro,Simples,Aclive;Curva,Não,2,0,1,0,0,1,1,2,-27.055775,-51.688843,SPRF-SC,DEL07-SC,UOP05-DEL07-SC,2021
344216.0,2021-02-26,sexta-feira,21:30:00,SC,282,216.0,LAGES,Ultrapassagem Indevida,Colisão lateral mesmo sentido,Com Vítimas Feridas,Plena Noite,Decrescente,Céu Claro,Simples,Reta,Sim,2,0,1,0,1,0,1,2,-27.797529,-50.291862,SPRF-SC,DEL05-SC,UOP01-DEL05-SC,2021
344408.0,2021-03-05,sexta-feira,13:00:00,SC,282,622.2,IRACEMINHA,Ausência de reação do condutor,Saída de leito carroçável,Com Vítimas Feridas,Pleno dia,Decrescente,Céu Claro,Simples,Curva,Não,1,0,0,1,0,0,1,1,-26.797441,-53.323349,SPRF-SC,DEL07-SC,UOP02-DEL07-SC,2021
344417.0,2021-02-15,segunda-feira,03:40:00,SC,282,65.9,RANCHO QUEIMADO,Velocidade Incompatível,Colisão frontal,Com Vítimas Fatais,Plena Noite,Crescente,Garoa/Chuvisco,Simples,Reta,Não,2,1,0,0,1,0,0,2,-27.69817714,-49.06339645,SPRF-SC,DEL01-SC,UOP03-DEL01-SC,2021
344440.0,2021-03-05,sexta-feira,17:10:00,SC,282,56.2,RANCHO QUEIMADO,Velocidade Incompatível,Colisão frontal,Com Vítimas Feridas,Pleno dia,Decrescente,Chuva,Simples,Curva,Não,6,0,4,0,2,0,4,3,-27.691633,-48.991375,SPRF-SC,DEL01-SC,UOP03-DEL01-SC,2021
344480.0,2021-03-05,sexta-feira,19:50:00,SC,282,16.0,PALHOCA,Ingestão de álcool pelo condutor,Colisão frontal,Com Vítimas Feridas,Plena Noite,Crescente,Céu Claro,Simples,Reta,Não,2,0,1,0,1,0,1,2,-27.658611,-48.681847,SPRF-SC,DEL01-SC,UOP02-DEL01-SC,2021
344595.0,2021-03-06,sábado,09:50:00,SC,282,377.0,JOACABA,Frear bruscamente,Colisão traseira,Sem Vítimas,Pleno dia,Decrescente,Sol,Simples,Reta,Não,3,0,0,0,3,0,0,3,-27.216974,-51.470055,SPRF-SC,DEL07-SC,UOP05-DEL07-SC,2021
344605.0,2021-03-06,sábado,08:25:00,SC,282,137.3,BOM RETIRO,Velocidade Incompatível,Colisão com objeto,Com Vítimas Feridas,Pleno dia,Decrescente,Céu Claro,Simples,Interseção de Vias,Não,1,0,0,1,0,0,1,1,-27.82296579,-49.57039833,SPRF-SC,DEL05-SC,UOP01-DEL05-SC,2021
344666.0,2021-03-06,sábado,15:10:00,SC,282,31.4,SANTO AMARO DA IMPERATRIZ,Condutor deixou de manter distância do veículo da frente,Colisão traseira,Com Vítimas Feridas,Pleno dia,Decrescente,Chuva,Simples,Reta,Não,3,0,2,0,1,0,2,2,-27.70116,-48.800175,SPRF-SC,DEL01-SC,UOP03-DEL01-SC,2021
344714.0,2021-03-06,sábado,19:30:00,SC,282,537.9,CHAPECO,Ingestão de álcool pelo condutor,Capotamento,Sem Vítimas,Plena Noite,Crescente,Céu Claro,Simples,Curva,Não,1,0,0,0,1,0,0,1,-26.999933,-52.663895,SPRF-SC,DEL07-SC,UOP01-DEL07-SC,2021
344725.0,2021-03-06,sábado,21:30:00,SC,282,591.0,SAUDADES,Velocidade Incompatível,Saída de leito carroçável,Com Vítimas Feridas,Plena Noite,Decrescente,Céu Claro,Simples,Curva,Não,1,0,1,0,0,0,1,1,-26.8275175,-53.07645321,SPRF-SC,DEL07-SC,UOP02-DEL07-SC,2021
344742.0,2021-03-06,sábado,22:00:00,SC,282,504.4,XANXERE,Ingestão de álcool pelo condutor,Colisão frontal,Com Vítimas Feridas,Plena Noite,Crescente,Céu Claro,Simples,Reta,Sim,3,0,3,0,0,0,3,2,-26.884584,-52.390911,SPRF-SC,DEL07-SC,UOP01-DEL07-SC,2021
344849.0,2021-02-05,sexta-feira,00:35:00,SC,282,26.6,SANTO AMARO DA IMPERATRIZ,Ingestão de álcool pelo condutor,Colisão com objeto,Com Vítimas Fatais,Plena Noite,Decrescente,Céu Claro,Simples,Reta,Sim,5,1,0,1,1,2,1,4,-27.6744009,-48.7690255,SPRF-SC,DEL01-SC,UOP03-DEL01-SC,2021
344895.0,2021-03-07,domingo,15:40:00,SC,282,225.0,LAGES,Desrespeitar a preferência no cruzamento,Colisão transversal,Com Vítimas Feridas,Pleno dia,Crescente,Sol,Simples,Rotatória,Sim,2,0,1,0,1,0,1,2,-27.79975439,-50.36338806,SPRF-SC,DEL05-SC,UOP02-DEL05-SC,2021
345040.0,2021-03-08,segunda-feira,11:00:00,SC,282,16.3,PALHOCA,Transitar no acostamento,Colisão frontal,Com Vítimas Feridas,Pleno dia,Crescente,Céu Claro,Simples,Reta,Sim,2,0,1,0,1,0,1,2,-27.658611,-48.681847,SPRF-SC,DEL01-SC,UOP02-DEL01-SC,2021
345108.0,2021-03-08,segunda-feira,14:15:00,SC,282,407.7,CATANDUVAS,Transitar na contramão,Colisão lateral sentido oposto,Com Vítimas Feridas,Pleno dia,Decrescente,Céu Claro,Simples,Curva,Não,3,0,0,2,1,0,2,2,-27.083517,-51.662014,SPRF-SC,DEL07-SC,UOP05-DEL07-SC,2021