id,data_inversa,dia_semana,horario,uf,br,km,municipio,causa_acidente,tipo_acidente,classificacao_acidente,fase_dia,sentido_via,condicao_metereologica,tipo_pista,tracado_via,uso_solo,pessoas,mortos,feridos_leves,feridos_graves,ilesos,ignorados,feridos,veiculos,latitude,longitude,regional,delegacia,uop,ano_arquivo
352416.0,2021-04-17,sábado,19:50:00,SC,282,222.8,LAGES,Transitar na contramão,Colisão frontal,Com Vítimas Fatais,Plena Noite,Crescente,Céu Claro,Simples,Curva,Não,3,1,1,1,0,0,2,2,-27.797739,-50.353409,SPRF-SC,DEL05-SC,UOP01-DEL05-SC,2021
352445.0,2021-04-17,sábado,19:30:00,SC,282,348.9,CAMPOS NOVOS,Mal súbito do condutor,Saída de leito carroçável,Com Vítimas Feridas,Plena Noite,Crescente,Nublado,Simples,Reta,Não,1,0,1,0,0,0,1,1,-27.361637,-51.273197,SPRF-SC,DEL07-SC,UOP06-DEL07-SC,2021
352487.0,2021-04-18,domingo,05:00:00,SC,282,671.3,PARAISO,Ausência de reação do condutor,Colisão lateral sentido oposto,Sem Vítimas,Plena Noite,Crescente,Céu Claro,Simples,Curva,Não,1,0,0,0,0,1,0,1,-26.626854,-53.648888,SPRF-SC,DEL07-SC,UOP03-DEL07-SC,2021
352500.0,2021-04-18,domingo,09:20:00,SC,282,1.7,FLORIANOPOLIS,Velocidade Incompatível,Saída de leito carroçável,Com Vítimas Feridas,Pleno dia,Decrescente,Chuva,Dupla,Reta,Sim,2,0,0,2,0,0,2,1,-27.602955,-48.580509,SPRF-SC,DEL01-SC,UOP01-DEL01-SC,2021
352505.0,2021-04-18,domingo,08:15:00,SC,282,88.9,ALFREDO WAGNER,Ingestão de álcool pelo condutor,Colisão lateral sentido oposto,Sem Vítimas,Pleno dia,Decrescente,Garoa/Chuvisco,Simples,Curva;Declive,Não,2,0,0,0,2,0,0,2,-27.67198,-49.208591,SPRF-SC,DEL01-SC,UOP03-DEL01-SC,2021
352584.0,2021-04-18,domingo,19:00:00,SC,282,17.6,PALHOCA,Condutor deixou de manter distância do veículo da frente,Colisão traseira,Com Vítimas Feridas,Plena Noite,Crescente,Céu Claro,Simples,Reta,Sim,3,0,1,0,2,0,1,3,-27.665707,-48.688065,SPRF-SC,DEL01-SC,UOP02-DEL01-SC,2021
352593.0,2021-04-18,domingo,17:30:00,SC,282,227.3,LAGES,Condutor deixou de manter distância do veículo da frente,Colisão traseira,Sem Vítimas,Anoitecer,Decrescente,Céu Claro,Simples,Reta,Não,3,0,0,0,3,0,0,2,-27.795815,-50.399048,SPRF-SC,DEL05-SC,UOP02-DEL05-SC,2021
352662.0,2021-04-19,segunda-feira,00:35:00,SC,282,452.0,PONTE SERRADA,Pista Escorregadia,Saída de leito carroçável,Com Vítimas Feridas,Plena Noite,Crescente,Céu Claro,Simples,Curva,Não,3,0,1,0,2,0,1,1,-26.90612,-51.970417,SPRF-SC,DEL07-SC,UOP04-DEL07-SC,2021
352698.0,2021-04-19,segunda-feira,07:50:00,SC,282,590.3,SAUDADES,Acessar a via sem observar a presença dos outros veículos,Colisão transversal,Sem Vítimas,Pleno dia,Decrescente,Céu Claro,Simples,Curva,Não,2,0,0,0,2,0,0,2,-26.825788,-53.072556,SPRF-SC,DEL07-SC,UOP02-DEL07-SC,2021
352862.0,2021-04-19,segunda-feira,20:15:00,SC,480,128.3,CHAPECO,Desrespeitar a preferência no cruzamento,Colisão transversal,Com Vítimas Feridas,Plena Noite,Crescente,Céu Claro,Simples,Interseção de Vias,Sim,2,0,0,1,1,0,1,2,-27.03994407,-52.63526386,SPRF-SC,DEL07-SC,UOP01-DEL07-SC,2021
352891.0,2021-02-23,terça-feira,07:45:00,SC,282,26.7,SANTO AMARO DA IMPERATRIZ,Acessar a via sem observar a presença dos outros veículos,Colisão transversal,Com Vítimas Feridas,Pleno dia,Decrescente,Céu Claro,Simples,Reta,Sim,3,0,1,1,1,0,2,2,-27.680267,-48.762482,SPRF-SC,DEL01-SC,UOP03-DEL01-SC,2021
352894.0,2021-04-20,terça-feira,08:00:00,SC,282,2.0,FLORIANOPOLIS,Condutor deixou de manter distância do veículo da frente,Colisão traseira,Sem Vítimas,Pleno dia,Decrescente,Céu Claro,Dupla,Reta,Sim,3,0,0,0,3,0,0,3,-27.603289,-48.590416,SPRF-SC,DEL01-SC,UOP01-DEL01-SC,2021
352965.0,2021-04-20,terça-feira,15:45:00,SC,282,19.9,PALHOCA,Desrespeitar a preferência no cruzamento,Colisão transversal,Com Vítimas Feridas,Pleno dia,Crescente,Céu Claro,Simples,Reta,Não,2,0,1,0,1,0,1,2,-27.678635,-48.70192,SPRF-SC,DEL01-SC,UOP02-DEL01-SC,2021
352990.0,2021-04-20,terça-feira,18:40:00,SC,282,16.8,PALHOCA,Reação tardia ou ineficiente do condutor,Colisão lateral sentido oposto,Com Vítimas Feridas,Plena Noite,Crescente,Garoa/Chuvisco,Simples,Reta,Sim,1,0,1,0,0,0,1,1,-27.658611,-48.681847,SPRF-SC,DEL01-SC,UOP02-DEL01-SC,2021
353050.0,2021-04-20,terça-feira,23:40:00,SC,282,1.0,FLORIANOPOLIS,Ingestão de álcool pelo condutor,Colisão lateral mesmo sentido,Com Vítimas Feridas,Plena Noite,Crescente,Chuva,Múltipla,Reta,Sim,2,0,1,0,1,0,1,2,-27.602955,-48.580509,SPRF-SC,DEL01-SC,UOP01-DEL01-SC,2021
353207.0,2021-04-21,quarta-feira,20:30:00,SC,282,492.9,FAXINAL DOS GUEDES,Ausência de reação do condutor,Saída de leito carroçável,Com Vítimas Fatais,Plena Noite,Decrescente,Céu Claro,Simples,Rotatória,Não,1,1,0,0,0,0,0,1,-26.871534,-52.300915,SPRF-SC,DEL07-SC,UOP01-DEL07-SC,2021
353240.0,2021-04-22,quinta-feira,03:00:00,SC,282,132.0,BOM RETIRO,Condutor Dormindo,Saída de leito carroçável,Com Vítimas Feridas,Plena Noite,Crescente,Céu Claro,Simples,Reta,Não,2,0,1,0,1,0,1,1,-27.8097,-49.522575,SPRF-SC,DEL05-SC,UOP01-DEL05-SC,2021
353259.0,2021-04-22,quinta-feira,06:30:00,SC,282,89.0,ALFREDO WAGNER,Velocidade Incompatível,Saída de leito carroçável,Sem Vítimas,Pleno dia,Crescente,Céu Claro,Simples,Reta,Não,2,0,0,0,2,0,0,1,-27.677973,-49.215893,SPRF-SC,DEL01-SC,UOP03-DEL01-SC,2021
353339.0,2021-04-22,quinta-feira,13:20:00,SC,282,360.0,ERVAL VELHO,Velocidade Incompatível,Saída de leito carroçável,Com Vítimas Feridas,Pleno dia,Decrescente,Céu Claro,Simples,Reta,Não,1,0,1,0,0,0,1,1,-27.317354,-51.366764,SPRF-SC,DEL07-SC,UOP05-DEL07-SC,2021
353352.0,2021-04-22,quinta-feira,17:10:00,SC,282,389.5,JOACABA,Acumulo de óleo sobre o pavimento,Tombamento,Com Vítimas Feridas,Anoitecer,Crescente,Céu Claro,Simples,Reta,Sim,1,0,1,0,0,0,1,1,-27.179414,-51.539068,SPRF-SC,DEL07-SC,UOP05-DEL07-SC,2021
353389.0,2021-04-22,quinta-feira,18:55:00,SC,282,499.7,XANXERE,Estacionar ou parar em local proibido,Atropelamento de Pedestre,Com Vítimas Feridas,Plena Noite,Crescente,Céu Claro,Simples,Declive,Não,3,0,0,1,2,0,1,2,-26.881107,-52.365203,SPRF-SC,DEL07-SC,UOP01-DEL07-SC,2021
353437.0,2021-04-22,quinta-feira,22:50:00,SC,282,490.0,FAXINAL DOS GUEDES,Ingestão de álcool pelo condutor,Colisão lateral mesmo sentido,Sem Vítimas,Plena Noite,Crescente,Céu Claro,Simples,Interseção de Vias,Não,3,0,0,0,3,0,0,2,-26.85691569,-52.26078272,SPRF-SC,DEL07-SC,UOP01-DEL07-SC,2021
353567.0,2021-04-23,sexta-feira,18:00:00,SC,282,670.5,PARAISO,Ingestão de álcool pelo condutor,Colisão frontal,Com Vítimas Feridas,Anoitecer,Crescente,Céu Claro,Simples,Curva;Declive,Não,3,0,0,1,1,1,1,3,-26.630629,-53.640423,SPRF-SC,DEL07-SC,UOP03-DEL07-SC,2021
353623.0,2021-04-24,sábado,10:00:00,SC,282,341.6,CAMPOS NOVOS,Acessar a via sem observar a presença dos outros veículos,Colisão transversal,Com Vítimas Feridas,Pleno dia,Crescente,Céu Claro,Simples,Reta,Sim,2,0,1,0,1,0,1,2,-27.389957,-51.213387,SPRF-SC,DEL07-SC,UOP06-DEL07-SC,2021
353757.0,2021-04-25,domingo,04:00:00,SC,282,18.4,PALHOCA,Ausência de reação do condutor,Atropelamento de Pedestre,Com Vítimas Feridas,Plena Noite,Crescente,Nublado,Simples,Curva,Não,2,0,1,0,1,0,1,2,-27.672798,-48.694286,SPRF-SC,DEL01-SC,UOP02-DEL01-SC,2021
353839.0,2021-04-25,domingo,11:00:00,SC,282,463.1,PONTE SERRADA,Acessar a via sem observar a presença dos outros veículos,Colisão lateral mesmo sentido,Com Vítimas Feridas,Pleno dia,Crescente,Nublado,Simples,Rotatória,Sim,2,0,1,0,1,0,1,2,-26.85592982,-52.03296661,SPRF-SC,DEL07-SC,UOP04-DEL07-SC,2021
353851.0,2021-04-25,domingo,17:15:00,SC,282,20.9,PALHOCA,Ingestão de álcool pelo condutor,Tombamento,Com Vítimas Feridas,Pleno dia,Decrescente,Céu Claro,Simples,Reta,Sim,1,0,0,1,0,0,1,1,-27.683958,-48.71006,SPRF-SC,DEL01-SC,UOP02-DEL01-SC,2021
353911.0,2021-04-25,domingo,21:45:00,SC,282,6.0,SAO JOSE,Ausência de reação do condutor,Colisão com objeto,Com Vítimas Feridas,Plena Noite,Crescente,Nublado,Simples,Curva,Não,6,0,5,0,1,0,5,1,-27.591936,-48.618244,SPRF-SC,DEL01-SC,UOP01-DEL01-SC,2021
353964.0,2021-04-26,segunda-feira,06:40:00,SC,282,3.7,FLORIANOPOLIS,Manobra de mudança de faixa,Colisão lateral mesmo sentido,Com Vítimas Feridas,Pleno dia,Decrescente,Céu Claro,Múltipla,Reta,Sim,2,0,1,0,1,0,1,2,-27.600384,-48.599705,SPRF-SC,DEL01-SC,UOP01-DEL01-SC,2021
353977.0,2021-04-26,segunda-feira,07:30:00,SC,282,510.8,XANXERE,Conversão proibida,Colisão transversal,Com Vítimas Feridas,Pleno dia,Crescente,Sol,Simples,Reta,Não,3,0,1,1,1,0,2,2,-26.897114,-52.463585,SPRF-SC,DEL07-SC,UOP01-DEL07-SC,2021
354144.0,2021-04-27,terça-feira,08:40:00,SC,282,2.0,FLORIANOPOLIS,Condutor deixou de manter distância do veículo da frente,Colisão traseira,Com Vítimas Feridas,Pleno dia,Decrescente,Sol,Dupla,Reta,Não,4,0,1,1,2,0,2,3,-27.603289,-48.590416,SPRF-SC,DEL01-SC,UOP01-DEL01-SC,2021
354191.0,2021-02-19,sexta-feira,15:40:00,SC,480,129.5,CHAPECO,Desrespeitar a preferência no cruzamento,Colisão traseira,Com Vítimas Feridas,Pleno dia,Decrescente,Céu Claro,Simples,Interseção de Vias,Sim,3,0,1,0,2,0,1,2,-27.05056469,-52.63546678,SPRF-SC,DEL07-SC,UOP01-DEL07-SC,2021
354247.0,2021-04-27,terça-feira,17:00:00,SC,282,412.0,CATANDUVAS,Ingestão de álcool pelo condutor,Colisão frontal,Sem Vítimas,Pleno dia,Crescente,Céu Claro,Simples,Declive;Curva,Não,6,0,0,0,6,0,0,2,-27.06141882,-51.67585731,SPRF-SC,DEL07-SC,UOP05-DEL07-SC,2021
354372.0,2021-04-28,quarta-feira,09:30:00,SC,282,503.6,XANXERE,Condutor deixou de manter distância do veículo da frente,Colisão traseira,Com Vítimas Feridas,Pleno dia,Crescente,Céu Claro,Simples,Reta,Sim,3,0,1,0,2,0,1,2,-26.88492,-52.399788,SPRF-SC,DEL07-SC,UOP01-DEL07-SC,2021
354377.0,2021-04-28,quarta-feira,15:20:00,SC,282,4.4,FLORIANOPOLIS,Acessar a via sem observar a presença dos outros veículos,Queda de ocupante de veículo,Com Vítimas Feridas,Pleno dia,Decrescente,Céu Claro,Simples,Reta,Sim,1,0,1,0,0,0,1,1,-27.592646,-48.604034,SPRF-SC,DEL01-SC,UOP01-DEL01-SC,2021
354495.0,2021-04-29,quinta-feira,07:20:00,SC,282,437.0,IRANI,Desrespeitar a preferência no cruzamento,Colisão transversal,Com Vítimas Feridas,Pleno dia,Decrescente,Céu Claro,Simples,Interseção de Vias,Não,2,0,1,0,1,0,1,2,-26.963764,-51.854839,SPRF-SC,DEL07-SC,UOP04-DEL07-SC,2021
354700.0,2021-04-30,sexta-feira,13:20:00,SC,282,21.5,SANTO AMARO DA IMPERATRIZ,Desrespeitar a preferência no cruzamento,Colisão transversal,Com Vítimas Feridas,Pleno dia,Crescente,Céu Claro,Simples,Reta,Sim,2,0,0,1,1,0,1,2,-27.68907,-48.717541,SPRF-SC,DEL01-SC,UOP02-DEL01-SC,2021
354824.0,2021-04-30,sexta-feira,18:10:00,SC,282,456.7,PONTE SERRADA,Manobra de mudança de faixa,Colisão transversal,Sem Vítimas,Anoitecer,Decrescente,Céu Claro,Simples,Aclive,Não,3,0,0,0,3,0,0,2,-26.885752,-52.004669,SPRF-SC,DEL07-SC,UOP04-DEL07-SC,2021
354827.0,2021-04-30,sexta-feira,21:00:00,SC,282,6.0,SAO JOSE,Acessar a via sem observar a presença dos outros veículos,Colisão lateral mesmo sentido,Com Vítimas Feridas,Plena Noite,Decrescente,Céu Claro,Dupla,Curva;Aclive;Viaduto,Sim,2,0,1,0,1,0,1,2,-27.58439111,-48.6171627,SPRF-SC,DEL01-SC,UOP01-DEL01-SC,2021
354838.0,2021-04-30,sexta-feira,21:20:00,SC,480,128.9,CHAPECO,Ultrapassagem Indevida,Colisão transversal,Com Vítimas Feridas,Plena Noite,Decrescente,Céu Claro,Dupla,Reta,Sim,2,0,1,0,0,1,1,2,-27.0463048,-52.63537668,SPRF-SC,DEL07-SC,UOP01-DEL07-SC,2021
354851.0,2021-04-30,sexta-feira,22:00:00,SC,282,166.9,BOCAINA DO SUL,Velocidade Incompatível,Saída de leito carroçável,Sem Vítimas,Plena Noite,Decrescente,Nevoeiro/Neblina,Simples,Interseção de Vias,Não,1,0,0,0,0,1,0,1,-27.74887836,-49.81676644,SPRF-SC,DEL05-SC,UOP01-DEL05-SC,2021
354878.0,2021-05-01,sábado,02:38:00,SC,282,654.0,SAO MIGUEL DO OESTE,Ingestão de álcool pelo condutor,Saída de leito carroçável,Com Vítimas Feridas,Pleno dia,Decrescente,Céu Claro,Simples,Reta,Não,1,0,0,1,0,0,1,1,-26.76584364,-53.48865509,SPRF-SC,DEL07-SC,UOP03-DEL07-SC,2021
354937.0,2021-05-01,sábado,09:20:00,SC,282,553.5,NOVA ITABERABA,Reação tardia ou ineficiente do condutor,Colisão lateral sentido oposto,Com Vítimas Feridas,Pleno dia,Crescente,Céu Claro,Simples,Declive,Não,6,0,1,1,4,0,2,2,-26.93815,-52.791916,SPRF-SC,DEL07-SC,UOP01-DEL07-SC,2021
355020.0,2021-05-01,sábado,19:30:00,SC,282,15.8,PALHOCA,Demais falhas mecânicas ou elétricas,Colisão traseira,Com Vítimas Feridas,Plena Noite,Crescente,Nublado,Simples,Reta,Sim,4,0,1,0,3,0,1,3,-27.65746551,-48.68078839,SPRF-SC,DEL01-SC,UOP02-DEL01-SC,2021
355120.0,2021-05-02,domingo,01:15:00,SC,282,263.7,SAO JOSE DO CERRITO,Reação tardia ou ineficiente do condutor,Colisão com objeto,Com Vítimas Fatais,Plena Noite,Decrescente,Céu Claro,Dupla,Interseção de Vias,Não,1,1,0,0,0,0,0,1,-27.62696542,-50.62452793,SPRF-SC,DEL05-SC,UOP02-DEL05-SC,2021
355606.0,2021-05-04,terça-feira,14:40:00,SC,282,210.0,LAGES,Ausência de reação do condutor,Saída de leito carroçável,Com Vítimas Feridas,Pleno dia,Crescente,Céu Claro,Simples,Reta,Não,1,0,1,0,0,0,1,1,-27.778582,-50.231815,SPRF-SC,DEL05-SC,UOP01-DEL05-SC,2021
355681.0,2021-05-05,quarta-feira,06:40:00,SC,282,2.0,FLORIANOPOLIS,Manobra de mudança de faixa,Colisão lateral mesmo sentido,Com Vítimas Feridas,Pleno dia,Crescente,Nublado,Múltipla,Reta,Não,2,0,1,0,1,0,1,2,-27.603289,-48.590416,SPRF-SC,DEL01-SC,UOP01-DEL01-SC,2021
355820.0,2021-05-05,quarta-feira,18:40:00,SC,282,306.0,VARGEM,Chuva,Capotamento,Com Vítimas Feridas,Plena Noite,Crescente,Chuva,Simples,Curva,Não,1,0,1,0,0,0,1,1,-27.495869,-50.952518,SPRF-SC,DEL07-SC,UOP06-DEL07-SC,2021
355825.0,2021-05-01,sábado,19:50:00,SC,282,16.0,PALHOCA,Condutor deixou de manter distância do veículo da frente,Colisão traseira,Sem Vítimas,Plena Noite,Decrescente,Céu Claro,Simples,Interseção de Vias,Sim,3,0,0,0,1,2,0,3,-27.658611,-48.681847,SPRF-SC,DEL01-SC,UOP02-DEL01-SC,2021
355945.0,2021-05-06,quinta-feira,10:45:00,SC,282,48.8,AGUAS MORNAS,Chuva,Colisão frontal,Com Vítimas Feridas,Pleno dia,Crescente,Chuva,Simples,Curva,Não,4,0,1,1,2,0,2,2,-27.714352,-48.938072,SPRF-SC,DEL01-SC,UOP03-DEL01-SC,2021
356031.0,2021-05-06,quinta-feira,20:15:00,SC,282,55.0,AGUAS MORNAS,Velocidade Incompatível,Saída de leito carroçável,Com Vítimas Feridas,Plena Noite,Decrescente,Chuva,Simples,Curva,Não,4,0,2,2,0,0,4,1,-27.689514,-48.982376,SPRF-SC,DEL01-SC,UOP03-DEL01-SC,2021
356033.0,2021-05-06,quinta-feira,21:20:00,SC,282,525.8,XAXIM,Ingestão de álcool pelo condutor,Saída de leito carroçável,Sem Vítimas,Plena Noite,Crescente,Chuva,Simples,Curva,Não,1,0,0,0,1,0,0,1,-26.965441,-52.566383,SPRF-SC,DEL07-SC,UOP01-DEL07-SC,2021
356044.0,2021-05-07,sexta-feira,00:01:00,SC,282,504.0,XANXERE,Velocidade Incompatível,Colisão com objeto,Com Vítimas Feridas,Plena Noite,Decrescente,Nublado,Dupla,Curva,Sim,2,0,1,0,1,0,1,1,-26.884279,-52.408466,SPRF-SC,DEL07-SC,UOP01-DEL07-SC,2021
356089.0,2021-05-06,quinta-feira,17:00:00,SC,282,81.4,RANCHO QUEIMADO,Chuva,Saída de leito carroçável,Com Vítimas Feridas,Anoitecer,Crescente,Chuva,Simples,Declive;Curva,Não,3,0,1,0,2,0,1,1,-27.662018,-49.168583,SPRF-SC,DEL01-SC,UOP03-DEL01-SC,2021
356132.0,2021-01-13,quarta-feira,12:15:00,SC,480,125.6,CHAPECO,Mal súbito do condutor,Saída de leito carroçável,Com Vítimas Fatais,Pleno dia,Crescente,Sol,Dupla,Reta,Não,1,1,0,0,0,0,0,1,-27.01588191,-52.63788729,SPRF-SC,DEL07-SC,UOP01-DEL07-SC,2021
356321.0,2021-05-08,sábado,01:50:00,SC,282,347.0,CAMPOS NOVOS,Ingestão de álcool e/ou substâncias psicoativas pelo pedestre,Saída de leito carroçável,Sem Vítimas,Plena Noite,Crescente,Céu Claro,Simples,Reta,Sim,1,0,0,0,0,1,0,1,-27.365206,-51.263924,SPRF-SC,DEL07-SC,UOP06-DEL07-SC,2021
356350.0,2021-05-08,sábado,08:00:00,SC,282,216.0,LAGES,Acessar a via sem observar a presença dos outros veículos,Colisão transversal,Com Vítimas Feridas,Pleno dia,Decrescente,Céu Claro,Simples,Rotatória,Sim,3,0,1,0,2,0,1,2,-27.79476903,-50.28390884,SPRF-SC,DEL05-SC,UOP01-DEL05-SC,2021
356438.0,2021-05-08,sábado,17:30:00,SC,282,24.6,SANTO AMARO DA IMPERATRIZ,Condutor deixou de manter distância do veículo da frente,Engavetamento,Com Vítimas Feridas,Anoitecer,Crescente,Céu Claro,Simples,Reta,Não,12,0,2,0,10,0,2,4,-27.68268,-48.744614,SPRF-SC,DEL01-SC,UOP03-DEL01-SC,2021
356451.0,2021-05-08,sábado,19:00:00,SC,282,38.5,AGUAS MORNAS,Velocidade Incompatível,Colisão frontal,Com Vítimas Feridas,Plena Noite,Decrescente,Nublado,Simples,Curva,Não,3,0,0,3,0,0,3,2,-27.709209,-48.852467,SPRF-SC,DEL01-SC,UOP03-DEL01-SC,2021
356571.0,2021-05-09,domingo,06:30:00,SC,282,629.5,IRACEMINHA,Velocidade Incompatível,Tombamento,Com Vítimas Feridas,Pleno dia,Crescente,Nevoeiro/Neblina,Simples,Curva,Não,1,0,1,0,0,0,1,1,-26.82048675,-53.38162059,SPRF-SC,DEL07-SC,UOP03-DEL07-SC,2021
356612.0,2021-05-09,domingo,12:00:00,SC,282,46.1,AGUAS MORNAS,Reação tardia ou ineficiente do condutor,Colisão frontal,Com Vítimas Feridas,Pleno dia,Crescente,Céu Claro,Simples,Curva,Não,5,0,2,1,2,0,3,2,-27.721041,-48.925152,SPRF-SC,DEL01-SC,UOP03-DEL01-SC,2021
356687.0,2021-05-09,domingo,15:30:00,SC,480,125.5,CHAPECO,Ingestão de álcool pelo condutor,Colisão transversal,Sem Vítimas,Pleno dia,Decrescente,Céu Claro,Simples,Interseção de Vias,Sim,2,0,0,0,2,0,0,2,-27.01164515,-52.63953123,SPRF-SC,DEL07-SC,UOP01-DEL07-SC,2021
356697.0,2021-05-09,domingo,18:20:00,SC,282,508.3,XANXERE,Acesso irregular,Saída de leito carroçável,Com Vítimas Feridas,Plena Noite,Crescente,Nublado,Simples,Aclive,Não,5,0,2,0,1,2,2,3,-26.887014,-52.448372,SPRF-SC,DEL07-SC,UOP01-DEL07-SC,2021
356701.0,2021-05-09,domingo,17:50:00,SC,282,367.8,ERVAL VELHO,Ausência de reação do condutor,Saída de leito carroçável,Com Vítimas Feridas,Pleno dia,Crescente,Céu Claro,Simples,Reta,Sim,1,0,1,0,0,0,1,1,-27.283747,-51.434963,SPRF-SC,DEL07-SC,UOP05-DEL07-SC,2021
356789.0,2021-05-10,segunda-feira,04:30:00,SC,282,0.5,FLORIANOPOLIS,Velocidade Incompatível,Colisão com objeto,Com Vítimas Feridas,Plena Noite,Crescente,Chuva,Dupla,Declive;Curva,Não,1,0,1,0,0,0,1,1,-27.59845,-48.571995,SPRF-SC,DEL01-SC,UOP01-DEL01-SC,2021
356877.0,2021-05-10,segunda-feira,13:45:00,SC,282,221.5,LAGES,Acessar a via sem observar a presença dos outros veículos,Colisão transversal,Com Vítimas Feridas,Pleno dia,Crescente,Céu Claro,Simples,Rotatória;Declive,Sim,2,0,1,0,1,0,1,2,-27.79510393,-50.33897996,SPRF-SC,DEL05-SC,UOP01-DEL05-SC,2021
356884.0,2021-05-10,segunda-feira,11:00:00,SC,282,70.3,RANCHO QUEIMADO,Velocidade Incompatível,Saída de leito carroçável,Com Vítimas Feridas,Pleno dia,Crescente,Garoa/Chuvisco,Simples,Curva,Não,2,0,2,0,0,0,2,1,-27.69021636,-49.09240723,SPRF-SC,DEL01-SC,UOP03-DEL01-SC,2021
357164.0,2021-05-11,terça-feira,17:00:00,SC,282,307.4,VARGEM,Velocidade Incompatível,Saída de leito carroçável,Com Vítimas Feridas,Pleno dia,Crescente,Chuva,Simples,Declive;Curva,Não,2,0,1,1,0,0,2,1,-27.495266,-50.962605,SPRF-SC,DEL07-SC,UOP06-DEL07-SC,2021
357261.0,2021-03-27,sábado,22:30:00,SC,282,573.5,PINHALZINHO,Transitar na contramão,Colisão frontal,Com Vítimas Fatais,Plena Noite,Decrescente,Nublado,Simples,Reta,Não,5,2,1,0,0,2,1,3,-26.879327,-52.949459,SPRF-SC,DEL07-SC,UOP02-DEL07-SC,2021
357332.0,2021-05-12,quarta-feira,18:40:00,SC,282,23.4,SANTO AMARO DA IMPERATRIZ,Reação tardia ou ineficiente do condutor,Colisão traseira,Com Vítimas Feridas,Plena Noite,Decrescente,Céu Claro,Simples,Reta,Não,4,0,1,0,3,0,1,3,-27.687958,-48.736794,SPRF-SC,DEL01-SC,UOP02-DEL01-SC,2021
357363.0,2021-05-12,quarta-feira,17:30:00,SC,282,115.6,ALFREDO WAGNER,Condutor Dormindo,Saída de leito carroçável,Com Vítimas Feridas,Anoitecer,Decrescente,Céu Claro,Simples,Curva;Declive,Não,1,0,1,0,0,0,1,1,-27.755424,-49.39444,SPRF-SC,DEL01-SC,UOP03-DEL01-SC,2021
357403.0,2021-05-13,quinta-feira,03:30:00,SC,282,395.0,JOACABA,Ingestão de álcool pelo condutor,Colisão lateral sentido oposto,Sem Vítimas,Plena Noite,Crescente,Céu Claro,Simples,Curva,Não,1,0,0,0,1,0,0,1,-27.156887,-51.592079,SPRF-SC,DEL07-SC,UOP05-DEL07-SC,2021
357442.0,2021-05-01,sábado,16:00:00,SC,282,398.5,JOACABA,Ultrapassagem Indevida,Colisão traseira,Com Vítimas Feridas,Pleno dia,Crescente,Céu Claro,Simples,Reta,Não,2,0,0,1,1,0,1,2,-27.143419,-51.613823,SPRF-SC,DEL07-SC,UOP05-DEL07-SC,2021
357485.0,2021-05-13,quinta-feira,16:10:00,SC,282,4.0,SAO JOSE,Condutor deixou de manter distância do veículo da frente,Colisão traseira,Com Vítimas Feridas,Pleno dia,Crescente,Céu Claro,Dupla,Reta,Sim,3,0,2,0,1,0,2,3,-27.592646,-48.604034,SPRF-SC,DEL01-SC,UOP01-DEL01-SC,2021
357778.0,2021-05-15,sábado,01:40:00,SC,282,5.4,SAO JOSE,Ingestão de álcool pelo condutor,Atropelamento de Pedestre,Com Vítimas Fatais,Plena Noite,Crescente,Céu Claro,Dupla,Reta,Sim,5,1,4,0,0,0,4,2,-27.586951,-48.6155683,SPRF-SC,DEL01-SC,UOP01-DEL01-SC,2021
357820.0,2021-05-15,sábado,08:30:00,SC,282,18.3,PALHOCA,Acesso irregular,Colisão transversal,Com Vítimas Feridas,Pleno dia,Crescente,Sol,Simples,Reta,Sim,3,0,2,0,0,1,2,2,-27.67547121,-48.69712472,SPRF-SC,DEL01-SC,UOP02-DEL01-SC,2021
357938.0,2021-05-15,sábado,18:45:00,SC,282,508.8,XANXERE,Mal súbito do condutor,Colisão traseira,Com Vítimas Feridas,Plena Noite,Crescente,Céu Claro,Simples,Reta,Não,2,0,1,0,1,0,1,2,-26.887014,-52.448372,SPRF-SC,DEL07-SC,UOP01-DEL07-SC,2021
357957.0,2021-05-15,sábado,17:30:00,SC,282,97.0,ALFREDO WAGNER,Velocidade Incompatível,Saída de leito carroçável,Sem Vítimas,Anoitecer,Decrescente,Céu Claro,Simples,Curva,Não,1,0,0,0,1,0,0,1,-27.707966,-49.272182,SPRF-SC,DEL01-SC,UOP03-DEL01-SC,2021
357961.0,2021-05-15,sábado,17:30:00,SC,282,461.6,PONTE SERRADA,Desrespeitar a preferência no cruzamento,Colisão transversal,Com Vítimas Feridas,Pleno dia,Decrescente,Céu Claro,Simples,Reta;Interseção de Vias;Rotatória,Sim,2,0,1,0,1,0,1,2,-26.856403,-52.041328,SPRF-SC,DEL07-SC,UOP04-DEL07-SC,2021
357967.0,2021-05-15,sábado,21:50:00,SC,282,645.8,SAO MIGUEL DO OESTE,Ingestão de álcool e/ou substâncias psicoativas pelo pedestre,Colisão lateral sentido oposto,Sem Vítimas,Plena Noite,Decrescente,Céu Claro,Simples,Reta,Não,2,0,0,0,2,0,0,2,-26.765184,-53.487823,SPRF-SC,DEL07-SC,UOP03-DEL07-SC,2021