id,data_inversa,dia_semana,horario,uf,br,km,municipio,causa_acidente,tipo_acidente,classificacao_acidente,fase_dia,sentido_via,condicao_metereologica,tipo_pista,tracado_via,uso_solo,pessoas,mortos,feridos_leves,feridos_graves,ilesos,ignorados,feridos,veiculos,latitude,longitude,regional,delegacia,uop,ano_arquivo
357999.0,2021-05-16,domingo,01:00:00,SC,282,630.0,DESCANSO,Transitar na contramão,Colisão frontal,Com Vítimas Fatais,Plena Noite,Crescente,Nevoeiro/Neblina,Simples,Reta,Não,3,1,0,0,1,1,0,2,-26.822149,-53.384697,SPRF-SC,DEL07-SC,UOP03-DEL07-SC,2021
358113.0,2021-05-15,sábado,22:30:00,SC,282,614.1,MARAVILHA,Ausência de reação do condutor,Saída de leito carroçável,Com Vítimas Fatais,Plena Noite,Crescente,Céu Claro,Simples,Curva,Não,1,1,0,0,0,0,0,1,-26.76932,-53.264568,SPRF-SC,DEL07-SC,UOP02-DEL07-SC,2021
358201.0,2021-05-16,domingo,19:50:00,SC,282,520.1,XAXIM,Transitar na contramão,Colisão frontal,Com Vítimas Feridas,Plena Noite,Decrescente,Céu Claro,Simples,Curva,Sim,3,0,1,0,2,0,1,2,-26.950415,-52.526096,SPRF-SC,DEL07-SC,UOP01-DEL07-SC,2021
358225.0,2021-05-16,domingo,23:30:00,SC,282,577.0,PINHALZINHO,Ingestão de álcool pelo condutor,Saída de leito carroçável,Sem Vítimas,Plena Noite,Decrescente,Céu Claro,Simples,Curva,Não,1,0,0,0,1,0,0,1,-26.84676,-52.980644,SPRF-SC,DEL07-SC,UOP02-DEL07-SC,2021
358303.0,2021-05-17,segunda-feira,12:50:00,SC,282,2.0,FLORIANOPOLIS,Demais falhas mecânicas ou elétricas,Tombamento,Com Vítimas Feridas,Pleno dia,Crescente,Sol,Simples,Reta,Não,1,0,1,0,0,0,1,1,-27.603289,-48.590416,SPRF-SC,DEL01-SC,UOP01-DEL01-SC,2021
358464.0,2021-05-18,terça-feira,08:00:00,SC,480,128.6,CHAPECO,Reação tardia ou ineficiente do condutor,Colisão frontal,Com Vítimas Feridas,Pleno dia,Decrescente,Céu Claro,Simples,Reta,Sim,2,0,1,0,1,0,1,2,-27.03781899,-52.63432603,SPRF-SC,DEL07-SC,UOP01-DEL07-SC,2021
358477.0,2021-05-18,terça-feira,11:40:00,SC,282,0.1,FLORIANOPOLIS,Manobra de mudança de faixa,Queda de ocupante de veículo,Com Vítimas Feridas,Pleno dia,Decrescente,Céu Claro,Dupla,Reta,Sim,3,0,2,0,1,0,2,2,-27.59845,-48.571995,SPRF-SC,DEL01-SC,UOP01-DEL01-SC,2021
358520.0,2021-05-18,terça-feira,14:15:00,SC,282,517.0,XANXERE,Falta de elemento de contenção que evite a saída do leito carroçável,Saída de leito carroçável,Com Vítimas Feridas,Pleno dia,Decrescente,Céu Claro,Simples,Reta,Não,1,0,0,1,0,0,1,1,-26.939375,-52.500057,SPRF-SC,DEL07-SC,UOP01-DEL07-SC,2021
358585.0,2021-05-18,terça-feira,18:20:00,SC,282,411.0,CATANDUVAS,Ultrapassagem Indevida,Colisão lateral mesmo sentido,Com Vítimas Feridas,Anoitecer,Decrescente,Céu Claro,Simples,Interseção de Vias,Sim,2,0,1,0,1,0,1,2,-27.06688371,-51.6634655,SPRF-SC,DEL07-SC,UOP05-DEL07-SC,2021
358600.0,2021-04-18,domingo,17:30:00,SC,282,551.0,NOVA ITABERABA,Manobra de mudança de faixa,Colisão lateral mesmo sentido,Com Vítimas Feridas,Pleno dia,Decrescente,Céu Claro,Simples,Aclive;Reta,Não,4,0,1,0,0,3,1,3,-26.951487,-52.778172,SPRF-SC,DEL07-SC,UOP01-DEL07-SC,2021
358714.0,2021-04-28,quarta-feira,18:25:00,SC,282,624.4,FLOR DO SERTAO,Desrespeitar a preferência no cruzamento,Colisão transversal,Com Vítimas Feridas,Anoitecer,Decrescente,Céu Claro,Simples,Reta,Não,2,0,0,1,1,0,1,2,-26.798008,-53.34169,SPRF-SC,DEL07-SC,UOP02-DEL07-SC,2021
358728.0,2021-05-19,quarta-feira,09:50:00,SC,282,41.3,AGUAS MORNAS,Desrespeitar a preferência no cruzamento,Colisão transversal,Com Vítimas Feridas,Pleno dia,Decrescente,Céu Claro,Simples,Interseção de Vias,Sim,2,0,1,0,1,0,1,2,-27.715973,-48.878979,SPRF-SC,DEL01-SC,UOP03-DEL01-SC,2021
358733.0,2021-05-19,quarta-feira,18:25:00,SC,282,20.0,PALHOCA,Transitar na contramão,Colisão lateral sentido oposto,Com Vítimas Feridas,Plena Noite,Decrescente,Céu Claro,Simples,Aclive,Sim,4,0,3,0,1,0,3,2,-27.683958,-48.71006,SPRF-SC,DEL01-SC,UOP02-DEL01-SC,2021
358899.0,2021-05-20,quinta-feira,15:10:00,SC,282,502.8,XANXERE,Velocidade Incompatível,Capotamento,Sem Vítimas,Pleno dia,Crescente,Sol,Dupla,Rotatória,Sim,1,0,0,0,1,0,0,1,-26.884584,-52.390911,SPRF-SC,DEL07-SC,UOP01-DEL07-SC,2021
358921.0,2021-05-20,quinta-feira,17:45:00,SC,282,24.6,SANTO AMARO DA IMPERATRIZ,Ausência de reação do condutor,Engavetamento,Com Vítimas Feridas,Anoitecer,Decrescente,Céu Claro,Simples,Viaduto,Sim,7,0,1,0,6,0,1,5,-27.68268,-48.744614,SPRF-SC,DEL01-SC,UOP03-DEL01-SC,2021
359007.0,2021-05-21,sexta-feira,07:00:00,SC,282,16.2,PALHOCA,Acessar a via sem observar a presença dos outros veículos,Colisão transversal,Com Vítimas Feridas,Pleno dia,Crescente,Céu Claro,Simples,Reta,Sim,2,0,1,0,0,1,1,2,-27.66101866,-48.68397117,SPRF-SC,DEL01-SC,UOP02-DEL01-SC,2021
359045.0,2021-05-21,sexta-feira,11:25:00,SC,282,15.7,PALHOCA,Reação tardia ou ineficiente do condutor,Colisão traseira,Com Vítimas Feridas,Pleno dia,Crescente,Nublado,Simples,Reta,Não,2,0,1,0,1,0,1,2,-27.651848,-48.676048,SPRF-SC,DEL01-SC,UOP02-DEL01-SC,2021
359066.0,2021-05-21,sexta-feira,15:10:00,SC,282,1.0,FLORIANOPOLIS,Manobra de mudança de faixa,Colisão lateral mesmo sentido,Com Vítimas Feridas,Pleno dia,Crescente,Céu Claro,Dupla,Reta,Sim,2,0,1,0,1,0,1,2,-27.602955,-48.580509,SPRF-SC,DEL01-SC,UOP01-DEL01-SC,2021
359099.0,2021-05-21,sexta-feira,17:53:00,SC,282,3.7,FLORIANOPOLIS,Condutor deixou de manter distância do veículo da frente,Colisão traseira,Com Vítimas Feridas,Anoitecer,Crescente,Céu Claro,Múltipla,Curva,Sim,2,0,1,0,1,0,1,2,-27.600384,-48.599705,SPRF-SC,DEL01-SC,UOP01-DEL01-SC,2021
359146.0,2021-05-21,sexta-feira,11:50:00,SC,282,588.8,SAUDADES,Manobra de mudança de faixa,Saída de leito carroçável,Com Vítimas Feridas,Pleno dia,Crescente,Céu Claro,Dupla,Aclive,Não,1,0,1,0,0,0,1,1,-26.826273,-53.052547,SPRF-SC,DEL07-SC,UOP02-DEL07-SC,2021
359169.0,2021-05-21,sexta-feira,22:05:00,SC,282,515.0,XAXIM,Ingestão de álcool pelo condutor,Saída de leito carroçável,Sem Vítimas,Plena Noite,Decrescente,Chuva,Simples,Reta,Não,1,0,0,0,1,0,0,1,-26.922623,-52.496132,SPRF-SC,DEL07-SC,UOP01-DEL07-SC,2021
359277.0,2021-05-22,sábado,07:50:00,SC,282,589.9,SAUDADES,Falta de acostamento,Saída de leito carroçável,Com Vítimas Feridas,Pleno dia,Crescente,Céu Claro,Simples,Reta;Aclive,Não,1,0,1,0,0,0,1,1,-26.825867,-53.072912,SPRF-SC,DEL07-SC,UOP02-DEL07-SC,2021
359431.0,2021-05-22,sábado,23:00:00,SC,282,603.0,MARAVILHA,Ingestão de álcool pelo condutor,Saída de leito carroçável,Com Vítimas Feridas,Plena Noite,Decrescente,Céu Claro,Simples,Reta,Não,1,0,1,0,0,0,1,1,-26.803013,-53.188068,SPRF-SC,DEL07-SC,UOP02-DEL07-SC,2021
359508.0,2021-05-23,domingo,05:20:00,SC,282,305.5,VARGEM,Reação tardia ou ineficiente do condutor,Saída de leito carroçável,Com Vítimas Feridas,Plena Noite,Crescente,Céu Claro,Simples,Curva,Não,4,0,4,0,0,0,4,1,-27.49662336,-50.95064163,SPRF-SC,DEL07-SC,UOP06-DEL07-SC,2021
359519.0,2021-05-23,domingo,14:30:00,SC,282,46.7,AGUAS MORNAS,Ultrapassagem Indevida,Colisão lateral sentido oposto,Com Vítimas Feridas,Pleno dia,Crescente,Céu Claro,Simples,Curva,Não,2,0,0,1,0,1,1,2,-27.721041,-48.925152,SPRF-SC,DEL01-SC,UOP03-DEL01-SC,2021
359560.0,2021-05-23,domingo,16:30:00,SC,282,535.2,CHAPECO,Desrespeitar a preferência no cruzamento,Colisão transversal,Sem Vítimas,Pleno dia,Decrescente,Sol,Simples,Interseção de Vias,Sim,2,0,0,0,2,0,0,2,-26.998245,-52.643768,SPRF-SC,DEL07-SC,UOP01-DEL07-SC,2021
359571.0,2021-05-23,domingo,19:00:00,SC,282,22.6,SANTO AMARO DA IMPERATRIZ,Trafegar com motocicleta (ou similar) entre as faixas,Colisão transversal,Com Vítimas Feridas,Plena Noite,Crescente,Nublado,Simples,Interseção de Vias,Sim,2,0,1,0,1,0,1,2,-27.68913809,-48.73496532,SPRF-SC,DEL01-SC,UOP02-DEL01-SC,2021
359581.0,2021-05-23,domingo,17:30:00,SC,282,113.3,ALFREDO WAGNER,Ultrapassagem Indevida,Colisão frontal,Com Vítimas Fatais,Anoitecer,Crescente,Céu Claro,Simples,Reta,Não,7,1,0,6,0,0,6,2,-27.743142,-49.3862693,SPRF-SC,DEL01-SC,UOP03-DEL01-SC,2021
359598.0,2021-05-23,domingo,20:40:00,SC,282,16.2,PALHOCA,Acessar a via sem observar a presença dos outros veículos,Colisão transversal,Com Vítimas Feridas,Plena Noite,Decrescente,Céu Claro,Simples,Reta,Sim,2,0,0,1,1,0,1,2,-27.658611,-48.681847,SPRF-SC,DEL01-SC,UOP02-DEL01-SC,2021
359607.0,2021-05-23,domingo,21:45:00,SC,282,16.3,PALHOCA,Reação tardia ou ineficiente do condutor,Colisão traseira,Com Vítimas Feridas,Plena Noite,Crescente,Nublado,Simples,Interseção de Vias,Sim,2,0,0,1,1,0,1,2,-27.66169335,-48.68453979,SPRF-SC,DEL01-SC,UOP02-DEL01-SC,2021
359921.0,2021-05-25,terça-feira,18:30:00,SC,282,2.0,FLORIANOPOLIS,Acessar a via sem observar a presença dos outros veículos,Colisão transversal,Com Vítimas Feridas,Plena Noite,Crescente,Céu Claro,Simples,Reta,Sim,2,0,1,0,1,0,1,2,-27.60358753,-48.5900364,SPRF-SC,DEL01-SC,UOP01-DEL01-SC,2021
360160.0,2021-05-26,quarta-feira,22:00:00,SC,282,2.0,FLORIANOPOLIS,Ingestão de álcool pelo condutor,Colisão traseira,Sem Vítimas,Plena Noite,Crescente,Céu Claro,Múltipla,Reta,Sim,3,0,0,0,3,0,0,3,-27.603289,-48.590416,SPRF-SC,DEL01-SC,UOP01-DEL01-SC,2021
360171.0,2021-05-26,quarta-feira,22:20:00,SC,282,38.6,AGUAS MORNAS,Velocidade Incompatível,Saída de leito carroçável,Com Vítimas Feridas,Plena Noite,Decrescente,Céu Claro,Simples,Curva,Não,1,0,1,0,0,0,1,1,-27.712921,-48.85729551,SPRF-SC,DEL01-SC,UOP03-DEL01-SC,2021
360179.0,2021-05-27,quinta-feira,01:00:00,SC,282,5.0,SAO JOSE,Reação tardia ou ineficiente do condutor,Colisão com objeto,Com Vítimas Feridas,Pleno dia,Crescente,Céu Claro,Múltipla,Reta,Sim,1,0,0,1,0,0,1,1,-27.588425,-48.612919,SPRF-SC,DEL01-SC,UOP01-DEL01-SC,2021
360258.0,2021-05-27,quinta-feira,12:15:00,SC,282,217.0,LAGES,Condutor deixou de manter distância do veículo da frente,Colisão traseira,Com Vítimas Feridas,Pleno dia,Decrescente,Céu Claro,Dupla,Reta,Não,2,0,1,0,1,0,1,2,-27.797916,-50.302944,SPRF-SC,DEL05-SC,UOP01-DEL05-SC,2021
360394.0,2021-05-28,sexta-feira,05:50:00,SC,282,203.7,LAGES,Animais na Pista,Colisão com objeto,Com Vítimas Feridas,Amanhecer,Crescente,Céu Claro,Simples,Reta,Não,2,0,2,0,0,0,2,1,-27.766741,-50.162296,SPRF-SC,DEL05-SC,UOP01-DEL05-SC,2021
360399.0,2021-05-28,sexta-feira,06:30:00,SC,282,348.0,CAMPOS NOVOS,Animais na Pista,Tombamento,Com Vítimas Feridas,Pleno dia,Decrescente,Céu Claro,Simples,Reta,Não,1,0,1,0,0,0,1,1,-27.361637,-51.273197,SPRF-SC,DEL07-SC,UOP06-DEL07-SC,2021
360645.0,2021-05-29,sábado,07:00:00,SC,282,18.3,PALHOCA,Ingestão de álcool pelo condutor,Colisão transversal,Com Vítimas Feridas,Pleno dia,Crescente,Chuva,Simples,Reta,Não,2,0,1,0,1,0,1,2,-27.67573725,-48.69758606,SPRF-SC,DEL01-SC,UOP02-DEL01-SC,2021
360651.0,2021-05-29,sábado,06:50:00,SC,282,353.9,CAMPOS NOVOS,Ingestão de álcool pelo condutor,Colisão lateral sentido oposto,Sem Vítimas,Pleno dia,Decrescente,Céu Claro,Simples,Reta,Não,2,0,0,0,2,0,0,2,-27.359234,-51.320999,SPRF-SC,DEL07-SC,UOP06-DEL07-SC,2021
360708.0,2021-05-29,sábado,12:00:00,SC,282,3.0,FLORIANOPOLIS,Condutor deixou de manter distância do veículo da frente,Colisão traseira,Com Vítimas Feridas,Pleno dia,Decrescente,Céu Claro,Múltipla,Em Obras,Não,3,0,2,0,1,0,2,2,-27.600384,-48.599705,SPRF-SC,DEL01-SC,UOP01-DEL01-SC,2021
360864.0,2021-05-29,sábado,20:30:00,SC,282,586.8,PINHALZINHO,Ingestão de álcool pelo condutor,Capotamento,Com Vítimas Feridas,Plena Noite,Decrescente,Céu Claro,Simples,Curva,Não,2,0,1,1,0,0,2,1,-26.832605,-53.03474,SPRF-SC,DEL07-SC,UOP02-DEL07-SC,2021
361139.0,2021-05-31,segunda-feira,09:10:00,SC,282,2.0,FLORIANOPOLIS,Conversão proibida,Colisão lateral mesmo sentido,Com Vítimas Feridas,Pleno dia,Crescente,Céu Claro,Dupla,Reta,Sim,2,0,0,1,1,0,1,2,-27.603289,-48.590416,SPRF-SC,DEL01-SC,UOP01-DEL01-SC,2021
361150.0,2021-05-23,domingo,16:08:00,SC,282,46.0,AGUAS MORNAS,Reação tardia ou ineficiente do condutor,Tombamento,Sem Vítimas,Pleno dia,Decrescente,Céu Claro,Simples,Curva,Não,1,0,0,0,1,0,0,1,-27.721041,-48.925152,SPRF-SC,DEL01-SC,UOP03-DEL01-SC,2021
361251.0,2021-05-31,segunda-feira,18:30:00,SC,282,216.0,LAGES,Desrespeitar a preferência no cruzamento,Colisão transversal,Com Vítimas Feridas,Plena Noite,Crescente,Céu Claro,Simples,Rotatória,Sim,3,0,2,0,1,0,2,2,-27.79450599,-50.28429508,SPRF-SC,DEL05-SC,UOP01-DEL05-SC,2021
361266.0,2021-05-31,segunda-feira,17:10:00,SC,282,635.4,DESCANSO,Ausência de reação do condutor,Saída de leito carroçável,Com Vítimas Feridas,Pleno dia,Crescente,Céu Claro,Simples,Aclive;Curva,Não,1,0,1,0,0,0,1,1,-26.81553012,-53.43089104,SPRF-SC,DEL07-SC,UOP03-DEL07-SC,2021
361267.0,2021-05-31,segunda-feira,17:30:00,SC,282,366.6,ERVAL VELHO,Ultrapassagem Indevida,Colisão frontal,Com Vítimas Feridas,Pleno dia,Crescente,Céu Claro,Simples,Declive;Reta,Não,2,0,0,2,0,0,2,2,-27.291018,-51.416611,SPRF-SC,DEL07-SC,UOP05-DEL07-SC,2021
361295.0,2021-05-31,segunda-feira,21:45:00,SC,282,44.0,AGUAS MORNAS,Ultrapassagem Indevida,Colisão lateral mesmo sentido,Sem Vítimas,Plena Noite,Crescente,Céu Claro,Simples,Reta,Não,2,0,0,0,2,0,0,2,-27.722137,-48.90694,SPRF-SC,DEL01-SC,UOP03-DEL01-SC,2021
361389.0,2021-06-01,terça-feira,06:00:00,SC,282,208.8,LAGES,Neblina,Saída de leito carroçável,Sem Vítimas,Plena Noite,Decrescente,Nevoeiro/Neblina,Simples,Reta,Não,1,0,0,0,0,1,0,1,-27.775284,-50.211971,SPRF-SC,DEL05-SC,UOP01-DEL05-SC,2021
361396.0,2021-05-16,domingo,08:00:00,SC,282,37.3,AGUAS MORNAS,Velocidade Incompatível,Saída de leito carroçável,Com Vítimas Feridas,Pleno dia,Crescente,Céu Claro,Simples,Curva,Não,1,0,0,1,0,0,1,1,-27.707325,-48.842983,SPRF-SC,DEL01-SC,UOP03-DEL01-SC,2021
361442.0,2021-06-01,terça-feira,16:20:00,SC,282,88.0,ALFREDO WAGNER,Condutor Dormindo,Saída de leito carroçável,Com Vítimas Feridas,Pleno dia,Crescente,Céu Claro,Simples,Curva,Não,2,0,2,0,0,0,2,1,-27.66399295,-49.20291424,SPRF-SC,DEL01-SC,UOP03-DEL01-SC,2021
361473.0,2021-06-01,terça-feira,18:30:00,SC,282,341.5,CAMPOS NOVOS,Velocidade Incompatível,Colisão traseira,Com Vítimas Fatais,Plena Noite,Crescente,Céu Claro,Simples,Reta,Sim,6,1,1,1,3,0,2,2,-27.389957,-51.213387,SPRF-SC,DEL07-SC,UOP06-DEL07-SC,2021
361627.0,2021-06-02,quarta-feira,18:50:00,SC,282,1.0,FLORIANOPOLIS,Reação tardia ou ineficiente do condutor,Engavetamento,Com Vítimas Feridas,Anoitecer,Decrescente,Céu Claro,Múltipla,Declive,Sim,3,0,1,0,2,0,1,3,-27.602955,-48.580509,SPRF-SC,DEL01-SC,UOP01-DEL01-SC,2021
361648.0,2021-06-02,quarta-feira,18:10:00,SC,282,223.4,LAGES,Reação tardia ou ineficiente do condutor,Colisão traseira,Com Vítimas Feridas,Anoitecer,Crescente,Nublado,Simples,Aclive,Não,2,0,0,1,1,0,1,2,-27.79839294,-50.35710281,SPRF-SC,DEL05-SC,UOP01-DEL05-SC,2021
361680.0,2021-06-02,quarta-feira,15:16:00,SC,282,423.0,VARGEM BONITA,Mal súbito do condutor,Colisão frontal,Com Vítimas Feridas,Pleno dia,Crescente,Chuva,Simples,Aclive;Curva,Não,3,0,0,1,2,0,1,3,-26.99556,-51.752289,SPRF-SC,DEL07-SC,UOP05-DEL07-SC,2021
361696.0,2021-06-03,quinta-feira,00:06:00,SC,282,506.7,XANXERE,Mal súbito do condutor,Saída de leito carroçável,Com Vítimas Feridas,Plena Noite,Crescente,Nublado,Simples,Reta;Interseção de Vias,Não,1,0,0,1,0,0,1,1,-26.88495789,-52.4331988,SPRF-SC,DEL07-SC,UOP01-DEL07-SC,2021
361756.0,2021-06-03,quinta-feira,07:35:00,SC,282,590.4,SAUDADES,Neblina,Saída de leito carroçável,Com Vítimas Feridas,Pleno dia,Crescente,Nevoeiro/Neblina,Simples,Curva,Não,1,0,1,0,0,0,1,1,-26.825788,-53.072556,SPRF-SC,DEL07-SC,UOP02-DEL07-SC,2021
361968.0,2021-06-04,sexta-feira,13:30:00,SC,282,35.0,AGUAS MORNAS,Reação tardia ou ineficiente do condutor,Saída de leito carroçável,Com Vítimas Feridas,Pleno dia,Crescente,Céu Claro,Simples,Declive,Não,1,0,1,0,0,0,1,1,-27.702084,-48.826664,SPRF-SC,DEL01-SC,UOP03-DEL01-SC,2021
362075.0,2021-06-05,sábado,00:05:00,SC,282,599.0,CUNHA PORA,Ingestão de álcool pelo condutor,Saída de leito carroçável,Com Vítimas Feridas,Plena Noite,Decrescente,Céu Claro,Simples,Curva,Não,1,0,1,0,0,0,1,1,-26.820206,-53.155052,SPRF-SC,DEL07-SC,UOP02-DEL07-SC,2021
362118.0,2021-06-05,sábado,06:20:00,SC,282,371.8,ERVAL VELHO,Reação tardia ou ineficiente do condutor,Colisão traseira,Com Vítimas Feridas,Amanhecer,Crescente,Nublado,Simples,Curva,Não,2,0,1,0,1,0,1,2,-27.259993,-51.442684,SPRF-SC,DEL07-SC,UOP05-DEL07-SC,2021
362129.0,2021-06-05,sábado,04:15:00,SC,282,507.7,XANXERE,Pedestre andava na pista,Atropelamento de Pedestre,Com Vítimas Fatais,Plena Noite,Decrescente,Céu Claro,Simples,Reta,Não,2,1,0,0,0,1,0,2,-26.886171,-52.43911,SPRF-SC,DEL07-SC,UOP01-DEL07-SC,2021
362136.0,2021-05-08,sábado,07:50:00,SC,282,45.0,AGUAS MORNAS,Condutor deixou de manter distância do veículo da frente,Colisão traseira,Com Vítimas Feridas,Pleno dia,Crescente,Sol,Simples,Reta,Não,3,0,0,1,2,0,1,2,-27.719851,-48.916126,SPRF-SC,DEL01-SC,UOP03-DEL01-SC,2021
362203.0,2021-06-05,sábado,12:30:00,SC,282,377.5,HERVAL DOESTE,Manobra de mudança de faixa,Colisão lateral mesmo sentido,Com Vítimas Feridas,Pleno dia,Crescente,Céu Claro,Simples,Curva,Não,2,0,1,0,1,0,1,2,-27.216974,-51.470055,SPRF-SC,DEL07-SC,UOP05-DEL07-SC,2021
362209.0,2021-06-05,sábado,16:50:00,SC,282,20.0,PALHOCA,Ingestão de álcool pelo condutor,Colisão lateral sentido oposto,Sem Vítimas,Pleno dia,Crescente,Céu Claro,Múltipla,Curva,Sim,4,0,0,0,4,0,0,4,-27.683958,-48.71006,SPRF-SC,DEL01-SC,UOP02-DEL01-SC,2021
362224.0,2021-06-05,sábado,17:15:00,SC,282,508.6,XANXERE,Ingestão de álcool pelo condutor,Saída de leito carroçável,Sem Vítimas,Pleno dia,Crescente,Céu Claro,Simples,Aclive,Não,1,0,0,0,1,0,0,1,-26.887014,-52.448372,SPRF-SC,DEL07-SC,UOP01-DEL07-SC,2021
362310.0,2021-06-05,sábado,23:05:00,SC,282,31.2,SANTO AMARO DA IMPERATRIZ,Ingestão de álcool pelo condutor,Colisão frontal,Com Vítimas Feridas,Plena Noite,Crescente,Céu Claro,Simples,Reta,Não,3,0,1,0,2,0,1,2,-27.695198,-48.793308,SPRF-SC,DEL01-SC,UOP03-DEL01-SC,2021
362348.0,2021-06-06,domingo,04:10:00,SC,282,386.5,JOACABA,Ingestão de álcool pelo condutor,Saída de leito carroçável,Com Vítimas Feridas,Amanhecer,Decrescente,Chuva,Simples,Reta,Não,4,0,3,0,1,0,3,1,-27.189054,-51.517829,SPRF-SC,DEL07-SC,UOP05-DEL07-SC,2021
362356.0,2021-06-06,domingo,05:30:00,SC,282,127.0,BOM RETIRO,Animais na Pista,Atropelamento de Animal,Com Vítimas Feridas,Amanhecer,Crescente,Céu Claro,Simples,Curva,Sim,1,0,1,0,0,0,1,1,-27.800486,-49.478535,SPRF-SC,DEL05-SC,UOP01-DEL05-SC,2021
362468.0,2021-06-06,domingo,09:50:00,SC,282,584.1,PINHALZINHO,Velocidade Incompatível,Saída de leito carroçável,Com Vítimas Feridas,Pleno dia,Crescente,Chuva,Simples,Curva,Não,3,0,1,1,1,0,2,1,-26.83088753,-53.01890373,SPRF-SC,DEL07-SC,UOP02-DEL07-SC,2021
362499.0,2021-06-06,domingo,18:30:00,SC,282,27.4,SANTO AMARO DA IMPERATRIZ,Condutor deixou de manter distância do veículo da frente,Colisão traseira,Sem Vítimas,Plena Noite,Decrescente,Chuva,Simples,Reta,Sim,2,0,0,0,2,0,0,2,-27.673981,-48.769676,SPRF-SC,DEL01-SC,UOP03-DEL01-SC,2021
363011.0,2021-06-09,quarta-feira,06:55:00,SC,480,124.0,CHAPECO,Condutor deixou de manter distância do veículo da frente,Colisão traseira,Sem Vítimas,Pleno dia,Decrescente,Nublado,Dupla,Interseção de Vias,Sim,2,0,0,0,2,0,0,2,-27.00359519,-52.64391044,SPRF-SC,DEL07-SC,UOP01-DEL07-SC,2021
363082.0,2021-06-09,quarta-feira,08:20:00,SC,282,371.4,ERVAL VELHO,Velocidade Incompatível,Saída de leito carroçável,Com Vítimas Feridas,Pleno dia,Decrescente,Nublado,Simples,Curva,Não,1,0,1,0,0,0,1,1,-27.259993,-51.442684,SPRF-SC,DEL07-SC,UOP05-DEL07-SC,2021
363156.0,2021-06-10,quinta-feira,00:30:00,SC,282,516.5,XAXIM,Ingestão de álcool pelo condutor,Saída de leito carroçável,Sem Vítimas,Plena Noite,Decrescente,Céu Claro,Simples,Curva,Não,1,0,0,0,1,0,0,1,-26.930862,-52.499157,SPRF-SC,DEL07-SC,UOP01-DEL07-SC,2021
363441.0,2021-06-11,sexta-feira,11:30:00,SC,282,50.1,AGUAS MORNAS,Condutor deixou de manter distância do veículo da frente,Engavetamento,Com Vítimas Feridas,Pleno dia,Crescente,Sol,Simples,Reta;Aclive,Não,5,0,1,0,3,1,1,4,-27.708536,-48.952251,SPRF-SC,DEL01-SC,UOP03-DEL01-SC,2021
363482.0,2021-06-11,sexta-feira,16:15:00,SC,282,4.9,SAO JOSE,Trafegar com motocicleta (ou similar) entre as faixas,Colisão traseira,Com Vítimas Feridas,Pleno dia,Crescente,Sol,Dupla,Reta,Sim,2,0,1,0,1,0,1,2,-27.58930819,-48.6106503,SPRF-SC,DEL01-SC,UOP01-DEL01-SC,2021
363504.0,2021-06-11,sexta-feira,17:50:00,SC,282,19.2,PALHOCA,Pedestre cruzava a pista fora da faixa,Atropelamento de Pedestre,Com Vítimas Feridas,Anoitecer,Crescente,Céu Claro,Simples,Aclive,Não,2,0,0,1,1,0,1,2,-27.678635,-48.70192,SPRF-SC,DEL01-SC,UOP02-DEL01-SC,2021
363510.0,2021-06-11,sexta-feira,17:20:00,SC,480,130.0,CHAPECO,Desrespeitar a preferência no cruzamento,Colisão transversal,Com Vítimas Feridas,Pleno dia,Decrescente,Céu Claro,Simples,Interseção de Vias,Não,2,0,0,1,1,0,1,2,-27.05534739,-52.63627237,SPRF-SC,DEL07-SC,UOP01-DEL07-SC,2021
363667.0,2021-06-12,sábado,13:00:00,SC,282,1.0,FLORIANOPOLIS,Condutor deixou de manter distância do veículo da frente,Colisão lateral mesmo sentido,Com Vítimas Feridas,Pleno dia,Crescente,Sol,Dupla,Reta,Não,2,0,1,0,1,0,1,2,-27.602955,-48.580509,SPRF-SC,DEL01-SC,UOP01-DEL01-SC,2021
363708.0,2021-06-12,sábado,14:20:00,SC,282,564.0,NOVA ERECHIM,Ingestão de álcool pelo condutor,Colisão frontal,Com Vítimas Fatais,Pleno dia,Crescente,Céu Claro,Simples,Reta,Não,4,1,2,1,0,0,3,3,-26.90385,-52.8680665,SPRF-SC,DEL07-SC,UOP02-DEL07-SC,2021
363762.0,2021-06-12,sábado,20:00:00,SC,282,502.4,XANXERE,Desrespeitar a preferência no cruzamento,Colisão transversal,Com Vítimas Feridas,Plena Noite,Decrescente,Nublado,Simples,Interseção de Vias,Sim,2,0,1,0,1,0,1,2,-26.88282483,-52.38124609,SPRF-SC,DEL07-SC,UOP01-DEL07-SC,2021
363819.0,2021-06-13,domingo,02:00:00,SC,282,106.0,ALFREDO WAGNER,Ingestão de álcool pelo condutor,Colisão lateral sentido oposto,Com Vítimas Feridas,Plena Noite,Crescente,Céu Claro,Simples,Curva,Não,3,0,2,0,1,0,2,3,-27.697609,-49.344734,SPRF-SC,DEL01-SC,UOP03-DEL01-SC,2021