id,data_inversa,dia_semana,horario,uf,br,km,municipio,causa_acidente,tipo_acidente,classificacao_acidente,fase_dia,sentido_via,condicao_metereologica,tipo_pista,tracado_via,uso_solo,pessoas,mortos,feridos_leves,feridos_graves,ilesos,ignorados,feridos,veiculos,latitude,longitude,regional,delegacia,uop,ano_arquivo
363845.0,2021-06-13,domingo,07:30:00,SC,282,516.4,XAXIM,Ultrapassagem Indevida,Colisão lateral sentido oposto,Sem Vítimas,Amanhecer,Crescente,Céu Claro,Dupla,Aclive,Não,3,0,0,0,3,0,0,1,-26.930862,-52.499157,SPRF-SC,DEL07-SC,UOP01-DEL07-SC,2021
363897.0,2021-06-13,domingo,09:00:00,SC,282,137.6,BOM RETIRO,Reação tardia ou ineficiente do condutor,Colisão com objeto,Com Vítimas Feridas,Pleno dia,Decrescente,Céu Claro,Simples,Rotatória,Sim,2,0,1,0,1,0,1,2,-27.82497259,-49.56590831,SPRF-SC,DEL05-SC,UOP01-DEL05-SC,2021
363904.0,2021-06-13,domingo,14:09:00,SC,282,5.8,SAO JOSE,Reação tardia ou ineficiente do condutor,Colisão com objeto,Com Vítimas Feridas,Pleno dia,Decrescente,Céu Claro,Dupla,Curva,Sim,2,0,1,1,0,0,2,2,-27.588425,-48.612919,SPRF-SC,DEL01-SC,UOP01-DEL01-SC,2021
363953.0,2021-06-13,domingo,16:45:00,SC,282,466.1,PASSOS MAIA,Ultrapassagem Indevida,Colisão frontal,Com Vítimas Fatais,Pleno dia,Crescente,Céu Claro,Simples,Reta,Não,2,1,0,0,1,0,0,2,-26.8540096,-52.0615531,SPRF-SC,DEL07-SC,UOP04-DEL07-SC,2021
363973.0,2021-06-13,domingo,19:35:00,SC,282,17.2,PALHOCA,Ingestão de álcool pelo condutor,Colisão transversal,Com Vítimas Feridas,Plena Noite,Decrescente,Céu Claro,Simples,Reta,Sim,2,0,1,0,1,0,1,2,-27.665707,-48.688065,SPRF-SC,DEL01-SC,UOP02-DEL01-SC,2021
364389.0,2021-06-15,terça-feira,16:20:00,SC,282,207.0,LAGES,Velocidade Incompatível,Colisão com objeto,Com Vítimas Feridas,Pleno dia,Decrescente,Céu Claro,Simples,Interseção de Vias;Rotatória,Não,2,0,1,0,0,1,1,2,-27.77373769,-50.20227313,SPRF-SC,DEL05-SC,UOP01-DEL05-SC,2021
364406.0,2021-06-15,terça-feira,15:02:00,SC,282,642.5,SAO MIGUEL DO OESTE,Ausência de reação do condutor,Saída de leito carroçável,Com Vítimas Feridas,Pleno dia,Crescente,Céu Claro,Simples,Curva,Não,1,0,1,0,0,0,1,1,-26.772327,-53.461613,SPRF-SC,DEL07-SC,UOP03-DEL07-SC,2021
364419.0,2021-06-15,terça-feira,12:20:00,SC,282,51.0,RANCHO QUEIMADO,Mal súbito do condutor,Saída de leito carroçável,Com Vítimas Feridas,Pleno dia,Decrescente,Chuva,Simples,Declive,Não,1,0,1,0,0,0,1,1,-27.703712,-48.959267,SPRF-SC,DEL01-SC,UOP03-DEL01-SC,2021
364444.0,2021-06-15,terça-feira,19:30:00,SC,282,589.9,SAUDADES,Ingestão de álcool pelo condutor,Saída de leito carroçável,Com Vítimas Feridas,Plena Noite,Crescente,Céu Claro,Simples,Reta,Não,1,0,1,0,0,0,1,1,-26.82596,-53.062588,SPRF-SC,DEL07-SC,UOP02-DEL07-SC,2021
364471.0,2021-06-16,quarta-feira,08:00:00,SC,282,0.0,FLORIANOPOLIS,Condutor deixou de manter distância do veículo da frente,Colisão traseira,Com Vítimas Feridas,Pleno dia,Decrescente,Céu Claro,Dupla,Reta,Sim,1,0,1,0,0,0,1,1,-27.59845,-48.571995,SPRF-SC,DEL01-SC,UOP01-DEL01-SC,2021
364472.0,2021-05-14,sexta-feira,19:10:00,SC,282,496.0,XANXERE,Acessar a via sem observar a presença dos outros veículos,Colisão transversal,Com Vítimas Feridas,Plena Noite,Crescente,Céu Claro,Simples,Reta;Interseção de Vias,Não,2,0,1,0,1,0,1,2,-26.87723437,-52.33226895,SPRF-SC,DEL07-SC,UOP01-DEL07-SC,2021
364585.0,2021-06-17,quinta-feira,00:20:00,SC,282,480.0,VARGEAO,Reação tardia ou ineficiente do condutor,Colisão traseira,Sem Vítimas,Plena Noite,Crescente,Céu Claro,Simples,Rotatória,Não,2,0,0,0,2,0,0,2,-26.87790426,-52.18977928,SPRF-SC,DEL07-SC,UOP01-DEL07-SC,2021
364647.0,2021-06-17,quinta-feira,11:20:00,SC,282,5.5,SAO JOSE,Reação tardia ou ineficiente do condutor,Colisão lateral mesmo sentido,Com Vítimas Feridas,Pleno dia,Decrescente,Nublado,Múltipla,Reta,Sim,2,0,1,0,1,0,1,2,-27.588425,-48.612919,SPRF-SC,DEL01-SC,UOP01-DEL01-SC,2021
364883.0,2021-05-24,segunda-feira,06:30:00,SC,282,522.1,XAXIM,Deficiência do Sistema de Iluminação/Sinalização,Colisão traseira,Com Vítimas Feridas,Amanhecer,Crescente,Céu Claro,Dupla,Declive,Sim,1,0,1,0,0,0,1,1,-26.956238,-52.542637,SPRF-SC,DEL07-SC,UOP01-DEL07-SC,2021
364913.0,2021-06-18,sexta-feira,17:25:00,SC,282,23.3,SANTO AMARO DA IMPERATRIZ,Ultrapassagem Indevida,Atropelamento de Pedestre,Com Vítimas Feridas,Anoitecer,Crescente,Céu Claro,Simples,Reta,Sim,2,0,1,0,1,0,1,2,-27.68628325,-48.74017954,SPRF-SC,DEL01-SC,UOP02-DEL01-SC,2021
364919.0,2021-06-18,sexta-feira,14:40:00,SC,282,413.2,CATANDUVAS,Condutor Dormindo,Saída de leito carroçável,Com Vítimas Feridas,Pleno dia,Decrescente,Céu Claro,Simples,Reta,Não,1,0,1,0,0,0,1,1,-27.053736,-51.698277,SPRF-SC,DEL07-SC,UOP05-DEL07-SC,2021
364931.0,2021-06-18,sexta-feira,17:15:00,SC,282,23.5,SANTO AMARO DA IMPERATRIZ,Trafegar com motocicleta (ou similar) entre as faixas,Colisão transversal,Com Vítimas Feridas,Pleno dia,Decrescente,Nublado,Simples,Reta,Não,2,0,1,0,1,0,1,2,-27.687958,-48.736794,SPRF-SC,DEL01-SC,UOP03-DEL01-SC,2021
365025.0,2021-06-19,sábado,01:30:00,SC,480,128.7,CHAPECO,Ingestão de álcool pelo condutor,Colisão com objeto,Com Vítimas Feridas,Plena Noite,Crescente,Chuva,Simples,Reta,Sim,2,0,1,0,1,0,1,1,-27.03781899,-52.63432603,SPRF-SC,DEL07-SC,UOP01-DEL07-SC,2021
365144.0,2021-06-19,sábado,13:30:00,SC,282,30.1,SANTO AMARO DA IMPERATRIZ,Transitar na contramão,Colisão frontal,Com Vítimas Feridas,Pleno dia,Crescente,Chuva,Simples,Curva,Não,3,0,1,1,1,0,2,2,-27.687376,-48.79071,SPRF-SC,DEL01-SC,UOP03-DEL01-SC,2021
365169.0,2021-06-19,sábado,17:50:00,SC,282,524.8,XAXIM,Ingestão de álcool pelo condutor,Colisão lateral mesmo sentido,Sem Vítimas,Pleno dia,Decrescente,Chuva,Simples,Curva,Não,2,0,0,0,2,0,0,2,-26.965002,-52.557384,SPRF-SC,DEL07-SC,UOP01-DEL07-SC,2021
365346.0,2021-06-20,domingo,02:00:00,SC,282,115.6,ALFREDO WAGNER,Velocidade Incompatível,Saída de leito carroçável,Sem Vítimas,Plena Noite,Decrescente,Chuva,Simples,Curva,Não,2,0,0,0,1,1,0,2,-27.755424,-49.39444,SPRF-SC,DEL01-SC,UOP03-DEL01-SC,2021
365459.0,2021-06-20,domingo,20:00:00,SC,282,573.3,PINHALZINHO,Ingestão de álcool pelo condutor,Colisão frontal,Com Vítimas Feridas,Plena Noite,Decrescente,Céu Claro,Simples,Curva,Não,3,0,0,1,2,0,1,2,-26.872942,-52.956654,SPRF-SC,DEL07-SC,UOP02-DEL07-SC,2021
365570.0,2021-04-29,quinta-feira,19:00:00,SC,282,506.7,XANXERE,Transitar na contramão,Colisão frontal,Com Vítimas Feridas,Plena Noite,Crescente,Céu Claro,Simples,Reta,Sim,3,0,0,1,2,0,1,3,-26.88514928,-52.43227612,SPRF-SC,DEL07-SC,UOP01-DEL07-SC,2021
365630.0,2021-06-21,segunda-feira,15:26:00,SC,282,583.9,PINHALZINHO,Pista Escorregadia,Saída de leito carroçável,Com Vítimas Feridas,Pleno dia,Crescente,Chuva,Simples,Curva,Não,2,0,1,0,1,0,1,1,-26.828905,-53.009552,SPRF-SC,DEL07-SC,UOP02-DEL07-SC,2021
365715.0,2021-06-22,terça-feira,08:10:00,SC,282,217.7,LAGES,Demais falhas mecânicas ou elétricas,Colisão com objeto,Com Vítimas Feridas,Pleno dia,Crescente,Céu Claro,Simples,Aclive,Sim,1,0,1,0,0,0,1,1,-27.797916,-50.302944,SPRF-SC,DEL05-SC,UOP01-DEL05-SC,2021
365719.0,2021-06-22,terça-feira,10:20:00,SC,282,543.0,CHAPECO,Obras na pista,Saída de leito carroçável,Com Vítimas Feridas,Pleno dia,Crescente,Céu Claro,Simples,Reta,Não,1,0,1,0,0,0,1,1,-26.9998978,-52.7151353,SPRF-SC,DEL07-SC,UOP01-DEL07-SC,2021
365813.0,2021-06-22,terça-feira,16:00:00,SC,282,658.0,SAO MIGUEL DO OESTE,Ausência de reação do condutor,Saída de leito carroçável,Com Vítimas Feridas,Pleno dia,Crescente,Céu Claro,Simples,Declive;Reta,Não,1,0,0,1,0,0,1,1,-26.684761,-53.549438,SPRF-SC,DEL07-SC,UOP03-DEL07-SC,2021
365814.0,2021-06-22,terça-feira,12:45:00,SC,282,616.7,IRACEMINHA,Acessar a via sem observar a presença dos outros veículos,Colisão transversal,Sem Vítimas,Pleno dia,Decrescente,Céu Claro,Simples,Rotatória;Em Obras,Não,2,0,0,0,2,0,0,2,-26.78312336,-53.28382015,SPRF-SC,DEL07-SC,UOP02-DEL07-SC,2021
365985.0,2021-06-23,quarta-feira,17:30:00,SC,282,3.4,FLORIANOPOLIS,Reação tardia ou ineficiente do condutor,Colisão lateral mesmo sentido,Com Vítimas Feridas,Plena Noite,Crescente,Nublado,Múltipla,Reta,Sim,2,0,1,0,1,0,1,2,-27.600384,-48.599705,SPRF-SC,DEL01-SC,UOP01-DEL01-SC,2021
366020.0,2021-06-23,quarta-feira,21:20:00,SC,282,502.1,XANXERE,Desrespeitar a preferência no cruzamento,Colisão frontal,Com Vítimas Feridas,Plena Noite,Decrescente,Céu Claro,Simples,Reta,Sim,2,0,1,0,1,0,1,2,-26.883707,-52.388397,SPRF-SC,DEL07-SC,UOP01-DEL07-SC,2021
366084.0,2021-06-04,sexta-feira,16:00:00,SC,282,64.7,RANCHO QUEIMADO,Velocidade Incompatível,Saída de leito carroçável,Com Vítimas Feridas,Pleno dia,Crescente,Céu Claro,Simples,Curva,Não,2,0,0,1,0,1,1,2,-27.696323,-49.052456,SPRF-SC,DEL01-SC,UOP03-DEL01-SC,2021
366299.0,2021-06-25,sexta-feira,07:00:00,SC,282,62.0,RANCHO QUEIMADO,Demais falhas mecânicas ou elétricas,Incêndio,Com Vítimas Feridas,Amanhecer,Decrescente,Céu Claro,Simples,Reta,Não,1,0,1,0,0,0,1,1,-27.688046,-49.037033,SPRF-SC,DEL01-SC,UOP03-DEL01-SC,2021
366334.0,2021-06-25,sexta-feira,07:15:00,SC,282,550.6,NOVA ITABERABA,Condutor deixou de manter distância do veículo da frente,Colisão traseira,Sem Vítimas,Pleno dia,Decrescente,Sol,Simples,Reta,Não,2,0,0,0,2,0,0,2,-26.958057,-52.771416,SPRF-SC,DEL07-SC,UOP01-DEL07-SC,2021
366336.0,2021-06-25,sexta-feira,12:50:00,SC,282,5.0,SAO JOSE,Reação tardia ou ineficiente do condutor,Queda de ocupante de veículo,Com Vítimas Feridas,Pleno dia,Decrescente,Céu Claro,Simples,Curva,Sim,2,0,1,0,1,0,1,2,-27.58468679,-48.61785304,SPRF-SC,DEL01-SC,UOP01-DEL01-SC,2021
366451.0,2021-06-25,sexta-feira,13:35:00,SC,480,130.8,CHAPECO,Conversão proibida,Colisão transversal,Com Vítimas Feridas,Pleno dia,Decrescente,Sol,Simples,Reta,Sim,2,0,1,0,1,0,1,2,-27.05534298,-52.63652069,SPRF-SC,DEL07-SC,UOP01-DEL07-SC,2021
366555.0,2021-06-26,sábado,11:45:00,SC,282,528.0,CORDILHEIRA ALTA,Avarias e/ou desgaste excessivo no pneu,Tombamento,Com Vítimas Feridas,Pleno dia,Crescente,Céu Claro,Simples,Curva,Não,2,0,0,1,1,0,1,2,-26.978798,-52.588566,SPRF-SC,DEL07-SC,UOP01-DEL07-SC,2021
366583.0,2021-06-26,sábado,07:32:00,SC,480,125.8,CHAPECO,Ingestão de álcool pelo condutor,Colisão com objeto,Com Vítimas Feridas,Pleno dia,Crescente,Céu Claro,Dupla,Reta,Sim,2,0,0,1,1,0,1,1,-27.00882521,-52.64176553,SPRF-SC,DEL07-SC,UOP01-DEL07-SC,2021
366706.0,2021-06-26,sábado,23:35:00,SC,282,223.0,LAGES,Velocidade Incompatível,Colisão com objeto,Com Vítimas Feridas,Plena Noite,Decrescente,Garoa/Chuvisco,Simples,Curva,Não,1,0,1,0,0,0,1,1,-27.800127,-50.362751,SPRF-SC,DEL05-SC,UOP01-DEL05-SC,2021
366808.0,2021-06-27,domingo,10:50:00,SC,282,209.0,LAGES,Frear bruscamente,Saída de leito carroçável,Com Vítimas Feridas,Pleno dia,Crescente,Céu Claro,Simples,Aclive;Reta,Não,5,0,2,0,3,0,2,1,-27.776926,-50.221893,SPRF-SC,DEL05-SC,UOP01-DEL05-SC,2021
366972.0,2021-06-13,domingo,01:00:00,SC,282,3.0,SAO JOSE,Reação tardia ou ineficiente do condutor,Atropelamento de Pedestre,Com Vítimas Feridas,Plena Noite,Decrescente,Céu Claro,Múltipla,Reta,Sim,4,0,0,1,2,1,1,2,-27.600384,-48.599705,SPRF-SC,DEL01-SC,UOP01-DEL01-SC,2021
367019.0,2021-06-28,segunda-feira,07:40:00,SC,480,124.2,CHAPECO,Manobra de mudança de faixa,Colisão com objeto,Com Vítimas Feridas,Pleno dia,Decrescente,Céu Claro,Dupla,Aclive;Reta,Sim,1,0,0,1,0,0,1,1,-27.00359519,-52.64391044,SPRF-SC,DEL07-SC,UOP01-DEL07-SC,2021
367100.0,2021-06-28,segunda-feira,19:10:00,SC,480,125.9,CHAPECO,Condutor deixou de manter distância do veículo da frente,Colisão traseira,Com Vítimas Feridas,Plena Noite,Crescente,Nublado,Simples,Reta,Não,2,0,1,0,1,0,1,2,-27.01164515,-52.63953123,SPRF-SC,DEL07-SC,UOP01-DEL07-SC,2021
367289.0,2021-06-04,sexta-feira,13:40:00,SC,282,504.4,XANXERE,Conversão proibida,Colisão transversal,Com Vítimas Feridas,Pleno dia,Decrescente,Sol,Simples,Reta,Sim,2,0,1,0,1,0,1,2,-26.884279,-52.408466,SPRF-SC,DEL07-SC,UOP01-DEL07-SC,2021
367515.0,2021-07-01,quinta-feira,07:10:00,SC,282,16.6,PALHOCA,Desrespeitar a preferência no cruzamento,Colisão transversal,Com Vítimas Feridas,Pleno dia,Decrescente,Céu Claro,Simples,Interseção de Vias,Sim,2,0,0,1,1,0,1,2,-27.658611,-48.681847,SPRF-SC,DEL01-SC,UOP02-DEL01-SC,2021
367517.0,2021-05-29,sábado,19:45:00,SC,282,492.0,FAXINAL DOS GUEDES,Ausência de reação do condutor,Queda de ocupante de veículo,Com Vítimas Feridas,Plena Noite,Crescente,Céu Claro,Simples,Rotatória,Não,2,0,1,0,0,1,1,1,-26.871534,-52.300915,SPRF-SC,DEL07-SC,UOP01-DEL07-SC,2021
367749.0,2021-07-02,sexta-feira,07:55:00,SC,282,352.9,CAMPOS NOVOS,Condutor Dormindo,Saída de leito carroçável,Com Vítimas Feridas,Pleno dia,Crescente,Céu Claro,Simples,Reta,Não,1,0,1,0,0,0,1,1,-27.362946,-51.311783,SPRF-SC,DEL07-SC,UOP06-DEL07-SC,2021
367755.0,2021-07-02,sexta-feira,10:20:00,SC,282,5.0,SAO JOSE,Manobra de mudança de faixa,Saída de leito carroçável,Com Vítimas Feridas,Pleno dia,Crescente,Sol,Dupla,Reta,Sim,2,0,1,0,1,0,1,1,-27.588425,-48.612919,SPRF-SC,DEL01-SC,UOP01-DEL01-SC,2021
367759.0,2021-07-02,sexta-feira,10:14:00,SC,282,609.1,MARAVILHA,Frear bruscamente,Colisão traseira,Sem Vítimas,Pleno dia,Crescente,Céu Claro,Simples,Reta,Não,3,0,0,0,2,1,0,3,-26.761354,-53.221897,SPRF-SC,DEL07-SC,UOP02-DEL07-SC,2021
367859.0,2021-07-02,sexta-feira,18:30:00,SC,480,124.1,CHAPECO,Condutor deixou de manter distância do veículo da frente,Colisão traseira,Sem Vítimas,Plena Noite,Decrescente,Céu Claro,Dupla,Reta,Sim,2,0,0,0,2,0,0,2,-27.00359519,-52.64391044,SPRF-SC,DEL07-SC,UOP01-DEL07-SC,2021
367861.0,2021-07-02,sexta-feira,19:40:00,SC,282,1.5,SAO JOSE,Condutor deixou de manter distância do veículo da frente,Colisão traseira,Com Vítimas Feridas,Plena Noite,Crescente,Nublado,Dupla,Reta,Sim,3,0,2,0,1,0,2,3,-27.602955,-48.580509,SPRF-SC,DEL01-SC,UOP01-DEL01-SC,2021
367868.0,2021-07-02,sexta-feira,20:00:00,SC,282,16.0,PALHOCA,Desrespeitar a preferência no cruzamento,Colisão lateral mesmo sentido,Com Vítimas Feridas,Plena Noite,Crescente,Céu Claro,Dupla,Reta,Sim,3,0,1,1,1,0,2,2,-27.658611,-48.681847,SPRF-SC,DEL01-SC,UOP02-DEL01-SC,2021
367897.0,2021-07-02,sexta-feira,20:45:00,SC,282,580.8,PINHALZINHO,Acessar a via sem observar a presença dos outros veículos,Colisão transversal,Com Vítimas Feridas,Plena Noite,Crescente,Céu Claro,Simples,Declive;Reta,Sim,2,0,0,1,1,0,1,2,-26.832148,-52.994308,SPRF-SC,DEL07-SC,UOP02-DEL07-SC,2021
367919.0,2021-07-02,sexta-feira,23:40:00,SC,282,430.5,VARGEM BONITA,Condutor Dormindo,Saída de leito carroçável,Com Vítimas Feridas,Plena Noite,Decrescente,Céu Claro,Simples,Curva,Não,1,0,1,0,0,0,1,1,-26.980852,-51.795891,SPRF-SC,DEL07-SC,UOP05-DEL07-SC,2021
367923.0,2021-07-03,sábado,01:00:00,SC,282,501.3,XANXERE,Ingestão de álcool pelo condutor,Saída de leito carroçável,Sem Vítimas,Plena Noite,Decrescente,Nublado,Simples,Reta,Sim,1,0,0,0,0,1,0,1,-26.882715,-52.381729,SPRF-SC,DEL07-SC,UOP01-DEL07-SC,2021
368100.0,2021-07-03,sábado,18:45:00,SC,282,17.7,PALHOCA,Ingestão de álcool pelo condutor,Colisão traseira,Sem Vítimas,Plena Noite,Decrescente,Nublado,Simples,Reta,Sim,2,0,0,0,2,0,0,2,-27.665707,-48.688065,SPRF-SC,DEL01-SC,UOP02-DEL01-SC,2021
368119.0,2021-07-03,sábado,18:45:00,SC,282,184.0,BOCAINA DO SUL,Pedestre andava na pista,Atropelamento de Pedestre,Com Vítimas Feridas,Plena Noite,Crescente,Céu Claro,Simples,Reta,Não,2,0,1,0,1,0,1,2,-27.73336,-49.978264,SPRF-SC,DEL05-SC,UOP01-DEL05-SC,2021
368140.0,2021-07-03,sábado,19:00:00,SC,282,522.1,XAXIM,Ingestão de álcool pelo condutor,Colisão traseira,Sem Vítimas,Plena Noite,Decrescente,Céu Claro,Simples,Declive,Sim,2,0,0,0,2,0,0,2,-26.956238,-52.542637,SPRF-SC,DEL07-SC,UOP01-DEL07-SC,2021
368178.0,2021-07-03,sábado,23:35:00,SC,282,599.2,CUNHA PORA,Ingestão de álcool pelo condutor,Tombamento,Com Vítimas Feridas,Plena Noite,Crescente,Céu Claro,Simples,Aclive,Não,1,0,1,0,0,0,1,1,-26.818916,-53.157808,SPRF-SC,DEL07-SC,UOP02-DEL07-SC,2021
368206.0,2021-07-04,domingo,04:10:00,SC,282,215.0,LAGES,Ingestão de álcool pelo condutor,Colisão com objeto,Sem Vítimas,Amanhecer,Decrescente,Nublado,Simples,Rotatória,Sim,1,0,0,0,1,0,0,1,-27.793665,-50.281799,SPRF-SC,DEL05-SC,UOP01-DEL05-SC,2021
368211.0,2021-07-04,domingo,05:15:00,SC,282,644.0,SAO MIGUEL DO OESTE,Ingestão de álcool pelo condutor,Colisão transversal,Com Vítimas Feridas,Plena Noite,Decrescente,Nevoeiro/Neblina,Simples,Curva;Declive,Não,7,0,1,0,6,0,1,2,-26.76557542,-53.4844923,SPRF-SC,DEL07-SC,UOP03-DEL07-SC,2021
368388.0,2021-07-04,domingo,23:00:00,SC,282,21.1,PALHOCA,Ingestão de álcool pelo condutor,Colisão lateral sentido oposto,Sem Vítimas,Plena Noite,Crescente,Nublado,Simples,Reta,Sim,2,0,0,0,2,0,0,2,-27.68907,-48.717541,SPRF-SC,DEL01-SC,UOP02-DEL01-SC,2021
368408.0,2021-07-04,domingo,23:10:00,SC,282,115.8,ALFREDO WAGNER,Condutor Dormindo,Saída de leito carroçável,Com Vítimas Feridas,Plena Noite,Decrescente,Céu Claro,Simples,Curva,Não,1,0,1,0,0,0,1,1,-27.755424,-49.39444,SPRF-SC,DEL01-SC,UOP03-DEL01-SC,2021
368937.0,2021-07-07,quarta-feira,10:58:00,SC,282,50.4,GUARAMIRIM,Ultrapassagem Indevida,Colisão lateral sentido oposto,Com Vítimas Feridas,Pleno dia,Crescente,Céu Claro,Simples,Reta,Sim,2,0,1,0,1,0,1,2,-26.46457993,-48.95336151,SPRF-SC,DEL01-SC,UOP03-DEL01-SC,2021
368989.0,2021-07-07,quarta-feira,14:00:00,SC,282,530.3,CORDILHEIRA ALTA,Acessar a via sem observar a presença dos outros veículos,Colisão traseira,Com Vítimas Feridas,Pleno dia,Crescente,Céu Claro,Simples,Reta,Não,6,0,3,0,3,0,3,2,-26.994078,-52.611341,SPRF-SC,DEL07-SC,UOP01-DEL07-SC,2021
369033.0,2021-07-07,quarta-feira,12:00:00,SC,282,488.6,FAXINAL DOS GUEDES,Desrespeitar a preferência no cruzamento,Tombamento,Com Vítimas Feridas,Pleno dia,Crescente,Sol,Simples,Rotatória,Sim,1,0,1,0,0,0,1,1,-26.863047,-52.270107,SPRF-SC,DEL07-SC,UOP01-DEL07-SC,2021
369087.0,2021-07-08,quinta-feira,05:40:00,SC,282,564.3,NOVA ERECHIM,Condutor Dormindo,Capotamento,Sem Vítimas,Plena Noite,Crescente,Céu Claro,Simples,Reta,Não,1,0,0,0,1,0,0,1,-26.898739,-52.877975,SPRF-SC,DEL07-SC,UOP02-DEL07-SC,2021
369123.0,2021-07-08,quinta-feira,08:50:00,SC,282,242.2,SAO JOSE DO CERRITO,Condutor Dormindo,Saída de leito carroçável,Sem Vítimas,Pleno dia,Crescente,Céu Claro,Simples,Curva;Declive,Sim,1,0,0,0,1,0,0,1,-27.74678439,-50.50558531,SPRF-SC,DEL05-SC,UOP02-DEL05-SC,2021
369158.0,2021-07-08,quinta-feira,11:15:00,SC,282,535.3,CHAPECO,Conversão proibida,Colisão transversal,Com Vítimas Feridas,Pleno dia,Decrescente,Céu Claro,Simples,Interseção de Vias,Sim,5,0,1,0,4,0,1,2,-26.999437,-52.646027,SPRF-SC,DEL07-SC,UOP01-DEL07-SC,2021
369233.0,2021-07-08,quinta-feira,16:20:00,SC,480,129.5,CHAPECO,Desrespeitar a preferência no cruzamento,Colisão transversal,Com Vítimas Feridas,Pleno dia,Decrescente,Sol,Simples,Viaduto,Não,2,0,1,0,1,0,1,2,-27.04656607,-52.63577131,SPRF-SC,DEL07-SC,UOP01-DEL07-SC,2021
369249.0,2021-07-08,quinta-feira,20:15:00,SC,282,4.8,SAO JOSE,Ingestão de álcool pelo condutor,Saída de leito carroçável,Com Vítimas Feridas,Plena Noite,Crescente,Céu Claro,Dupla,Aclive;Reta,Sim,3,0,3,0,0,0,3,1,-27.59725642,-48.60092998,SPRF-SC,DEL01-SC,UOP01-DEL01-SC,2021
369532.0,2021-07-09,sexta-feira,22:00:00,SC,282,293.7,VARGEM,Velocidade Incompatível,Saída de leito carroçável,Com Vítimas Feridas,Plena Noite,Decrescente,Céu Claro,Simples,Curva,Não,1,0,0,1,0,0,1,1,-27.538227,-50.860825,SPRF-SC,DEL07-SC,UOP06-DEL07-SC,2021
369682.0,2021-07-10,sábado,17:30:00,SC,282,461.4,PONTE SERRADA,Ingestão de álcool pelo condutor,Colisão traseira,Com Vítimas Feridas,Anoitecer,Decrescente,Céu Claro,Simples,Declive,Sim,4,0,3,0,1,0,3,2,-26.857594,-52.050583,SPRF-SC,DEL07-SC,UOP04-DEL07-SC,2021
369693.0,2021-07-10,sábado,14:10:00,SC,282,675.0,PARAISO,Velocidade Incompatível,Saída de leito carroçável,Com Vítimas Feridas,Pleno dia,Decrescente,Céu Claro,Simples,Curva,Não,1,0,0,1,0,0,1,1,-26.6134,-53.677826,SPRF-SC,DEL07-SC,UOP03-DEL07-SC,2021
369718.0,2021-07-10,sábado,18:00:00,SC,282,463.0,PONTE SERRADA,Desrespeitar a preferência no cruzamento,Colisão transversal,Com Vítimas Feridas,Anoitecer,Decrescente,Céu Claro,Simples,Rotatória,Sim,2,0,2,0,0,0,2,2,-26.855036,-52.059551,SPRF-SC,DEL07-SC,UOP04-DEL07-SC,2021
369794.0,2021-07-11,domingo,01:25:00,SC,480,130.0,CHAPECO,Ingestão de álcool pelo condutor,Capotamento,Sem Vítimas,Plena Noite,Crescente,Céu Claro,Dupla,Reta,Sim,1,0,0,0,0,1,0,1,-27.05534298,-52.63652069,SPRF-SC,DEL07-SC,UOP01-DEL07-SC,2021
369952.0,2021-07-11,domingo,16:00:00,SC,282,460.1,PONTE SERRADA,Acessar a via sem observar a presença dos outros veículos,Saída de leito carroçável,Com Vítimas Feridas,Pleno dia,Crescente,Céu Claro,Simples,Reta,Sim,1,0,1,0,0,0,1,1,-26.856062,-52.03215,SPRF-SC,DEL07-SC,UOP04-DEL07-SC,2021
369959.0,2021-07-11,domingo,17:45:00,SC,282,24.0,SANTO AMARO DA IMPERATRIZ,Condutor deixou de manter distância do veículo da frente,Colisão traseira,Sem Vítimas,Anoitecer,Decrescente,Céu Claro,Simples,Reta,Sim,2,0,0,0,2,0,0,2,-27.68268,-48.744614,SPRF-SC,DEL01-SC,UOP03-DEL01-SC,2021
369983.0,2021-07-11,domingo,17:45:00,SC,282,128.8,BOM RETIRO,Transitar na contramão,Colisão lateral sentido oposto,Com Vítimas Feridas,Plena Noite,Crescente,Céu Claro,Simples,Reta,Não,4,0,1,0,3,0,1,2,-27.80123847,-49.49531123,SPRF-SC,DEL05-SC,UOP01-DEL05-SC,2021
369999.0,2021-07-11,domingo,20:10:00,SC,282,145.9,BOM RETIRO,Conversão proibida,Colisão transversal,Com Vítimas Feridas,Plena Noite,Decrescente,Céu Claro,Simples,Curva,Não,8,0,2,0,6,0,2,2,-27.802912,-49.632038,SPRF-SC,DEL05-SC,UOP01-DEL05-SC,2021
370053.0,2021-07-11,domingo,23:15:00,SC,480,130.9,CHAPECO,Velocidade Incompatível,Colisão com objeto,Com Vítimas Feridas,Plena Noite,Decrescente,Céu Claro,Dupla,Reta,Não,1,0,0,1,0,0,1,1,-27.05534298,-52.63652069,SPRF-SC,DEL07-SC,UOP01-DEL07-SC,2021
370056.0,2021-07-11,domingo,21:30:00,SC,282,580.4,PINHALZINHO,Condutor usando celular,Colisão frontal,Com Vítimas Fatais,Plena Noite,Crescente,Céu Claro,Simples,Reta,Sim,3,1,2,0,0,0,2,2,-26.835557,-52.990347,SPRF-SC,DEL07-SC,UOP02-DEL07-SC,2021