id,data_inversa,dia_semana,horario,uf,br,km,municipio,causa_acidente,tipo_acidente,classificacao_acidente,fase_dia,sentido_via,condicao_metereologica,tipo_pista,tracado_via,uso_solo,pessoas,mortos,feridos_leves,feridos_graves,ilesos,ignorados,feridos,veiculos,latitude,longitude,regional,delegacia,uop,ano_arquivo
377146.0,2021-08-14,sábado,19:50:00,SC,282,544.0,CHAPECO,Condutor Dormindo,Saída de leito carroçável,Com Vítimas Feridas,Plena Noite,Decrescente,Céu Claro,Simples,Curva,Não,1,0,0,1,0,0,1,1,-26.992517,-52.724781,SPRF-SC,DEL07-SC,UOP01-DEL07-SC,2021
377208.0,2021-08-15,domingo,03:00:00,SC,282,638.8,DESCANSO,Ingestão de álcool e/ou substâncias psicoativas pelo pedestre,Colisão lateral sentido oposto,Sem Vítimas,Plena Noite,Crescente,Nevoeiro/Neblina,Simples,Curva,Não,3,0,0,0,3,0,0,1,-26.7939,-53.45031,SPRF-SC,DEL07-SC,UOP03-DEL07-SC,2021
377223.0,2021-08-15,domingo,01:00:00,SC,282,425.6,VARGEM BONITA,Ausência de reação do condutor,Saída de leito carroçável,Com Vítimas Feridas,Plena Noite,Crescente,Nublado,Simples,Curva,Não,1,0,1,0,0,0,1,1,-26.980412,-51.756256,SPRF-SC,DEL07-SC,UOP05-DEL07-SC,2021
377316.0,2021-08-15,domingo,16:00:00,SC,282,499.1,XANXERE,Ingestão de álcool pelo condutor,Colisão com objeto,Sem Vítimas,Pleno dia,Decrescente,Céu Claro,Dupla,Reta,Sim,1,0,0,0,0,1,0,1,-26.880869,-52.363121,SPRF-SC,DEL07-SC,UOP01-DEL07-SC,2021
377350.0,2021-08-14,sábado,23:00:00,SC,282,234.0,LAGES,Ingestão de álcool pelo condutor,Saída de leito carroçável,Com Vítimas Feridas,Plena Noite,Decrescente,Nublado,Simples,Curva,Não,2,0,0,1,0,1,1,2,-27.78289788,-50.46020508,SPRF-SC,DEL05-SC,UOP02-DEL05-SC,2021
377405.0,2021-08-16,segunda-feira,04:10:00,SC,282,633.0,DESCANSO,Condutor Dormindo,Saída de leito carroçável,Com Vítimas Feridas,Plena Noite,Decrescente,Céu Claro,Simples,Curva,Não,2,0,1,0,0,1,1,1,-26.824224,-53.412407,SPRF-SC,DEL07-SC,UOP03-DEL07-SC,2021
377432.0,2021-08-16,segunda-feira,07:05:00,SC,282,393.0,JOACABA,Condutor Dormindo,Colisão com objeto,Com Vítimas Feridas,Amanhecer,Crescente,Nublado,Simples,Curva,Não,1,0,1,0,0,0,1,1,-27.160221,-51.573895,SPRF-SC,DEL07-SC,UOP05-DEL07-SC,2021
377504.0,2021-08-16,segunda-feira,16:00:00,SC,282,16.2,PALHOCA,Ausência de reação do condutor,Colisão traseira,Com Vítimas Feridas,Pleno dia,Crescente,Céu Claro,Simples,Reta,Sim,3,0,1,0,2,0,1,3,-27.658611,-48.681847,SPRF-SC,DEL01-SC,UOP02-DEL01-SC,2021
377679.0,2021-08-17,terça-feira,16:30:00,SC,282,5.0,SAO JOSE,Condutor deixou de manter distância do veículo da frente,Colisão traseira,Com Vítimas Feridas,Pleno dia,Crescente,Céu Claro,Múltipla,Reta,Sim,2,0,0,1,1,0,1,2,-27.588425,-48.612919,SPRF-SC,DEL01-SC,UOP01-DEL01-SC,2021
377704.0,2021-08-17,terça-feira,18:40:00,SC,282,0.1,FLORIANOPOLIS,Velocidade Incompatível,Colisão lateral mesmo sentido,Com Vítimas Feridas,Pleno dia,Crescente,Céu Claro,Múltipla,Reta,Sim,4,0,2,0,1,1,2,4,-27.59845,-48.571995,SPRF-SC,DEL01-SC,UOP01-DEL01-SC,2021
377824.0,2021-08-18,quarta-feira,13:05:00,SC,282,618.5,IRACEMINHA,Reação tardia ou ineficiente do condutor,Colisão traseira,Com Vítimas Feridas,Pleno dia,Decrescente,Céu Claro,Dupla,Curva;Aclive,Não,5,0,1,0,4,0,1,3,-26.788088,-53.293259,SPRF-SC,DEL07-SC,UOP02-DEL07-SC,2021
377878.0,2021-08-18,quarta-feira,18:59:00,SC,282,209.9,SAO JOSE,Reação tardia ou ineficiente do condutor,Colisão lateral mesmo sentido,Com Vítimas Feridas,Plena Noite,Decrescente,Céu Claro,Dupla,Reta,Sim,2,0,1,0,1,0,1,2,-27.61661424,-48.64541173,SPRF-SC,DEL05-SC,UOP01-DEL05-SC,2021
378066.0,2021-08-19,quinta-feira,19:00:00,SC,282,5.0,SAO JOSE,Condutor deixou de manter distância do veículo da frente,Colisão lateral mesmo sentido,Com Vítimas Feridas,Plena Noite,Crescente,Nublado,Múltipla,Reta,Sim,2,0,1,0,1,0,1,2,-27.588425,-48.612919,SPRF-SC,DEL01-SC,UOP01-DEL01-SC,2021
378154.0,2021-08-20,sexta-feira,06:25:00,SC,282,176.7,BOCAINA DO SUL,Transitar na contramão,Colisão frontal,Com Vítimas Fatais,Pleno dia,Crescente,Céu Claro,Simples,Curva,Não,7,1,5,1,0,0,6,2,-27.738754,-49.909367,SPRF-SC,DEL05-SC,UOP01-DEL05-SC,2021
378179.0,2021-08-20,sexta-feira,11:10:00,SC,282,6.0,SAO JOSE,Condutor deixou de manter distância do veículo da frente,Colisão traseira,Com Vítimas Feridas,Pleno dia,Crescente,Sol,Múltipla,Curva;Declive,Não,5,0,1,0,3,1,1,4,-27.591936,-48.618244,SPRF-SC,DEL01-SC,UOP01-DEL01-SC,2021
378392.0,2021-08-21,sábado,08:40:00,SC,282,5.0,SAO JOSE,Ausência de reação do condutor,Colisão com objeto,Sem Vítimas,Pleno dia,Crescente,Céu Claro,Dupla,Curva,Sim,1,0,0,0,0,1,0,1,-27.588425,-48.612919,SPRF-SC,DEL01-SC,UOP01-DEL01-SC,2021
378436.0,2021-08-21,sábado,09:50:00,SC,282,388.7,JOACABA,Reação tardia ou ineficiente do condutor,Colisão lateral sentido oposto,Com Vítimas Feridas,Pleno dia,Decrescente,Céu Claro,Simples,Curva,Não,2,0,1,0,1,0,1,2,-27.179003,-51.531616,SPRF-SC,DEL07-SC,UOP05-DEL07-SC,2021
378463.0,2021-08-21,sábado,13:00:00,SC,282,598.9,CUNHA PORA,Velocidade Incompatível,Saída de leito carroçável,Com Vítimas Feridas,Pleno dia,Decrescente,Sol,Simples,Curva;Aclive,Não,4,0,2,1,1,0,3,1,-26.825783,-53.147213,SPRF-SC,DEL07-SC,UOP02-DEL07-SC,2021
378564.0,2021-08-21,sábado,23:15:00,SC,282,458.4,PONTE SERRADA,Velocidade Incompatível,Saída de leito carroçável,Com Vítimas Feridas,Plena Noite,Crescente,Céu Claro,Simples,Curva,Não,1,0,1,0,0,0,1,1,-26.872128,-52.019024,SPRF-SC,DEL07-SC,UOP04-DEL07-SC,2021
378675.0,2021-08-22,domingo,00:00:00,SC,282,580.4,PINHALZINHO,Ingestão de álcool pelo condutor,Saída de leito carroçável,Sem Vítimas,Plena Noite,Crescente,Céu Claro,Simples,Reta,Sim,1,0,0,0,1,0,0,1,-26.832148,-52.994308,SPRF-SC,DEL07-SC,UOP02-DEL07-SC,2021
378704.0,2021-08-22,domingo,16:00:00,SC,282,624.2,IRACEMINHA,Ultrapassagem Indevida,Colisão lateral mesmo sentido,Com Vítimas Feridas,Pleno dia,Decrescente,Sol,Simples,Reta,Não,3,0,1,1,1,0,2,2,-26.798008,-53.34169,SPRF-SC,DEL07-SC,UOP02-DEL07-SC,2021
378815.0,2021-08-22,domingo,17:35:00,SC,282,662.1,PARAISO,Ausência de reação do condutor,Saída de leito carroçável,Sem Vítimas,Pleno dia,Decrescente,Céu Claro,Simples,Curva,Não,1,0,0,0,0,1,0,1,-26.671671,-53.58363,SPRF-SC,DEL07-SC,UOP03-DEL07-SC,2021
378859.0,2021-08-23,segunda-feira,07:00:00,SC,282,462.7,PONTE SERRADA,Condutor Dormindo,Saída de leito carroçável,Com Vítimas Feridas,Pleno dia,Decrescente,Céu Claro,Simples,Declive,Sim,1,0,1,0,0,0,1,1,-26.857594,-52.050583,SPRF-SC,DEL07-SC,UOP04-DEL07-SC,2021
378963.0,2021-08-23,segunda-feira,19:30:00,SC,282,23.1,SANTO AMARO DA IMPERATRIZ,Transitar na contramão,Colisão lateral sentido oposto,Com Vítimas Feridas,Plena Noite,Decrescente,Nublado,Simples,Reta,Sim,2,0,1,0,1,0,1,2,-27.68706228,-48.73851657,SPRF-SC,DEL01-SC,UOP02-DEL01-SC,2021
378983.0,2021-08-23,segunda-feira,19:00:00,SC,282,582.0,PINHALZINHO,Iluminação deficiente,Colisão frontal,Com Vítimas Feridas,Plena Noite,Decrescente,Céu Claro,Simples,Interseção de Vias;Reta,Sim,2,0,1,0,1,0,1,2,-26.826683,-53.002621,SPRF-SC,DEL07-SC,UOP02-DEL07-SC,2021
379057.0,2021-08-24,terça-feira,08:10:00,SC,282,222.0,LAGES,Pista Escorregadia,Saída de leito carroçável,Com Vítimas Feridas,Pleno dia,Crescente,Céu Claro,Simples,Curva,Não,1,0,1,0,0,0,1,1,-27.797739,-50.353409,SPRF-SC,DEL05-SC,UOP01-DEL05-SC,2021
379124.0,2021-08-24,terça-feira,18:00:00,SC,480,124.0,CHAPECO,Acumulo de areia ou detritos sobre o pavimento,Colisão com objeto,Sem Vítimas,Pleno dia,Decrescente,Céu Claro,Simples,Reta,Não,1,0,0,0,1,0,0,1,-27.00897292,-52.64184952,SPRF-SC,DEL07-SC,UOP01-DEL07-SC,2021
379178.0,2021-08-25,quarta-feira,04:40:00,SC,282,4.7,SAO JOSE,Ausência de reação do condutor,Colisão traseira,Com Vítimas Feridas,Plena Noite,Crescente,Nublado,Múltipla,Reta,Sim,2,0,1,0,1,0,1,2,-27.588425,-48.612919,SPRF-SC,DEL01-SC,UOP01-DEL01-SC,2021
379458.0,2021-08-26,quinta-feira,09:30:00,SC,282,111.0,ALFREDO WAGNER,Chuva,Saída de leito carroçável,Com Vítimas Feridas,Pleno dia,Crescente,Chuva,Simples,Curva,Não,3,0,3,0,0,0,3,1,-27.733616,-49.367538,SPRF-SC,DEL01-SC,UOP03-DEL01-SC,2021
379736.0,2021-08-28,sábado,01:33:00,SC,282,172.0,BOCAINA DO SUL,Ingestão de álcool pelo condutor,Saída de leito carroçável,Com Vítimas Feridas,Plena Noite,Crescente,Céu Claro,Simples,Reta,Não,1,0,1,0,0,0,1,1,-27.742331,-49.862782,SPRF-SC,DEL05-SC,UOP01-DEL05-SC,2021
379789.0,2021-08-28,sábado,08:30:00,SC,282,408.2,CATANDUVAS,Acessar a via sem observar a presença dos outros veículos,Colisão transversal,Com Vítimas Feridas,Pleno dia,Decrescente,Céu Claro,Simples,Curva,Não,4,0,2,0,2,0,2,2,-27.074812,-51.663269,SPRF-SC,DEL07-SC,UOP05-DEL07-SC,2021
379834.0,2021-08-28,sábado,14:00:00,SC,282,3.7,SAO JOSE,Ausência de reação do condutor,Colisão lateral mesmo sentido,Com Vítimas Feridas,Pleno dia,Crescente,Céu Claro,Múltipla,Curva,Sim,2,0,1,0,1,0,1,2,-27.600384,-48.599705,SPRF-SC,DEL01-SC,UOP01-DEL01-SC,2021
379958.0,2021-08-28,sábado,23:10:00,SC,282,23.4,SANTO AMARO DA IMPERATRIZ,Reação tardia ou ineficiente do condutor,Colisão frontal,Com Vítimas Feridas,Plena Noite,Crescente,Garoa/Chuvisco,Simples,Reta,Sim,3,0,0,2,1,0,2,2,-27.687958,-48.736794,SPRF-SC,DEL01-SC,UOP02-DEL01-SC,2021
380012.0,2021-08-29,domingo,05:00:00,SC,282,594.4,SAUDADES,Condutor Dormindo,Saída de leito carroçável,Sem Vítimas,Plena Noite,Crescente,Céu Claro,Simples,Reta;Aclive,Não,1,0,0,0,0,1,0,1,-26.827911,-53.108719,SPRF-SC,DEL07-SC,UOP02-DEL07-SC,2021
380016.0,2021-08-29,domingo,07:20:00,SC,282,5.0,SAO JOSE,Ingestão de álcool pelo condutor,Colisão traseira,Com Vítimas Feridas,Pleno dia,Crescente,Nublado,Múltipla,Reta,Sim,2,0,1,0,1,0,1,2,-27.588425,-48.612919,SPRF-SC,DEL01-SC,UOP01-DEL01-SC,2021
380029.0,2021-08-29,domingo,06:30:00,SC,282,554.7,NOVA ITABERABA,Transitar na contramão,Colisão frontal,Com Vítimas Feridas,Pleno dia,Crescente,Céu Claro,Simples,Reta;Interseção de Vias,Não,2,0,0,1,0,1,1,2,-26.936268,-52.800812,SPRF-SC,DEL07-SC,UOP01-DEL07-SC,2021
380059.0,2021-08-29,domingo,08:00:00,SC,282,83.0,ALFREDO WAGNER,Velocidade Incompatível,Saída de leito carroçável,Sem Vítimas,Pleno dia,Decrescente,Garoa/Chuvisco,Simples,Curva,Não,1,0,0,0,1,0,0,1,-27.666153,-49.175022,SPRF-SC,DEL01-SC,UOP03-DEL01-SC,2021
380106.0,2021-08-29,domingo,15:15:00,SC,282,565.2,NOVA ERECHIM,Ultrapassagem Indevida,Colisão traseira,Com Vítimas Feridas,Pleno dia,Decrescente,Céu Claro,Simples,Declive,Não,4,0,0,1,2,1,1,3,-26.89855,-52.87726,SPRF-SC,DEL07-SC,UOP02-DEL07-SC,2021
380137.0,2021-08-29,domingo,18:26:00,SC,282,217.0,LAGES,Velocidade Incompatível,Colisão com objeto,Com Vítimas Feridas,Plena Noite,Decrescente,Nublado,Simples,Viaduto,Sim,1,0,0,1,0,0,1,1,-27.79767164,-50.29392421,SPRF-SC,DEL05-SC,UOP01-DEL05-SC,2021
380200.0,2021-08-30,segunda-feira,00:55:00,SC,282,575.1,PINHALZINHO,Ingestão de álcool pelo condutor,Colisão traseira,Com Vítimas Feridas,Plena Noite,Decrescente,Céu Claro,Simples,Reta;Aclive,Não,3,0,1,1,1,0,2,2,-26.869858,-52.96138,SPRF-SC,DEL07-SC,UOP02-DEL07-SC,2021
380249.0,2021-08-30,segunda-feira,09:00:00,SC,282,16.3,PALHOCA,Manobra de mudança de faixa,Colisão frontal,Com Vítimas Feridas,Pleno dia,Crescente,Garoa/Chuvisco,Simples,Interseção de Vias,Sim,3,0,3,0,0,0,3,2,-27.658611,-48.681847,SPRF-SC,DEL01-SC,UOP02-DEL01-SC,2021
380267.0,2021-08-26,quinta-feira,18:00:00,SC,282,3.7,FLORIANOPOLIS,Condutor deixou de manter distância do veículo da frente,Colisão traseira,Sem Vítimas,Plena Noite,Crescente,Céu Claro,Múltipla,Reta,Sim,4,0,0,0,1,3,0,3,-27.600384,-48.599705,SPRF-SC,DEL01-SC,UOP01-DEL01-SC,2021
380291.0,2021-08-30,segunda-feira,12:55:00,SC,282,4.5,SAO JOSE,Frear bruscamente,Tombamento,Com Vítimas Feridas,Pleno dia,Crescente,Chuva,Múltipla,Reta,Sim,1,0,1,0,0,0,1,1,-27.592646,-48.604034,SPRF-SC,DEL01-SC,UOP01-DEL01-SC,2021
380419.0,2021-08-31,terça-feira,01:25:00,SC,282,645.1,SAO MIGUEL DO OESTE,Ausência de reação do condutor,Saída de leito carroçável,Com Vítimas Feridas,Plena Noite,Crescente,Céu Claro,Simples,Reta;Aclive,Não,2,0,1,1,0,0,2,1,-26.765184,-53.487823,SPRF-SC,DEL07-SC,UOP03-DEL07-SC,2021
380489.0,2021-08-31,terça-feira,05:19:00,SC,282,30.0,SANTO AMARO DA IMPERATRIZ,Demais falhas mecânicas ou elétricas,Incêndio,Sem Vítimas,Amanhecer,Crescente,Nublado,Simples,Reta,Não,2,0,0,0,0,2,0,1,-27.687376,-48.79071,SPRF-SC,DEL01-SC,UOP03-DEL01-SC,2021
380571.0,2021-08-31,terça-feira,17:55:00,SC,282,569.9,NOVA ERECHIM,Acessar a via sem observar a presença dos outros veículos,Colisão transversal,Com Vítimas Feridas,Anoitecer,Crescente,Céu Claro,Simples,Reta,Sim,2,0,0,1,1,0,1,2,-26.894342,-52.923874,SPRF-SC,DEL07-SC,UOP02-DEL07-SC,2021
380582.0,2021-08-31,terça-feira,20:30:00,SC,282,231.9,LAGES,Animais na Pista,Atropelamento de Animal,Com Vítimas Feridas,Plena Noite,Crescente,Nublado,Simples,Declive,Não,1,0,1,0,0,0,1,1,-27.78531831,-50.44382215,SPRF-SC,DEL05-SC,UOP02-DEL05-SC,2021
380667.0,2021-07-31,sábado,18:40:00,SC,282,21.8,SANTO AMARO DA IMPERATRIZ,Ultrapassagem Indevida,Colisão frontal,Com Vítimas Feridas,Plena Noite,Crescente,Céu Claro,Simples,Reta,Sim,2,0,0,1,1,0,1,2,-27.68907,-48.717541,SPRF-SC,DEL01-SC,UOP02-DEL01-SC,2021
380958.0,2021-09-02,quinta-feira,17:45:00,SC,282,385.1,JOACABA,Ingestão de álcool pelo condutor,Colisão lateral mesmo sentido,Com Vítimas Feridas,Plena Noite,Crescente,Céu Claro,Simples,Curva,Sim,3,0,1,0,2,0,1,2,-27.200093,-51.51565,SPRF-SC,DEL07-SC,UOP05-DEL07-SC,2021
381074.0,2021-09-03,sexta-feira,15:37:00,SC,282,3.5,FLORIANOPOLIS,Condutor deixou de manter distância do veículo da frente,Colisão traseira,Com Vítimas Feridas,Pleno dia,Crescente,Nublado,Múltipla,Reta,Sim,2,0,1,0,1,0,1,2,-27.600384,-48.599705,SPRF-SC,DEL01-SC,UOP01-DEL01-SC,2021
381078.0,2021-09-03,sexta-feira,15:20:00,SC,282,3.8,FLORIANOPOLIS,Trafegar com motocicleta (ou similar) entre as faixas,Colisão lateral mesmo sentido,Com Vítimas Feridas,Pleno dia,Crescente,Céu Claro,Múltipla,Curva,Sim,2,0,0,1,1,0,1,2,-27.593919,-48.6019814,SPRF-SC,DEL01-SC,UOP01-DEL01-SC,2021
381127.0,2021-09-03,sexta-feira,18:30:00,SC,282,17.5,PALHOCA,Ausência de reação do condutor,Colisão transversal,Com Vítimas Feridas,Plena Noite,Crescente,Nublado,Simples,Reta,Sim,3,0,0,1,2,0,1,2,-27.665707,-48.688065,SPRF-SC,DEL01-SC,UOP02-DEL01-SC,2021
381155.0,2021-09-03,sexta-feira,14:00:00,SC,282,558.6,NOVA ITABERABA,Velocidade Incompatível,Saída de leito carroçável,Com Vítimas Feridas,Pleno dia,Crescente,Céu Claro,Simples,Curva,Não,2,0,0,2,0,0,2,1,-26.93232429,-52.83694267,SPRF-SC,DEL07-SC,UOP01-DEL07-SC,2021
381203.0,2021-09-03,sexta-feira,23:40:00,SC,282,528.0,CORDILHEIRA ALTA,Ingestão de álcool pelo condutor,Tombamento,Com Vítimas Feridas,Plena Noite,Decrescente,Céu Claro,Simples,Curva,Não,1,0,0,1,0,0,1,1,-26.97817237,-52.58812688,SPRF-SC,DEL07-SC,UOP01-DEL07-SC,2021
381219.0,2021-09-04,sábado,01:30:00,SC,282,506.0,XANXERE,Ingestão de álcool pelo condutor,Capotamento,Sem Vítimas,Plena Noite,Crescente,Céu Claro,Dupla,Interseção de Vias,Não,1,0,0,0,0,1,0,1,-26.885712,-52.42907,SPRF-SC,DEL07-SC,UOP01-DEL07-SC,2021
381310.0,2021-09-04,sábado,10:00:00,SC,282,569.9,NOVA ERECHIM,Acessar a via sem observar a presença dos outros veículos,Colisão transversal,Com Vítimas Feridas,Pleno dia,Crescente,Céu Claro,Simples,Interseção de Vias,Sim,3,0,2,0,1,0,2,2,-26.894342,-52.923874,SPRF-SC,DEL07-SC,UOP02-DEL07-SC,2021
381434.0,2021-09-04,sábado,19:50:00,SC,282,219.2,LAGES,Velocidade Incompatível,Colisão com objeto,Sem Vítimas,Plena Noite,Decrescente,Chuva,Simples,Reta,Sim,1,0,0,0,0,1,0,1,-27.797235,-50.31361,SPRF-SC,DEL05-SC,UOP01-DEL05-SC,2021
381466.0,2021-09-04,sábado,21:35:00,SC,282,335.8,CAMPOS NOVOS,Ausência de reação do condutor,Colisão frontal,Com Vítimas Feridas,Plena Noite,Crescente,Chuva,Simples,Curva,Não,2,0,1,1,0,0,2,2,-27.392326,-51.155804,SPRF-SC,DEL07-SC,UOP06-DEL07-SC,2021
381553.0,2021-09-05,domingo,07:00:00,SC,282,517.2,XAXIM,Ingestão de álcool pelo condutor,Colisão com objeto,Sem Vítimas,Pleno dia,Decrescente,Céu Claro,Simples,Reta;Aclive,Não,3,0,0,0,3,0,0,1,-26.939375,-52.500057,SPRF-SC,DEL07-SC,UOP01-DEL07-SC,2021
381683.0,2021-09-05,domingo,18:50:00,SC,282,656.2,SAO MIGUEL DO OESTE,Velocidade Incompatível,Saída de leito carroçável,Com Vítimas Feridas,Plena Noite,Decrescente,Céu Claro,Simples,Curva,Não,1,0,1,0,0,0,1,1,-26.696913,-53.5364,SPRF-SC,DEL07-SC,UOP03-DEL07-SC,2021
381710.0,2021-09-05,domingo,19:35:00,SC,282,372.7,ERVAL VELHO,Demais Fenômenos da natureza,Colisão com objeto,Com Vítimas Feridas,Plena Noite,Crescente,Céu Claro,Simples,Aclive;Curva,Não,1,0,1,0,0,0,1,1,-27.251827,-51.446991,SPRF-SC,DEL07-SC,UOP05-DEL07-SC,2021
381717.0,2021-08-23,segunda-feira,08:00:00,SC,282,132.7,BOM RETIRO,Velocidade Incompatível,Saída de leito carroçável,Com Vítimas Feridas,Pleno dia,Crescente,Céu Claro,Simples,Curva,Não,5,0,1,3,0,1,4,2,-27.8074984,-49.53289032,SPRF-SC,DEL05-SC,UOP01-DEL05-SC,2021
381851.0,2021-09-06,segunda-feira,14:05:00,SC,282,613.6,MARAVILHA,Velocidade Incompatível,Colisão traseira,Com Vítimas Feridas,Pleno dia,Crescente,Nublado,Simples,Reta;Em Obras,Não,5,0,1,1,3,0,2,2,-26.76875571,-53.26261997,SPRF-SC,DEL07-SC,UOP02-DEL07-SC,2021
382055.0,2021-09-07,terça-feira,14:10:00,SC,282,83.1,ALFREDO WAGNER,Velocidade Incompatível,Saída de leito carroçável,Com Vítimas Feridas,Pleno dia,Crescente,Chuva,Simples,Curva,Não,2,0,1,1,0,0,2,1,-27.666153,-49.175022,SPRF-SC,DEL01-SC,UOP03-DEL01-SC,2021
382092.0,2021-09-07,terça-feira,17:10:00,SC,282,51.5,AGUAS MORNAS,Problema na suspensão,Tombamento,Com Vítimas Feridas,Pleno dia,Decrescente,Chuva,Simples,Reta,Não,2,0,1,1,0,0,2,1,-27.703712,-48.959267,SPRF-SC,DEL01-SC,UOP03-DEL01-SC,2021
382101.0,2021-09-07,terça-feira,17:40:00,SC,282,58.0,RANCHO QUEIMADO,Reação tardia ou ineficiente do condutor,Colisão traseira,Com Vítimas Feridas,Anoitecer,Decrescente,Chuva,Simples,Curva,Não,4,0,1,0,3,0,1,2,-27.683594,-49.005539,SPRF-SC,DEL01-SC,UOP03-DEL01-SC,2021
382132.0,2021-09-07,terça-feira,18:00:00,SC,282,656.9,SAO MIGUEL DO OESTE,Condutor deixou de manter distância do veículo da frente,Colisão traseira,Com Vítimas Feridas,Pleno dia,Decrescente,Sol,Simples,Curva,Não,2,0,1,0,1,0,1,2,-26.696913,-53.5364,SPRF-SC,DEL07-SC,UOP03-DEL07-SC,2021
382160.0,2021-09-07,terça-feira,21:00:00,SC,282,656.2,SAO MIGUEL DO OESTE,Ingestão de álcool pelo condutor,Saída de leito carroçável,Sem Vítimas,Plena Noite,Crescente,Céu Claro,Simples,Reta,Não,1,0,0,0,1,0,0,1,-26.696913,-53.5364,SPRF-SC,DEL07-SC,UOP03-DEL07-SC,2021
382171.0,2021-09-07,terça-feira,23:00:00,SC,282,573.6,PINHALZINHO,Ingestão de álcool pelo condutor,Colisão frontal,Com Vítimas Feridas,Plena Noite,Decrescente,Céu Claro,Simples,Curva,Não,1,0,1,0,0,0,1,1,-26.872942,-52.956654,SPRF-SC,DEL07-SC,UOP02-DEL07-SC,2021
382235.0,2021-09-08,quarta-feira,07:15:00,SC,282,162.7,BOM RETIRO,Condutor Dormindo,Colisão lateral sentido oposto,Com Vítimas Feridas,Pleno dia,Decrescente,Nublado,Simples,Reta,Não,2,0,1,0,1,0,1,2,-27.729252,-49.77306,SPRF-SC,DEL05-SC,UOP01-DEL05-SC,2021
382247.0,2021-09-08,quarta-feira,08:40:00,SC,282,54.9,AGUAS MORNAS,Velocidade Incompatível,Colisão frontal,Com Vítimas Fatais,Pleno dia,Crescente,Chuva,Simples,Reta,Não,3,2,0,0,1,0,0,2,-27.6892428,-48.9831077,SPRF-SC,DEL01-SC,UOP03-DEL01-SC,2021
382248.0,2021-09-08,quarta-feira,11:00:00,SC,282,54.4,AGUAS MORNAS,Chuva,Saída de leito carroçável,Com Vítimas Feridas,Pleno dia,Decrescente,Chuva,Simples,Curva,Não,2,0,1,0,1,0,1,1,-27.685799,-48.974514,SPRF-SC,DEL01-SC,UOP03-DEL01-SC,2021
382296.0,2021-09-08,quarta-feira,11:35:00,SC,282,446.0,PONTE SERRADA,Velocidade Incompatível,Tombamento,Com Vítimas Feridas,Pleno dia,Decrescente,Nublado,Simples,Curva,Não,2,0,1,0,1,0,1,1,-26.910217,-51.914951,SPRF-SC,DEL07-SC,UOP04-DEL07-SC,2021
382393.0,2021-09-09,quinta-feira,07:30:00,SC,282,174.7,BOCAINA DO SUL,Condutor Dormindo,Saída de leito carroçável,Com Vítimas Feridas,Pleno dia,Crescente,Céu Claro,Simples,Declive;Reta,Não,2,0,2,0,0,0,2,1,-27.742559,-49.882248,SPRF-SC,DEL05-SC,UOP01-DEL05-SC,2021
382513.0,2021-09-09,quinta-feira,19:35:00,SC,282,2.1,FLORIANOPOLIS,Ausência de reação do condutor,Colisão lateral mesmo sentido,Com Vítimas Feridas,Plena Noite,Crescente,Céu Claro,Simples,Interseção de Vias,Não,2,0,1,0,1,0,1,2,-27.603289,-48.590416,SPRF-SC,DEL01-SC,UOP01-DEL01-SC,2021
382528.0,2021-09-09,quinta-feira,20:00:00,SC,282,645.8,SAO MIGUEL DO OESTE,Ingestão de álcool pelo condutor,Saída de leito carroçável,Com Vítimas Feridas,Plena Noite,Decrescente,Céu Claro,Simples,Reta;Declive,Não,1,0,0,1,0,0,1,1,-26.76420078,-53.49654078,SPRF-SC,DEL07-SC,UOP03-DEL07-SC,2021
382593.0,2021-09-10,sexta-feira,07:25:00,SC,282,586.9,PINHALZINHO,Transitar na contramão,Colisão frontal,Com Vítimas Feridas,Pleno dia,Crescente,Sol,Simples,Declive;Curva,Não,3,0,0,1,2,0,1,2,-26.83295545,-53.03203583,SPRF-SC,DEL07-SC,UOP02-DEL07-SC,2021
382640.0,2021-09-10,sexta-feira,13:00:00,SC,282,27.0,SANTO AMARO DA IMPERATRIZ,Condutor usando celular,Colisão frontal,Com Vítimas Feridas,Pleno dia,Decrescente,Céu Claro,Simples,Reta,Sim,4,0,1,0,3,0,1,2,-27.673981,-48.769676,SPRF-SC,DEL01-SC,UOP03-DEL01-SC,2021
382664.0,2021-04-23,sexta-feira,21:34:00,SC,282,590.5,SAUDADES,Neblina,Saída de leito carroçável,Com Vítimas Feridas,Plena Noite,Decrescente,Nevoeiro/Neblina,Simples,Reta,Não,1,0,0,1,0,0,1,1,-26.82626329,-53.08428526,SPRF-SC,DEL07-SC,UOP02-DEL07-SC,2021
382728.0,2021-09-10,sexta-feira,21:00:00,SC,282,221.9,LAGES,Reação tardia ou ineficiente do condutor,Saída de leito carroçável,Com Vítimas Feridas,Plena Noite,Decrescente,Nublado,Simples,Declive;Reta,Sim,1,0,1,0,0,0,1,1,-27.796358,-50.343426,SPRF-SC,DEL05-SC,UOP01-DEL05-SC,2021
382784.0,2021-09-11,sábado,05:20:00,SC,282,512.8,XANXERE,Ingestão de álcool pelo condutor,Saída de leito carroçável,Com Vítimas Feridas,Plena Noite,Crescente,Céu Claro,Simples,Declive,Não,1,0,1,0,0,0,1,1,-26.91034309,-52.47178338,SPRF-SC,DEL07-SC,UOP01-DEL07-SC,2021