id,data_inversa,dia_semana,horario,uf,br,km,municipio,causa_acidente,tipo_acidente,classificacao_acidente,fase_dia,sentido_via,condicao_metereologica,tipo_pista,tracado_via,uso_solo,pessoas,mortos,feridos_leves,feridos_graves,ilesos,ignorados,feridos,veiculos,latitude,longitude,regional,delegacia,uop,ano_arquivo
382826.0,2021-09-11,sábado,09:40:00,SC,480,125.0,CHAPECO,Velocidade Incompatível,Saída de leito carroçável,Com Vítimas Feridas,Pleno dia,Crescente,Céu Claro,Simples,Curva,Não,1,0,1,0,0,0,1,1,-27.01296839,-52.63944626,SPRF-SC,DEL07-SC,UOP01-DEL07-SC,2021
382982.0,2021-09-12,domingo,01:30:00,SC,282,486.6,FAXINAL DOS GUEDES,Ingestão de álcool pelo condutor,Colisão com objeto,Sem Vítimas,Pleno dia,Crescente,Céu Claro,Simples,Aclive;Reta,Sim,1,0,0,0,0,1,0,1,-26.855415,-52.25423,SPRF-SC,DEL07-SC,UOP01-DEL07-SC,2021
382996.0,2021-09-12,domingo,03:15:00,SC,282,501.0,XANXERE,Condutor Dormindo,Saída de leito carroçável,Com Vítimas Feridas,Plena Noite,Decrescente,Céu Claro,Dupla,Reta,Não,1,0,1,0,0,0,1,1,-26.88173212,-52.37534523,SPRF-SC,DEL07-SC,UOP01-DEL07-SC,2021
383042.0,2021-09-12,domingo,07:15:00,SC,282,216.0,LAGES,Ingestão de álcool pelo condutor,Colisão com objeto,Com Vítimas Feridas,Amanhecer,Crescente,Céu Claro,Simples,Reta,Sim,1,0,1,0,0,0,1,1,-27.797529,-50.291862,SPRF-SC,DEL05-SC,UOP01-DEL05-SC,2021
383181.0,2021-09-12,domingo,18:45:00,SC,480,130.5,CHAPECO,Ingestão de álcool pelo condutor,Colisão traseira,Sem Vítimas,Plena Noite,Decrescente,Céu Claro,Simples,Reta,Sim,3,0,0,0,3,0,0,2,-27.05534298,-52.63652069,SPRF-SC,DEL07-SC,UOP01-DEL07-SC,2021
383206.0,2021-09-12,domingo,20:30:00,SC,282,226.6,LAGES,Transitar na contramão,Colisão frontal,Com Vítimas Fatais,Plena Noite,Crescente,Céu Claro,Simples,Curva,Não,17,3,4,3,7,0,7,2,-27.79691,-50.394604,SPRF-SC,DEL05-SC,UOP02-DEL05-SC,2021
383218.0,2021-09-13,segunda-feira,01:10:00,SC,282,43.8,AGUAS MORNAS,Reação tardia ou ineficiente do condutor,Saída de leito carroçável,Com Vítimas Fatais,Plena Noite,Decrescente,Céu Claro,Simples,Curva,Não,2,1,0,1,0,0,1,1,-27.7221451,-48.906275,SPRF-SC,DEL01-SC,UOP03-DEL01-SC,2021
383232.0,2021-09-12,domingo,14:30:00,SC,282,606.0,MARAVILHA,Ultrapassagem Indevida,Colisão lateral mesmo sentido,Com Vítimas Feridas,Pleno dia,Crescente,Céu Claro,Simples,Reta,Não,2,0,1,0,1,0,1,2,-26.778643,-53.198692,SPRF-SC,DEL07-SC,UOP02-DEL07-SC,2021
383450.0,2021-09-14,terça-feira,09:15:00,SC,282,69.5,RANCHO QUEIMADO,Pista Escorregadia,Tombamento,Com Vítimas Feridas,Pleno dia,Decrescente,Chuva,Múltipla,Curva;Declive,Não,3,0,1,0,2,0,1,1,-27.690144,-49.083813,SPRF-SC,DEL01-SC,UOP03-DEL01-SC,2021
383480.0,2021-09-07,terça-feira,20:25:00,SC,282,493.0,FAXINAL DOS GUEDES,Velocidade Incompatível,Colisão traseira,Sem Vítimas,Plena Noite,Decrescente,Céu Claro,Simples,Reta,Não,2,0,0,0,2,0,0,2,-26.87043955,-52.30719566,SPRF-SC,DEL07-SC,UOP01-DEL07-SC,2021
383508.0,2021-09-10,sexta-feira,21:40:00,SC,282,69.6,RANCHO QUEIMADO,Curva acentuada,Colisão com objeto,Com Vítimas Feridas,Plena Noite,Decrescente,Céu Claro,Múltipla,Declive;Curva,Não,1,0,1,0,0,0,1,1,-27.690144,-49.083813,SPRF-SC,DEL01-SC,UOP03-DEL01-SC,2021
383560.0,2021-09-14,terça-feira,20:15:00,SC,282,149.0,BOM RETIRO,Condutor deixou de manter distância do veículo da frente,Saída de leito carroçável,Com Vítimas Feridas,Plena Noite,Crescente,Nublado,Simples,Reta,Não,2,0,1,0,1,0,1,1,-27.775295,-49.655903,SPRF-SC,DEL05-SC,UOP01-DEL05-SC,2021
383606.0,2021-09-15,quarta-feira,08:00:00,SC,282,16.4,PALHOCA,Transitar no acostamento,Colisão transversal,Com Vítimas Feridas,Pleno dia,Decrescente,Céu Claro,Simples,Interseção de Vias,Sim,2,0,1,0,1,0,1,2,-27.658611,-48.681847,SPRF-SC,DEL01-SC,UOP02-DEL01-SC,2021
383622.0,2021-09-07,terça-feira,15:20:00,SC,282,322.5,CAMPOS NOVOS,Mal súbito do condutor,Colisão com objeto,Com Vítimas Feridas,Pleno dia,Decrescente,Céu Claro,Simples,Ponte,Não,1,0,1,0,0,0,1,1,-27.39855,-51.040504,SPRF-SC,DEL07-SC,UOP06-DEL07-SC,2021
383747.0,2021-09-15,quarta-feira,18:00:00,SC,282,457.1,PONTE SERRADA,Transitar na contramão,Colisão frontal,Com Vítimas Fatais,Pleno dia,Decrescente,Ignorado,Simples,Curva;Aclive,Não,5,4,0,1,0,0,1,2,-26.88854,-51.99058,SPRF-SC,DEL07-SC,UOP04-DEL07-SC,2021
383863.0,2021-09-06,segunda-feira,19:55:00,SC,282,500.9,XANXERE,Velocidade Incompatível,Colisão traseira,Sem Vítimas,Plena Noite,Crescente,Céu Claro,Dupla,Reta;Declive,Sim,3,0,0,0,1,2,0,3,-26.881572,-52.376745,SPRF-SC,DEL07-SC,UOP01-DEL07-SC,2021
383874.0,2021-09-16,quinta-feira,11:07:00,SC,282,379.4,HERVAL DOESTE,Demais falhas mecânicas ou elétricas,Colisão traseira,Com Vítimas Feridas,Pleno dia,Decrescente,Chuva,Simples,Rotatória,Sim,2,0,1,0,1,0,1,2,-27.214626,-51.485871,SPRF-SC,DEL07-SC,UOP05-DEL07-SC,2021
384151.0,2021-09-17,sexta-feira,19:22:00,SC,282,502.4,XANXERE,Neblina,Capotamento,Com Vítimas Feridas,Plena Noite,Crescente,Nevoeiro/Neblina,Dupla,Curva,Sim,2,0,1,0,1,0,1,1,-26.884584,-52.390911,SPRF-SC,DEL07-SC,UOP01-DEL07-SC,2021
384194.0,2021-09-18,sábado,01:30:00,SC,480,129.0,CHAPECO,Ingestão de substâncias psicoativas pelo condutor,Saída de leito carroçável,Com Vítimas Feridas,Plena Noite,Crescente,Céu Claro,Simples,Curva,Não,2,0,0,1,0,1,1,1,-27.04656607,-52.63577131,SPRF-SC,DEL07-SC,UOP01-DEL07-SC,2021
384373.0,2021-09-17,sexta-feira,23:00:00,SC,282,115.7,ALFREDO WAGNER,Acumulo de água sobre o pavimento,Saída de leito carroçável,Com Vítimas Feridas,Plena Noite,Decrescente,Garoa/Chuvisco,Simples,Curva,Não,1,0,1,0,0,0,1,1,-27.755424,-49.39444,SPRF-SC,DEL01-SC,UOP03-DEL01-SC,2021
384380.0,2021-09-18,sábado,18:15:00,SC,282,543.0,CHAPECO,Ultrapassagem Indevida,Colisão frontal,Com Vítimas Fatais,Anoitecer,Decrescente,Céu Claro,Simples,Reta;Aclive,Não,5,1,2,0,0,2,2,3,-26.99996,-52.715361,SPRF-SC,DEL07-SC,UOP01-DEL07-SC,2021
384388.0,2021-09-18,sábado,20:15:00,SC,282,222.0,LAGES,Reação tardia ou ineficiente do condutor,Saída de leito carroçável,Com Vítimas Feridas,Plena Noite,Crescente,Céu Claro,Dupla,Aclive,Sim,1,0,1,0,0,0,1,1,-27.797739,-50.353409,SPRF-SC,DEL05-SC,UOP01-DEL05-SC,2021
384390.0,2021-09-18,sábado,18:35:00,SC,282,609.2,MARAVILHA,Ultrapassagem Indevida,Colisão frontal,Com Vítimas Fatais,Plena Noite,Decrescente,Céu Claro,Simples,Reta;Em Obras,Não,3,1,0,0,2,0,0,2,-26.759299,-53.2252409,SPRF-SC,DEL07-SC,UOP02-DEL07-SC,2021
384435.0,2021-09-19,domingo,01:10:00,SC,282,564.0,NOVA ERECHIM,Velocidade Incompatível,Saída de leito carroçável,Com Vítimas Feridas,Plena Noite,Decrescente,Nevoeiro/Neblina,Simples,Em Obras;Retorno Regulamentado,Não,1,0,1,0,0,0,1,1,-26.898739,-52.877975,SPRF-SC,DEL07-SC,UOP02-DEL07-SC,2021
384551.0,2021-09-19,domingo,16:48:00,SC,282,578.0,PINHALZINHO,Reação tardia ou ineficiente do condutor,Colisão traseira,Com Vítimas Feridas,Pleno dia,Crescente,Céu Claro,Simples,Reta,Não,5,0,1,0,4,0,1,3,-26.838364,-52.985279,SPRF-SC,DEL07-SC,UOP02-DEL07-SC,2021
384597.0,2021-09-19,domingo,20:40:00,SC,282,511.2,XANXERE,Demais falhas mecânicas ou elétricas,Incêndio,Sem Vítimas,Plena Noite,Crescente,Céu Claro,Simples,Reta,Não,1,0,0,0,1,0,0,1,-26.905405,-52.464199,SPRF-SC,DEL07-SC,UOP01-DEL07-SC,2021
384753.0,2021-09-20,segunda-feira,14:40:00,SC,282,576.0,PINHALZINHO,Condutor deixou de manter distância do veículo da frente,Colisão traseira,Com Vítimas Feridas,Pleno dia,Crescente,Céu Claro,Simples,Reta,Sim,3,0,2,0,1,0,2,2,-26.856054,-52.98011,SPRF-SC,DEL07-SC,UOP02-DEL07-SC,2021
384800.0,2021-09-20,segunda-feira,18:30:00,SC,282,20.3,PALHOCA,Ingestão de álcool pelo condutor,Colisão lateral mesmo sentido,Sem Vítimas,Plena Noite,Crescente,Nublado,Simples,Declive,Sim,4,0,0,0,2,2,0,3,-27.68907,-48.717541,SPRF-SC,DEL01-SC,UOP02-DEL01-SC,2021
384838.0,2021-09-20,segunda-feira,22:15:00,SC,282,644.0,SAO MIGUEL DO OESTE,Acessar a via sem observar a presença dos outros veículos,Colisão transversal,Com Vítimas Fatais,Plena Noite,Crescente,Céu Claro,Simples,Reta,Não,2,1,0,0,1,0,0,2,-26.769157,-53.479385,SPRF-SC,DEL07-SC,UOP03-DEL07-SC,2021
384941.0,2021-09-04,sábado,05:30:00,SC,282,528.0,CORDILHEIRA ALTA,Velocidade Incompatível,Colisão frontal,Sem Vítimas,Amanhecer,Decrescente,Céu Claro,Simples,Curva,Não,3,0,0,0,3,0,0,2,-26.978798,-52.588566,SPRF-SC,DEL07-SC,UOP01-DEL07-SC,2021
384953.0,2021-09-21,terça-feira,18:55:00,SC,282,15.5,PALHOCA,Desrespeitar a preferência no cruzamento,Colisão transversal,Com Vítimas Feridas,Plena Noite,Crescente,Nublado,Simples,Rotatória,Sim,2,0,1,0,0,1,1,2,-27.65566855,-48.67913783,SPRF-SC,DEL01-SC,UOP02-DEL01-SC,2021
385079.0,2021-09-22,quarta-feira,10:40:00,SC,282,553.6,NOVA ITABERABA,Acessar a via sem observar a presença dos outros veículos,Colisão transversal,Com Vítimas Feridas,Pleno dia,Crescente,Sol,Simples,Reta;Aclive,Não,3,0,1,1,1,0,2,2,-26.938919,-52.791182,SPRF-SC,DEL07-SC,UOP01-DEL07-SC,2021
385131.0,2021-09-02,quinta-feira,19:03:00,SC,282,343.0,CAMPOS NOVOS,Acessar a via sem observar a presença dos outros veículos,Colisão transversal,Com Vítimas Feridas,Plena Noite,Crescente,Céu Claro,Simples,Reta,Sim,2,0,1,0,0,1,1,2,-27.387402,-51.232861,SPRF-SC,DEL07-SC,UOP06-DEL07-SC,2021
385133.0,2021-09-22,quarta-feira,20:25:00,SC,282,0.3,FLORIANOPOLIS,Manobra de mudança de faixa,Colisão lateral mesmo sentido,Sem Vítimas,Plena Noite,Crescente,Céu Claro,Múltipla,Reta,Sim,3,0,0,0,3,0,0,3,-27.59845,-48.571995,SPRF-SC,DEL01-SC,UOP01-DEL01-SC,2021
385166.0,2021-09-22,quarta-feira,23:35:00,SC,282,20.1,PALHOCA,Transitar na contramão,Colisão frontal,Com Vítimas Feridas,Plena Noite,Decrescente,Céu Claro,Simples,Reta,Sim,3,0,0,1,1,1,1,3,-27.68445915,-48.71073961,SPRF-SC,DEL01-SC,UOP02-DEL01-SC,2021
385203.0,2021-09-23,quinta-feira,09:00:00,SC,282,4.0,FLORIANOPOLIS,Reação tardia ou ineficiente do condutor,Queda de ocupante de veículo,Com Vítimas Feridas,Pleno dia,Crescente,Céu Claro,Simples,Reta,Não,1,0,1,0,0,0,1,1,-27.592646,-48.604034,SPRF-SC,DEL01-SC,UOP01-DEL01-SC,2021
385290.0,2021-09-23,quinta-feira,19:20:00,SC,282,16.7,PALHOCA,Condutor deixou de manter distância do veículo da frente,Colisão traseira,Com Vítimas Feridas,Plena Noite,Crescente,Nublado,Simples,Interseção de Vias,Sim,2,0,1,0,1,0,1,2,-27.658611,-48.681847,SPRF-SC,DEL01-SC,UOP02-DEL01-SC,2021
385511.0,2021-09-24,sexta-feira,20:30:00,SC,282,4.0,SAO JOSE,Manobra de mudança de faixa,Colisão transversal,Com Vítimas Feridas,Plena Noite,Decrescente,Nublado,Simples,Reta,Sim,2,0,0,2,0,0,2,2,-27.592646,-48.604034,SPRF-SC,DEL01-SC,UOP01-DEL01-SC,2021
385622.0,2021-09-25,sábado,09:50:00,SC,282,331.0,CAMPOS NOVOS,Condutor deixou de manter distância do veículo da frente,Colisão traseira,Com Vítimas Feridas,Pleno dia,Decrescente,Sol,Simples,Reta,Não,2,0,1,0,1,0,1,2,-27.387941,-51.116081,SPRF-SC,DEL07-SC,UOP06-DEL07-SC,2021
385645.0,2021-09-25,sábado,07:40:00,SC,282,604.4,MARAVILHA,Acessar a via sem observar a presença dos outros veículos,Colisão transversal,Com Vítimas Feridas,Pleno dia,Decrescente,Céu Claro,Simples,Aclive;Em Obras;Reta,Não,5,0,3,1,0,1,4,3,-26.79025428,-53.19479764,SPRF-SC,DEL07-SC,UOP02-DEL07-SC,2021
385646.0,2021-09-25,sábado,08:25:00,SC,282,624.4,IRACEMINHA,Ingestão de álcool pelo condutor,Colisão traseira,Sem Vítimas,Pleno dia,Decrescente,Nublado,Simples,Interseção de Vias,Não,3,0,0,0,3,0,0,2,-26.798008,-53.34169,SPRF-SC,DEL07-SC,UOP02-DEL07-SC,2021
385724.0,2021-09-25,sábado,15:00:00,SC,282,676.4,PARAISO,Velocidade Incompatível,Saída de leito carroçável,Com Vítimas Feridas,Pleno dia,Decrescente,Céu Claro,Simples,Curva,Não,1,0,1,0,0,0,1,1,-26.614067,-53.68462,SPRF-SC,DEL07-SC,UOP03-DEL07-SC,2021
385736.0,2021-09-25,sábado,13:10:00,SC,282,539.4,CHAPECO,Ingestão de álcool pelo condutor,Colisão frontal,Sem Vítimas,Pleno dia,Crescente,Sol,Simples,Curva,Não,2,0,0,0,2,0,0,2,-26.993254,-52.681767,SPRF-SC,DEL07-SC,UOP01-DEL07-SC,2021
385842.0,2021-09-26,domingo,07:20:00,SC,282,216.0,LAGES,Pista Escorregadia,Tombamento,Com Vítimas Feridas,Pleno dia,Crescente,Garoa/Chuvisco,Simples,Rotatória,Sim,3,0,2,0,1,0,2,2,-27.7947053,-50.28472424,SPRF-SC,DEL05-SC,UOP01-DEL05-SC,2021
385858.0,2021-09-26,domingo,10:55:00,SC,282,16.0,PALHOCA,Retorno proibido,Colisão lateral mesmo sentido,Com Vítimas Feridas,Pleno dia,Decrescente,Céu Claro,Múltipla,Reta,Sim,3,0,1,0,2,0,1,3,-27.65915613,-48.6822331,SPRF-SC,DEL01-SC,UOP02-DEL01-SC,2021
385873.0,2021-09-26,domingo,13:29:00,SC,282,510.7,XANXERE,Reação tardia ou ineficiente do condutor,Colisão lateral mesmo sentido,Com Vítimas Feridas,Pleno dia,Crescente,Céu Claro,Simples,Reta,Não,4,0,2,0,2,0,2,2,-26.90027628,-52.46327877,SPRF-SC,DEL07-SC,UOP01-DEL07-SC,2021
385896.0,2021-09-26,domingo,15:20:00,SC,282,225.1,LAGES,Conversão proibida,Colisão transversal,Com Vítimas Feridas,Pleno dia,Decrescente,Céu Claro,Simples,Reta,Não,2,0,1,0,1,0,1,2,-27.794176,-50.379559,SPRF-SC,DEL05-SC,UOP02-DEL05-SC,2021
386050.0,2021-09-27,segunda-feira,07:30:00,SC,282,17.0,PALHOCA,Acessar a via sem observar a presença dos outros veículos,Colisão transversal,Com Vítimas Feridas,Pleno dia,Decrescente,Sol,Simples,Reta,Não,2,0,1,0,1,0,1,2,-27.665707,-48.688065,SPRF-SC,DEL01-SC,UOP02-DEL01-SC,2021
386191.0,2021-09-27,segunda-feira,14:55:00,SC,282,654.0,SAO MIGUEL DO OESTE,Frear bruscamente,Tombamento,Com Vítimas Feridas,Pleno dia,Crescente,Céu Claro,Simples,Reta,Não,2,0,2,0,0,0,2,2,-26.70812,-53.522144,SPRF-SC,DEL07-SC,UOP03-DEL07-SC,2021
386237.0,2021-09-28,terça-feira,07:10:00,SC,282,21.0,SANTO AMARO DA IMPERATRIZ,Condutor deixou de manter distância do veículo da frente,Colisão traseira,Com Vítimas Feridas,Pleno dia,Decrescente,Céu Claro,Simples,Reta,Sim,2,0,1,0,1,0,1,2,-27.68907,-48.717541,SPRF-SC,DEL01-SC,UOP02-DEL01-SC,2021
386274.0,2021-09-28,terça-feira,11:30:00,SC,282,46.0,AGUAS MORNAS,Condutor deixou de manter distância do veículo da frente,Engavetamento,Com Vítimas Feridas,Pleno dia,Decrescente,Céu Claro,Simples,Curva,Não,3,0,0,1,2,0,1,3,-27.721041,-48.925152,SPRF-SC,DEL01-SC,UOP03-DEL01-SC,2021
386287.0,2021-09-28,terça-feira,10:45:00,SC,282,130.5,BOM RETIRO,Ultrapassagem Indevida,Saída de leito carroçável,Com Vítimas Feridas,Pleno dia,Crescente,Céu Claro,Simples,Curva,Não,1,0,1,0,0,0,1,1,-27.80734656,-49.53160286,SPRF-SC,DEL05-SC,UOP01-DEL05-SC,2021
386374.0,2021-09-28,terça-feira,22:30:00,SC,282,16.0,PALHOCA,Ausência de reação do condutor,Saída de leito carroçável,Sem Vítimas,Plena Noite,Crescente,Chuva,Simples,Reta,Sim,1,0,0,0,0,1,0,1,-27.658611,-48.681847,SPRF-SC,DEL01-SC,UOP02-DEL01-SC,2021
386496.0,2021-09-29,quarta-feira,18:00:00,SC,282,4.0,FLORIANOPOLIS,Ausência de reação do condutor,Colisão traseira,Com Vítimas Feridas,Anoitecer,Crescente,Nublado,Dupla,Reta,Sim,3,0,1,0,2,0,1,2,-27.592646,-48.604034,SPRF-SC,DEL01-SC,UOP01-DEL01-SC,2021
386539.0,2021-08-25,quarta-feira,04:20:00,SC,282,4.5,SAO JOSE,Acessar a via sem observar a presença dos outros veículos,Queda de ocupante de veículo,Com Vítimas Feridas,Plena Noite,Decrescente,Céu Claro,Múltipla,Reta,Sim,2,0,1,0,1,0,1,2,-27.59133787,-48.60722244,SPRF-SC,DEL01-SC,UOP01-DEL01-SC,2021
386624.0,2021-09-30,quinta-feira,10:05:00,SC,282,17.2,PALHOCA,Ausência de reação do condutor,Colisão traseira,Com Vítimas Feridas,Pleno dia,Crescente,Nublado,Múltipla,Reta,Sim,2,0,0,1,1,0,1,2,-27.66803138,-48.69017243,SPRF-SC,DEL01-SC,UOP02-DEL01-SC,2021
386656.0,2021-09-30,quinta-feira,12:15:00,SC,282,424.9,VARGEM BONITA,Velocidade Incompatível,Colisão com objeto,Com Vítimas Feridas,Pleno dia,Crescente,Chuva,Simples,Curva,Não,2,0,2,0,0,0,2,1,-26.988014,-51.753124,SPRF-SC,DEL07-SC,UOP05-DEL07-SC,2021
386692.0,2021-09-30,quinta-feira,05:30:00,SC,282,633.0,DESCANSO,Velocidade Incompatível,Saída de leito carroçável,Com Vítimas Feridas,Plena Noite,Decrescente,Nublado,Simples,Declive;Curva,Não,1,0,0,1,0,0,1,1,-26.82567926,-53.4133172,SPRF-SC,DEL07-SC,UOP03-DEL07-SC,2021
386869.0,2021-10-01,sexta-feira,14:25:00,SC,282,506.0,XANXERE,Acessar a via sem observar a presença dos outros veículos,Colisão transversal,Sem Vítimas,Pleno dia,Decrescente,Nublado,Dupla,Interseção de Vias,Sim,2,0,0,0,2,0,0,2,-26.885712,-52.42907,SPRF-SC,DEL07-SC,UOP01-DEL07-SC,2021
386916.0,2021-10-01,sexta-feira,07:15:00,SC,282,596.5,CUNHA PORA,Acumulo de água sobre o pavimento,Saída de leito carroçável,Com Vítimas Feridas,Pleno dia,Decrescente,Chuva,Simples,Reta,Não,2,0,1,0,1,0,1,1,-26.829437,-53.127995,SPRF-SC,DEL07-SC,UOP02-DEL07-SC,2021
387008.0,2021-10-02,sábado,04:30:00,SC,282,506.0,XANXERE,Ingestão de álcool pelo condutor,Colisão frontal,Sem Vítimas,Plena Noite,Crescente,Céu Claro,Dupla,Reta,Não,3,0,0,0,2,1,0,2,-26.885712,-52.42907,SPRF-SC,DEL07-SC,UOP01-DEL07-SC,2021
387150.0,2021-10-02,sábado,17:55:00,SC,480,128.9,CHAPECO,Manobra de mudança de faixa,Saída de leito carroçável,Sem Vítimas,Anoitecer,Crescente,Céu Claro,Dupla,Reta,Sim,3,0,0,0,3,0,0,1,-27.03781899,-52.63432603,SPRF-SC,DEL07-SC,UOP01-DEL07-SC,2021
387184.0,2021-10-02,sábado,19:30:00,SC,282,453.0,PONTE SERRADA,Ingestão de álcool pelo condutor,Saída de leito carroçável,Com Vítimas Feridas,Plena Noite,Decrescente,Céu Claro,Simples,Reta,Não,1,0,1,0,0,0,1,1,-26.89823,-51.976665,SPRF-SC,DEL07-SC,UOP04-DEL07-SC,2021
387285.0,2021-10-03,domingo,06:15:00,SC,282,566.9,NOVA ERECHIM,Ingestão de álcool pelo condutor,Saída de leito carroçável,Sem Vítimas,Amanhecer,Crescente,Chuva,Simples,Reta,Não,2,0,0,0,2,0,0,1,-26.905043,-52.89735,SPRF-SC,DEL07-SC,UOP02-DEL07-SC,2021
387339.0,2021-10-03,domingo,11:25:00,SC,282,394.9,JOACABA,Pista Escorregadia,Saída de leito carroçável,Sem Vítimas,Pleno dia,Decrescente,Chuva,Simples,Curva,Não,1,0,0,0,1,0,0,1,-27.16017,-51.58284,SPRF-SC,DEL07-SC,UOP05-DEL07-SC,2021
387418.0,2021-10-03,domingo,17:10:00,SC,282,590.0,PINHALZINHO,Condutor deixou de manter distância do veículo da frente,Colisão traseira,Com Vítimas Feridas,Anoitecer,Crescente,Chuva,Simples,Reta,Não,3,0,2,0,1,0,2,2,-26.825788,-53.072556,SPRF-SC,DEL07-SC,UOP02-DEL07-SC,2021
387444.0,2021-10-03,domingo,21:00:00,SC,480,129.0,CHAPECO,Ingestão de álcool pelo condutor,Colisão frontal,Com Vítimas Feridas,Plena Noite,Crescente,Chuva,Simples,Reta,Sim,3,0,0,1,2,0,1,2,-27.04656607,-52.63577131,SPRF-SC,DEL07-SC,UOP01-DEL07-SC,2021
387455.0,2021-10-03,domingo,21:00:00,SC,282,640.8,DESCANSO,Ingestão de álcool pelo condutor,Colisão frontal,Com Vítimas Feridas,Plena Noite,Decrescente,Chuva,Simples,Reta,Não,4,0,1,1,2,0,2,2,-26.779519,-53.46069,SPRF-SC,DEL07-SC,UOP03-DEL07-SC,2021
387653.0,2021-10-04,segunda-feira,22:20:00,SC,282,46.0,RANCHO QUEIMADO,Ultrapassagem Indevida,Saída de leito carroçável,Com Vítimas Feridas,Plena Noite,Decrescente,Nublado,Simples,Curva,Não,1,0,1,0,0,0,1,1,-27.69690422,-48.96469116,SPRF-SC,DEL01-SC,UOP03-DEL01-SC,2021
387705.0,2021-09-07,terça-feira,20:20:00,SC,282,458.1,PONTE SERRADA,Transitar na contramão,Colisão lateral sentido oposto,Com Vítimas Feridas,Plena Noite,Crescente,Céu Claro,Simples,Curva,Não,3,0,2,1,0,0,3,2,-26.872128,-52.019024,SPRF-SC,DEL07-SC,UOP04-DEL07-SC,2021
387744.0,2021-09-06,segunda-feira,11:40:00,SC,282,647.0,SAO MIGUEL DO OESTE,Acessar a via sem observar a presença dos outros veículos,Colisão transversal,Com Vítimas Feridas,Pleno dia,Crescente,Nublado,Dupla,Interseção de Vias,Sim,2,0,1,0,1,0,1,2,-26.756721,-53.500633,SPRF-SC,DEL07-SC,UOP03-DEL07-SC,2021
388362.0,2021-10-08,sexta-feira,18:50:00,SC,282,0.1,FLORIANOPOLIS,Ausência de reação do condutor,Colisão lateral mesmo sentido,Com Vítimas Feridas,Plena Noite,Decrescente,Chuva,Múltipla,Reta,Sim,2,0,1,0,1,0,1,2,-27.59845,-48.571995,SPRF-SC,DEL01-SC,UOP01-DEL01-SC,2021
388366.0,2021-10-08,sexta-feira,18:45:00,SC,282,2.8,FLORIANOPOLIS,Manobra de mudança de faixa,Colisão traseira,Com Vítimas Feridas,Plena Noite,Crescente,Chuva,Múltipla,Reta,Sim,2,0,0,1,1,0,1,2,-27.603289,-48.590416,SPRF-SC,DEL01-SC,UOP01-DEL01-SC,2021
388377.0,2021-10-08,sexta-feira,15:00:00,SC,282,275.4,SAO JOSE DO CERRITO,Velocidade Incompatível,Saída de leito carroçável,Com Vítimas Feridas,Pleno dia,Decrescente,Nublado,Simples,Aclive;Curva,Não,1,0,1,0,0,0,1,1,-27.606421,-50.720207,SPRF-SC,DEL05-SC,UOP02-DEL05-SC,2021
388416.0,2021-10-08,sexta-feira,22:10:00,SC,282,521.6,XAXIM,Ingestão de álcool pelo condutor,Saída de leito carroçável,Com Vítimas Feridas,Plena Noite,Crescente,Chuva,Simples,Rotatória,Sim,1,0,0,1,0,0,1,1,-26.950993,-52.534767,SPRF-SC,DEL07-SC,UOP01-DEL07-SC,2021
388426.0,2021-10-08,sexta-feira,22:09:00,SC,282,521.2,XAXIM,Velocidade Incompatível,Colisão traseira,Sem Vítimas,Plena Noite,Crescente,Chuva,Simples,Curva,Sim,2,0,0,0,2,0,0,2,-26.950993,-52.534767,SPRF-SC,DEL07-SC,UOP01-DEL07-SC,2021
388453.0,2021-10-09,sábado,03:45:00,SC,282,4.0,FLORIANOPOLIS,Chuva,Capotamento,Com Vítimas Feridas,Plena Noite,Crescente,Chuva,Dupla,Curva,Sim,1,0,0,1,0,0,1,1,-27.592646,-48.604034,SPRF-SC,DEL01-SC,UOP01-DEL01-SC,2021
388506.0,2021-10-09,sábado,06:10:00,SC,282,646.2,SAO MIGUEL DO OESTE,Reação tardia ou ineficiente do condutor,Saída de leito carroçável,Sem Vítimas,Amanhecer,Crescente,Nevoeiro/Neblina,Simples,Rotatória,Sim,1,0,0,0,1,0,0,1,-26.763933,-53.496826,SPRF-SC,DEL07-SC,UOP03-DEL07-SC,2021
388522.0,2021-10-09,sábado,06:50:00,SC,282,522.0,XAXIM,Chuva,Saída de leito carroçável,Sem Vítimas,Pleno dia,Crescente,Chuva,Simples,Curva,Não,2,0,0,0,2,0,0,1,-26.956238,-52.542637,SPRF-SC,DEL07-SC,UOP01-DEL07-SC,2021
388595.0,2021-10-09,sábado,15:15:00,SC,282,33.0,AGUAS MORNAS,Ingestão de álcool pelo condutor,Saída de leito carroçável,Com Vítimas Feridas,Pleno dia,Decrescente,Chuva,Simples,Curva;Declive,Sim,2,0,1,0,1,0,1,1,-27.706587,-48.808144,SPRF-SC,DEL01-SC,UOP03-DEL01-SC,2021