id,data_inversa,dia_semana,horario,uf,br,km,municipio,causa_acidente,tipo_acidente,classificacao_acidente,fase_dia,sentido_via,condicao_metereologica,tipo_pista,tracado_via,uso_solo,pessoas,mortos,feridos_leves,feridos_graves,ilesos,ignorados,feridos,veiculos,latitude,longitude,regional,delegacia,uop,ano_arquivo
388664.0,2021-10-09,sábado,17:00:00,SC,282,54.0,AGUAS MORNAS,Reação tardia ou ineficiente do condutor,Saída de leito carroçável,Com Vítimas Feridas,Anoitecer,Crescente,Chuva,Simples,Reta,Não,1,0,1,0,0,0,1,1,-27.685799,-48.974514,SPRF-SC,DEL01-SC,UOP03-DEL01-SC,2021
388839.0,2021-10-10,domingo,11:10:00,SC,282,54.0,AGUAS MORNAS,Reação tardia ou ineficiente do condutor,Capotamento,Com Vítimas Feridas,Pleno dia,Crescente,Chuva,Simples,Curva,Sim,2,0,2,0,0,0,2,1,-27.685799,-48.974514,SPRF-SC,DEL01-SC,UOP03-DEL01-SC,2021
389046.0,2021-10-11,segunda-feira,06:30:00,SC,282,83.0,RANCHO QUEIMADO,Chuva,Colisão lateral sentido oposto,Com Vítimas Feridas,Pleno dia,Crescente,Chuva,Simples,Curva,Não,2,0,2,0,0,0,2,2,-27.666153,-49.175022,SPRF-SC,DEL01-SC,UOP03-DEL01-SC,2021
389111.0,2021-10-11,segunda-feira,11:40:00,SC,282,622.6,IRACEMINHA,Velocidade Incompatível,Saída de leito carroçável,Com Vítimas Feridas,Pleno dia,Crescente,Céu Claro,Simples,Aclive;Curva,Não,4,0,4,0,0,0,4,1,-26.799697,-53.330249,SPRF-SC,DEL07-SC,UOP02-DEL07-SC,2021
389167.0,2021-10-11,segunda-feira,19:20:00,SC,282,4.8,FLORIANOPOLIS,Trafegar com motocicleta (ou similar) entre as faixas,Colisão traseira,Sem Vítimas,Plena Noite,Crescente,Chuva,Dupla,Reta,Sim,2,0,0,0,1,1,0,2,-27.592646,-48.604034,SPRF-SC,DEL01-SC,UOP01-DEL01-SC,2021
389221.0,2021-10-12,terça-feira,02:00:00,SC,282,500.5,XANXERE,Ingestão de álcool pelo condutor,Colisão traseira,Sem Vítimas,Plena Noite,Crescente,Nublado,Dupla,Reta,Não,2,0,0,0,2,0,0,2,-26.881372,-52.37252,SPRF-SC,DEL07-SC,UOP01-DEL07-SC,2021
389240.0,2021-10-12,terça-feira,06:45:00,SC,282,6.0,SAO JOSE,Ingestão de álcool pelo condutor,Saída de leito carroçável,Sem Vítimas,Pleno dia,Decrescente,Chuva,Dupla,Curva,Sim,1,0,0,0,1,0,0,1,-27.591936,-48.618244,SPRF-SC,DEL01-SC,UOP01-DEL01-SC,2021
389267.0,2021-10-12,terça-feira,12:10:00,SC,282,69.6,RANCHO QUEIMADO,Condutor deixou de manter distância do veículo da frente,Colisão traseira,Sem Vítimas,Pleno dia,Decrescente,Chuva,Múltipla,Curva,Não,2,0,0,0,2,0,0,2,-27.69266305,-49.08998787,SPRF-SC,DEL01-SC,UOP03-DEL01-SC,2021
389401.0,2021-10-13,quarta-feira,05:00:00,SC,282,64.8,RANCHO QUEIMADO,Curva acentuada,Saída de leito carroçável,Com Vítimas Feridas,Amanhecer,Crescente,Chuva,Simples,Curva,Não,3,0,2,0,1,0,2,1,-27.696323,-49.052456,SPRF-SC,DEL01-SC,UOP03-DEL01-SC,2021
389518.0,2021-10-12,terça-feira,06:30:00,SC,282,274.6,SAO JOSE DO CERRITO,Reação tardia ou ineficiente do condutor,Saída de leito carroçável,Com Vítimas Feridas,Amanhecer,Decrescente,Chuva,Simples,Curva,Não,1,0,1,0,0,0,1,1,-27.614197,-50.716843,SPRF-SC,DEL05-SC,UOP02-DEL05-SC,2021
389570.0,2021-10-14,quinta-feira,02:45:00,SC,282,68.5,RANCHO QUEIMADO,Velocidade Incompatível,Saída de leito carroçável,Sem Vítimas,Plena Noite,Decrescente,Chuva,Simples,Curva,Não,2,0,0,0,2,0,0,1,-27.692406,-49.075939,SPRF-SC,DEL01-SC,UOP03-DEL01-SC,2021
390020.0,2021-10-15,sexta-feira,13:00:00,SC,282,386.0,JOACABA,Acumulo de água sobre o pavimento,Saída de leito carroçável,Com Vítimas Feridas,Pleno dia,Decrescente,Chuva,Simples,Curva,Não,2,0,1,0,1,0,1,1,-27.185896,-51.518845,SPRF-SC,DEL07-SC,UOP05-DEL07-SC,2021
390284.0,2021-10-17,domingo,15:10:00,SC,282,17.3,PALHOCA,Ausência de reação do condutor,Colisão traseira,Sem Vítimas,Pleno dia,Decrescente,Garoa/Chuvisco,Simples,Reta,Sim,3,0,0,0,3,0,0,2,-27.665707,-48.688065,SPRF-SC,DEL01-SC,UOP02-DEL01-SC,2021
390416.0,2021-10-18,segunda-feira,07:19:00,SC,282,23.4,SANTO AMARO DA IMPERATRIZ,Ultrapassagem Indevida,Colisão transversal,Com Vítimas Feridas,Pleno dia,Decrescente,Nublado,Simples,Reta,Sim,2,0,0,1,1,0,1,2,-27.687958,-48.736794,SPRF-SC,DEL01-SC,UOP02-DEL01-SC,2021
390521.0,2021-10-18,segunda-feira,18:00:00,SC,282,2.0,FLORIANOPOLIS,Ausência de reação do condutor,Colisão com objeto,Com Vítimas Feridas,Plena Noite,Decrescente,Nublado,Múltipla,Reta,Sim,2,0,1,0,1,0,1,2,-27.603289,-48.590416,SPRF-SC,DEL01-SC,UOP01-DEL01-SC,2021
390701.0,2021-10-19,terça-feira,15:30:00,SC,282,559.5,NOVA ITABERABA,Manobra de mudança de faixa,Colisão lateral mesmo sentido,Com Vítimas Feridas,Pleno dia,Decrescente,Céu Claro,Simples,Curva,Não,3,0,2,0,1,0,2,2,-26.927097,-52.846737,SPRF-SC,DEL07-SC,UOP01-DEL07-SC,2021
390793.0,2021-10-20,quarta-feira,07:05:00,SC,282,216.7,LAGES,Retorno proibido,Colisão transversal,Com Vítimas Feridas,Pleno dia,Decrescente,Céu Claro,Simples,Curva,Não,3,0,0,1,2,0,1,2,-27.797529,-50.291862,SPRF-SC,DEL05-SC,UOP01-DEL05-SC,2021
390919.0,2021-10-20,quarta-feira,22:35:00,SC,282,372.8,ERVAL VELHO,Objeto estático sobre o leito carroçável,Colisão com objeto,Com Vítimas Feridas,Plena Noite,Crescente,Céu Claro,Simples,Reta,Não,1,0,1,0,0,0,1,1,-27.251827,-51.446991,SPRF-SC,DEL07-SC,UOP05-DEL07-SC,2021
390949.0,2021-10-21,quinta-feira,00:02:00,SC,282,463.0,PONTE SERRADA,Desrespeitar a preferência no cruzamento,Colisão transversal,Com Vítimas Feridas,Plena Noite,Crescente,Céu Claro,Simples,Rotatória,Sim,2,0,0,1,1,0,1,2,-26.855036,-52.059551,SPRF-SC,DEL07-SC,UOP04-DEL07-SC,2021
390965.0,2021-10-21,quinta-feira,08:30:00,SC,282,1.2,FLORIANOPOLIS,Condutor deixou de manter distância do veículo da frente,Colisão lateral mesmo sentido,Com Vítimas Feridas,Pleno dia,Crescente,Céu Claro,Dupla,Reta,Sim,3,0,1,0,2,0,1,2,-27.602955,-48.580509,SPRF-SC,DEL01-SC,UOP01-DEL01-SC,2021
391146.0,2021-10-22,sexta-feira,06:40:00,SC,282,356.8,CAMPOS NOVOS,Ingestão de álcool pelo condutor,Colisão com objeto,Com Vítimas Feridas,Pleno dia,Decrescente,Céu Claro,Simples,Reta,Não,5,0,3,0,1,1,3,2,-27.342428,-51.340664,SPRF-SC,DEL07-SC,UOP05-DEL07-SC,2021
391171.0,2021-10-22,sexta-feira,11:00:00,SC,282,517.3,XAXIM,Reação tardia ou ineficiente do condutor,Colisão com objeto,Com Vítimas Feridas,Pleno dia,Decrescente,Céu Claro,Simples,Reta,Não,1,0,1,0,0,0,1,1,-26.939375,-52.500057,SPRF-SC,DEL07-SC,UOP01-DEL07-SC,2021
391189.0,2021-10-22,sexta-feira,12:50:00,SC,282,21.0,PALHOCA,Condutor deixou de manter distância do veículo da frente,Colisão traseira,Sem Vítimas,Pleno dia,Crescente,Céu Claro,Simples,Reta,Sim,2,0,0,0,2,0,0,2,-27.68907,-48.717541,SPRF-SC,DEL01-SC,UOP02-DEL01-SC,2021
391331.0,2021-10-23,sábado,02:00:00,SC,282,218.0,LAGES,Ingestão de álcool e/ou substâncias psicoativas pelo pedestre,Colisão com objeto,Sem Vítimas,Plena Noite,Decrescente,Céu Claro,Simples,Rotatória,Sim,1,0,0,0,1,0,0,1,-27.797235,-50.31361,SPRF-SC,DEL05-SC,UOP01-DEL05-SC,2021
391383.0,2021-10-23,sábado,09:29:00,SC,282,574.3,PINHALZINHO,Ingestão de álcool pelo condutor,Tombamento,Sem Vítimas,Pleno dia,Decrescente,Chuva,Simples,Rotatória,Não,1,0,0,0,0,1,0,1,-26.87480883,-52.95408547,SPRF-SC,DEL07-SC,UOP02-DEL07-SC,2021
391490.0,2021-10-23,sábado,19:40:00,SC,282,516.7,XAXIM,Ingestão de álcool e/ou substâncias psicoativas pelo pedestre,Atropelamento de Pedestre,Com Vítimas Feridas,Pleno dia,Decrescente,Chuva,Simples,Reta,Não,2,0,2,0,0,0,2,2,-26.930862,-52.499157,SPRF-SC,DEL07-SC,UOP01-DEL07-SC,2021
391667.0,2021-10-24,domingo,13:25:00,SC,282,529.1,CORDILHEIRA ALTA,Desrespeitar a preferência no cruzamento,Colisão transversal,Com Vítimas Feridas,Pleno dia,Decrescente,Sol,Simples,Interseção de Vias;Aclive,Sim,3,0,1,0,1,1,1,3,-26.98242,-52.597877,SPRF-SC,DEL07-SC,UOP01-DEL07-SC,2021
391783.0,2021-10-24,domingo,21:20:00,SC,282,461.3,PONTE SERRADA,Ingestão de álcool pelo condutor,Colisão traseira,Sem Vítimas,Plena Noite,Decrescente,Céu Claro,Simples,Reta,Sim,2,0,0,0,2,0,0,2,-26.87430595,-52.01751709,SPRF-SC,DEL07-SC,UOP04-DEL07-SC,2021
391920.0,2021-10-25,segunda-feira,17:50:00,SC,282,37.0,AGUAS MORNAS,Ausência de reação do condutor,Colisão transversal,Com Vítimas Feridas,Anoitecer,Crescente,Céu Claro,Simples,Reta,Não,2,0,1,0,1,0,1,2,-27.707325,-48.842983,SPRF-SC,DEL01-SC,UOP03-DEL01-SC,2021
391942.0,2021-10-25,segunda-feira,17:35:00,SC,282,389.0,JOACABA,Condutor deixou de manter distância do veículo da frente,Colisão lateral mesmo sentido,Com Vítimas Feridas,Pleno dia,Crescente,Sol,Simples,Reta,Não,4,0,2,0,2,0,2,3,-27.178604,-51.541367,SPRF-SC,DEL07-SC,UOP05-DEL07-SC,2021
392132.0,2021-10-27,quarta-feira,00:00:00,SC,282,508.2,XANXERE,Ingestão de álcool pelo condutor,Tombamento,Com Vítimas Feridas,Plena Noite,Decrescente,Nublado,Simples,Reta,Não,1,0,1,0,0,0,1,1,-26.887014,-52.448372,SPRF-SC,DEL07-SC,UOP01-DEL07-SC,2021
392295.0,2021-10-27,quarta-feira,19:20:00,SC,282,19.1,PALHOCA,Acessar a via sem observar a presença dos outros veículos,Colisão transversal,Com Vítimas Feridas,Plena Noite,Decrescente,Céu Claro,Simples,Túnel,Sim,2,0,1,0,1,0,1,2,-27.678635,-48.70192,SPRF-SC,DEL01-SC,UOP02-DEL01-SC,2021
392327.0,2021-10-27,quarta-feira,23:30:00,SC,282,542.9,CHAPECO,Animais na Pista,Colisão com objeto,Com Vítimas Feridas,Pleno dia,Crescente,Céu Claro,Simples,Reta;Declive,Não,2,0,2,0,0,0,2,1,-27.001301,-52.707569,SPRF-SC,DEL07-SC,UOP01-DEL07-SC,2021
392355.0,2021-10-28,quinta-feira,07:20:00,SC,282,0.4,FLORIANOPOLIS,Trafegar com motocicleta (ou similar) entre as faixas,Queda de ocupante de veículo,Com Vítimas Feridas,Pleno dia,Decrescente,Céu Claro,Múltipla,Reta,Não,3,0,2,0,1,0,2,2,-27.59845,-48.571995,SPRF-SC,DEL01-SC,UOP01-DEL01-SC,2021
392441.0,2021-08-24,terça-feira,19:00:00,SC,282,377.1,HERVAL DOESTE,Velocidade Incompatível,Tombamento,Com Vítimas Feridas,Plena Noite,Crescente,Céu Claro,Simples,Reta,Não,1,0,0,1,0,0,1,1,-27.216974,-51.470055,SPRF-SC,DEL07-SC,UOP05-DEL07-SC,2021
392443.0,2021-10-28,quinta-feira,12:55:00,SC,480,129.6,CHAPECO,Objeto estático sobre o leito carroçável,Colisão com objeto,Com Vítimas Feridas,Pleno dia,Decrescente,Céu Claro,Dupla,Reta,Sim,2,0,1,0,0,1,1,2,-27.04656607,-52.63577131,SPRF-SC,DEL07-SC,UOP01-DEL07-SC,2021
392470.0,2021-10-28,quinta-feira,14:10:00,SC,282,548.9,CHAPECO,Ingestão de álcool pelo condutor,Saída de leito carroçável,Sem Vítimas,Pleno dia,Crescente,Sol,Simples,Reta,Não,1,0,0,0,1,0,0,1,-26.96613,-52.75703,SPRF-SC,DEL07-SC,UOP01-DEL07-SC,2021
392579.0,2021-09-03,sexta-feira,11:35:00,SC,282,457.9,PONTE SERRADA,Acumulo de areia ou detritos sobre o pavimento,Saída de leito carroçável,Com Vítimas Feridas,Pleno dia,Decrescente,Céu Claro,Simples,Curva,Não,1,0,1,0,0,0,1,1,-26.91962097,-51.94061279,SPRF-SC,DEL07-SC,UOP04-DEL07-SC,2021
392598.0,2021-10-29,sexta-feira,11:25:00,SC,480,130.0,CHAPECO,Desrespeitar a preferência no cruzamento,Colisão transversal,Com Vítimas Feridas,Pleno dia,Decrescente,Sol,Simples,Reta,Sim,2,0,1,0,1,0,1,2,-27.05534298,-52.63652069,SPRF-SC,DEL07-SC,UOP01-DEL07-SC,2021
392681.0,2021-10-29,sexta-feira,19:00:00,SC,282,40.0,AGUAS MORNAS,Velocidade Incompatível,Engavetamento,Com Vítimas Feridas,Plena Noite,Crescente,Garoa/Chuvisco,Simples,Reta,Não,4,0,1,0,3,0,1,3,-27.716148,-48.869583,SPRF-SC,DEL01-SC,UOP03-DEL01-SC,2021
392682.0,2021-10-29,sexta-feira,18:45:00,SC,282,217.1,LAGES,Ausência de reação do condutor,Colisão traseira,Com Vítimas Feridas,Plena Noite,Decrescente,Céu Claro,Simples,Reta,Sim,5,0,1,0,4,0,1,2,-27.797916,-50.302944,SPRF-SC,DEL05-SC,UOP01-DEL05-SC,2021
392698.0,2021-10-29,sexta-feira,16:30:00,SC,282,424.4,VARGEM BONITA,Transitar na contramão,Colisão transversal,Sem Vítimas,Pleno dia,Crescente,Nublado,Simples,Reta;Aclive,Não,2,0,0,0,1,1,0,2,-26.988014,-51.753124,SPRF-SC,DEL07-SC,UOP05-DEL07-SC,2021
392711.0,2021-10-29,sexta-feira,08:15:00,SC,282,222.9,LAGES,Ausência de reação do condutor,Colisão traseira,Com Vítimas Feridas,Pleno dia,Crescente,Céu Claro,Simples,Curva;Aclive,Não,2,0,1,0,1,0,1,2,-27.79871043,-50.35928965,SPRF-SC,DEL05-SC,UOP01-DEL05-SC,2021
392772.0,2021-10-30,sábado,05:10:00,SC,282,503.6,XANXERE,Ingestão de álcool ou de substâncias psicoativas pelo pedestre,Atropelamento de Pedestre,Com Vítimas Fatais,Amanhecer,Crescente,Céu Claro,Dupla,Declive;Reta,Sim,3,1,0,0,0,2,0,2,-26.882766,-52.403233,SPRF-SC,DEL07-SC,UOP01-DEL07-SC,2021
392803.0,2021-10-13,quarta-feira,18:15:00,SC,282,16.8,PALHOCA,Retorno proibido,Colisão transversal,Com Vítimas Feridas,Plena Noite,Crescente,Nublado,Simples,Reta,Sim,2,0,0,1,1,0,1,2,-27.658611,-48.681847,SPRF-SC,DEL01-SC,UOP02-DEL01-SC,2021
392885.0,2021-10-30,sábado,17:10:00,SC,282,175.3,BOCAINA DO SUL,Ingestão de álcool pelo condutor,Colisão lateral sentido oposto,Sem Vítimas,Pleno dia,Decrescente,Nublado,Simples,Curva,Não,3,0,0,0,3,0,0,2,-27.741552,-49.891914,SPRF-SC,DEL05-SC,UOP01-DEL05-SC,2021
392955.0,2021-10-30,sábado,14:45:00,SC,282,339.5,CAMPOS NOVOS,Desrespeitar a preferência no cruzamento,Colisão transversal,Com Vítimas Feridas,Pleno dia,Decrescente,Céu Claro,Simples,Interseção de Vias,Não,4,0,1,0,3,0,1,2,-27.39365017,-51.19219065,SPRF-SC,DEL07-SC,UOP06-DEL07-SC,2021
392977.0,2021-10-31,domingo,00:30:00,SC,282,2.0,FLORIANOPOLIS,Demais falhas mecânicas ou elétricas,Incêndio,Sem Vítimas,Plena Noite,Crescente,Garoa/Chuvisco,Múltipla,Reta,Sim,1,0,0,0,1,0,0,1,-27.603289,-48.590416,SPRF-SC,DEL01-SC,UOP01-DEL01-SC,2021
393001.0,2021-10-31,domingo,01:50:00,SC,282,16.2,PALHOCA,Ausência de reação do condutor,Colisão traseira,Com Vítimas Fatais,Plena Noite,Decrescente,Garoa/Chuvisco,Simples,Reta,Sim,10,1,5,2,2,0,7,3,-27.6603595,-48.6833912,SPRF-SC,DEL01-SC,UOP02-DEL01-SC,2021
393008.0,2021-10-31,domingo,02:10:00,SC,282,16.0,PALHOCA,Ingestão de álcool pelo condutor,Colisão traseira,Sem Vítimas,Plena Noite,Crescente,Nublado,Simples,Reta,Sim,2,0,0,0,2,0,0,2,-27.658611,-48.681847,SPRF-SC,DEL01-SC,UOP02-DEL01-SC,2021
393084.0,2021-10-31,domingo,08:00:00,SC,282,399.9,JOACABA,Condutor Dormindo,Saída de leito carroçável,Sem Vítimas,Pleno dia,Crescente,Nublado,Simples,Curva,Não,1,0,0,0,0,1,0,1,-27.139378,-51.621956,SPRF-SC,DEL07-SC,UOP05-DEL07-SC,2021
393099.0,2021-10-31,domingo,14:25:00,SC,282,219.8,LAGES,Ingestão de álcool ou de substâncias psicoativas pelo pedestre,Colisão traseira,Sem Vítimas,Pleno dia,Crescente,Nublado,Simples,Reta,Sim,2,0,0,0,2,0,0,2,-27.795521,-50.323608,SPRF-SC,DEL05-SC,UOP01-DEL05-SC,2021
393171.0,2021-10-31,domingo,16:40:00,SC,282,31.0,AGUAS MORNAS,Chuva,Colisão frontal,Com Vítimas Feridas,Pleno dia,Decrescente,Chuva,Simples,Aclive;Curva,Não,4,0,1,3,0,0,4,2,-27.695198,-48.793308,SPRF-SC,DEL01-SC,UOP03-DEL01-SC,2021
393211.0,2021-10-31,domingo,17:45:00,SC,282,433.5,VARGEM BONITA,Ultrapassagem Indevida,Saída de leito carroçável,Com Vítimas Feridas,Pleno dia,Crescente,Céu Claro,Simples,Reta,Não,5,0,5,0,0,0,5,1,-26.97752,-51.823841,SPRF-SC,DEL07-SC,UOP05-DEL07-SC,2021
393471.0,2021-11-02,terça-feira,11:15:00,SC,282,198.0,LAGES,Falta de acostamento,Colisão lateral mesmo sentido,Com Vítimas Feridas,Pleno dia,Decrescente,Sol,Simples,Curva,Não,3,0,1,0,2,0,1,2,-27.754335,-50.113693,SPRF-SC,DEL05-SC,UOP01-DEL05-SC,2021
393486.0,2021-11-02,terça-feira,15:10:00,SC,282,16.3,PALHOCA,Acessar a via sem observar a presença dos outros veículos,Colisão transversal,Com Vítimas Feridas,Pleno dia,Decrescente,Nublado,Simples,Interseção de Vias,Sim,2,0,1,0,1,0,1,2,-27.658611,-48.681847,SPRF-SC,DEL01-SC,UOP02-DEL01-SC,2021
393539.0,2021-11-02,terça-feira,21:15:00,SC,282,5.0,SAO JOSE,Acessar a via sem observar a presença dos outros veículos,Colisão lateral mesmo sentido,Com Vítimas Feridas,Plena Noite,Decrescente,Nublado,Múltipla,Reta,Sim,2,0,1,0,1,0,1,2,-27.588425,-48.612919,SPRF-SC,DEL01-SC,UOP01-DEL01-SC,2021
393620.0,2021-11-03,quarta-feira,07:20:00,SC,282,501.3,XANXERE,Mal súbito do condutor,Colisão transversal,Com Vítimas Feridas,Pleno dia,Decrescente,Sol,Dupla,Rotatória,Não,2,0,1,0,1,0,1,2,-26.882715,-52.381729,SPRF-SC,DEL07-SC,UOP01-DEL07-SC,2021
393650.0,2021-11-03,quarta-feira,12:20:00,SC,282,6.0,SAO JOSE,Trafegar com motocicleta (ou similar) entre as faixas,Colisão lateral mesmo sentido,Com Vítimas Feridas,Pleno dia,Decrescente,Sol,Múltipla,Curva,Não,3,0,1,0,2,0,1,3,-27.591936,-48.618244,SPRF-SC,DEL01-SC,UOP01-DEL01-SC,2021
393856.0,2021-11-04,quinta-feira,14:50:00,SC,282,561.0,NOVA ITABERABA,Avarias e/ou desgaste excessivo no pneu,Colisão com objeto,Sem Vítimas,Pleno dia,Decrescente,Céu Claro,Simples,Ponte,Não,1,0,0,0,0,1,0,1,-26.92643196,-52.8565979,SPRF-SC,DEL07-SC,UOP02-DEL07-SC,2021
393876.0,2021-11-04,quinta-feira,20:37:00,SC,282,22.6,SANTO AMARO DA IMPERATRIZ,Ingestão de álcool pelo condutor,Colisão traseira,Com Vítimas Feridas,Plena Noite,Decrescente,Nublado,Simples,Reta,Sim,2,0,1,0,1,0,1,2,-27.688507,-48.72739,SPRF-SC,DEL01-SC,UOP02-DEL01-SC,2021
393897.0,2021-11-04,quinta-feira,22:25:00,SC,480,130.5,CHAPECO,Velocidade Incompatível,Colisão com objeto,Com Vítimas Feridas,Plena Noite,Decrescente,Céu Claro,Simples,Reta,Sim,1,0,1,0,0,0,1,1,-27.05534298,-52.63652069,SPRF-SC,DEL07-SC,UOP01-DEL07-SC,2021
394077.0,2021-11-05,sexta-feira,23:15:00,SC,282,22.0,SANTO AMARO DA IMPERATRIZ,Ausência de reação do condutor,Colisão com objeto,Com Vítimas Feridas,Plena Noite,Crescente,Chuva,Simples,Curva,Sim,1,0,1,0,0,0,1,1,-27.688507,-48.72739,SPRF-SC,DEL01-SC,UOP02-DEL01-SC,2021
394349.0,2021-11-07,domingo,09:14:00,SC,282,92.0,ALFREDO WAGNER,Trafegar com motocicleta (ou similar) entre as faixas,Colisão lateral mesmo sentido,Com Vítimas Feridas,Pleno dia,Decrescente,Nublado,Simples,Reta,Não,2,0,1,0,1,0,1,2,-27.697363,-49.23542,SPRF-SC,DEL01-SC,UOP03-DEL01-SC,2021
394670.0,2021-11-08,segunda-feira,17:40:00,SC,282,222.0,LAGES,Conversão proibida,Colisão lateral mesmo sentido,Com Vítimas Feridas,Pleno dia,Crescente,Céu Claro,Dupla,Reta,Não,2,0,1,0,1,0,1,2,-27.797739,-50.353409,SPRF-SC,DEL05-SC,UOP01-DEL05-SC,2021
394706.0,2021-11-09,terça-feira,05:30:00,SC,282,16.7,PALHOCA,Demais falhas mecânicas ou elétricas,Colisão traseira,Com Vítimas Feridas,Amanhecer,Crescente,Nublado,Simples,Reta,Sim,2,0,1,0,1,0,1,2,-27.658611,-48.681847,SPRF-SC,DEL01-SC,UOP02-DEL01-SC,2021
394757.0,2021-10-11,segunda-feira,23:40:00,SC,282,344.3,CAMPOS NOVOS,Entrada inopinada do pedestre,Atropelamento de Pedestre,Com Vítimas Fatais,Plena Noite,Crescente,Garoa/Chuvisco,Simples,Reta,Sim,2,1,0,0,1,0,0,2,-27.384416,-51.236685,SPRF-SC,DEL07-SC,UOP06-DEL07-SC,2021
394792.0,2021-10-18,segunda-feira,17:55:00,SC,282,505.2,XANXERE,Demais Fenômenos da natureza,Colisão traseira,Com Vítimas Feridas,Anoitecer,Crescente,Céu Claro,Simples,Reta,Sim,2,0,1,0,1,0,1,2,-26.88553115,-52.41863608,SPRF-SC,DEL07-SC,UOP01-DEL07-SC,2021
395049.0,2021-11-11,quinta-feira,03:50:00,SC,282,598.9,MARAVILHA,Ingestão de álcool pelo condutor,Saída de leito carroçável,Com Vítimas Feridas,Plena Noite,Crescente,Céu Claro,Simples,Declive,Não,1,0,1,0,0,0,1,1,-26.825783,-53.147213,SPRF-SC,DEL07-SC,UOP02-DEL07-SC,2021
395176.0,2021-11-11,quinta-feira,18:10:00,SC,282,3.0,FLORIANOPOLIS,Trafegar com motocicleta (ou similar) entre as faixas,Colisão traseira,Com Vítimas Feridas,Anoitecer,Decrescente,Nublado,Dupla,Reta,Não,2,0,0,1,1,0,1,2,-27.600384,-48.599705,SPRF-SC,DEL01-SC,UOP01-DEL01-SC,2021
395194.0,2021-11-11,quinta-feira,18:10:00,SC,282,23.5,PALHOCA,Desrespeitar a preferência no cruzamento,Colisão transversal,Sem Vítimas,Plena Noite,Crescente,Céu Claro,Dupla,Interseção de Vias,Sim,2,0,0,0,2,0,0,2,-27.687958,-48.736794,SPRF-SC,DEL01-SC,UOP03-DEL01-SC,2021
395448.0,2021-11-12,sexta-feira,19:30:00,SC,282,280.3,SAO JOSE DO CERRITO,Acessar a via sem observar a presença dos outros veículos,Colisão lateral mesmo sentido,Sem Vítimas,Plena Noite,Crescente,Nublado,Simples,Reta,Não,2,0,0,0,2,0,0,2,-27.583397,-50.754917,SPRF-SC,DEL05-SC,UOP02-DEL05-SC,2021
395498.0,2021-11-13,sábado,05:25:00,SC,282,461.7,PONTE SERRADA,Condutor Dormindo,Capotamento,Com Vítimas Feridas,Amanhecer,Crescente,Céu Claro,Simples,Reta,Sim,1,0,1,0,0,0,1,1,-26.856403,-52.041328,SPRF-SC,DEL07-SC,UOP04-DEL07-SC,2021
395552.0,2021-11-13,sábado,11:15:00,SC,282,17.0,PALHOCA,Condutor deixou de manter distância do veículo da frente,Colisão traseira,Com Vítimas Feridas,Pleno dia,Decrescente,Garoa/Chuvisco,Simples,Reta,Sim,3,0,2,0,1,0,2,2,-27.665707,-48.688065,SPRF-SC,DEL01-SC,UOP02-DEL01-SC,2021
395650.0,2021-11-13,sábado,16:15:00,SC,282,109.7,ALFREDO WAGNER,Reação tardia ou ineficiente do condutor,Saída de leito carroçável,Com Vítimas Feridas,Pleno dia,Decrescente,Nublado,Simples,Curva;Declive,Não,2,0,0,2,0,0,2,1,-27.719378,-49.3582,SPRF-SC,DEL01-SC,UOP03-DEL01-SC,2021
395818.0,2021-11-14,domingo,05:30:00,SC,282,146.4,BOM RETIRO,Reação tardia ou ineficiente do condutor,Saída de leito carroçável,Com Vítimas Feridas,Amanhecer,Crescente,Céu Claro,Simples,Reta,Não,2,0,2,0,0,0,2,1,-27.79345249,-49.63605881,SPRF-SC,DEL05-SC,UOP01-DEL05-SC,2021
396036.0,2021-11-15,segunda-feira,16:45:00,SC,282,2.9,FLORIANOPOLIS,Demais falhas mecânicas ou elétricas,Queda de ocupante de veículo,Com Vítimas Feridas,Pleno dia,Decrescente,Céu Claro,Múltipla,Declive,Sim,1,0,1,0,0,0,1,1,-27.603289,-48.590416,SPRF-SC,DEL01-SC,UOP01-DEL01-SC,2021
396075.0,2021-11-13,sábado,06:10:00,SC,282,498.8,XANXERE,Condutor deixou de manter distância do veículo da frente,Colisão traseira,Sem Vítimas,Pleno dia,Crescente,Sol,Simples,Reta,Não,2,0,0,0,1,1,0,2,-26.87978,-52.353825,SPRF-SC,DEL07-SC,UOP01-DEL07-SC,2021
396085.0,2021-11-15,segunda-feira,18:30:00,SC,282,388.7,JOACABA,Condutor deixou de manter distância do veículo da frente,Colisão traseira,Com Vítimas Feridas,Pleno dia,Decrescente,Céu Claro,Simples,Declive;Curva,Não,2,0,1,0,1,0,1,2,-27.179003,-51.531616,SPRF-SC,DEL07-SC,UOP05-DEL07-SC,2021
396091.0,2021-11-15,segunda-feira,21:50:00,SC,480,128.0,CHAPECO,Ingestão de álcool ou de substâncias psicoativas pelo pedestre,Atropelamento de Pedestre,Com Vítimas Feridas,Plena Noite,Crescente,Céu Claro,Simples,Reta;Aclive,Sim,2,0,0,1,1,0,1,2,-27.03781899,-52.63432603,SPRF-SC,DEL07-SC,UOP01-DEL07-SC,2021