id,data_inversa,dia_semana,horario,uf,br,km,municipio,causa_acidente,tipo_acidente,classificacao_acidente,fase_dia,sentido_via,condicao_metereologica,tipo_pista,tracado_via,uso_solo,pessoas,mortos,feridos_leves,feridos_graves,ilesos,ignorados,feridos,veiculos,latitude,longitude,regional,delegacia,uop,ano_arquivo
396107.0,2021-11-15,segunda-feira,23:25:00,SC,282,657.8,SAO MIGUEL DO OESTE,Ingestão de álcool pelo condutor,Saída de leito carroçável,Com Vítimas Feridas,Plena Noite,Crescente,Céu Claro,Simples,Curva,Não,1,0,1,0,0,0,1,1,-26.691545,-53.543961,SPRF-SC,DEL07-SC,UOP03-DEL07-SC,2021
396174.0,2021-11-16,terça-feira,07:15:00,SC,282,142.0,BOM RETIRO,Conversão proibida,Colisão traseira,Sem Vítimas,Pleno dia,Crescente,Nublado,Simples,Curva,Não,2,0,0,0,2,0,0,2,-27.813843,-49.606209,SPRF-SC,DEL05-SC,UOP01-DEL05-SC,2021
396185.0,2021-11-16,terça-feira,07:15:00,SC,282,417.0,CATANDUVAS,Velocidade Incompatível,Saída de leito carroçável,Sem Vítimas,Pleno dia,Crescente,Céu Claro,Simples,Reta,Não,1,0,0,0,1,0,0,1,-27.030245,-51.723061,SPRF-SC,DEL07-SC,UOP05-DEL07-SC,2021
396227.0,2021-11-16,terça-feira,14:15:00,SC,282,164.6,BOCAINA DO SUL,Reação tardia ou ineficiente do condutor,Saída de leito carroçável,Com Vítimas Feridas,Pleno dia,Crescente,Sol,Simples,Reta,Não,1,0,1,0,0,0,1,1,-27.733187,-49.792793,SPRF-SC,DEL05-SC,UOP01-DEL05-SC,2021
396245.0,2021-11-16,terça-feira,18:00:00,SC,282,29.0,SANTO AMARO DA IMPERATRIZ,Acessar a via sem observar a presença dos outros veículos,Colisão frontal,Com Vítimas Feridas,Pleno dia,Crescente,Sol,Simples,Interseção de Vias,Não,3,0,1,0,2,0,1,2,-27.679737,-48.786785,SPRF-SC,DEL01-SC,UOP03-DEL01-SC,2021
396272.0,2021-11-16,terça-feira,18:20:00,SC,282,671.0,PARAISO,Ingestão de álcool pelo condutor,Colisão lateral sentido oposto,Com Vítimas Feridas,Anoitecer,Decrescente,Céu Claro,Simples,Curva,Não,2,0,1,0,1,0,1,2,-26.626854,-53.648888,SPRF-SC,DEL07-SC,UOP03-DEL07-SC,2021
396330.0,2021-11-17,quarta-feira,07:40:00,SC,282,0.7,FLORIANOPOLIS,Reação tardia ou ineficiente do condutor,Colisão lateral mesmo sentido,Com Vítimas Feridas,Pleno dia,Decrescente,Nublado,Dupla,Reta;Declive,Sim,5,0,4,0,1,0,4,5,-27.60053669,-48.57679009,SPRF-SC,DEL01-SC,UOP01-DEL01-SC,2021
396580.0,2021-11-18,quinta-feira,15:45:00,SC,282,307.3,VARGEM,Avarias e/ou desgaste excessivo no pneu,Saída de leito carroçável,Com Vítimas Feridas,Pleno dia,Crescente,Chuva,Simples,Curva;Declive,Não,1,0,0,1,0,0,1,1,-27.495266,-50.962605,SPRF-SC,DEL07-SC,UOP06-DEL07-SC,2021
396623.0,2021-11-18,quinta-feira,14:55:00,SC,282,137.1,BOM RETIRO,Velocidade Incompatível,Saída de leito carroçável,Com Vítimas Feridas,Pleno dia,Decrescente,Nublado,Simples,Rotatória,Não,2,0,0,2,0,0,2,1,-27.82281397,-49.56948638,SPRF-SC,DEL05-SC,UOP01-DEL05-SC,2021
396629.0,2021-11-19,sexta-feira,02:15:00,SC,282,645.8,SAO MIGUEL DO OESTE,Ingestão de álcool pelo condutor,Colisão com objeto,Sem Vítimas,Plena Noite,Crescente,Nublado,Simples,Interseção de Vias,Sim,1,0,0,0,0,1,0,1,-26.76148411,-53.50007642,SPRF-SC,DEL07-SC,UOP03-DEL07-SC,2021
396669.0,2021-11-19,sexta-feira,09:50:00,SC,282,24.7,SANTO AMARO DA IMPERATRIZ,Desrespeitar a preferência no cruzamento,Colisão transversal,Com Vítimas Feridas,Plena Noite,Decrescente,Nublado,Múltipla,Reta,Sim,2,0,0,1,1,0,1,2,-27.678228,-48.752895,SPRF-SC,DEL01-SC,UOP03-DEL01-SC,2021
396927.0,2021-11-20,sábado,13:20:00,SC,282,120.0,SAO BENTO DO SUL,Ingestão de álcool pelo condutor,Colisão transversal,Sem Vítimas,Pleno dia,Crescente,Céu Claro,Simples,Rotatória,Sim,2,0,0,0,2,0,0,2,-26.24546409,-49.46034729,SPRF-SC,DEL05-SC,UOP01-DEL05-SC,2021
397134.0,2021-11-21,domingo,11:45:00,SC,480,129.7,CHAPECO,Velocidade Incompatível,Colisão com objeto,Com Vítimas Fatais,Pleno dia,Crescente,Céu Claro,Dupla,Reta;Aclive,Sim,1,1,0,0,0,0,0,1,-27.052397,-52.635884,SPRF-SC,DEL07-SC,UOP01-DEL07-SC,2021
397162.0,2021-10-12,terça-feira,20:25:00,SC,282,499.2,XANXERE,Acessar a via sem observar a presença dos outros veículos,Colisão transversal,Com Vítimas Feridas,Pleno dia,Crescente,Céu Claro,Simples,Rotatória,Não,3,0,2,0,1,0,2,2,-26.88046,-52.35953,SPRF-SC,DEL07-SC,UOP01-DEL07-SC,2021
397204.0,2021-11-21,domingo,15:48:00,SC,282,463.0,PONTE SERRADA,Desrespeitar a preferência no cruzamento,Colisão transversal,Com Vítimas Feridas,Pleno dia,Crescente,Céu Claro,Simples,Rotatória,Sim,3,0,3,0,0,0,3,2,-26.855036,-52.059551,SPRF-SC,DEL07-SC,UOP04-DEL07-SC,2021
397222.0,2021-10-23,sábado,06:30:00,SC,282,6.0,SAO JOSE,Velocidade Incompatível,Saída de leito carroçável,Sem Vítimas,Pleno dia,Crescente,Sol,Múltipla,Declive;Curva,Sim,1,0,0,0,0,1,0,1,-27.591936,-48.618244,SPRF-SC,DEL01-SC,UOP01-DEL01-SC,2021
397225.0,2021-11-21,domingo,17:05:00,SC,282,571.6,NOVA ERECHIM,Conversão proibida,Colisão transversal,Com Vítimas Feridas,Pleno dia,Crescente,Sol,Simples,Reta,Não,2,0,1,0,1,0,1,2,-26.883053,-52.939816,SPRF-SC,DEL07-SC,UOP02-DEL07-SC,2021
397396.0,2021-11-22,segunda-feira,18:30:00,SC,282,529.1,CORDILHEIRA ALTA,Acessar a via sem observar a presença dos outros veículos,Colisão transversal,Com Vítimas Feridas,Anoitecer,Crescente,Céu Claro,Simples,Declive;Interseção de Vias;Reta,Sim,3,0,2,1,0,0,3,2,-26.982185,-52.59734,SPRF-SC,DEL07-SC,UOP01-DEL07-SC,2021
397663.0,2021-11-24,quarta-feira,13:05:00,SC,282,6.2,SAO JOSE,Manobra de mudança de faixa,Colisão lateral mesmo sentido,Com Vítimas Feridas,Pleno dia,Decrescente,Céu Claro,Simples,Curva,Sim,2,0,1,0,1,0,1,2,-27.591936,-48.618244,SPRF-SC,DEL01-SC,UOP01-DEL01-SC,2021
397671.0,2021-11-24,quarta-feira,14:45:00,SC,282,18.0,PALHOCA,Mal súbito do condutor,Colisão traseira,Com Vítimas Feridas,Pleno dia,Decrescente,Nublado,Simples,Reta,Sim,2,0,1,0,1,0,1,2,-27.672798,-48.694286,SPRF-SC,DEL01-SC,UOP02-DEL01-SC,2021
397681.0,2021-11-16,terça-feira,17:15:00,SC,282,3.0,FLORIANOPOLIS,Condutor deixou de manter distância do veículo da frente,Colisão traseira,Com Vítimas Feridas,Pleno dia,Crescente,Nublado,Múltipla,Curva,Sim,2,0,0,1,1,0,1,2,-27.600384,-48.599705,SPRF-SC,DEL01-SC,UOP01-DEL01-SC,2021
397775.0,2021-11-25,quinta-feira,05:30:00,SC,282,16.0,PALHOCA,Desrespeitar a preferência no cruzamento,Colisão transversal,Com Vítimas Feridas,Pleno dia,Crescente,Nublado,Dupla,Reta,Sim,4,0,2,0,2,0,2,2,-27.658611,-48.681847,SPRF-SC,DEL01-SC,UOP02-DEL01-SC,2021
397944.0,2021-11-25,quinta-feira,22:00:00,SC,282,616.7,IRACEMINHA,Ausência de reação do condutor,Saída de leito carroçável,Sem Vítimas,Plena Noite,Crescente,Céu Claro,Simples,Rotatória,Não,1,0,0,0,0,1,0,1,-26.782682,-53.285789,SPRF-SC,DEL07-SC,UOP02-DEL07-SC,2021
397998.0,2021-11-26,sexta-feira,11:00:00,SC,282,2.0,FLORIANOPOLIS,Manobra de mudança de faixa,Colisão lateral mesmo sentido,Com Vítimas Feridas,Pleno dia,Decrescente,Nublado,Múltipla,Reta,Sim,2,0,0,1,1,0,1,2,-27.603289,-48.590416,SPRF-SC,DEL01-SC,UOP01-DEL01-SC,2021
398142.0,2021-11-26,sexta-feira,22:05:00,SC,282,154.2,BOM RETIRO,Velocidade Incompatível,Colisão traseira,Com Vítimas Feridas,Plena Noite,Decrescente,Garoa/Chuvisco,Simples,Reta,Não,3,0,1,0,1,1,1,2,-27.754395,-49.69775,SPRF-SC,DEL05-SC,UOP01-DEL05-SC,2021
398229.0,2021-11-27,sábado,13:10:00,SC,282,51.8,AGUAS MORNAS,Velocidade Incompatível,Tombamento,Com Vítimas Feridas,Pleno dia,Crescente,Nublado,Simples,Curva,Não,1,0,1,0,0,0,1,1,-27.703712,-48.959267,SPRF-SC,DEL01-SC,UOP03-DEL01-SC,2021
398318.0,2021-11-27,sábado,19:40:00,SC,282,576.0,PINHALZINHO,Frear bruscamente,Saída de leito carroçável,Com Vítimas Feridas,Plena Noite,Decrescente,Céu Claro,Simples,Reta,Sim,1,0,1,0,0,0,1,1,-26.856054,-52.98011,SPRF-SC,DEL07-SC,UOP02-DEL07-SC,2021
398444.0,2021-11-28,domingo,10:20:00,SC,282,105.5,ALFREDO WAGNER,Manobra de mudança de faixa,Colisão traseira,Com Vítimas Feridas,Pleno dia,Crescente,Céu Claro,Múltipla,Reta,Sim,5,0,3,2,0,0,5,2,-27.69614425,-49.33526516,SPRF-SC,DEL01-SC,UOP03-DEL01-SC,2021
398473.0,2021-11-28,domingo,11:58:00,SC,282,22.0,SANTO AMARO DA IMPERATRIZ,Ausência de reação do condutor,Colisão traseira,Com Vítimas Feridas,Pleno dia,Crescente,Sol,Simples,Reta,Sim,3,0,1,0,2,0,1,3,-27.688507,-48.72739,SPRF-SC,DEL01-SC,UOP02-DEL01-SC,2021
398547.0,2021-11-28,domingo,17:30:00,SC,282,589.0,SAUDADES,Ingestão de álcool pelo condutor,Colisão com objeto,Com Vítimas Feridas,Plena Noite,Decrescente,Chuva,Simples,Reta,Não,3,0,2,1,0,0,3,1,-26.82596,-53.062588,SPRF-SC,DEL07-SC,UOP02-DEL07-SC,2021
398709.0,2021-11-29,segunda-feira,17:45:00,SC,282,17.1,PALHOCA,Ausência de reação do condutor,Colisão transversal,Com Vítimas Feridas,Pleno dia,Decrescente,Céu Claro,Dupla,Reta,Sim,2,0,2,0,0,0,2,2,-27.665707,-48.688065,SPRF-SC,DEL01-SC,UOP02-DEL01-SC,2021
398830.0,2021-11-30,terça-feira,13:15:00,SC,282,2.0,FLORIANOPOLIS,Ausência de reação do condutor,Saída de leito carroçável,Com Vítimas Feridas,Pleno dia,Crescente,Céu Claro,Múltipla,Reta,Sim,1,0,1,0,0,0,1,1,-27.603289,-48.590416,SPRF-SC,DEL01-SC,UOP01-DEL01-SC,2021
398845.0,2021-11-30,terça-feira,11:00:00,SC,282,606.7,MARAVILHA,Desrespeitar a preferência no cruzamento,Colisão transversal,Com Vítimas Feridas,Pleno dia,Decrescente,Céu Claro,Simples,Interseção de Vias,Sim,3,0,1,0,2,0,1,2,-26.786951,-53.195248,SPRF-SC,DEL07-SC,UOP02-DEL07-SC,2021
398851.0,2021-11-29,segunda-feira,20:05:00,SC,282,517.7,XAXIM,Pedestre cruzava a pista fora da faixa,Atropelamento de Pedestre,Com Vítimas Feridas,Plena Noite,Crescente,Céu Claro,Simples,Interseção de Vias,Sim,2,0,0,1,1,0,1,2,-26.94115263,-52.5033617,SPRF-SC,DEL07-SC,UOP01-DEL07-SC,2021
398883.0,2021-11-30,terça-feira,19:00:00,SC,282,3.0,SAO JOSE,Trafegar com motocicleta (ou similar) entre as faixas,Colisão traseira,Com Vítimas Feridas,Plena Noite,Crescente,Nublado,Múltipla,Reta,Sim,2,0,2,0,0,0,2,2,-27.600384,-48.599705,SPRF-SC,DEL01-SC,UOP01-DEL01-SC,2021
398923.0,2021-11-30,terça-feira,20:30:00,SC,282,303.2,VARGEM,Velocidade Incompatível,Saída de leito carroçável,Com Vítimas Feridas,Plena Noite,Crescente,Céu Claro,Simples,Reta,Não,1,0,1,0,0,0,1,1,-27.49877,-50.931053,SPRF-SC,DEL07-SC,UOP06-DEL07-SC,2021
399050.0,2021-12-01,quarta-feira,18:15:00,SC,282,1.0,FLORIANOPOLIS,Condutor deixou de manter distância do veículo da frente,Colisão lateral mesmo sentido,Com Vítimas Feridas,Pleno dia,Crescente,Céu Claro,Dupla,Reta,Sim,2,0,1,0,1,0,1,2,-27.602955,-48.580509,SPRF-SC,DEL01-SC,UOP01-DEL01-SC,2021
399486.0,2021-12-03,sexta-feira,17:25:00,SC,282,522.5,XAXIM,Ingestão de álcool pelo condutor,Colisão transversal,Sem Vítimas,Pleno dia,Crescente,Céu Claro,Simples,Rotatória,Sim,2,0,0,0,2,0,0,2,-26.95296412,-52.53827333,SPRF-SC,DEL07-SC,UOP01-DEL07-SC,2021
399531.0,2021-12-04,sábado,02:30:00,SC,282,17.0,PALHOCA,Ingestão de álcool pelo condutor,Colisão frontal,Com Vítimas Feridas,Plena Noite,Crescente,Garoa/Chuvisco,Simples,Reta,Sim,3,0,1,0,2,0,1,2,-27.665707,-48.688065,SPRF-SC,DEL01-SC,UOP02-DEL01-SC,2021
399594.0,2021-12-04,sábado,09:10:00,SC,282,1.3,FLORIANOPOLIS,Mal súbito do condutor,Colisão com objeto,Com Vítimas Feridas,Pleno dia,Crescente,Céu Claro,Múltipla,Reta,Sim,1,0,1,0,0,0,1,1,-27.602955,-48.580509,SPRF-SC,DEL01-SC,UOP01-DEL01-SC,2021
399599.0,2021-12-04,sábado,08:00:00,SC,282,72.0,RANCHO QUEIMADO,Chuva,Saída de leito carroçável,Com Vítimas Feridas,Pleno dia,Decrescente,Chuva,Simples,Curva,Não,1,0,1,0,0,0,1,1,-27.683439,-49.105259,SPRF-SC,DEL01-SC,UOP03-DEL01-SC,2021
399813.0,2021-12-05,domingo,02:30:00,SC,282,400.3,JOACABA,Condutor Dormindo,Colisão com objeto,Com Vítimas Feridas,Plena Noite,Decrescente,Céu Claro,Simples,Reta,Não,1,0,1,0,0,0,1,1,-27.132223,-51.627563,SPRF-SC,DEL07-SC,UOP05-DEL07-SC,2021
399905.0,2021-12-05,domingo,15:00:00,SC,282,380.0,HERVAL DOESTE,Ausência de reação do condutor,Saída de leito carroçável,Com Vítimas Feridas,Pleno dia,Crescente,Céu Claro,Simples,Reta,Não,4,0,3,0,1,0,3,1,-27.213797,-51.499413,SPRF-SC,DEL07-SC,UOP05-DEL07-SC,2021
399950.0,2021-12-05,domingo,16:20:00,SC,282,136.4,BOM RETIRO,Velocidade Incompatível,Saída de leito carroçável,Sem Vítimas,Pleno dia,Decrescente,Nublado,Simples,Rotatória,Não,1,0,0,0,1,0,0,1,-27.82275704,-49.57005501,SPRF-SC,DEL05-SC,UOP01-DEL05-SC,2021
399975.0,2021-12-05,domingo,20:10:00,SC,282,451.9,PONTE SERRADA,Velocidade Incompatível,Capotamento,Sem Vítimas,Plena Noite,Crescente,Nublado,Simples,Curva,Não,1,0,0,0,1,0,0,1,-26.912806,-51.962536,SPRF-SC,DEL07-SC,UOP04-DEL07-SC,2021
399998.0,2021-12-05,domingo,19:30:00,SC,282,465.7,PASSOS MAIA,Ausência de reação do condutor,Saída de leito carroçável,Com Vítimas Feridas,Plena Noite,Decrescente,Céu Claro,Simples,Declive;Curva,Não,3,0,3,0,0,0,3,1,-26.853325,-52.07745,SPRF-SC,DEL07-SC,UOP04-DEL07-SC,2021
400082.0,2021-12-06,segunda-feira,06:55:00,SC,282,616.1,IRACEMINHA,Demais falhas mecânicas ou elétricas,Queda de ocupante de veículo,Com Vítimas Feridas,Pleno dia,Decrescente,Céu Claro,Simples,Curva,Não,2,0,2,0,0,0,2,1,-26.781301,-53.27676,SPRF-SC,DEL07-SC,UOP02-DEL07-SC,2021
400173.0,2021-12-06,segunda-feira,14:00:00,SC,282,617.5,IRACEMINHA,Condutor Dormindo,Saída de leito carroçável,Com Vítimas Feridas,Pleno dia,Crescente,Sol,Simples,Curva;Aclive,Não,2,0,2,0,0,0,2,1,-26.78304674,-53.28766108,SPRF-SC,DEL07-SC,UOP02-DEL07-SC,2021
400178.0,2021-12-06,segunda-feira,13:00:00,SC,282,267.0,SAO JOSE DO CERRITO,Reação tardia ou ineficiente do condutor,Saída de leito carroçável,Com Vítimas Feridas,Pleno dia,Decrescente,Sol,Simples,Curva,Não,3,0,2,0,1,0,2,1,-27.624544,-50.651848,SPRF-SC,DEL05-SC,UOP02-DEL05-SC,2021
400214.0,2021-12-06,segunda-feira,17:00:00,SC,282,463.0,PONTE SERRADA,Acessar a via sem observar a presença dos outros veículos,Colisão transversal,Com Vítimas Feridas,Pleno dia,Crescente,Céu Claro,Simples,Rotatória,Sim,6,0,1,0,5,0,1,2,-26.85591067,-52.03200102,SPRF-SC,DEL07-SC,UOP04-DEL07-SC,2021
400234.0,2021-12-07,terça-feira,01:20:00,SC,282,50.0,AGUAS MORNAS,Velocidade Incompatível,Saída de leito carroçável,Com Vítimas Feridas,Plena Noite,Decrescente,Chuva,Simples,Curva,Não,1,0,1,0,0,0,1,1,-27.708536,-48.952251,SPRF-SC,DEL01-SC,UOP03-DEL01-SC,2021
400254.0,2021-12-07,terça-feira,03:00:00,SC,282,83.0,ALFREDO WAGNER,Curva acentuada,Saída de leito carroçável,Com Vítimas Feridas,Plena Noite,Crescente,Chuva,Simples,Curva;Declive,Não,1,0,0,1,0,0,1,1,-27.666153,-49.175022,SPRF-SC,DEL01-SC,UOP03-DEL01-SC,2021
400289.0,2021-12-07,terça-feira,06:50:00,SC,282,551.5,NOVA ITABERABA,Mal súbito do condutor,Colisão com objeto,Com Vítimas Feridas,Pleno dia,Crescente,Sol,Simples,Curva,Não,1,0,1,0,0,0,1,1,-26.951487,-52.778172,SPRF-SC,DEL07-SC,UOP01-DEL07-SC,2021
400433.0,2021-11-09,terça-feira,09:00:00,SC,282,5.0,SAO JOSE,Ausência de reação do condutor,Colisão traseira,Com Vítimas Feridas,Pleno dia,Decrescente,Céu Claro,Dupla,Reta,Sim,2,0,1,0,1,0,1,2,-27.588425,-48.612919,SPRF-SC,DEL01-SC,UOP01-DEL01-SC,2021
400555.0,2021-12-08,quarta-feira,18:15:00,SC,282,508.5,XANXERE,Velocidade Incompatível,Saída de leito carroçável,Com Vítimas Feridas,Anoitecer,Crescente,Céu Claro,Simples,Aclive;Curva,Sim,1,0,1,0,0,0,1,1,-26.887014,-52.448372,SPRF-SC,DEL07-SC,UOP01-DEL07-SC,2021
400640.0,2021-12-09,quinta-feira,07:20:00,SC,282,503.0,XANXERE,Acessar a via sem observar a presença dos outros veículos,Colisão transversal,Com Vítimas Feridas,Pleno dia,Decrescente,Céu Claro,Simples,Interseção de Vias,Sim,2,0,1,0,1,0,1,2,-26.88492,-52.399788,SPRF-SC,DEL07-SC,UOP01-DEL07-SC,2021
400698.0,2021-12-09,quinta-feira,16:50:00,SC,282,3.5,FLORIANOPOLIS,Trafegar com motocicleta (ou similar) entre as faixas,Colisão traseira,Com Vítimas Feridas,Pleno dia,Crescente,Nublado,Múltipla,Reta,Sim,2,0,0,1,1,0,1,2,-27.600384,-48.599705,SPRF-SC,DEL01-SC,UOP01-DEL01-SC,2021
400787.0,2021-12-09,quinta-feira,19:40:00,SC,282,372.8,ERVAL VELHO,Velocidade Incompatível,Colisão traseira,Com Vítimas Feridas,Anoitecer,Crescente,Céu Claro,Simples,Curva;Aclive,Não,2,0,1,0,1,0,1,2,-27.251827,-51.446991,SPRF-SC,DEL07-SC,UOP05-DEL07-SC,2021
400944.0,2021-12-10,sexta-feira,20:45:00,SC,282,612.9,MARAVILHA,Ultrapassagem Indevida,Colisão lateral sentido oposto,Com Vítimas Feridas,Plena Noite,Crescente,Céu Claro,Simples,Reta,Não,4,0,0,1,3,0,1,2,-26.75906,-53.248955,SPRF-SC,DEL07-SC,UOP02-DEL07-SC,2021
400952.0,2021-12-10,sexta-feira,21:40:00,SC,282,653.6,SAO MIGUEL DO OESTE,Velocidade Incompatível,Saída de leito carroçável,Sem Vítimas,Plena Noite,Decrescente,Céu Claro,Simples,Declive;Curva,Não,1,0,0,0,1,0,0,1,-26.708202,-53.514313,SPRF-SC,DEL07-SC,UOP03-DEL07-SC,2021
401071.0,2021-12-11,sábado,15:20:00,SC,282,459.8,PONTE SERRADA,Acessar a via sem observar a presença dos outros veículos,Colisão transversal,Com Vítimas Feridas,Pleno dia,Decrescente,Céu Claro,Simples,Reta,Não,4,0,2,0,2,0,2,2,-26.863695,-52.024818,SPRF-SC,DEL07-SC,UOP04-DEL07-SC,2021
401136.0,2021-12-11,sábado,19:45:00,SC,282,69.0,SAO MIGUEL DO OESTE,Demais falhas na via,Tombamento,Com Vítimas Feridas,Plena Noite,Crescente,Céu Claro,Dupla,Aclive;Reta,Sim,1,0,1,0,0,0,1,1,-26.73177458,-53.510499,SPRF-SC,DEL01-SC,UOP03-DEL01-SC,2021
401211.0,2021-12-12,domingo,03:25:00,SC,282,216.8,LAGES,Retorno proibido,Colisão transversal,Com Vítimas Fatais,Plena Noite,Decrescente,Garoa/Chuvisco,Simples,Interseção de Vias,Sim,7,1,0,0,1,5,0,5,-27.797529,-50.291862,SPRF-SC,DEL05-SC,UOP01-DEL05-SC,2021
401225.0,2021-12-12,domingo,03:00:00,SC,282,202.0,LAGES,Ausência de reação do condutor,Saída de leito carroçável,Sem Vítimas,Plena Noite,Decrescente,Garoa/Chuvisco,Simples,Interseção de Vias,Não,1,0,0,0,0,1,0,1,-27.763393,-50.152874,SPRF-SC,DEL05-SC,UOP01-DEL05-SC,2021
401259.0,2021-12-12,domingo,08:00:00,SC,282,332.8,CAMPOS NOVOS,Ingestão de álcool pelo condutor,Saída de leito carroçável,Com Vítimas Feridas,Pleno dia,Crescente,Chuva,Simples,Curva,Não,1,0,1,0,0,0,1,1,-27.392469,-51.135845,SPRF-SC,DEL07-SC,UOP06-DEL07-SC,2021
401307.0,2021-12-12,domingo,06:00:00,SC,282,237.9,LAGES,Ausência de reação do condutor,Saída de leito carroçável,Com Vítimas Feridas,Pleno dia,Crescente,Nublado,Simples,Aclive;Curva,Não,1,0,1,0,0,0,1,1,-27.78855497,-50.48539639,SPRF-SC,DEL05-SC,UOP02-DEL05-SC,2021
401317.0,2021-12-12,domingo,07:00:00,SC,282,273.7,SAO JOSE DO CERRITO,Ausência de reação do condutor,Saída de leito carroçável,Com Vítimas Feridas,Pleno dia,Crescente,Chuva,Simples,Curva,Não,4,0,4,0,0,0,4,1,-27.61403706,-50.71769714,SPRF-SC,DEL05-SC,UOP02-DEL05-SC,2021
401358.0,2021-12-12,domingo,14:15:00,SC,480,123.5,CHAPECO,Ingestão de álcool pelo condutor,Colisão com objeto,Sem Vítimas,Pleno dia,Crescente,Céu Claro,Simples,Curva;Viaduto,Não,3,0,0,0,3,0,0,1,-26.99739704,-52.64201951,SPRF-SC,DEL07-SC,UOP01-DEL07-SC,2021
401478.0,2021-12-13,segunda-feira,08:25:00,SC,282,217.0,LAGES,Reação tardia ou ineficiente do condutor,Saída de leito carroçável,Com Vítimas Feridas,Pleno dia,Crescente,Céu Claro,Simples,Ponte,Sim,1,0,1,0,0,0,1,1,-27.797916,-50.302944,SPRF-SC,DEL05-SC,UOP01-DEL05-SC,2021
401620.0,2021-12-14,terça-feira,06:00:00,SC,282,6.0,SAO JOSE,Ausência de reação do condutor,Colisão com objeto,Com Vítimas Feridas,Pleno dia,Decrescente,Nublado,Dupla,Curva,Sim,1,0,1,0,0,0,1,1,-27.58512332,-48.61783862,SPRF-SC,DEL01-SC,UOP01-DEL01-SC,2021
401685.0,2021-12-14,terça-feira,10:00:00,SC,282,382.9,HERVAL DOESTE,Velocidade Incompatível,Colisão com objeto,Com Vítimas Feridas,Pleno dia,Crescente,Chuva,Simples,Curva,Não,2,0,2,0,0,0,2,1,-27.19607,-51.503044,SPRF-SC,DEL07-SC,UOP05-DEL07-SC,2021
401743.0,2021-12-14,terça-feira,17:10:00,SC,282,23.3,SANTO AMARO DA IMPERATRIZ,Trafegar com motocicleta (ou similar) entre as faixas,Colisão transversal,Com Vítimas Feridas,Pleno dia,Decrescente,Nublado,Simples,Reta,Sim,2,0,1,0,1,0,1,2,-27.687958,-48.736794,SPRF-SC,DEL01-SC,UOP02-DEL01-SC,2021
401990.0,2021-12-16,quinta-feira,02:50:00,SC,282,212.0,LAGES,Ingestão de álcool pelo condutor,Colisão transversal,Sem Vítimas,Plena Noite,Crescente,Nublado,Simples,Interseção de Vias,Não,3,0,0,0,3,0,0,2,-27.78274037,-50.25277745,SPRF-SC,DEL05-SC,UOP01-DEL05-SC,2021
402063.0,2021-12-16,quinta-feira,12:50:00,SC,282,16.4,PALHOCA,Desrespeitar a preferência no cruzamento,Colisão frontal,Com Vítimas Feridas,Pleno dia,Crescente,Nublado,Simples,Interseção de Vias,Sim,2,0,1,0,1,0,1,2,-27.658611,-48.681847,SPRF-SC,DEL01-SC,UOP02-DEL01-SC,2021
402116.0,2021-12-16,quinta-feira,17:30:00,SC,282,5.0,SAO JOSE,Manobra de mudança de faixa,Colisão traseira,Com Vítimas Feridas,Pleno dia,Crescente,Céu Claro,Múltipla,Reta,Sim,2,0,1,0,1,0,1,2,-27.588425,-48.612919,SPRF-SC,DEL01-SC,UOP01-DEL01-SC,2021
402286.0,2021-12-17,sexta-feira,09:00:00,SC,282,267.4,SAO JOSE DO CERRITO,Mal súbito do condutor,Saída de leito carroçável,Com Vítimas Feridas,Pleno dia,Crescente,Céu Claro,Simples,Reta,Não,1,0,1,0,0,0,1,1,-27.62322016,-50.65690756,SPRF-SC,DEL05-SC,UOP02-DEL05-SC,2021
402319.0,2021-12-17,sexta-feira,17:30:00,SC,282,42.0,AGUAS MORNAS,Avarias e/ou desgaste excessivo no pneu,Tombamento,Com Vítimas Feridas,Pleno dia,Crescente,Céu Claro,Simples,Reta,Não,1,0,1,0,0,0,1,1,-27.72077,-48.887478,SPRF-SC,DEL01-SC,UOP03-DEL01-SC,2021
402352.0,2021-12-17,sexta-feira,15:50:00,SC,282,633.9,DESCANSO,Velocidade Incompatível,Saída de leito carroçável,Com Vítimas Feridas,Pleno dia,Crescente,Céu Claro,Simples,Aclive;Curva,Não,1,0,1,0,0,0,1,1,-26.824224,-53.412407,SPRF-SC,DEL07-SC,UOP03-DEL07-SC,2021
402627.0,2021-12-18,sábado,18:00:00,SC,480,124.7,CHAPECO,Acessar a via sem observar a presença dos outros veículos,Colisão lateral mesmo sentido,Com Vítimas Feridas,Pleno dia,Crescente,Sol,Múltipla,Reta,Não,3,0,1,0,2,0,1,3,-27.00359519,-52.64391044,SPRF-SC,DEL07-SC,UOP01-DEL07-SC,2021
402654.0,2021-12-18,sábado,14:30:00,SC,282,374.0,ERVAL VELHO,Velocidade Incompatível,Saída de leito carroçável,Com Vítimas Feridas,Pleno dia,Crescente,Céu Claro,Simples,Curva,Não,1,0,1,0,0,0,1,1,-27.236115,-51.452618,SPRF-SC,DEL07-SC,UOP05-DEL07-SC,2021