id,data_inversa,dia_semana,horario,uf,br,km,municipio,causa_acidente,tipo_acidente,classificacao_acidente,fase_dia,sentido_via,condicao_metereologica,tipo_pista,tracado_via,uso_solo,pessoas,mortos,feridos_leves,feridos_graves,ilesos,ignorados,feridos,veiculos,latitude,longitude,regional,delegacia,uop,ano_arquivo
414051.0,2022-02-10,quinta-feira,13:40:00,SC,282,497.0,XANXERE,Condutor Dormindo,Colisão lateral sentido oposto,Sem Vítimas,Pleno dia,Decrescente,Céu Claro,Simples,Reta,Não,2,0,0,0,2,0,0,2,-26.880062,-52.344685,SPRF-SC,DEL07-SC,UOP01-DEL07-SC,2022
414428.0,2022-02-12,sábado,06:20:00,SC,282,568.0,NOVA ERECHIM,Ingestão de álcool pelo condutor,Colisão lateral sentido oposto,Com Vítimas Feridas,Amanhecer,Decrescente,Céu Claro,Simples,Reta,Não,2,0,0,1,1,0,1,2,-26.899681,-52.915756,SPRF-SC,DEL07-SC,UOP02-DEL07-SC,2022
414924.0,2022-02-14,segunda-feira,06:55:00,SC,282,537.3,CHAPECO,Ultrapassagem Indevida,Colisão frontal,Com Vítimas Feridas,Amanhecer,Crescente,Céu Claro,Simples,Reta,Não,4,0,2,0,2,0,2,4,-26.999933,-52.663895,SPRF-SC,DEL07-SC,UOP01-DEL07-SC,2022
415386.0,2022-02-16,quarta-feira,14:20:00,SC,282,408.0,CATANDUVAS,Ultrapassagem Indevida,Colisão lateral sentido oposto,Com Vítimas Feridas,Pleno dia,Crescente,Nublado,Simples,Curva,Não,2,0,1,0,0,1,1,2,-27.074812,-51.663269,SPRF-SC,DEL07-SC,UOP05-DEL07-SC,2022
415855.0,2022-02-19,sábado,12:00:00,SC,282,424.9,VARGEM BONITA,Curva acentuada,Colisão lateral sentido oposto,Com Vítimas Feridas,Pleno dia,Decrescente,Céu Claro,Simples,Curva,Não,4,0,1,0,2,1,1,3,-26.988014,-51.753124,SPRF-SC,DEL07-SC,UOP05-DEL07-SC,2022
416022.0,2022-02-20,domingo,04:10:00,SC,282,587.0,PINHALZINHO,Ingestão de álcool pelo condutor,Colisão lateral sentido oposto,Sem Vítimas,Plena Noite,Decrescente,Céu Claro,Simples,Curva,Não,2,0,0,0,2,0,0,2,-26.830677,-53.04443,SPRF-SC,DEL07-SC,UOP02-DEL07-SC,2022
416270.0,2022-02-21,segunda-feira,06:30:00,SC,282,612.6,MARAVILHA,Sinalização mal posicionada,Colisão lateral mesmo sentido,Com Vítimas Feridas,Pleno dia,Crescente,Chuva,Simples,Reta,Não,3,0,1,1,1,0,2,2,-26.76932,-53.264568,SPRF-SC,DEL07-SC,UOP02-DEL07-SC,2022
416376.0,2022-02-21,segunda-feira,15:00:00,SC,282,438.0,IRANI,Manobra de mudança de faixa,Colisão lateral sentido oposto,Sem Vítimas,Pleno dia,Decrescente,Chuva,Simples,Reta,Não,3,0,0,0,2,1,0,3,-26.962492,-51.854947,SPRF-SC,DEL07-SC,UOP04-DEL07-SC,2022
416740.0,2022-02-23,quarta-feira,21:20:00,SC,282,372.7,HERVAL DOESTE,Ausência de reação do condutor,Colisão traseira,Com Vítimas Fatais,Plena Noite,Crescente,Céu Claro,Simples,Reta,Não,3,1,0,0,1,2,0,4,-27.251827,-51.446991,SPRF-SC,DEL07-SC,UOP05-DEL07-SC,2022
417080.0,2022-02-25,sexta-feira,09:15:00,SC,282,106.0,ALFREDO WAGNER,Acessar a via sem observar a presença dos outros veículos,Colisão lateral mesmo sentido,Sem Vítimas,Pleno dia,Crescente,Nublado,Simples,Curva,Não,2,0,0,0,2,0,0,2,-27.697609,-49.344734,SPRF-SC,DEL01-SC,UOP03-DEL01-SC,2022
417112.0,2022-02-25,sexta-feira,08:20:00,SC,282,533.8,CORDILHEIRA ALTA,Condutor deixou de manter distância do veículo da frente,Colisão traseira,Com Vítimas Feridas,Pleno dia,Crescente,Nublado,Simples,Reta,Sim,4,0,1,0,2,1,1,3,-26.996775,-52.632465,SPRF-SC,DEL07-SC,UOP01-DEL07-SC,2022
417138.0,2022-02-25,sexta-feira,09:00:00,SC,282,143.0,BOM RETIRO,Ausência de reação do condutor,Colisão traseira,Com Vítimas Feridas,Pleno dia,Crescente,Ignorado,Simples,Reta,Não,2,0,1,0,0,1,1,2,-27.811066,-49.615063,SPRF-SC,DEL05-SC,UOP01-DEL05-SC,2022
417478.0,2022-02-26,sábado,14:50:00,SC,282,262.0,SAO JOSE DO CERRITO,Reação tardia ou ineficiente do condutor,Tombamento,Com Vítimas Feridas,Pleno dia,Crescente,Céu Claro,Simples,Curva;Aclive,Não,1,0,1,0,0,0,1,1,-27.653334,-50.59449,SPRF-SC,DEL05-SC,UOP02-DEL05-SC,2022
418565.0,2022-03-04,sexta-feira,11:25:00,SC,282,390.3,JOACABA,Acessar a via sem observar a presença dos outros veículos,Colisão lateral mesmo sentido,Com Vítimas Feridas,Pleno dia,Decrescente,Sol,Simples,Reta,Sim,2,0,0,1,1,0,1,2,-27.175066,-51.550556,SPRF-SC,DEL07-SC,UOP05-DEL07-SC,2022
418871.0,2022-03-05,sábado,22:29:00,SC,282,485.0,FAXINAL DOS GUEDES,Ingestão de álcool e/ou substâncias psicoativas pelo pedestre,Atropelamento de Pedestre,Com Vítimas Feridas,Plena Noite,Crescente,Céu Claro,Simples,Reta,Não,2,0,1,0,1,0,1,2,-26.857132,-52.245258,SPRF-SC,DEL07-SC,UOP01-DEL07-SC,2022
419594.0,2022-03-09,quarta-feira,13:58:00,SC,480,128.9,CHAPECO,Manobra de mudança de faixa,Colisão lateral mesmo sentido,Com Vítimas Feridas,Pleno dia,Crescente,Céu Claro,Dupla,Reta,Sim,3,0,1,0,1,2,1,4,-27.046569,-52.635729,SPRF-SC,DEL07-SC,UOP01-DEL07-SC,2022
419699.0,2022-03-10,quinta-feira,12:33:00,SC,282,335.7,CAMPOS NOVOS,Desrespeitar a preferência no cruzamento,Colisão traseira,Sem Vítimas,Pleno dia,Decrescente,Nublado,Simples,Interseção de Vias,Sim,4,0,0,0,3,2,0,5,-27.39379305,-51.19174004,SPRF-SC,DEL07-SC,UOP06-DEL07-SC,2022
419932.0,2022-03-11,sexta-feira,14:15:00,SC,282,526.0,XAXIM,Transitar na contramão,Colisão frontal,Com Vítimas Feridas,Pleno dia,Crescente,Nublado,Simples,Curva,Não,3,0,1,0,2,0,1,3,-26.969427,-52.57497,SPRF-SC,DEL07-SC,UOP01-DEL07-SC,2022
419938.0,2022-03-11,sexta-feira,16:00:00,SC,282,3.0,FLORIANOPOLIS,Condutor deixou de manter distância do veículo da frente,Colisão traseira,Com Vítimas Feridas,Pleno dia,Crescente,Chuva,Dupla,Reta,Sim,2,0,1,0,1,0,1,2,-27.600384,-48.599705,SPRF-SC,DEL01-SC,UOP01-DEL01-SC,2022
419985.0,2022-03-11,sexta-feira,19:30:00,SC,282,394.2,JOACABA,Chuva,Colisão lateral sentido oposto,Com Vítimas Feridas,Plena Noite,Crescente,Garoa/Chuvisco,Simples,Curva,Não,4,0,1,1,1,1,2,3,-27.16017,-51.58284,SPRF-SC,DEL07-SC,UOP05-DEL07-SC,2022
420141.0,2022-03-12,sábado,09:40:00,SC,282,620.2,IRACEMINHA,Ausência de reação do condutor,Colisão lateral mesmo sentido,Com Vítimas Feridas,Pleno dia,Crescente,Nublado,Simples,Curva;Aclive,Não,5,0,0,1,3,1,1,5,-26.799355,-53.308002,SPRF-SC,DEL07-SC,UOP02-DEL07-SC,2022
420349.0,2022-03-13,domingo,14:25:00,SC,282,56.4,RANCHO QUEIMADO,Objeto estático sobre o leito carroçável,Colisão lateral mesmo sentido,Sem Vítimas,Pleno dia,Decrescente,Chuva,Simples,Curva,Não,2,0,0,0,2,0,0,2,-27.691633,-48.991375,SPRF-SC,DEL01-SC,UOP03-DEL01-SC,2022
420428.0,2022-03-13,domingo,16:00:00,SC,282,105.0,ALFREDO WAGNER,Ausência de reação do condutor,Saída de leito carroçável,Com Vítimas Feridas,Pleno dia,Crescente,Chuva,Simples,Aclive;Curva,Não,1,0,1,0,0,0,1,1,-27.694309,-49.34338,SPRF-SC,DEL01-SC,UOP03-DEL01-SC,2022
420569.0,2022-03-14,segunda-feira,08:15:00,SC,282,512.1,XANXERE,Condutor usando celular,Colisão transversal,Com Vítimas Fatais,Pleno dia,Crescente,Garoa/Chuvisco,Simples,Declive;Reta,Não,4,1,0,0,1,2,0,4,-26.9096716,-52.47053146,SPRF-SC,DEL07-SC,UOP01-DEL07-SC,2022
420817.0,2022-03-15,terça-feira,17:30:00,SC,282,510.8,XANXERE,Chuva,Colisão traseira,Com Vítimas Feridas,Anoitecer,Crescente,Chuva,Simples,Curva,Não,3,0,1,0,2,0,1,2,-26.897114,-52.463585,SPRF-SC,DEL07-SC,UOP01-DEL07-SC,2022
420840.0,2022-03-15,terça-feira,16:35:00,SC,282,644.2,SAO MIGUEL DO OESTE,Reação tardia ou ineficiente do condutor,Saída de leito carroçável,Com Vítimas Feridas,Pleno dia,Crescente,Céu Claro,Simples,Declive,Não,1,0,1,0,0,0,1,1,-26.7664184,-53.48291516,SPRF-SC,DEL07-SC,UOP03-DEL07-SC,2022
421192.0,2022-03-17,quinta-feira,23:45:00,SC,282,44.0,AGUAS MORNAS,Demais falhas mecânicas ou elétricas,Saída de leito carroçável,Com Vítimas Feridas,Plena Noite,Decrescente,Nublado,Simples,Curva;Declive,Não,2,0,1,1,0,0,2,1,-27.722137,-48.90694,SPRF-SC,DEL01-SC,UOP03-DEL01-SC,2022
421355.0,2022-03-11,sexta-feira,10:10:00,SC,282,5.0,SAO JOSE,Reação tardia ou ineficiente do condutor,Colisão traseira,Com Vítimas Feridas,Pleno dia,Crescente,Céu Claro,Múltipla,Reta,Sim,3,0,2,0,1,0,2,3,-27.588425,-48.612919,SPRF-SC,DEL01-SC,UOP01-DEL01-SC,2022
421361.0,2022-03-18,sexta-feira,09:40:00,SC,282,67.5,RANCHO QUEIMADO,Demais falhas mecânicas ou elétricas,Tombamento,Com Vítimas Feridas,Pleno dia,Crescente,Céu Claro,Simples,Curva,Não,3,0,2,1,0,0,3,1,-27.695963,-49.0695,SPRF-SC,DEL01-SC,UOP03-DEL01-SC,2022
421391.0,2022-03-18,sexta-feira,23:05:00,SC,282,174.0,BOCAINA DO SUL,Reação tardia ou ineficiente do condutor,Colisão lateral sentido oposto,Com Vítimas Feridas,Plena Noite,Crescente,Garoa/Chuvisco,Simples,Curva,Não,6,0,4,0,1,1,4,2,-27.742559,-49.882248,SPRF-SC,DEL05-SC,UOP01-DEL05-SC,2022
421994.0,2022-03-21,segunda-feira,16:30:00,SC,282,610.3,MARAVILHA,Transitar na contramão,Colisão frontal,Com Vítimas Feridas,Pleno dia,Crescente,Sol,Simples,Aclive;Curva,Não,2,0,0,1,1,0,1,2,-26.75499937,-53.2337594,SPRF-SC,DEL07-SC,UOP02-DEL07-SC,2022
422308.0,2022-03-23,quarta-feira,15:55:00,SC,282,507.0,XANXERE,Demais falhas mecânicas ou elétricas,Saída de leito carroçável,Sem Vítimas,Pleno dia,Crescente,Chuva,Simples,Aclive,Sim,2,0,0,0,1,1,0,2,-26.886171,-52.43911,SPRF-SC,DEL07-SC,UOP01-DEL07-SC,2022
422356.0,2022-03-23,quarta-feira,20:10:00,SC,282,459.4,PONTE SERRADA,Transitar na contramão,Colisão frontal,Com Vítimas Feridas,Plena Noite,Crescente,Chuva,Simples,Reta,Sim,3,0,1,1,1,0,2,2,-26.863695,-52.024818,SPRF-SC,DEL07-SC,UOP04-DEL07-SC,2022
422402.0,2022-03-24,quinta-feira,05:40:00,SC,282,552.0,NOVA ITABERABA,Ausência de sinalização,Colisão traseira,Com Vítimas Feridas,Plena Noite,Decrescente,Chuva,Simples,Reta,Não,3,0,1,1,1,0,2,2,-26.943676,-52.783813,SPRF-SC,DEL07-SC,UOP01-DEL07-SC,2022
422463.0,2022-03-24,quinta-feira,07:35:00,SC,282,553.0,NOVA ITABERABA,Condutor deixou de manter distância do veículo da frente,Colisão transversal,Com Vítimas Feridas,Pleno dia,Decrescente,Chuva,Simples,Curva,Não,3,0,1,0,1,1,1,3,-26.93815,-52.791916,SPRF-SC,DEL07-SC,UOP01-DEL07-SC,2022
422709.0,2022-03-25,sexta-feira,19:30:00,SC,282,571.8,PINHALZINHO,Iluminação deficiente,Colisão transversal,Com Vítimas Feridas,Plena Noite,Decrescente,Céu Claro,Simples,Reta,Não,3,0,2,0,1,0,2,2,-26.883053,-52.939816,SPRF-SC,DEL07-SC,UOP02-DEL07-SC,2022
423360.0,2022-03-27,domingo,08:00:00,SC,282,537.0,CHAPECO,Carga excessiva e/ou mal acondicionada,Derramamento de carga,Sem Vítimas,Amanhecer,Decrescente,Céu Claro,Simples,Reta,Não,2,0,0,0,1,2,0,3,-26.99623718,-52.6763553,SPRF-SC,DEL07-SC,UOP01-DEL07-SC,2022
423374.0,2022-03-29,terça-feira,09:04:00,SC,282,516.6,XAXIM,Velocidade Incompatível,Colisão traseira,Com Vítimas Feridas,Pleno dia,Crescente,Céu Claro,Simples,Reta,Não,7,0,3,0,3,1,3,5,-26.930862,-52.499157,SPRF-SC,DEL07-SC,UOP01-DEL07-SC,2022
423407.0,2022-03-29,terça-feira,13:20:00,SC,480,126.8,CHAPECO,Desrespeitar a preferência no cruzamento,Colisão transversal,Com Vítimas Feridas,Pleno dia,Decrescente,Sol,Simples,Interseção de Vias,Sim,2,0,0,1,1,0,1,2,-27.020083,-52.636024,SPRF-SC,DEL07-SC,UOP01-DEL07-SC,2022
423488.0,2022-03-29,terça-feira,10:10:00,SC,282,137.2,BOM RETIRO,Velocidade Incompatível,Saída de leito carroçável,Sem Vítimas,Pleno dia,Decrescente,Céu Claro,Simples,Rotatória,Não,2,0,0,0,1,1,0,2,-27.823,-49.5705,SPRF-SC,DEL05-SC,UOP01-DEL05-SC,2022
423493.0,2022-03-30,quarta-feira,01:55:00,SC,282,80.5,RANCHO QUEIMADO,Demais falhas mecânicas ou elétricas,Incêndio,Sem Vítimas,Plena Noite,Crescente,Nevoeiro/Neblina,Simples,Curva,Não,1,0,0,0,1,0,0,1,-27.661347,-49.164067,SPRF-SC,DEL01-SC,UOP03-DEL01-SC,2022
423770.0,2022-03-31,quinta-feira,14:55:00,SC,282,377.5,HERVAL DOESTE,Condutor deixou de manter distância do veículo da frente,Colisão traseira,Com Vítimas Feridas,Pleno dia,Decrescente,Nublado,Simples,Reta,Não,3,0,1,0,1,1,1,3,-27.217245,-51.46933,SPRF-SC,DEL07-SC,UOP05-DEL07-SC,2022
424005.0,2022-04-01,sexta-feira,20:50:00,SC,282,257.0,SAO JOSE DO CERRITO,Velocidade Incompatível,Tombamento,Com Vítimas Feridas,Plena Noite,Decrescente,Chuva,Simples,Curva,Não,1,0,1,0,0,0,1,1,-27.65554323,-50.59642576,SPRF-SC,DEL05-SC,UOP02-DEL05-SC,2022
424063.0,2022-04-02,sábado,04:15:00,SC,282,403.0,JOACABA,Condutor Dormindo,Colisão lateral sentido oposto,Com Vítimas Feridas,Plena Noite,Decrescente,Céu Claro,Simples,Curva,Não,6,0,2,1,2,1,3,3,-27.108929,-51.635838,SPRF-SC,DEL07-SC,UOP05-DEL07-SC,2022
424108.0,2022-04-02,sábado,10:40:00,SC,282,596.0,CUNHA PORA,Acessar a via sem observar a presença dos outros veículos,Colisão traseira,Com Vítimas Feridas,Pleno dia,Decrescente,Sol,Dupla,Curva,Não,5,0,2,0,2,2,2,4,-26.829437,-53.127995,SPRF-SC,DEL07-SC,UOP02-DEL07-SC,2022
424487.0,2022-04-03,domingo,16:10:00,SC,282,510.8,XANXERE,Condutor deixou de manter distância do veículo da frente,Colisão traseira,Sem Vítimas,Pleno dia,Decrescente,Céu Claro,Simples,Reta,Não,3,0,0,0,2,1,0,3,-26.897114,-52.463585,SPRF-SC,DEL07-SC,UOP01-DEL07-SC,2022
424885.0,2022-04-06,quarta-feira,10:30:00,SC,282,35.3,AGUAS MORNAS,Demais falhas mecânicas ou elétricas,Colisão lateral sentido oposto,Com Vítimas Feridas,Pleno dia,Crescente,Nublado,Simples,Curva,Não,4,0,1,0,2,1,1,3,-27.702084,-48.826664,SPRF-SC,DEL01-SC,UOP03-DEL01-SC,2022
426176.0,2022-04-07,quinta-feira,15:00:00,SC,282,536.8,CHAPECO,Condutor deixou de manter distância do veículo da frente,Colisão traseira,Com Vítimas Feridas,Pleno dia,Crescente,Chuva,Simples,Declive,Não,3,0,1,0,2,0,1,2,-27.000677,-52.653439,SPRF-SC,DEL07-SC,UOP01-DEL07-SC,2022
442667.0,2022-04-10,domingo,19:00:00,SC,282,587.0,PINHALZINHO,Ingestão de álcool pelo condutor,Colisão com objeto,Sem Vítimas,Plena Noite,Crescente,Nublado,Simples,Curva,Não,1,0,0,0,1,0,0,1,-26.830677,-53.04443,SPRF-SC,DEL07-SC,UOP02-DEL07-SC,2022
442883.0,2022-04-10,domingo,00:31:00,SC,282,126.7,BOM RETIRO,Transitar na contramão,Colisão lateral sentido oposto,Com Vítimas Fatais,Plena Noite,Decrescente,Nevoeiro/Neblina,Simples,Reta,Não,6,1,4,0,1,0,4,3,-27.79994,-49.47589,SPRF-SC,DEL05-SC,UOP01-DEL05-SC,2022
443040.0,2022-04-11,segunda-feira,21:15:00,SC,282,341.5,CAMPOS NOVOS,Ingestão de álcool pelo condutor,Colisão frontal,Com Vítimas Feridas,Plena Noite,Crescente,Nublado,Simples,Aclive;Reta,Sim,3,0,1,0,1,1,1,3,-27.389957,-51.213387,SPRF-SC,DEL07-SC,UOP06-DEL07-SC,2022
443049.0,2022-04-11,segunda-feira,23:20:00,SC,282,22.0,SANTO AMARO DA IMPERATRIZ,Ausência de reação do condutor,Colisão lateral sentido oposto,Com Vítimas Feridas,Plena Noite,Decrescente,Nublado,Simples,Reta,Sim,2,0,1,0,0,1,1,2,-27.688507,-48.72739,SPRF-SC,DEL01-SC,UOP02-DEL01-SC,2022
443050.0,2022-04-12,terça-feira,00:10:00,SC,282,524.9,XAXIM,Ingestão de álcool pelo condutor,Colisão lateral sentido oposto,Com Vítimas Feridas,Plena Noite,Crescente,Chuva,Simples,Reta,Não,5,0,3,0,1,1,3,3,-26.965002,-52.557384,SPRF-SC,DEL07-SC,UOP01-DEL07-SC,2022
443420.0,2022-04-09,sábado,10:10:00,SC,282,531.9,CORDILHEIRA ALTA,Velocidade Incompatível,Colisão frontal,Com Vítimas Feridas,Pleno dia,Crescente,Nublado,Simples,Curva,Não,2,0,0,1,1,0,1,2,-26.990747,-52.609776,SPRF-SC,DEL07-SC,UOP01-DEL07-SC,2022
443422.0,2022-04-09,sábado,06:30:00,SC,282,528.0,CORDILHEIRA ALTA,Velocidade Incompatível,Tombamento,Sem Vítimas,Pleno dia,Decrescente,Nublado,Simples,Curva,Não,2,0,0,0,1,1,0,2,-26.978798,-52.588566,SPRF-SC,DEL07-SC,UOP01-DEL07-SC,2022
443562.0,2022-04-13,quarta-feira,18:40:00,SC,282,461.5,PONTE SERRADA,Acessar a via sem observar a presença dos outros veículos,Colisão transversal,Com Vítimas Feridas,Plena Noite,Crescente,Céu Claro,Simples,Reta,Sim,4,0,3,0,1,0,3,2,-26.86650603,-52.02288151,SPRF-SC,DEL07-SC,UOP04-DEL07-SC,2022
443758.0,2022-04-14,quinta-feira,15:15:00,SC,282,349.0,CAMPOS NOVOS,Mal súbito do condutor,Colisão frontal,Com Vítimas Feridas,Pleno dia,Decrescente,Céu Claro,Simples,Reta,Não,4,0,0,1,1,2,1,4,-27.358049,-51.282482,SPRF-SC,DEL07-SC,UOP06-DEL07-SC,2022
443810.0,2022-04-14,quinta-feira,16:40:00,SC,282,492.0,FAXINAL DOS GUEDES,Reação tardia ou ineficiente do condutor,Tombamento,Com Vítimas Feridas,Pleno dia,Decrescente,Céu Claro,Simples,Curva,Não,2,0,1,0,0,1,1,2,-26.871534,-52.300915,SPRF-SC,DEL07-SC,UOP01-DEL07-SC,2022
444769.0,2022-04-19,terça-feira,11:00:00,SC,282,69.5,RANCHO QUEIMADO,Demais falhas mecânicas ou elétricas,Tombamento,Sem Vítimas,Pleno dia,Decrescente,Sol,Simples,Curva;Declive,Não,2,0,0,0,1,1,0,2,-27.692705,-49.091351,SPRF-SC,DEL01-SC,UOP03-DEL01-SC,2022
444861.0,2022-04-19,terça-feira,23:45:00,SC,282,169.0,BOCAINA DO SUL,Ingestão de álcool pelo condutor,Colisão lateral sentido oposto,Com Vítimas Feridas,Plena Noite,Decrescente,Nevoeiro/Neblina,Simples,Curva,Não,6,0,2,0,3,1,2,3,-27.740545,-49.833633,SPRF-SC,DEL05-SC,UOP01-DEL05-SC,2022
445001.0,2022-04-20,quarta-feira,17:15:00,SC,282,52.0,AGUAS MORNAS,Demais falhas mecânicas ou elétricas,Incêndio,Sem Vítimas,Pleno dia,Decrescente,Nublado,Simples,Declive,Não,1,0,0,0,1,0,0,1,-27.696936,-48.964138,SPRF-SC,DEL01-SC,UOP03-DEL01-SC,2022
445176.0,2022-04-21,quinta-feira,09:00:00,SC,282,588.0,SAUDADES,Chuva,Saída de leito carroçável,Sem Vítimas,Pleno dia,Decrescente,Chuva,Dupla,Reta,Não,1,0,0,0,0,1,0,1,-26.826273,-53.052547,SPRF-SC,DEL07-SC,UOP02-DEL07-SC,2022
445366.0,2022-04-22,sexta-feira,14:00:00,SC,282,618.7,IRACEMINHA,Ausência de reação do condutor,Colisão frontal,Com Vítimas Feridas,Pleno dia,Decrescente,Chuva,Simples,Curva,Não,3,0,0,1,1,2,1,4,-26.788088,-53.293259,SPRF-SC,DEL07-SC,UOP02-DEL07-SC,2022
446303.0,2022-04-27,quarta-feira,06:45:00,SC,282,304.8,VARGEM,Velocidade Incompatível,Colisão frontal,Com Vítimas Feridas,Amanhecer,Decrescente,Nevoeiro/Neblina,Simples,Curva,Não,2,0,1,0,1,0,1,2,-27.496103,-50.940418,SPRF-SC,DEL07-SC,UOP06-DEL07-SC,2022
446485.0,2022-04-28,quinta-feira,08:20:00,SC,282,494.9,XANXERE,Manobra de mudança de faixa,Colisão lateral mesmo sentido,Com Vítimas Feridas,Pleno dia,Crescente,Céu Claro,Simples,Declive,Não,3,0,1,0,1,1,1,3,-26.875349,-52.327076,SPRF-SC,DEL07-SC,UOP01-DEL07-SC,2022
446637.0,2022-02-28,segunda-feira,12:35:00,SC,282,451.9,PONTE SERRADA,Velocidade Incompatível,Colisão lateral sentido oposto,Com Vítimas Feridas,Pleno dia,Decrescente,Nublado,Simples,Curva,Não,3,0,1,0,1,2,1,4,-26.912806,-51.962536,SPRF-SC,DEL07-SC,UOP04-DEL07-SC,2022
446665.0,2022-04-29,sexta-feira,10:50:00,SC,282,425.0,VARGEM BONITA,Demais falhas mecânicas ou elétricas,Incêndio,Sem Vítimas,Pleno dia,Crescente,Nublado,Simples,Reta,Não,2,0,0,0,1,1,0,2,-26.980412,-51.756256,SPRF-SC,DEL07-SC,UOP05-DEL07-SC,2022
446773.0,2022-04-29,sexta-feira,19:45:00,SC,282,228.4,LAGES,Ultrapassagem Indevida,Colisão frontal,Com Vítimas Feridas,Plena Noite,Crescente,Nublado,Simples,Curva,Não,4,0,1,1,2,0,2,3,-27.79024089,-50.411468,SPRF-SC,DEL05-SC,UOP02-DEL05-SC,2022
447338.0,2022-05-02,segunda-feira,11:15:00,SC,282,216.8,LAGES,Acessar a via sem observar a presença dos outros veículos,Colisão lateral mesmo sentido,Com Vítimas Feridas,Pleno dia,Decrescente,Chuva,Simples,Aclive;Reta,Sim,3,0,1,1,1,0,2,2,-27.797529,-50.291862,SPRF-SC,DEL05-SC,UOP01-DEL05-SC,2022
447717.0,2022-04-21,quinta-feira,22:40:00,SC,282,411.8,CATANDUVAS,Chuva,Saída de leito carroçável,Com Vítimas Feridas,Plena Noite,Crescente,Chuva,Simples,Aclive,Não,2,0,1,0,0,1,1,2,-27.059853,-51.678147,SPRF-SC,DEL07-SC,UOP05-DEL07-SC,2022
447792.0,2022-05-04,quarta-feira,18:40:00,SC,282,421.5,VARGEM BONITA,Velocidade Incompatível,Tombamento,Com Vítimas Feridas,Plena Noite,Decrescente,Ignorado,Simples,Curva,Sim,2,0,1,0,0,1,1,2,-27.006414,-51.737789,SPRF-SC,DEL07-SC,UOP05-DEL07-SC,2022
448047.0,2022-02-08,terça-feira,10:30:00,SC,282,485.6,FAXINAL DOS GUEDES,Condutor Dormindo,Colisão frontal,Com Vítimas Fatais,Pleno dia,Decrescente,Céu Claro,Simples,Curva,Não,3,1,1,0,0,1,1,3,-26.8613372,-52.2382918,SPRF-SC,DEL07-SC,UOP01-DEL07-SC,2022
448439.0,2022-05-08,domingo,03:00:00,SC,282,529.9,CORDILHEIRA ALTA,Ingestão de álcool pelo condutor,Saída de leito carroçável,Com Vítimas Feridas,Plena Noite,Crescente,Céu Claro,Simples,Curva,Não,2,0,1,0,0,1,1,2,-26.982185,-52.59734,SPRF-SC,DEL07-SC,UOP01-DEL07-SC,2022
448570.0,2022-05-08,domingo,16:25:00,SC,282,390.2,JOACABA,Demais falhas mecânicas ou elétricas,Colisão lateral mesmo sentido,Sem Vítimas,Pleno dia,Decrescente,Céu Claro,Simples,Curva,Não,3,0,0,0,2,1,0,3,-27.175066,-51.550556,SPRF-SC,DEL07-SC,UOP05-DEL07-SC,2022
448673.0,2022-05-09,segunda-feira,05:50:00,SC,282,513.6,XAXIM,Acessar a via sem observar a presença dos outros veículos,Colisão transversal,Sem Vítimas,Amanhecer,Decrescente,Céu Claro,Simples,Declive;Reta,Não,4,0,0,0,2,2,0,4,-26.915269,-52.48425,SPRF-SC,DEL07-SC,UOP01-DEL07-SC,2022
448804.0,2022-05-09,segunda-feira,17:50:00,SC,282,382.7,HERVAL DOESTE,Problema com o freio,Tombamento,Com Vítimas Feridas,Anoitecer,Crescente,Céu Claro,Simples,Curva,Não,1,0,1,0,0,0,1,1,-27.19607,-51.503044,SPRF-SC,DEL07-SC,UOP05-DEL07-SC,2022
448890.0,2022-05-10,terça-feira,08:15:00,SC,282,223.6,LAGES,Condutor deixou de manter distância do veículo da frente,Colisão traseira,Sem Vítimas,Pleno dia,Crescente,Céu Claro,Simples,Rotatória;Reta,Sim,3,0,0,0,2,1,0,3,-27.800127,-50.362751,SPRF-SC,DEL05-SC,UOP02-DEL05-SC,2022
449072.0,2022-05-11,quarta-feira,07:58:00,SC,282,17.6,PALHOCA,Condutor deixou de manter distância do veículo da frente,Colisão traseira,Com Vítimas Feridas,Pleno dia,Decrescente,Chuva,Simples,Reta,Sim,2,0,1,0,1,0,1,2,-27.665707,-48.688065,SPRF-SC,DEL01-SC,UOP02-DEL01-SC,2022
449173.0,2022-02-17,quinta-feira,11:45:00,SC,282,494.9,XANXERE,Condutor usando celular,Saída de leito carroçável,Com Vítimas Feridas,Pleno dia,Crescente,Céu Claro,Simples,Declive,Não,1,0,1,0,0,0,1,1,-26.8861,-52.42499,SPRF-SC,DEL07-SC,UOP01-DEL07-SC,2022
449324.0,2022-05-11,quarta-feira,19:00:00,SC,282,67.7,RANCHO QUEIMADO,Velocidade Incompatível,Tombamento,Com Vítimas Fatais,Plena Noite,Crescente,Céu Claro,Simples,Curva;Declive,Não,4,1,0,0,0,3,0,3,-27.6912307,-49.0732832,SPRF-SC,DEL01-SC,UOP03-DEL01-SC,2022
449458.0,2022-05-12,quinta-feira,15:50:00,SC,282,195.5,LAGES,Acessar a via sem observar a presença dos outros veículos,Colisão lateral mesmo sentido,Com Vítimas Feridas,Pleno dia,Crescente,Céu Claro,Simples,Declive,Não,3,0,1,0,2,0,1,2,-27.746756,-50.084789,SPRF-SC,DEL05-SC,UOP01-DEL05-SC,2022