id,data_inversa,dia_semana,horario,uf,br,km,municipio,causa_acidente,tipo_acidente,classificacao_acidente,fase_dia,sentido_via,condicao_metereologica,tipo_pista,tracado_via,uso_solo,pessoas,mortos,feridos_leves,feridos_graves,ilesos,ignorados,feridos,veiculos,latitude,longitude,regional,delegacia,uop,ano_arquivo
408437.0,2022-01-13,quinta-feira,17:55:00,SC,282,131.0,CHAPECO,Condutor deixou de manter distância do veículo da frente,Colisão traseira,Com Vítimas Feridas,Pleno dia,Crescente,Nublado,Dupla,Declive,Sim,3,0,2,0,1,0,2,3,-27.0335946,-52.6341383,SPRF-SC,DEL05-SC,UOP01-DEL05-SC,2022
408561.0,2022-01-09,domingo,23:45:00,SC,282,385.8,JOACABA,Ingestão de álcool e/ou substâncias psicoativas pelo pedestre,Saída de leito carroçável,Sem Vítimas,Plena Noite,Crescente,Céu Claro,Simples,Reta,Não,2,0,0,0,0,2,0,1,-27.194431,-51.515869,SPRF-SC,DEL07-SC,UOP05-DEL07-SC,2022
408691.0,2022-01-15,sábado,00:15:00,SC,282,1.0,FLORIANOPOLIS,Ingestão de álcool pelo condutor,Capotamento,Sem Vítimas,Plena Noite,Crescente,Céu Claro,Múltipla,Aclive,Sim,1,0,0,0,1,0,0,1,-27.602955,-48.580509,SPRF-SC,DEL01-SC,UOP01-DEL01-SC,2022
408836.0,2022-01-15,sábado,17:00:00,SC,282,28.9,ARAQUARI,Acessar a via sem observar a presença dos outros veículos,Colisão transversal,Com Vítimas Feridas,Pleno dia,Crescente,Céu Claro,Simples,Reta,Não,4,0,2,0,1,1,2,3,-26.409572,-48.751582,SPRF-SC,DEL01-SC,UOP03-DEL01-SC,2022
408855.0,2022-01-15,sábado,17:20:00,SC,282,308.0,VARGEM,Velocidade Incompatível,Saída de leito carroçável,Com Vítimas Feridas,Pleno dia,Crescente,Garoa/Chuvisco,Simples,Curva,Não,6,0,6,0,0,0,6,1,-27.49292,-50.971973,SPRF-SC,DEL07-SC,UOP06-DEL07-SC,2022
408858.0,2022-01-15,sábado,15:30:00,SC,282,305.5,VARGEM,Velocidade Incompatível,Saída de leito carroçável,Com Vítimas Feridas,Pleno dia,Crescente,Chuva,Simples,Curva,Não,3,0,1,0,2,0,1,1,-27.50141977,-50.95132828,SPRF-SC,DEL07-SC,UOP06-DEL07-SC,2022
408865.0,2022-01-15,sábado,19:40:00,SC,282,90.2,ALFREDO WAGNER,Pista Escorregadia,Colisão frontal,Com Vítimas Feridas,Plena Noite,Crescente,Nublado,Simples,Curva,Não,5,0,3,1,1,0,4,2,-27.683796,-49.222366,SPRF-SC,DEL01-SC,UOP03-DEL01-SC,2022
408871.0,2022-01-15,sábado,20:00:00,SC,282,43.0,AGUAS MORNAS,Reação tardia ou ineficiente do condutor,Saída de leito carroçável,Com Vítimas Feridas,Plena Noite,Crescente,Chuva,Simples,Curva,Sim,1,0,0,1,0,0,1,1,-27.719458,-48.897526,SPRF-SC,DEL01-SC,UOP03-DEL01-SC,2022
408905.0,2022-01-15,sábado,14:50:00,SC,282,108.0,ALFREDO WAGNER,Chuva,Saída de leito carroçável,Com Vítimas Feridas,Pleno dia,Crescente,Nublado,Simples,Curva,Não,5,0,5,0,0,0,5,1,-27.710777,-49.356228,SPRF-SC,DEL01-SC,UOP03-DEL01-SC,2022
409018.0,2022-01-16,domingo,13:30:00,SC,282,51.7,AGUAS MORNAS,Pista Escorregadia,Colisão lateral sentido oposto,Com Vítimas Feridas,Pleno dia,Crescente,Chuva,Simples,Curva,Não,2,0,1,0,1,0,1,2,-27.703712,-48.959267,SPRF-SC,DEL01-SC,UOP03-DEL01-SC,2022
409074.0,2022-01-16,domingo,14:40:00,SC,282,484.4,FAXINAL DOS GUEDES,Ausência de reação do condutor,Tombamento,Com Vítimas Feridas,Pleno dia,Decrescente,Céu Claro,Simples,Reta,Sim,3,0,2,0,0,1,2,2,-26.861582,-52.237385,SPRF-SC,DEL07-SC,UOP01-DEL07-SC,2022
409229.0,2022-01-16,domingo,21:35:00,SC,282,16.3,PALHOCA,Acessar a via sem observar a presença dos outros veículos,Colisão transversal,Com Vítimas Feridas,Plena Noite,Crescente,Céu Claro,Simples,Reta,Não,2,0,1,0,1,0,1,2,-27.66172186,-48.6846149,SPRF-SC,DEL01-SC,UOP02-DEL01-SC,2022
409643.0,2022-01-18,terça-feira,11:20:00,SC,282,35.0,AGUAS MORNAS,Animais na Pista,Colisão frontal,Com Vítimas Feridas,Pleno dia,Crescente,Céu Claro,Dupla,Curva,Não,4,0,2,2,0,0,4,2,-27.702084,-48.826664,SPRF-SC,DEL01-SC,UOP03-DEL01-SC,2022
410260.0,2022-01-21,sexta-feira,10:55:00,SC,282,355.0,CAMPOS NOVOS,Demais falhas mecânicas ou elétricas,Tombamento,Com Vítimas Feridas,Amanhecer,Decrescente,Céu Claro,Simples,Reta,Não,2,0,2,0,0,0,2,1,-27.350309,-51.335823,SPRF-SC,DEL07-SC,UOP06-DEL07-SC,2022
410379.0,2022-01-01,sábado,23:50:00,SC,282,341.8,CAMPOS NOVOS,Condutor Dormindo,Colisão frontal,Com Vítimas Feridas,Plena Noite,Decrescente,Céu Claro,Simples,Reta,Sim,5,0,1,1,3,0,2,2,-27.389957,-51.213387,SPRF-SC,DEL07-SC,UOP06-DEL07-SC,2022
410474.0,2022-01-22,sábado,18:00:00,SC,282,530.0,CORDILHEIRA ALTA,Frear bruscamente,Queda de ocupante de veículo,Com Vítimas Feridas,Pleno dia,Decrescente,Céu Claro,Simples,Curva,Não,2,0,2,0,0,0,2,1,-26.986555,-52.60524,SPRF-SC,DEL07-SC,UOP01-DEL07-SC,2022
410604.0,2022-01-23,domingo,07:00:00,SC,282,223.0,LAGES,Ingestão de álcool e/ou substâncias psicoativas pelo pedestre,Saída de leito carroçável,Sem Vítimas,Pleno dia,Decrescente,Céu Claro,Simples,Reta,Não,1,0,0,0,1,0,0,1,-27.800127,-50.362751,SPRF-SC,DEL05-SC,UOP01-DEL05-SC,2022
410724.0,2022-01-23,domingo,20:20:00,SC,282,37.2,AGUAS MORNAS,Ingestão de álcool pelo condutor,Colisão lateral sentido oposto,Com Vítimas Feridas,Plena Noite,Crescente,Céu Claro,Simples,Curva,Não,5,0,1,1,3,0,2,3,-27.707325,-48.842983,SPRF-SC,DEL01-SC,UOP03-DEL01-SC,2022
410725.0,2022-01-23,domingo,18:30:00,SC,282,509.6,XANXERE,Afundamento ou ondulação no pavimento,Tombamento,Com Vítimas Feridas,Anoitecer,Crescente,Céu Claro,Simples,Reta,Não,1,0,1,0,0,0,1,1,-26.890533,-52.457096,SPRF-SC,DEL07-SC,UOP01-DEL07-SC,2022
410930.0,2022-01-24,segunda-feira,13:30:00,SC,282,588.1,SAUDADES,Velocidade Incompatível,Saída de leito carroçável,Com Vítimas Fatais,Pleno dia,Decrescente,Chuva,Simples,Reta;Declive,Não,1,1,0,0,0,0,0,1,-26.826351,-53.055081,SPRF-SC,DEL07-SC,UOP02-DEL07-SC,2022
411123.0,2022-01-25,terça-feira,18:30:00,SC,282,481.0,VARGEAO,Ultrapassagem Indevida,Saída de leito carroçável,Com Vítimas Feridas,Anoitecer,Decrescente,Céu Claro,Simples,Reta,Não,2,0,1,0,0,1,1,2,-26.87218,-52.19586,SPRF-SC,DEL07-SC,UOP01-DEL07-SC,2022
411174.0,2022-01-26,quarta-feira,10:15:00,SC,282,16.0,PALHOCA,Conversão proibida,Colisão lateral mesmo sentido,Com Vítimas Feridas,Pleno dia,Decrescente,Sol,Simples,Reta,Sim,3,0,2,0,1,0,2,2,-27.658611,-48.681847,SPRF-SC,DEL01-SC,UOP02-DEL01-SC,2022
411552.0,2022-01-28,sexta-feira,10:10:00,SC,282,5.3,SAO JOSE,Condutor deixou de manter distância do veículo da frente,Colisão traseira,Com Vítimas Feridas,Pleno dia,Crescente,Chuva,Múltipla,Reta,Sim,3,0,1,0,2,0,1,3,-27.588425,-48.612919,SPRF-SC,DEL01-SC,UOP01-DEL01-SC,2022
411575.0,2022-01-28,sexta-feira,11:20:00,SC,282,81.0,ALFREDO WAGNER,Velocidade Incompatível,Capotamento,Com Vítimas Feridas,Pleno dia,Crescente,Chuva,Simples,Curva,Não,2,0,2,0,0,0,2,1,-27.662018,-49.168583,SPRF-SC,DEL01-SC,UOP03-DEL01-SC,2022
411600.0,2022-01-28,sexta-feira,11:06:00,SC,282,262.0,SAO JOSE DO CERRITO,Chuva,Capotamento,Com Vítimas Feridas,Pleno dia,Crescente,Chuva,Simples,Reta,Não,3,0,1,0,2,0,1,1,-27.631268,-50.605614,SPRF-SC,DEL05-SC,UOP02-DEL05-SC,2022
411654.0,2022-01-28,sexta-feira,18:35:00,SC,282,3.6,FLORIANOPOLIS,Manobra de mudança de faixa,Colisão lateral mesmo sentido,Com Vítimas Feridas,Plena Noite,Crescente,Chuva,Dupla,Reta,Sim,2,0,1,0,1,0,1,2,-27.600384,-48.599705,SPRF-SC,DEL01-SC,UOP01-DEL01-SC,2022
411658.0,2022-01-28,sexta-feira,16:50:00,SC,480,129.5,CHAPECO,Desrespeitar a preferência no cruzamento,Colisão transversal,Com Vítimas Feridas,Pleno dia,Decrescente,Chuva,Simples,Interseção de Vias,Sim,2,0,1,0,1,0,1,2,-27.050596,-52.635414,SPRF-SC,DEL07-SC,UOP01-DEL07-SC,2022
411682.0,2022-01-28,sexta-feira,13:20:00,SC,282,96.0,ALFREDO WAGNER,Velocidade Incompatível,Colisão lateral sentido oposto,Sem Vítimas,Pleno dia,Crescente,Céu Claro,Simples,Curva,Não,2,0,0,0,2,0,0,2,-27.712412,-49.263622,SPRF-SC,DEL01-SC,UOP03-DEL01-SC,2022
411687.0,2022-01-28,sexta-feira,18:00:00,SC,282,458.0,PONTE SERRADA,Ingestão de álcool pelo condutor,Saída de leito carroçável,Com Vítimas Feridas,Anoitecer,Decrescente,Céu Claro,Simples,Curva,Não,1,0,1,0,0,0,1,1,-26.89451625,-51.97940826,SPRF-SC,DEL07-SC,UOP04-DEL07-SC,2022
411688.0,2022-01-28,sexta-feira,18:20:00,SC,282,54.0,RANCHO QUEIMADO,Acumulo de óleo sobre o pavimento,Colisão frontal,Com Vítimas Feridas,Anoitecer,Crescente,Chuva,Simples,Curva,Não,5,0,2,0,3,0,2,3,-27.685799,-48.974514,SPRF-SC,DEL01-SC,UOP03-DEL01-SC,2022
411696.0,2022-01-28,sexta-feira,22:30:00,SC,282,340.0,CAMPOS NOVOS,Condutor deixou de manter distância do veículo da frente,Colisão traseira,Sem Vítimas,Plena Noite,Decrescente,Nublado,Simples,Reta,Não,2,0,0,0,2,0,0,2,-27.388266,-51.203793,SPRF-SC,DEL07-SC,UOP06-DEL07-SC,2022
411728.0,2022-01-29,sábado,04:10:00,SC,282,3.1,FLORIANOPOLIS,Velocidade Incompatível,Colisão com objeto,Com Vítimas Feridas,Plena Noite,Crescente,Nublado,Dupla,Curva,Sim,1,0,1,0,0,0,1,1,-27.600384,-48.599705,SPRF-SC,DEL01-SC,UOP01-DEL01-SC,2022
411801.0,2022-01-29,sábado,10:25:00,SC,282,152.7,BOM RETIRO,Manobra de mudança de faixa,Colisão lateral mesmo sentido,Com Vítimas Feridas,Pleno dia,Decrescente,Céu Claro,Simples,Declive;Reta,Não,5,0,1,0,4,0,1,2,-27.757978,-49.677979,SPRF-SC,DEL05-SC,UOP01-DEL05-SC,2022
411850.0,2022-01-29,sábado,05:30:00,SC,282,594.0,SAUDADES,Condutor Dormindo,Colisão com objeto,Sem Vítimas,Amanhecer,Crescente,Céu Claro,Simples,Curva,Não,1,0,0,0,1,0,0,1,-26.827911,-53.108719,SPRF-SC,DEL07-SC,UOP02-DEL07-SC,2022
412101.0,2022-01-31,segunda-feira,04:00:00,SC,282,52.0,AGUAS MORNAS,Condutor Dormindo,Colisão com objeto,Com Vítimas Feridas,Plena Noite,Decrescente,Céu Claro,Simples,Reta,Não,3,0,1,2,0,0,3,1,-27.696936,-48.964138,SPRF-SC,DEL01-SC,UOP03-DEL01-SC,2022
412251.0,2022-01-31,segunda-feira,22:00:00,SC,282,5.6,SAO JOSE,Mal súbito do condutor,Tombamento,Com Vítimas Feridas,Plena Noite,Crescente,Garoa/Chuvisco,Dupla,Curva,Não,1,0,1,0,0,0,1,1,-27.588425,-48.612919,SPRF-SC,DEL01-SC,UOP01-DEL01-SC,2022
412351.0,2022-02-01,terça-feira,17:20:00,SC,282,3.0,FLORIANOPOLIS,Manobra de mudança de faixa,Colisão lateral mesmo sentido,Com Vítimas Feridas,Pleno dia,Crescente,Céu Claro,Múltipla,Reta,Sim,2,0,1,0,1,0,1,2,-27.600384,-48.599705,SPRF-SC,DEL01-SC,UOP01-DEL01-SC,2022
412453.0,2022-02-02,quarta-feira,10:30:00,SC,282,16.1,PALHOCA,Conversão proibida,Colisão lateral mesmo sentido,Com Vítimas Feridas,Pleno dia,Crescente,Sol,Simples,Interseção de Vias,Sim,2,0,1,0,1,0,1,2,-27.66084761,-48.68379951,SPRF-SC,DEL01-SC,UOP02-DEL01-SC,2022
412600.0,2022-01-14,sexta-feira,21:20:00,SC,480,128.9,CHAPECO,Iluminação deficiente,Colisão frontal,Com Vítimas Feridas,Plena Noite,Crescente,Céu Claro,Simples,Reta,Sim,2,0,0,1,1,0,1,2,-27.04702922,-52.63539076,SPRF-SC,DEL07-SC,UOP01-DEL07-SC,2022
412813.0,2022-02-04,sexta-feira,11:30:00,SC,282,352.0,CAMPOS NOVOS,Ingestão de álcool pelo condutor,Saída de leito carroçável,Com Vítimas Feridas,Pleno dia,Crescente,Chuva,Simples,Reta,Não,1,0,1,0,0,0,1,1,-27.362946,-51.311783,SPRF-SC,DEL07-SC,UOP06-DEL07-SC,2022
412847.0,2022-02-04,sexta-feira,11:30:00,SC,282,524.0,XAXIM,Velocidade Incompatível,Capotamento,Com Vítimas Feridas,Pleno dia,Crescente,Chuva,Simples,Curva,Não,2,0,2,0,0,0,2,1,-26.965002,-52.557384,SPRF-SC,DEL07-SC,UOP01-DEL07-SC,2022
412858.0,2022-02-04,sexta-feira,17:00:00,SC,282,22.5,SANTO AMARO DA IMPERATRIZ,Velocidade Incompatível,Atropelamento de Pedestre,Com Vítimas Feridas,Pleno dia,Crescente,Chuva,Simples,Reta,Sim,2,0,0,1,1,0,1,2,-27.688507,-48.72739,SPRF-SC,DEL01-SC,UOP02-DEL01-SC,2022
412902.0,2022-02-04,sexta-feira,13:00:00,SC,282,620.0,IRACEMINHA,Chuva,Saída de leito carroçável,Com Vítimas Feridas,Pleno dia,Decrescente,Chuva,Simples,Curva,Não,2,0,2,0,0,0,2,1,-26.799355,-53.308002,SPRF-SC,DEL07-SC,UOP02-DEL07-SC,2022
413221.0,2022-02-06,domingo,06:00:00,SC,282,479.0,VARGEAO,Ausência de reação do condutor,Saída de leito carroçável,Com Vítimas Feridas,Amanhecer,Decrescente,Nublado,Simples,Curva,Não,3,0,3,0,0,0,3,1,-26.874542,-52.194351,SPRF-SC,DEL07-SC,UOP01-DEL07-SC,2022
413384.0,2022-02-06,domingo,18:30:00,SC,282,625.0,IRACEMINHA,Acessar a via sem observar a presença dos outros veículos,Colisão transversal,Com Vítimas Feridas,Pleno dia,Decrescente,Céu Claro,Simples,Curva,Não,4,0,0,2,2,0,2,2,-26.800232,-53.351334,SPRF-SC,DEL07-SC,UOP02-DEL07-SC,2022
413429.0,2022-02-07,segunda-feira,08:00:00,SC,282,17.0,PALHOCA,Acessar a via sem observar a presença dos outros veículos,Colisão transversal,Sem Vítimas,Pleno dia,Decrescente,Céu Claro,Simples,Reta,Sim,4,0,0,0,4,0,0,2,-27.665707,-48.688065,SPRF-SC,DEL01-SC,UOP02-DEL01-SC,2022
413768.0,2022-02-08,terça-feira,23:00:00,SC,282,15.8,PALHOCA,Ingestão de álcool e/ou substâncias psicoativas pelo pedestre,Colisão com objeto,Com Vítimas Feridas,Plena Noite,Crescente,Céu Claro,Simples,Reta,Sim,2,0,0,2,0,0,2,1,-27.651848,-48.676048,SPRF-SC,DEL01-SC,UOP02-DEL01-SC,2022
414048.0,2022-02-10,quinta-feira,14:00:00,SC,282,200.7,LAGES,Ausência de reação do condutor,Colisão traseira,Com Vítimas Feridas,Pleno dia,Crescente,Céu Claro,Simples,Reta,Não,4,0,1,0,3,0,1,2,-27.758692,-50.133335,SPRF-SC,DEL05-SC,UOP01-DEL05-SC,2022
414222.0,2022-02-11,sexta-feira,11:50:00,SC,282,177.8,BOCAINA DO SUL,Ausência de reação do condutor,Engavetamento,Com Vítimas Feridas,Pleno dia,Decrescente,Céu Claro,Simples,Reta,Não,12,0,2,0,10,0,2,4,-27.739725,-49.911453,SPRF-SC,DEL05-SC,UOP01-DEL05-SC,2022
414281.0,2022-02-10,quinta-feira,13:20:00,SC,282,459.5,PONTE SERRADA,Manobra de mudança de faixa,Capotamento,Com Vítimas Feridas,Pleno dia,Crescente,Céu Claro,Simples,Reta,Sim,1,0,1,0,0,0,1,1,-26.863695,-52.024818,SPRF-SC,DEL07-SC,UOP04-DEL07-SC,2022
414433.0,2022-02-12,sábado,08:40:00,SC,282,16.3,PALHOCA,Condutor deixou de manter distância do veículo da frente,Colisão lateral mesmo sentido,Com Vítimas Feridas,Pleno dia,Decrescente,Céu Claro,Simples,Reta,Sim,2,0,1,0,1,0,1,2,-27.658611,-48.681847,SPRF-SC,DEL01-SC,UOP02-DEL01-SC,2022
414524.0,2022-02-12,sábado,14:15:00,SC,282,618.6,IRACEMINHA,Avarias e/ou desgaste excessivo no pneu,Saída de leito carroçável,Com Vítimas Feridas,Pleno dia,Crescente,Ignorado,Simples,Declive;Curva,Não,1,0,1,0,0,0,1,1,-26.79407987,-53.29798222,SPRF-SC,DEL07-SC,UOP02-DEL07-SC,2022
414552.0,2022-02-12,sábado,13:30:00,SC,282,424.9,VARGEM BONITA,Transitar na contramão,Colisão lateral sentido oposto,Com Vítimas Feridas,Pleno dia,Decrescente,Céu Claro,Simples,Desvio Temporário;Curva;Declive,Não,2,0,0,1,1,0,1,2,-26.988014,-51.753124,SPRF-SC,DEL07-SC,UOP05-DEL07-SC,2022
414627.0,2022-02-13,domingo,01:00:00,SC,282,380.6,HERVAL DOESTE,Condutor Dormindo,Saída de leito carroçável,Com Vítimas Feridas,Plena Noite,Crescente,Nublado,Simples,Curva,Sim,3,0,3,0,0,0,3,1,-27.213797,-51.499413,SPRF-SC,DEL07-SC,UOP05-DEL07-SC,2022
414751.0,2022-02-13,domingo,14:10:00,SC,282,529.7,CORDILHEIRA ALTA,Velocidade Incompatível,Saída de leito carroçável,Com Vítimas Feridas,Pleno dia,Crescente,Sol,Simples,Curva,Não,3,0,3,0,0,0,3,1,-26.983683,-52.60226,SPRF-SC,DEL07-SC,UOP01-DEL07-SC,2022
414965.0,2022-02-14,segunda-feira,18:10:00,SC,282,5.0,SAO JOSE,Trafegar com motocicleta (ou similar) entre as faixas,Colisão lateral mesmo sentido,Com Vítimas Feridas,Pleno dia,Decrescente,Sol,Dupla,Reta;Declive,Sim,2,0,0,1,1,0,1,2,-27.588425,-48.612919,SPRF-SC,DEL01-SC,UOP01-DEL01-SC,2022
415008.0,2022-02-14,segunda-feira,18:45:00,SC,282,22.1,ARAQUARI,Reação tardia ou ineficiente do condutor,Engavetamento,Com Vítimas Feridas,Plena Noite,Crescente,Chuva,Simples,Reta,Não,7,0,2,0,5,0,2,3,-26.370987,-48.702923,SPRF-SC,DEL01-SC,UOP02-DEL01-SC,2022
415027.0,2022-02-14,segunda-feira,22:45:00,SC,282,52.0,AGUAS MORNAS,Transitar na contramão,Colisão frontal,Com Vítimas Feridas,Plena Noite,Crescente,Céu Claro,Simples,Curva,Não,3,0,0,1,2,0,1,3,-27.696936,-48.964138,SPRF-SC,DEL01-SC,UOP03-DEL01-SC,2022
415154.0,2022-02-15,terça-feira,17:30:00,SC,282,538.2,CHAPECO,Demais falhas mecânicas ou elétricas,Tombamento,Com Vítimas Feridas,Pleno dia,Decrescente,Céu Claro,Simples,Reta,Não,2,0,2,0,0,0,2,1,-26.998323,-52.673199,SPRF-SC,DEL07-SC,UOP01-DEL07-SC,2022
415310.0,2022-02-09,quarta-feira,09:00:00,SC,282,5.0,FLORIANOPOLIS,Ausência de reação do condutor,Colisão lateral mesmo sentido,Com Vítimas Feridas,Pleno dia,Decrescente,Céu Claro,Dupla,Reta,Sim,2,0,1,0,1,0,1,2,-27.588425,-48.612919,SPRF-SC,DEL01-SC,UOP01-DEL01-SC,2022
415363.0,2022-02-16,quarta-feira,18:00:00,SC,282,17.5,PALHOCA,Desrespeitar a preferência no cruzamento,Colisão transversal,Com Vítimas Feridas,Pleno dia,Crescente,Céu Claro,Simples,Interseção de Vias,Sim,2,0,1,0,1,0,1,2,-27.665707,-48.688065,SPRF-SC,DEL01-SC,UOP02-DEL01-SC,2022
415510.0,2022-02-17,quinta-feira,16:30:00,SC,282,83.0,ALFREDO WAGNER,Acumulo de água sobre o pavimento,Colisão frontal,Com Vítimas Feridas,Pleno dia,Decrescente,Garoa/Chuvisco,Simples,Curva,Não,3,0,0,1,2,0,1,2,-27.666153,-49.175022,SPRF-SC,DEL01-SC,UOP03-DEL01-SC,2022
415643.0,2022-02-18,sexta-feira,12:20:00,SC,282,22.7,SANTO AMARO DA IMPERATRIZ,Reação tardia ou ineficiente do condutor,Engavetamento,Com Vítimas Feridas,Pleno dia,Decrescente,Nublado,Simples,Reta,Sim,5,0,0,1,3,1,1,5,-27.68856667,-48.73587459,SPRF-SC,DEL01-SC,UOP02-DEL01-SC,2022
415679.0,2022-02-18,sexta-feira,10:15:00,SC,480,129.4,CHAPECO,Acessar a via sem observar a presença dos outros veículos,Colisão transversal,Sem Vítimas,Pleno dia,Decrescente,Sol,Simples,Viaduto,Não,2,0,0,0,2,0,0,2,-27.04656607,-52.63577131,SPRF-SC,DEL07-SC,UOP01-DEL07-SC,2022
415760.0,2022-02-19,sábado,00:00:00,SC,282,513.7,XAXIM,Condutor deixou de manter distância do veículo da frente,Colisão traseira,Com Vítimas Feridas,Plena Noite,Decrescente,Céu Claro,Simples,Reta,Não,2,0,1,0,1,0,1,2,-26.91486,-52.480682,SPRF-SC,DEL07-SC,UOP01-DEL07-SC,2022
415856.0,2022-02-19,sábado,13:20:00,SC,282,326.0,CAMPOS NOVOS,Reação tardia ou ineficiente do condutor,Colisão traseira,Sem Vítimas,Pleno dia,Crescente,Céu Claro,Simples,Aclive,Não,10,0,0,0,10,0,0,3,-27.38060861,-51.0987854,SPRF-SC,DEL07-SC,UOP06-DEL07-SC,2022
415903.0,2022-02-19,sábado,16:50:00,SC,282,558.0,NOVA ITABERABA,Afundamento ou ondulação no pavimento,Capotamento,Com Vítimas Feridas,Pleno dia,Crescente,Sol,Simples,Curva,Não,1,0,0,1,0,0,1,1,-26.93273,-52.838913,SPRF-SC,DEL07-SC,UOP01-DEL07-SC,2022
416066.0,2022-02-20,domingo,13:00:00,SC,282,58.1,RANCHO QUEIMADO,Acessar a via sem observar a presença dos outros veículos,Colisão frontal,Com Vítimas Feridas,Pleno dia,Decrescente,Sol,Simples,Interseção de Vias,Não,3,0,1,0,2,0,1,2,-27.683594,-49.005539,SPRF-SC,DEL01-SC,UOP03-DEL01-SC,2022
416111.0,2022-02-20,domingo,15:10:00,SC,282,564.5,NOVA ERECHIM,Reação tardia ou ineficiente do condutor,Saída de leito carroçável,Sem Vítimas,Pleno dia,Crescente,Céu Claro,Simples,Curva,Não,1,0,0,0,1,0,0,1,-26.898739,-52.877975,SPRF-SC,DEL07-SC,UOP02-DEL07-SC,2022
416131.0,2022-02-20,domingo,18:50:00,SC,282,3.0,FLORIANOPOLIS,Condutor deixou de manter distância do veículo da frente,Colisão traseira,Com Vítimas Feridas,Plena Noite,Decrescente,Céu Claro,Dupla,Reta,Sim,3,0,2,0,1,0,2,2,-27.600384,-48.599705,SPRF-SC,DEL01-SC,UOP01-DEL01-SC,2022
416185.0,2022-02-20,domingo,21:30:00,SC,282,224.0,LAGES,Condutor deixou de manter distância do veículo da frente,Colisão traseira,Sem Vítimas,Plena Noite,Decrescente,Nublado,Simples,Declive,Não,6,0,0,0,2,4,0,3,-27.794579,-50.370598,SPRF-SC,DEL05-SC,UOP02-DEL05-SC,2022
416220.0,2022-02-21,segunda-feira,04:15:00,SC,282,46.1,AGUAS MORNAS,Mal súbito do condutor,Saída de leito carroçável,Com Vítimas Feridas,Plena Noite,Decrescente,Céu Claro,Simples,Curva;Declive,Não,2,0,2,0,0,0,2,1,-27.721041,-48.925152,SPRF-SC,DEL01-SC,UOP03-DEL01-SC,2022
416236.0,2022-02-21,segunda-feira,06:45:00,SC,282,502.7,XANXERE,Acessar a via sem observar a presença dos outros veículos,Colisão transversal,Com Vítimas Feridas,Pleno dia,Decrescente,Céu Claro,Simples,Interseção de Vias,Sim,2,0,0,1,1,0,1,2,-26.884584,-52.390911,SPRF-SC,DEL07-SC,UOP01-DEL07-SC,2022
416359.0,2022-02-21,segunda-feira,19:50:00,SC,282,16.3,PALHOCA,Acessar a via sem observar a presença dos outros veículos,Queda de ocupante de veículo,Com Vítimas Feridas,Plena Noite,Decrescente,Nublado,Simples,Reta,Sim,2,0,1,0,0,1,1,2,-27.658611,-48.681847,SPRF-SC,DEL01-SC,UOP02-DEL01-SC,2022
416399.0,2022-02-21,segunda-feira,23:00:00,SC,480,125.6,CHAPECO,Desrespeitar a preferência no cruzamento,Colisão frontal,Com Vítimas Feridas,Plena Noite,Crescente,Céu Claro,Simples,Reta;Interseção de Vias;Declive,Não,2,0,0,1,1,0,1,2,-27.017273,-52.63725,SPRF-SC,DEL07-SC,UOP01-DEL07-SC,2022
416543.0,2022-02-22,terça-feira,15:15:00,SC,282,307.4,VARGEM,Velocidade Incompatível,Saída de leito carroçável,Com Vítimas Feridas,Pleno dia,Crescente,Céu Claro,Simples,Curva,Não,1,0,0,1,0,0,1,1,-27.495266,-50.962605,SPRF-SC,DEL07-SC,UOP06-DEL07-SC,2022
416665.0,2022-02-23,quarta-feira,11:40:00,SC,282,34.0,AGUAS MORNAS,Avarias e/ou desgaste excessivo no pneu,Tombamento,Com Vítimas Feridas,Pleno dia,Decrescente,Céu Claro,Simples,Reta,Sim,2,0,1,1,0,0,2,1,-27.704247,-48.817547,SPRF-SC,DEL01-SC,UOP03-DEL01-SC,2022
416690.0,2022-02-23,quarta-feira,16:30:00,SC,282,373.0,ERVAL VELHO,Demais falhas mecânicas ou elétricas,Incêndio,Sem Vítimas,Pleno dia,Crescente,Céu Claro,Simples,Interseção de Vias,Não,1,0,0,0,1,0,0,1,-27.243425,-51.44788,SPRF-SC,DEL07-SC,UOP05-DEL07-SC,2022
416723.0,2022-02-23,quarta-feira,17:00:00,SC,282,87.9,ALFREDO WAGNER,Reação tardia ou ineficiente do condutor,Capotamento,Com Vítimas Feridas,Pleno dia,Crescente,Céu Claro,Simples,Curva,Não,3,0,2,1,0,0,3,1,-27.664766,-49.20578,SPRF-SC,DEL01-SC,UOP03-DEL01-SC,2022
417036.0,2022-02-25,sexta-feira,06:20:00,SC,282,225.0,LAGES,Acumulo de óleo sobre o pavimento,Colisão frontal,Com Vítimas Feridas,Amanhecer,Decrescente,Chuva,Simples,Curva,Não,4,0,4,0,0,0,4,2,-27.794176,-50.379559,SPRF-SC,DEL05-SC,UOP02-DEL05-SC,2022
417079.0,2022-02-25,sexta-feira,08:00:00,SC,282,85.0,ALFREDO WAGNER,Chuva,Saída de leito carroçável,Com Vítimas Feridas,Pleno dia,Crescente,Nublado,Simples,Curva,Não,1,0,1,0,0,0,1,1,-27.667007,-49.192802,SPRF-SC,DEL01-SC,UOP03-DEL01-SC,2022