id,data_inversa,dia_semana,horario,uf,br,km,municipio,causa_acidente,tipo_acidente,classificacao_acidente,fase_dia,sentido_via,condicao_metereologica,tipo_pista,tracado_via,uso_solo,pessoas,mortos,feridos_leves,feridos_graves,ilesos,ignorados,feridos,veiculos,latitude,longitude,regional,delegacia,uop,ano_arquivo
424072.0,2022-04-02,sábado,07:25:00,SC,282,28.3,SANTO AMARO DA IMPERATRIZ,Desrespeitar a preferência no cruzamento,Colisão transversal,Com Vítimas Feridas,Pleno dia,Crescente,Nublado,Simples,Rotatória,Sim,2,0,1,0,1,0,1,2,-27.67478,-48.778904,SPRF-SC,DEL01-SC,UOP03-DEL01-SC,2022
424125.0,2022-04-02,sábado,12:40:00,SC,282,49.0,AGUAS MORNAS,Acumulo de óleo sobre o pavimento,Saída de leito carroçável,Com Vítimas Feridas,Pleno dia,Decrescente,Chuva,Simples,Curva,Não,1,0,1,0,0,0,1,1,-27.712931,-48.943741,SPRF-SC,DEL01-SC,UOP03-DEL01-SC,2022
424407.0,2022-04-03,domingo,12:45:00,SC,282,31.9,AGUAS MORNAS,Acessar a via sem observar a presença dos outros veículos,Colisão transversal,Com Vítimas Fatais,Pleno dia,Crescente,Garoa/Chuvisco,Simples,Retorno Regulamentado,Sim,5,1,1,2,1,0,3,2,-27.70161,-48.800968,SPRF-SC,DEL01-SC,UOP03-DEL01-SC,2022
424463.0,2022-04-03,domingo,17:30:00,SC,282,502.4,XANXERE,Velocidade Incompatível,Capotamento,Com Vítimas Feridas,Pleno dia,Crescente,Nublado,Dupla,Rotatória,Não,3,0,1,0,2,0,1,1,-26.88467949,-52.3914814,SPRF-SC,DEL07-SC,UOP01-DEL07-SC,2022
424541.0,2022-04-04,segunda-feira,07:50:00,SC,282,49.0,AGUAS MORNAS,Velocidade Incompatível,Colisão com objeto,Sem Vítimas,Pleno dia,Crescente,Chuva,Simples,Curva;Aclive,Não,1,0,0,0,1,0,0,1,-27.712931,-48.943741,SPRF-SC,DEL01-SC,UOP03-DEL01-SC,2022
424718.0,2022-04-05,terça-feira,10:40:00,SC,282,17.0,PALHOCA,Desrespeitar a preferência no cruzamento,Colisão transversal,Com Vítimas Feridas,Pleno dia,Crescente,Céu Claro,Simples,Reta,Sim,3,0,1,0,2,0,1,2,-27.665707,-48.688065,SPRF-SC,DEL01-SC,UOP02-DEL01-SC,2022
424858.0,2022-04-06,quarta-feira,07:30:00,SC,282,1.0,FLORIANOPOLIS,Ausência de reação do condutor,Colisão traseira,Com Vítimas Feridas,Pleno dia,Decrescente,Nublado,Múltipla,Reta,Sim,3,0,2,0,1,0,2,2,-27.602955,-48.580509,SPRF-SC,DEL01-SC,UOP01-DEL01-SC,2022
424960.0,2022-04-06,quarta-feira,16:00:00,SC,282,430.0,VARGEM BONITA,Animais na Pista,Saída de leito carroçável,Com Vítimas Feridas,Pleno dia,Crescente,Sol,Dupla,Aclive,Não,4,0,1,0,3,0,1,1,-26.980852,-51.795891,SPRF-SC,DEL07-SC,UOP05-DEL07-SC,2022
425041.0,2022-04-07,quinta-feira,04:30:00,SC,282,633.8,DESCANSO,Ausência de reação do condutor,Saída de leito carroçável,Com Vítimas Feridas,Plena Noite,Decrescente,Nublado,Simples,Curva;Declive,Não,1,0,1,0,0,0,1,1,-26.82631116,-53.4207201,SPRF-SC,DEL07-SC,UOP03-DEL07-SC,2022
425102.0,2022-04-07,quinta-feira,11:50:00,SC,282,5.0,SAO JOSE,Conversão proibida,Colisão lateral mesmo sentido,Com Vítimas Feridas,Pleno dia,Decrescente,Céu Claro,Dupla,Curva,Sim,2,0,1,0,1,0,1,2,-27.588425,-48.612919,SPRF-SC,DEL01-SC,UOP01-DEL01-SC,2022
425108.0,2022-04-07,quinta-feira,08:00:00,SC,282,461.5,PONTE SERRADA,Acessar a via sem observar a presença dos outros veículos,Colisão transversal,Com Vítimas Feridas,Pleno dia,Decrescente,Nublado,Simples,Rotatória,Sim,2,0,1,0,1,0,1,2,-26.856403,-52.041328,SPRF-SC,DEL07-SC,UOP04-DEL07-SC,2022
426089.0,2022-04-07,quinta-feira,15:05:00,SC,282,551.5,NOVA ITABERABA,Acumulo de água sobre o pavimento,Saída de leito carroçável,Com Vítimas Feridas,Pleno dia,Decrescente,Chuva,Simples,Aclive;Curva,Não,1,0,0,1,0,0,1,1,-26.95198296,-52.77778756,SPRF-SC,DEL07-SC,UOP01-DEL07-SC,2022
426166.0,2022-04-08,sexta-feira,03:30:00,SC,282,5.0,SAO JOSE,Ingestão de álcool pelo condutor,Colisão com objeto,Sem Vítimas,Plena Noite,Decrescente,Céu Claro,Múltipla,Reta,Não,1,0,0,0,0,1,0,1,-27.588425,-48.612919,SPRF-SC,DEL01-SC,UOP01-DEL01-SC,2022
426177.0,2022-04-07,quinta-feira,12:00:00,SC,282,518.6,XAXIM,Avarias e/ou desgaste excessivo no pneu,Colisão lateral sentido oposto,Com Vítimas Feridas,Pleno dia,Crescente,Chuva,Simples,Reta,Não,3,0,0,1,2,0,1,3,-26.94557805,-52.51336634,SPRF-SC,DEL07-SC,UOP01-DEL07-SC,2022
426179.0,2022-04-08,sexta-feira,04:30:00,SC,282,377.0,HERVAL DOESTE,Objeto estático sobre o leito carroçável,Colisão com objeto,Com Vítimas Feridas,Plena Noite,Decrescente,Garoa/Chuvisco,Simples,Curva;Aclive,Não,1,0,1,0,0,0,1,1,-27.216974,-51.470055,SPRF-SC,DEL07-SC,UOP05-DEL07-SC,2022
426990.0,2022-04-08,sexta-feira,07:00:00,SC,282,104.0,ALFREDO WAGNER,Condutor deixou de manter distância do veículo da frente,Colisão traseira,Com Vítimas Feridas,Pleno dia,Crescente,Chuva,Simples,Reta,Sim,2,0,0,1,1,0,1,2,-27.696043,-49.334038,SPRF-SC,DEL01-SC,UOP03-DEL01-SC,2022
432061.0,2022-04-09,sábado,01:30:00,SC,282,2.6,SAO JOSE,Ausência de reação do condutor,Colisão traseira,Com Vítimas Feridas,Plena Noite,Decrescente,Céu Claro,Múltipla,Reta,Sim,2,0,1,0,1,0,1,2,-27.603289,-48.590416,SPRF-SC,DEL01-SC,UOP01-DEL01-SC,2022
442584.0,2022-04-10,domingo,18:10:00,SC,282,34.4,AGUAS MORNAS,Transitar na contramão,Colisão lateral sentido oposto,Sem Vítimas,Plena Noite,Crescente,Garoa/Chuvisco,Simples,Reta,Não,2,0,0,0,2,0,0,2,-27.70116,-48.800175,SPRF-SC,DEL01-SC,UOP03-DEL01-SC,2022
442634.0,2022-04-10,domingo,19:15:00,SC,282,19.0,PALHOCA,Ingestão de álcool e/ou substâncias psicoativas pelo pedestre,Colisão traseira,Sem Vítimas,Plena Noite,Decrescente,Céu Claro,Simples,Reta,Não,2,0,0,0,2,0,0,2,-27.678635,-48.70192,SPRF-SC,DEL01-SC,UOP02-DEL01-SC,2022
442791.0,2022-04-11,segunda-feira,07:30:00,SC,282,23.6,SANTO AMARO DA IMPERATRIZ,Acessar a via sem observar a presença dos outros veículos,Colisão transversal,Com Vítimas Feridas,Pleno dia,Decrescente,Chuva,Dupla,Interseção de Vias,Sim,2,0,1,0,1,0,1,2,-27.687958,-48.736794,SPRF-SC,DEL01-SC,UOP03-DEL01-SC,2022
442838.0,2022-04-09,sábado,17:20:00,SC,282,236.0,SAO JOSE DO CERRITO,Velocidade Incompatível,Tombamento,Com Vítimas Feridas,Anoitecer,Crescente,Ignorado,Simples,Reta,Não,1,0,1,0,0,0,1,1,-27.787489,-50.482494,SPRF-SC,DEL05-SC,UOP02-DEL05-SC,2022
442908.0,2022-04-11,segunda-feira,07:00:00,SC,282,615.0,MARAVILHA,Objeto estático sobre o leito carroçável,Colisão com objeto,Com Vítimas Feridas,Pleno dia,Crescente,Chuva,Simples,Curva,Não,1,0,1,0,0,0,1,1,-26.774349,-53.271767,SPRF-SC,DEL07-SC,UOP02-DEL07-SC,2022
443064.0,2022-04-09,sábado,12:10:00,SC,282,207.0,LAGES,Afundamento ou ondulação no pavimento,Saída de leito carroçável,Com Vítimas Feridas,Pleno dia,Decrescente,Céu Claro,Simples,Rotatória,Sim,1,0,1,0,0,0,1,1,-27.773464,-50.202095,SPRF-SC,DEL05-SC,UOP01-DEL05-SC,2022
443065.0,2022-04-10,domingo,05:50:00,SC,282,225.0,LAGES,Transitar na contramão,Colisão frontal,Com Vítimas Fatais,Amanhecer,Decrescente,Céu Claro,Simples,Reta,Não,4,3,0,1,0,0,1,2,-27.794176,-50.379559,SPRF-SC,DEL05-SC,UOP02-DEL05-SC,2022
443172.0,2022-04-09,sábado,05:30:00,SC,282,213.5,LAGES,Ingestão de álcool pelo condutor,Saída de leito carroçável,Sem Vítimas,Plena Noite,Crescente,Garoa/Chuvisco,Simples,Reta,Sim,1,0,0,0,0,1,0,1,-27.78631495,-50.26459694,SPRF-SC,DEL05-SC,UOP01-DEL05-SC,2022
443192.0,2022-04-12,terça-feira,14:30:00,SC,282,207.0,LAGES,Ausência de reação do condutor,Colisão com objeto,Com Vítimas Feridas,Pleno dia,Crescente,Nublado,Simples,Reta,Sim,2,0,2,0,0,0,2,1,-27.773464,-50.202095,SPRF-SC,DEL05-SC,UOP01-DEL05-SC,2022
443253.0,2022-04-12,terça-feira,18:25:00,SC,282,215.0,LAGES,Acessar a via sem observar a presença dos outros veículos,Atropelamento de Pedestre,Com Vítimas Feridas,Anoitecer,Decrescente,Nublado,Simples,Reta,Sim,2,0,1,1,0,0,2,2,-27.793665,-50.281799,SPRF-SC,DEL05-SC,UOP01-DEL05-SC,2022
443272.0,2022-04-12,terça-feira,20:30:00,SC,282,28.3,SANTO AMARO DA IMPERATRIZ,Acessar a via sem observar a presença dos outros veículos,Colisão transversal,Com Vítimas Feridas,Plena Noite,Decrescente,Nublado,Simples,Rotatória,Sim,2,0,1,0,1,0,1,2,-27.67478,-48.778904,SPRF-SC,DEL01-SC,UOP03-DEL01-SC,2022
443312.0,2022-04-10,domingo,02:40:00,SC,282,679.5,PARAISO,Neblina,Saída de leito carroçável,Com Vítimas Feridas,Plena Noite,Decrescente,Nevoeiro/Neblina,Simples,Curva,Não,2,0,2,0,0,0,2,1,-26.61327,-53.701958,SPRF-SC,DEL07-SC,UOP03-DEL07-SC,2022
443321.0,2022-04-09,sábado,21:15:00,SC,282,4.5,SAO JOSE,Ingestão de álcool pelo condutor,Colisão com objeto,Com Vítimas Feridas,Plena Noite,Crescente,Nublado,Dupla,Reta,Sim,1,0,1,0,0,0,1,1,-27.592646,-48.604034,SPRF-SC,DEL01-SC,UOP01-DEL01-SC,2022
443329.0,2022-04-10,domingo,03:40:00,SC,282,379.0,HERVAL DOESTE,Reação tardia ou ineficiente do condutor,Colisão com objeto,Sem Vítimas,Plena Noite,Crescente,Nevoeiro/Neblina,Simples,Retorno Regulamentado,Sim,1,0,0,0,0,1,0,1,-27.214485,-51.484738,SPRF-SC,DEL07-SC,UOP05-DEL07-SC,2022
443448.0,2022-03-27,domingo,17:10:00,SC,282,461.5,PONTE SERRADA,Acesso irregular,Colisão transversal,Com Vítimas Fatais,Pleno dia,Crescente,Céu Claro,Simples,Aclive,Sim,5,1,4,0,0,0,4,2,-26.86626676,-52.02292442,SPRF-SC,DEL07-SC,UOP04-DEL07-SC,2022
443528.0,2022-04-13,quarta-feira,18:30:00,SC,282,23.0,SANTO AMARO DA IMPERATRIZ,Acessar a via sem observar a presença dos outros veículos,Colisão transversal,Com Vítimas Feridas,Plena Noite,Crescente,Céu Claro,Simples,Interseção de Vias,Sim,3,0,1,0,2,0,1,2,-27.687958,-48.736794,SPRF-SC,DEL01-SC,UOP02-DEL01-SC,2022
443693.0,2022-04-14,quinta-feira,07:15:00,SC,282,224.8,LAGES,Acessar a via sem observar a presença dos outros veículos,Colisão lateral mesmo sentido,Com Vítimas Feridas,Pleno dia,Crescente,Céu Claro,Simples,Declive;Reta,Não,4,0,2,0,1,1,2,3,-27.79384162,-50.37861228,SPRF-SC,DEL05-SC,UOP02-DEL05-SC,2022
443785.0,2022-04-14,quinta-feira,20:10:00,SC,282,3.5,FLORIANOPOLIS,Condutor deixou de manter distância do veículo da frente,Colisão traseira,Com Vítimas Feridas,Plena Noite,Crescente,Nublado,Múltipla,Reta,Sim,2,0,0,1,1,0,1,2,-27.600384,-48.599705,SPRF-SC,DEL01-SC,UOP01-DEL01-SC,2022
443822.0,2022-04-14,quinta-feira,22:30:00,SC,282,554.7,NOVA ITABERABA,Animais na Pista,Saída de leito carroçável,Com Vítimas Feridas,Plena Noite,Decrescente,Céu Claro,Simples,Interseção de Vias,Não,1,0,1,0,0,0,1,1,-26.936278,-52.800781,SPRF-SC,DEL07-SC,UOP01-DEL07-SC,2022
443960.0,2022-04-15,sexta-feira,17:40:00,SC,282,219.0,LAGES,Demais falhas mecânicas ou elétricas,Queda de ocupante de veículo,Com Vítimas Feridas,Pleno dia,Decrescente,Céu Claro,Simples,Reta,Sim,1,0,1,0,0,0,1,1,-27.795521,-50.323608,SPRF-SC,DEL05-SC,UOP01-DEL05-SC,2022
444005.0,2022-04-16,sábado,00:15:00,SC,282,586.0,PINHALZINHO,Ingestão de álcool pelo condutor,Saída de leito carroçável,Com Vítimas Feridas,Plena Noite,Decrescente,Nublado,Simples,Reta,Não,2,0,0,2,0,0,2,1,-26.832605,-53.03474,SPRF-SC,DEL07-SC,UOP02-DEL07-SC,2022
444233.0,2022-04-17,domingo,07:00:00,SC,282,633.2,DESCANSO,Reação tardia ou ineficiente do condutor,Saída de leito carroçável,Sem Vítimas,Pleno dia,Decrescente,Nublado,Simples,Curva,Não,1,0,0,0,1,0,0,1,-26.824224,-53.412407,SPRF-SC,DEL07-SC,UOP03-DEL07-SC,2022
444318.0,2022-04-17,domingo,09:45:00,SC,282,89.0,ALFREDO WAGNER,Acumulo de areia ou detritos sobre o pavimento,Queda de ocupante de veículo,Com Vítimas Feridas,Pleno dia,Decrescente,Nublado,Simples,Curva,Não,2,0,0,2,0,0,2,1,-27.677973,-49.215893,SPRF-SC,DEL01-SC,UOP03-DEL01-SC,2022
444540.0,2022-04-18,segunda-feira,12:45:00,SC,282,91.0,ALFREDO WAGNER,Acessar a via sem observar a presença dos outros veículos,Colisão traseira,Sem Vítimas,Pleno dia,Crescente,Céu Claro,Simples,Reta,Não,3,0,0,0,3,0,0,2,-27.690374,-49.229061,SPRF-SC,DEL01-SC,UOP03-DEL01-SC,2022
444639.0,2022-04-18,segunda-feira,16:30:00,SC,282,128.0,BOM RETIRO,Transitar na contramão,Colisão frontal,Com Vítimas Feridas,Pleno dia,Decrescente,Céu Claro,Simples,Declive,Não,3,0,2,1,0,0,3,2,-27.803921,-49.487785,SPRF-SC,DEL05-SC,UOP01-DEL05-SC,2022
444663.0,2022-04-18,segunda-feira,23:45:00,SC,282,526.0,XAXIM,Velocidade Incompatível,Saída de leito carroçável,Com Vítimas Feridas,Plena Noite,Crescente,Céu Claro,Simples,Curva,Não,2,0,2,0,0,0,2,1,-26.969143,-52.574645,SPRF-SC,DEL07-SC,UOP01-DEL07-SC,2022
444668.0,2022-04-19,terça-feira,03:30:00,SC,282,1.5,FLORIANOPOLIS,Condutor Dormindo,Colisão com objeto,Com Vítimas Feridas,Plena Noite,Crescente,Nublado,Múltipla,Reta,Não,1,0,1,0,0,0,1,1,-27.602955,-48.580509,SPRF-SC,DEL01-SC,UOP01-DEL01-SC,2022
444745.0,2022-04-19,terça-feira,12:40:00,SC,282,1.0,FLORIANOPOLIS,Condutor deixou de manter distância do veículo da frente,Colisão traseira,Com Vítimas Feridas,Pleno dia,Decrescente,Sol,Dupla,Reta,Sim,2,0,1,0,1,0,1,2,-27.602955,-48.580509,SPRF-SC,DEL01-SC,UOP01-DEL01-SC,2022
444975.0,2022-04-20,quarta-feira,15:00:00,SC,282,16.0,PALHOCA,Pedestre cruzava a pista fora da faixa,Colisão frontal,Com Vítimas Feridas,Pleno dia,Decrescente,Céu Claro,Dupla,Reta,Sim,2,0,0,1,1,0,1,2,-27.658611,-48.681847,SPRF-SC,DEL01-SC,UOP02-DEL01-SC,2022
445029.0,2022-04-20,quarta-feira,18:20:00,SC,282,23.0,SANTO AMARO DA IMPERATRIZ,Conversão proibida,Colisão transversal,Com Vítimas Feridas,Plena Noite,Decrescente,Céu Claro,Simples,Reta,Não,2,0,1,0,1,0,1,2,-27.687958,-48.736794,SPRF-SC,DEL01-SC,UOP02-DEL01-SC,2022
445030.0,2022-04-20,quarta-feira,19:35:00,SC,282,216.0,LAGES,Acessar a via sem observar a presença dos outros veículos,Colisão transversal,Com Vítimas Feridas,Plena Noite,Decrescente,Céu Claro,Dupla,Interseção de Vias,Sim,2,0,1,0,1,0,1,2,-27.79507545,-50.28382301,SPRF-SC,DEL05-SC,UOP01-DEL05-SC,2022
445084.0,2022-04-21,quinta-feira,04:15:00,SC,282,5.0,SAO JOSE,Ausência de reação do condutor,Queda de ocupante de veículo,Com Vítimas Feridas,Plena Noite,Crescente,Céu Claro,Múltipla,Reta,Sim,1,0,1,0,0,0,1,1,-27.588425,-48.612919,SPRF-SC,DEL01-SC,UOP01-DEL01-SC,2022
445141.0,2022-04-21,quinta-feira,09:00:00,SC,282,128.2,BOM RETIRO,Acessar a via sem observar a presença dos outros veículos,Colisão lateral mesmo sentido,Com Vítimas Feridas,Pleno dia,Crescente,Céu Claro,Simples,Curva,Não,2,0,1,0,1,0,1,2,-27.803921,-49.487785,SPRF-SC,DEL05-SC,UOP01-DEL05-SC,2022
445205.0,2022-04-21,quinta-feira,14:45:00,SC,282,452.7,PONTE SERRADA,Manobra de mudança de faixa,Capotamento,Com Vítimas Feridas,Pleno dia,Crescente,Garoa/Chuvisco,Simples,Reta,Não,2,0,2,0,0,0,2,1,-26.90612,-51.970417,SPRF-SC,DEL07-SC,UOP04-DEL07-SC,2022
445209.0,2022-04-21,quinta-feira,19:20:00,SC,282,4.4,SAO JOSE,Manobra de mudança de faixa,Colisão lateral mesmo sentido,Com Vítimas Feridas,Plena Noite,Decrescente,Céu Claro,Simples,Reta,Sim,2,0,1,0,0,1,1,2,-27.592646,-48.604034,SPRF-SC,DEL01-SC,UOP01-DEL01-SC,2022
445536.0,2022-04-23,sábado,13:30:00,SC,282,6.0,SAO JOSE,Velocidade Incompatível,Tombamento,Com Vítimas Feridas,Pleno dia,Crescente,Sol,Múltipla,Interseção de Vias;Declive;Curva,Sim,1,0,1,0,0,0,1,1,-27.58480387,-48.61663699,SPRF-SC,DEL01-SC,UOP01-DEL01-SC,2022
445548.0,2022-04-23,sábado,14:30:00,SC,282,403.0,JOACABA,Frear bruscamente,Capotamento,Com Vítimas Feridas,Pleno dia,Decrescente,Sol,Simples,Reta,Não,7,0,7,0,0,0,7,1,-27.108929,-51.635838,SPRF-SC,DEL07-SC,UOP05-DEL07-SC,2022
445563.0,2022-04-23,sábado,15:15:00,SC,282,419.9,VARGEM BONITA,Velocidade Incompatível,Tombamento,Com Vítimas Feridas,Pleno dia,Crescente,Céu Claro,Simples,Curva,Não,2,0,0,2,0,0,2,1,-27.019398,-51.729195,SPRF-SC,DEL07-SC,UOP05-DEL07-SC,2022
445602.0,2022-04-23,sábado,19:00:00,SC,282,19.0,PALHOCA,Conversão proibida,Colisão transversal,Com Vítimas Feridas,Plena Noite,Decrescente,Céu Claro,Simples,Reta,Não,2,0,1,0,1,0,1,2,-27.678635,-48.70192,SPRF-SC,DEL01-SC,UOP02-DEL01-SC,2022
445639.0,2022-04-23,sábado,20:10:00,SC,282,531.0,CORDILHEIRA ALTA,Velocidade Incompatível,Capotamento,Sem Vítimas,Plena Noite,Crescente,Céu Claro,Simples,Curva,Não,1,0,0,0,0,1,0,1,-26.990747,-52.609776,SPRF-SC,DEL07-SC,UOP01-DEL07-SC,2022
445816.0,2022-04-24,domingo,12:15:00,SC,282,124.0,BOM RETIRO,Ingestão de álcool pelo condutor,Colisão com objeto,Sem Vítimas,Pleno dia,Decrescente,Céu Claro,Simples,Reta,Não,4,0,0,0,4,0,0,2,-27.801258,-49.468643,SPRF-SC,DEL05-SC,UOP01-DEL05-SC,2022
445829.0,2022-04-24,domingo,12:20:00,SC,282,126.0,BOM RETIRO,Ingestão de álcool pelo condutor,Saída de leito carroçável,Com Vítimas Feridas,Pleno dia,Crescente,Céu Claro,Simples,Reta,Não,1,0,1,0,0,0,1,1,-27.801258,-49.468643,SPRF-SC,DEL05-SC,UOP01-DEL05-SC,2022
445911.0,2022-04-25,segunda-feira,07:15:00,SC,282,18.0,PALHOCA,Velocidade Incompatível,Tombamento,Com Vítimas Feridas,Pleno dia,Decrescente,Céu Claro,Simples,Reta,Sim,1,0,1,0,0,0,1,1,-27.672798,-48.694286,SPRF-SC,DEL01-SC,UOP02-DEL01-SC,2022
445934.0,2022-04-25,segunda-feira,07:40:00,SC,282,19.7,PALHOCA,Condutor deixou de manter distância do veículo da frente,Colisão traseira,Com Vítimas Feridas,Pleno dia,Crescente,Céu Claro,Simples,Reta,Não,2,0,1,0,1,0,1,2,-27.678635,-48.70192,SPRF-SC,DEL01-SC,UOP02-DEL01-SC,2022
445995.0,2022-04-25,segunda-feira,09:15:00,SC,282,535.2,CHAPECO,Desrespeitar a preferência no cruzamento,Colisão transversal,Com Vítimas Feridas,Pleno dia,Decrescente,Céu Claro,Simples,Interseção de Vias,Sim,2,0,0,1,1,0,1,2,-26.99971405,-52.64661681,SPRF-SC,DEL07-SC,UOP01-DEL07-SC,2022
446042.0,2022-04-25,segunda-feira,19:20:00,SC,282,5.0,SAO JOSE,Condutor deixou de manter distância do veículo da frente,Colisão traseira,Com Vítimas Feridas,Plena Noite,Crescente,Céu Claro,Dupla,Reta,Sim,2,0,1,0,1,0,1,2,-27.588425,-48.612919,SPRF-SC,DEL01-SC,UOP01-DEL01-SC,2022
446104.0,2022-04-25,segunda-feira,21:50:00,SC,282,259.0,SAO JOSE DO CERRITO,Acostamento em desnível,Saída de leito carroçável,Com Vítimas Feridas,Plena Noite,Decrescente,Céu Claro,Simples,Curva,Não,1,0,0,1,0,0,1,1,-27.653334,-50.59449,SPRF-SC,DEL05-SC,UOP02-DEL05-SC,2022
446110.0,2022-04-26,terça-feira,03:20:00,SC,282,499.5,XANXERE,Velocidade Incompatível,Capotamento,Sem Vítimas,Plena Noite,Decrescente,Céu Claro,Dupla,Reta,Sim,1,0,0,0,1,0,0,1,-26.880869,-52.363121,SPRF-SC,DEL07-SC,UOP01-DEL07-SC,2022
446234.0,2022-04-26,terça-feira,19:00:00,SC,282,246.0,SAO JOSE DO CERRITO,Acessar a via sem observar a presença dos outros veículos,Colisão transversal,Com Vítimas Feridas,Plena Noite,Crescente,Nublado,Simples,Curva,Sim,2,0,2,0,0,0,2,2,-27.727213,-50.529724,SPRF-SC,DEL05-SC,UOP02-DEL05-SC,2022
446335.0,2022-04-27,quarta-feira,10:30:00,SC,282,329.0,CAMPOS NOVOS,Frear bruscamente,Saída de leito carroçável,Com Vítimas Feridas,Pleno dia,Decrescente,Céu Claro,Simples,Reta,Não,2,0,2,0,0,0,2,1,-27.380089,-51.097698,SPRF-SC,DEL07-SC,UOP06-DEL07-SC,2022
446395.0,2022-04-27,quarta-feira,18:10:00,SC,480,125.3,CHAPECO,Acessar a via sem observar a presença dos outros veículos,Colisão lateral mesmo sentido,Com Vítimas Feridas,Anoitecer,Decrescente,Céu Claro,Simples,Reta,Não,3,0,1,1,1,0,2,3,-27.01164515,-52.63953123,SPRF-SC,DEL07-SC,UOP01-DEL07-SC,2022
446438.0,2022-04-28,quinta-feira,08:20:00,SC,282,4.0,FLORIANOPOLIS,Manobra de mudança de faixa,Colisão lateral mesmo sentido,Com Vítimas Feridas,Pleno dia,Decrescente,Sol,Múltipla,Reta,Sim,2,0,1,0,1,0,1,2,-27.592646,-48.604034,SPRF-SC,DEL01-SC,UOP01-DEL01-SC,2022
446571.0,2022-04-28,quinta-feira,18:00:00,SC,282,412.0,CATANDUVAS,Ingestão de álcool pelo condutor,Colisão lateral sentido oposto,Sem Vítimas,Plena Noite,Decrescente,Chuva,Simples,Curva,Não,2,0,0,0,2,0,0,2,-27.055775,-51.688843,SPRF-SC,DEL07-SC,UOP05-DEL07-SC,2022
446588.0,2022-04-29,sexta-feira,00:00:00,SC,282,1.2,FLORIANOPOLIS,Ingestão de álcool pelo condutor,Saída de leito carroçável,Sem Vítimas,Plena Noite,Crescente,Céu Claro,Múltipla,Curva;Declive,Sim,1,0,0,0,0,1,0,1,-27.602955,-48.580509,SPRF-SC,DEL01-SC,UOP01-DEL01-SC,2022
446713.0,2022-04-29,sexta-feira,17:00:00,SC,282,3.0,SAO JOSE,Acessar a via sem observar a presença dos outros veículos,Colisão traseira,Com Vítimas Feridas,Anoitecer,Decrescente,Céu Claro,Dupla,Reta,Sim,2,0,0,1,1,0,1,2,-27.600384,-48.599705,SPRF-SC,DEL01-SC,UOP01-DEL01-SC,2022
446755.0,2022-03-24,quinta-feira,18:30:00,SC,282,3.0,FLORIANOPOLIS,Reação tardia ou ineficiente do condutor,Tombamento,Com Vítimas Feridas,Plena Noite,Crescente,Nublado,Múltipla,Reta,Sim,1,0,1,0,0,0,1,1,-27.60214737,-48.59603763,SPRF-SC,DEL01-SC,UOP01-DEL01-SC,2022
446836.0,2022-04-30,sábado,05:30:00,SC,282,5.0,SAO FRANCISCO DO SUL,Reação tardia ou ineficiente do condutor,Colisão traseira,Com Vítimas Feridas,Amanhecer,Crescente,Céu Claro,Simples,Reta,Sim,3,0,2,0,1,0,2,2,-26.26074,-48.626315,SPRF-SC,DEL01-SC,UOP01-DEL01-SC,2022
446994.0,2022-04-30,sábado,20:00:00,SC,282,136.5,BOM RETIRO,Animais na Pista,Atropelamento de Animal,Com Vítimas Feridas,Plena Noite,Crescente,Garoa/Chuvisco,Simples,Reta,Não,3,0,3,0,0,0,3,2,-27.817894,-49.558086,SPRF-SC,DEL05-SC,UOP01-DEL05-SC,2022
446995.0,2022-04-30,sábado,21:10:00,SC,480,130.9,CHAPECO,Ingestão de álcool pelo condutor,Colisão frontal,Com Vítimas Feridas,Plena Noite,Crescente,Chuva,Simples,Reta,Sim,5,0,3,1,1,0,4,2,-27.062667,-52.632698,SPRF-SC,DEL07-SC,UOP01-DEL07-SC,2022
447011.0,2022-05-01,domingo,01:00:00,SC,282,37.9,AGUAS MORNAS,Transitar na contramão,Colisão frontal,Com Vítimas Feridas,Plena Noite,Crescente,Chuva,Simples,Reta,Não,4,0,4,0,0,0,4,2,-27.707325,-48.842983,SPRF-SC,DEL01-SC,UOP03-DEL01-SC,2022
447012.0,2022-05-01,domingo,00:20:00,SC,282,336.3,CAMPOS NOVOS,Ausência de reação do condutor,Saída de leito carroçável,Com Vítimas Feridas,Plena Noite,Decrescente,Nublado,Simples,Reta,Não,1,0,1,0,0,0,1,1,-27.392557,-51.165817,SPRF-SC,DEL07-SC,UOP06-DEL07-SC,2022
447067.0,2022-05-01,domingo,06:45:00,SC,282,3.0,FLORIANOPOLIS,Ingestão de álcool pelo condutor,Capotamento,Com Vítimas Feridas,Pleno dia,Crescente,Céu Claro,Dupla,Curva,Sim,3,0,1,2,0,0,3,1,-27.600384,-48.599705,SPRF-SC,DEL01-SC,UOP01-DEL01-SC,2022
447109.0,2022-05-01,domingo,10:15:00,SC,282,54.0,AGUAS MORNAS,Chuva,Capotamento,Com Vítimas Feridas,Pleno dia,Crescente,Chuva,Simples,Curva,Não,1,0,1,0,0,0,1,1,-27.685799,-48.974514,SPRF-SC,DEL01-SC,UOP03-DEL01-SC,2022