id,data_inversa,dia_semana,horario,uf,br,km,municipio,causa_acidente,tipo_acidente,classificacao_acidente,fase_dia,sentido_via,condicao_metereologica,tipo_pista,tracado_via,uso_solo,pessoas,mortos,feridos_leves,feridos_graves,ilesos,ignorados,feridos,veiculos,latitude,longitude,regional,delegacia,uop,ano_arquivo
447207.0,2022-05-01,domingo,21:40:00,SC,282,17.9,PALHOCA,Desrespeitar a preferência no cruzamento,Colisão transversal,Com Vítimas Feridas,Plena Noite,Crescente,Garoa/Chuvisco,Simples,Reta;Interseção de Vias,Sim,2,0,0,1,1,0,1,2,-27.665707,-48.688065,SPRF-SC,DEL01-SC,UOP02-DEL01-SC,2022
447251.0,2022-05-02,segunda-feira,00:00:00,SC,282,659.6,SAO MIGUEL DO OESTE,Ingestão de álcool pelo condutor,Colisão lateral sentido oposto,Com Vítimas Feridas,Plena Noite,Decrescente,Céu Claro,Simples,Reta,Não,3,0,2,1,0,0,3,2,-26.672712,-53.569472,SPRF-SC,DEL07-SC,UOP03-DEL07-SC,2022
447292.0,2022-05-02,segunda-feira,05:50:00,SC,282,3.5,FLORIANOPOLIS,Condutor Dormindo,Saída de leito carroçável,Sem Vítimas,Amanhecer,Decrescente,Chuva,Dupla,Reta,Sim,1,0,0,0,1,0,0,1,-27.600384,-48.599705,SPRF-SC,DEL01-SC,UOP01-DEL01-SC,2022
447309.0,2022-05-02,segunda-feira,09:00:00,SC,282,95.1,ALFREDO WAGNER,Acumulo de água sobre o pavimento,Saída de leito carroçável,Com Vítimas Feridas,Pleno dia,Decrescente,Chuva,Simples,Curva;Aclive,Não,1,0,0,1,0,0,1,1,-27.71188,-49.255035,SPRF-SC,DEL01-SC,UOP03-DEL01-SC,2022
447390.0,2022-05-02,segunda-feira,13:20:00,SC,282,628.0,IRACEMINHA,Chuva,Capotamento,Com Vítimas Feridas,Pleno dia,Crescente,Chuva,Simples,Declive,Não,3,0,3,0,0,0,3,1,-26.819224,-53.367052,SPRF-SC,DEL07-SC,UOP02-DEL07-SC,2022
447551.0,2022-05-03,terça-feira,10:15:00,SC,282,350.0,CAMPOS NOVOS,Demais falhas mecânicas ou elétricas,Saída de leito carroçável,Com Vítimas Feridas,Pleno dia,Crescente,Chuva,Simples,Curva,Não,1,0,1,0,0,0,1,1,-27.358767,-51.29229,SPRF-SC,DEL07-SC,UOP06-DEL07-SC,2022
447559.0,2022-05-03,terça-feira,14:00:00,SC,282,6.0,SAO JOSE,Acumulo de água sobre o pavimento,Queda de ocupante de veículo,Com Vítimas Feridas,Pleno dia,Crescente,Chuva,Múltipla,Curva,Sim,1,0,1,0,0,0,1,1,-27.591936,-48.618244,SPRF-SC,DEL01-SC,UOP01-DEL01-SC,2022
447673.0,2022-05-04,quarta-feira,08:00:00,SC,282,16.3,PALHOCA,Ultrapassagem Indevida,Colisão transversal,Com Vítimas Feridas,Pleno dia,Decrescente,Nublado,Simples,Reta,Não,2,0,1,0,1,0,1,2,-27.658611,-48.681847,SPRF-SC,DEL01-SC,UOP02-DEL01-SC,2022
447787.0,2022-05-04,quarta-feira,20:45:00,SC,282,503.0,XANXERE,Entrada inopinada do pedestre,Tombamento,Com Vítimas Feridas,Plena Noite,Crescente,Garoa/Chuvisco,Simples,Reta,Sim,1,0,1,0,0,0,1,1,-26.885909,-52.398463,SPRF-SC,DEL07-SC,UOP01-DEL07-SC,2022
447836.0,2022-05-05,quinta-feira,06:40:00,SC,282,72.0,RANCHO QUEIMADO,Acumulo de óleo sobre o pavimento,Colisão frontal,Com Vítimas Feridas,Pleno dia,Decrescente,Chuva,Simples,Curva;Declive,Não,2,0,2,0,0,0,2,2,-27.689093,-49.097748,SPRF-SC,DEL01-SC,UOP03-DEL01-SC,2022
447884.0,2022-05-05,quinta-feira,08:25:00,SC,480,128.0,CHAPECO,Carga excessiva e/ou mal acondicionada,Derramamento de carga,Com Vítimas Feridas,Pleno dia,Decrescente,Céu Claro,Dupla,Reta,Sim,4,0,1,0,3,0,1,4,-27.03274962,-52.63359368,SPRF-SC,DEL07-SC,UOP01-DEL07-SC,2022
448068.0,2022-05-06,sexta-feira,13:30:00,SC,282,4.5,FLORIANOPOLIS,Ingestão de álcool e/ou substâncias psicoativas pelo pedestre,Atropelamento de Pedestre,Com Vítimas Feridas,Pleno dia,Crescente,Céu Claro,Múltipla,Declive,Sim,2,0,0,1,1,0,1,2,-27.592646,-48.604034,SPRF-SC,DEL01-SC,UOP01-DEL01-SC,2022
448082.0,2022-05-06,sexta-feira,14:45:00,SC,282,347.2,CAMPOS NOVOS,Ultrapassagem Indevida,Colisão frontal,Com Vítimas Fatais,Pleno dia,Decrescente,Céu Claro,Simples,Reta,Não,3,1,0,1,0,1,1,3,-27.367279,-51.258452,SPRF-SC,DEL07-SC,UOP06-DEL07-SC,2022
448297.0,2022-05-07,sábado,10:55:00,SC,282,675.0,PARAISO,Ultrapassagem Indevida,Colisão transversal,Com Vítimas Feridas,Pleno dia,Decrescente,Céu Claro,Simples,Curva,Não,2,0,1,0,1,0,1,2,-26.6134,-53.677826,SPRF-SC,DEL07-SC,UOP03-DEL07-SC,2022
448438.0,2022-05-08,domingo,02:10:00,SC,282,219.2,LAGES,Ingestão de álcool pelo condutor,Colisão traseira,Sem Vítimas,Plena Noite,Decrescente,Céu Claro,Simples,Reta,Sim,4,0,0,0,4,0,0,2,-27.795521,-50.323608,SPRF-SC,DEL05-SC,UOP01-DEL05-SC,2022
448470.0,2022-05-08,domingo,06:20:00,SC,282,646.0,SAO MIGUEL DO OESTE,Ingestão de álcool pelo condutor,Colisão traseira,Sem Vítimas,Amanhecer,Crescente,Nevoeiro/Neblina,Simples,Rotatória,Sim,2,0,0,0,2,0,0,2,-26.7620665,-53.49933565,SPRF-SC,DEL07-SC,UOP03-DEL07-SC,2022
448483.0,2022-05-08,domingo,07:25:00,SC,282,541.3,CHAPECO,Acessar a via sem observar a presença dos outros veículos,Colisão transversal,Com Vítimas Feridas,Pleno dia,Crescente,Sol,Simples,Reta,Não,4,0,2,1,1,0,3,2,-26.997713,-52.699165,SPRF-SC,DEL07-SC,UOP01-DEL07-SC,2022
448556.0,2022-05-08,domingo,17:00:00,SC,282,356.0,CAMPOS NOVOS,Condutor deixou de manter distância do veículo da frente,Engavetamento,Sem Vítimas,Pleno dia,Decrescente,Céu Claro,Simples,Reta,Não,4,0,0,0,4,0,0,3,-27.342428,-51.340664,SPRF-SC,DEL07-SC,UOP05-DEL07-SC,2022
448648.0,2022-05-09,segunda-feira,00:50:00,SC,282,526.0,XAXIM,Ingestão de álcool e/ou substâncias psicoativas pelo pedestre,Saída de leito carroçável,Com Vítimas Feridas,Plena Noite,Crescente,Céu Claro,Simples,Curva,Não,1,0,1,0,0,0,1,1,-26.968869,-52.574087,SPRF-SC,DEL07-SC,UOP01-DEL07-SC,2022
448656.0,2022-05-09,segunda-feira,01:00:00,SC,282,674.0,PINHALZINHO,Ingestão de álcool pelo condutor,Colisão com objeto,Com Vítimas Feridas,Plena Noite,Decrescente,Nublado,Simples,Rotatória,Não,4,0,1,0,3,0,1,1,-26.82592819,-53.09208512,SPRF-SC,DEL07-SC,UOP03-DEL07-SC,2022
448926.0,2022-02-23,quarta-feira,16:05:00,SC,282,539.7,CHAPECO,Velocidade Incompatível,Colisão frontal,Com Vítimas Fatais,Pleno dia,Decrescente,Sol,Simples,Curva;Aclive,Não,3,2,0,1,0,0,1,2,-26.991355,-52.6814,SPRF-SC,DEL07-SC,UOP01-DEL07-SC,2022
448964.0,2022-05-10,terça-feira,13:50:00,SC,282,544.8,CHAPECO,Ultrapassagem Indevida,Colisão frontal,Com Vítimas Feridas,Pleno dia,Decrescente,Chuva,Simples,Reta,Não,2,0,0,1,1,0,1,2,-26.99643121,-52.72184372,SPRF-SC,DEL07-SC,UOP01-DEL07-SC,2022
448982.0,2022-05-10,terça-feira,13:35:00,SC,282,544.7,CHAPECO,Condutor deixou de manter distância do veículo da frente,Colisão traseira,Com Vítimas Feridas,Pleno dia,Crescente,Garoa/Chuvisco,Simples,Reta;Aclive,Não,7,0,1,0,6,0,1,2,-26.992517,-52.724781,SPRF-SC,DEL07-SC,UOP01-DEL07-SC,2022
449029.0,2022-05-10,terça-feira,20:10:00,SC,282,86.9,ALFREDO WAGNER,Velocidade Incompatível,Capotamento,Com Vítimas Feridas,Plena Noite,Decrescente,Chuva,Simples,Aclive;Curva,Não,1,0,1,0,0,0,1,1,-27.661551,-49.197906,SPRF-SC,DEL01-SC,UOP03-DEL01-SC,2022
449140.0,2022-02-14,segunda-feira,01:40:00,SC,282,640.7,DESCANSO,Ausência de reação do condutor,Saída de leito carroçável,Sem Vítimas,Plena Noite,Crescente,Céu Claro,Simples,Curva,Não,1,0,0,0,1,0,0,1,-26.788002,-53.458031,SPRF-SC,DEL07-SC,UOP03-DEL07-SC,2022
449197.0,2022-02-20,domingo,21:15:00,SC,282,461.5,PONTE SERRADA,Desrespeitar a preferência no cruzamento,Colisão transversal,Com Vítimas Feridas,Plena Noite,Decrescente,Céu Claro,Simples,Reta,Sim,2,0,1,0,1,0,1,2,-26.856403,-52.041328,SPRF-SC,DEL07-SC,UOP04-DEL07-SC,2022
449277.0,2022-05-07,sábado,05:00:00,SC,282,515.8,XAXIM,Ingestão de álcool pelo condutor,Saída de leito carroçável,Sem Vítimas,Amanhecer,Decrescente,Céu Claro,Simples,Reta,Não,1,0,0,0,1,0,0,1,-26.92977633,-52.49921367,SPRF-SC,DEL07-SC,UOP01-DEL07-SC,2022
449429.0,2022-05-12,quinta-feira,07:15:00,SC,282,567.0,NOVA ERECHIM,Neblina,Colisão lateral mesmo sentido,Com Vítimas Feridas,Pleno dia,Crescente,Nevoeiro/Neblina,Simples,Reta,Não,1,0,1,0,0,0,1,1,-26.904472,-52.907639,SPRF-SC,DEL07-SC,UOP02-DEL07-SC,2022
449432.0,2022-04-03,domingo,01:16:00,SC,282,35.0,AGUAS MORNAS,Animais na Pista,Colisão frontal,Com Vítimas Feridas,Plena Noite,Crescente,Chuva,Simples,Curva,Não,1,0,1,0,0,0,1,1,-27.702084,-48.826664,SPRF-SC,DEL01-SC,UOP03-DEL01-SC,2022
449477.0,2022-05-12,quinta-feira,19:00:00,SC,282,0.8,FLORIANOPOLIS,Condutor deixou de manter distância do veículo da frente,Colisão traseira,Com Vítimas Feridas,Plena Noite,Crescente,Nublado,Múltipla,Aclive,Sim,3,0,1,0,2,0,1,2,-27.59845,-48.571995,SPRF-SC,DEL01-SC,UOP01-DEL01-SC,2022
449537.0,2022-05-13,sexta-feira,05:00:00,SC,480,129.6,CHAPECO,Velocidade Incompatível,Colisão com objeto,Com Vítimas Feridas,Plena Noite,Decrescente,Nevoeiro/Neblina,Dupla,Reta,Sim,1,0,1,0,0,0,1,1,-27.051856,-52.635248,SPRF-SC,DEL07-SC,UOP01-DEL07-SC,2022
449575.0,2022-05-13,sexta-feira,08:00:00,SC,282,219.0,LAGES,Acessar a via sem observar a presença dos outros veículos,Colisão lateral mesmo sentido,Sem Vítimas,Pleno dia,Crescente,Nublado,Simples,Interseção de Vias,Sim,2,0,0,0,2,0,0,2,-27.795521,-50.323608,SPRF-SC,DEL05-SC,UOP01-DEL05-SC,2022
449616.0,2022-05-13,sexta-feira,14:28:00,SC,282,221.0,LAGES,Manobra de mudança de faixa,Colisão lateral mesmo sentido,Com Vítimas Feridas,Pleno dia,Crescente,Sol,Dupla,Aclive,Não,2,0,1,0,1,0,1,2,-27.7983308,-50.35702586,SPRF-SC,DEL05-SC,UOP01-DEL05-SC,2022
449658.0,2022-05-13,sexta-feira,18:30:00,SC,282,16.0,PALHOCA,Entrada inopinada do pedestre,Atropelamento de Pedestre,Com Vítimas Feridas,Plena Noite,Decrescente,Céu Claro,Simples,Reta,Não,2,0,1,0,1,0,1,2,-27.658611,-48.681847,SPRF-SC,DEL01-SC,UOP02-DEL01-SC,2022
449691.0,2022-05-13,sexta-feira,19:30:00,SC,282,516.8,XAXIM,Retorno proibido,Saída de leito carroçável,Sem Vítimas,Plena Noite,Decrescente,Céu Claro,Simples,Curva,Não,1,0,0,0,1,0,0,1,-26.930862,-52.499157,SPRF-SC,DEL07-SC,UOP01-DEL07-SC,2022
449698.0,2022-05-13,sexta-feira,22:05:00,SC,282,2.0,FLORIANOPOLIS,Condutor deixou de manter distância do veículo da frente,Colisão lateral mesmo sentido,Com Vítimas Feridas,Plena Noite,Crescente,Céu Claro,Dupla,Reta,Sim,2,0,1,0,1,0,1,2,-27.6032464,-48.58860254,SPRF-SC,DEL01-SC,UOP01-DEL01-SC,2022
449743.0,2022-05-13,sexta-feira,17:30:00,SC,282,64.7,RANCHO QUEIMADO,Demais falhas mecânicas ou elétricas,Saída de leito carroçável,Com Vítimas Feridas,Anoitecer,Crescente,Céu Claro,Simples,Curva,Não,1,0,0,1,0,0,1,1,-27.696323,-49.052456,SPRF-SC,DEL01-SC,UOP03-DEL01-SC,2022
449796.0,2022-05-14,sábado,11:20:00,SC,282,4.5,SAO JOSE,Reação tardia ou ineficiente do condutor,Colisão frontal,Com Vítimas Feridas,Pleno dia,Crescente,Céu Claro,Dupla,Reta,Sim,3,0,0,1,2,0,1,2,-27.592646,-48.604034,SPRF-SC,DEL01-SC,UOP01-DEL01-SC,2022
449809.0,2022-03-31,quinta-feira,07:40:00,SC,480,130.2,CHAPECO,Ausência de reação do condutor,Engavetamento,Com Vítimas Feridas,Pleno dia,Decrescente,Céu Claro,Simples,Reta,Não,4,0,1,0,3,0,1,4,-27.05534298,-52.63652069,SPRF-SC,DEL07-SC,UOP01-DEL07-SC,2022
449892.0,2022-05-14,sábado,18:55:00,SC,282,524.0,XAXIM,Velocidade Incompatível,Capotamento,Sem Vítimas,Plena Noite,Crescente,Chuva,Simples,Curva,Não,1,0,0,0,1,0,0,1,-26.965002,-52.557384,SPRF-SC,DEL07-SC,UOP01-DEL07-SC,2022
450180.0,2022-05-16,segunda-feira,00:11:00,SC,282,444.0,PONTE SERRADA,Demais falhas mecânicas ou elétricas,Incêndio,Sem Vítimas,Plena Noite,Crescente,Chuva,Simples,Reta,Não,1,0,0,0,1,0,0,1,-26.915865,-51.901859,SPRF-SC,DEL07-SC,UOP04-DEL07-SC,2022
450210.0,2022-05-16,segunda-feira,07:10:00,SC,282,539.9,CHAPECO,Velocidade Incompatível,Saída de leito carroçável,Sem Vítimas,Amanhecer,Crescente,Céu Claro,Simples,Curva,Não,1,0,0,0,1,0,0,1,-26.993254,-52.681767,SPRF-SC,DEL07-SC,UOP01-DEL07-SC,2022
450280.0,2022-05-16,segunda-feira,14:30:00,SC,480,126.3,CHAPECO,Velocidade Incompatível,Colisão com objeto,Sem Vítimas,Pleno dia,Crescente,Sol,Simples,Interseção de Vias,Sim,1,0,0,0,1,0,0,1,-27.020083,-52.636024,SPRF-SC,DEL07-SC,UOP01-DEL07-SC,2022
450487.0,2022-05-17,terça-feira,19:30:00,SC,282,218.0,LAGES,Acessar a via sem observar a presença dos outros veículos,Colisão lateral mesmo sentido,Sem Vítimas,Plena Noite,Crescente,Chuva,Dupla,Reta,Não,2,0,0,0,2,0,0,2,-27.797235,-50.31361,SPRF-SC,DEL05-SC,UOP01-DEL05-SC,2022
450596.0,2022-05-18,quarta-feira,17:10:00,SC,282,192.2,LAGES,Ultrapassagem Indevida,Colisão lateral sentido oposto,Com Vítimas Feridas,Pleno dia,Decrescente,Garoa/Chuvisco,Simples,Aclive;Reta,Não,4,0,1,0,3,0,1,2,-27.743328,-50.0575792,SPRF-SC,DEL05-SC,UOP01-DEL05-SC,2022
450789.0,2022-05-19,quinta-feira,20:25:00,SC,282,4.7,SAO JOSE,Condutor Dormindo,Tombamento,Com Vítimas Feridas,Plena Noite,Decrescente,Céu Claro,Múltipla,Reta,Sim,1,0,1,0,0,0,1,1,-27.592646,-48.604034,SPRF-SC,DEL01-SC,UOP01-DEL01-SC,2022
450796.0,2022-05-19,quinta-feira,15:00:00,SC,282,526.0,XAXIM,Velocidade Incompatível,Saída de leito carroçável,Sem Vítimas,Pleno dia,Crescente,Céu Claro,Simples,Curva,Não,1,0,0,0,0,1,0,1,-26.96910429,-52.57435441,SPRF-SC,DEL07-SC,UOP01-DEL07-SC,2022
450905.0,2022-05-20,sexta-feira,07:30:00,SC,282,341.8,CAMPOS NOVOS,Acessar a via sem observar a presença dos outros veículos,Colisão transversal,Com Vítimas Feridas,Amanhecer,Decrescente,Céu Claro,Simples,Reta,Sim,2,0,0,1,1,0,1,2,-27.389957,-51.213387,SPRF-SC,DEL07-SC,UOP06-DEL07-SC,2022
451120.0,2022-05-21,sábado,10:25:00,SC,282,534.8,CHAPECO,Acessar a via sem observar a presença dos outros veículos,Colisão transversal,Com Vítimas Feridas,Pleno dia,Crescente,Céu Claro,Simples,Reta,Não,3,0,2,0,1,0,2,3,-26.99755642,-52.64218748,SPRF-SC,DEL07-SC,UOP01-DEL07-SC,2022
451229.0,2022-05-21,sábado,20:20:00,SC,282,259.0,SAO JOSE DO CERRITO,Velocidade Incompatível,Saída de leito carroçável,Sem Vítimas,Plena Noite,Decrescente,Céu Claro,Simples,Curva,Sim,1,0,0,0,1,0,0,1,-27.653334,-50.59449,SPRF-SC,DEL05-SC,UOP02-DEL05-SC,2022
451335.0,2022-05-22,domingo,09:00:00,SC,282,494.0,XANXERE,Velocidade Incompatível,Saída de leito carroçável,Com Vítimas Feridas,Pleno dia,Crescente,Céu Claro,Simples,Reta,Não,1,0,1,0,0,0,1,1,-26.87149,-52.318768,SPRF-SC,DEL07-SC,UOP01-DEL07-SC,2022
451423.0,2022-05-22,domingo,19:40:00,SC,282,580.1,PINHALZINHO,Condutor deixou de manter distância do veículo da frente,Colisão traseira,Sem Vítimas,Plena Noite,Decrescente,Ignorado,Simples,Reta,Sim,2,0,0,0,1,1,0,2,-26.832148,-52.994308,SPRF-SC,DEL07-SC,UOP02-DEL07-SC,2022
451454.0,2022-05-23,segunda-feira,01:05:00,SC,480,128.0,CHAPECO,Ingestão de álcool pelo condutor,Capotamento,Sem Vítimas,Plena Noite,Crescente,Céu Claro,Simples,Aclive,Sim,2,0,0,0,2,0,0,1,-27.03781899,-52.63432603,SPRF-SC,DEL07-SC,UOP01-DEL07-SC,2022
451480.0,2022-05-23,segunda-feira,07:45:00,SC,480,131.0,CHAPECO,Acumulo de óleo sobre o pavimento,Tombamento,Com Vítimas Feridas,Pleno dia,Decrescente,Céu Claro,Dupla,Rotatória,Não,1,0,1,0,0,0,1,1,-27.06314223,-52.63234636,SPRF-SC,DEL07-SC,UOP01-DEL07-SC,2022
451520.0,2022-05-23,segunda-feira,10:40:00,SC,282,16.4,PALHOCA,Acessar a via sem observar a presença dos outros veículos,Colisão transversal,Com Vítimas Feridas,Pleno dia,Crescente,Céu Claro,Simples,Interseção de Vias,Sim,3,0,2,0,1,0,2,2,-27.658611,-48.681847,SPRF-SC,DEL01-SC,UOP02-DEL01-SC,2022
451729.0,2022-05-24,terça-feira,13:55:00,SC,282,6.0,SAO JOSE,Ausência de reação do condutor,Colisão traseira,Com Vítimas Feridas,Pleno dia,Decrescente,Céu Claro,Dupla,Curva,Sim,2,0,1,0,1,0,1,2,-27.591936,-48.618244,SPRF-SC,DEL01-SC,UOP01-DEL01-SC,2022
451794.0,2022-05-18,quarta-feira,23:25:00,SC,282,572.3,NOVA ERECHIM,Velocidade Incompatível,Saída de leito carroçável,Com Vítimas Fatais,Plena Noite,Crescente,Garoa/Chuvisco,Simples,Reta,Não,2,1,0,1,0,0,1,1,-26.8836558,-52.938528,SPRF-SC,DEL07-SC,UOP02-DEL07-SC,2022
451961.0,2022-05-25,quarta-feira,18:25:00,SC,282,16.7,PALHOCA,Trafegar com motocicleta (ou similar) entre as faixas,Colisão transversal,Com Vítimas Feridas,Plena Noite,Crescente,Céu Claro,Simples,Interseção de Vias,Sim,2,0,1,0,1,0,1,2,-27.658611,-48.681847,SPRF-SC,DEL01-SC,UOP02-DEL01-SC,2022
451988.0,2022-05-25,quarta-feira,19:50:00,SC,282,16.2,PALHOCA,Ultrapassagem Indevida,Colisão transversal,Com Vítimas Feridas,Plena Noite,Decrescente,Céu Claro,Simples,Interseção de Vias;Reta,Sim,3,0,0,2,1,0,2,2,-27.66107954,-48.68394267,SPRF-SC,DEL01-SC,UOP02-DEL01-SC,2022
452333.0,2022-05-27,sexta-feira,17:15:00,SC,282,22.4,SANTO AMARO DA IMPERATRIZ,Velocidade Incompatível,Colisão transversal,Com Vítimas Feridas,Anoitecer,Decrescente,Chuva,Simples,Reta,Sim,3,0,1,0,1,1,1,3,-27.688507,-48.72739,SPRF-SC,DEL01-SC,UOP02-DEL01-SC,2022
452339.0,2022-05-27,sexta-feira,17:30:00,SC,282,4.6,SAO JOSE,Trafegar com motocicleta (ou similar) entre as faixas,Colisão lateral mesmo sentido,Com Vítimas Feridas,Anoitecer,Crescente,Garoa/Chuvisco,Múltipla,Reta,Não,2,0,1,0,1,0,1,2,-27.592646,-48.604034,SPRF-SC,DEL01-SC,UOP01-DEL01-SC,2022
452460.0,2022-05-28,sábado,02:10:00,SC,282,308.0,VARGEM,Curva acentuada,Saída de leito carroçável,Com Vítimas Feridas,Plena Noite,Crescente,Nublado,Simples,Curva,Não,1,0,1,0,0,0,1,1,-27.49292,-50.971973,SPRF-SC,DEL07-SC,UOP06-DEL07-SC,2022
452481.0,2022-05-28,sábado,07:30:00,SC,282,631.7,DESCANSO,Chuva,Saída de leito carroçável,Com Vítimas Feridas,Pleno dia,Decrescente,Chuva,Simples,Curva,Não,1,0,1,0,0,0,1,1,-26.82564097,-53.40376854,SPRF-SC,DEL07-SC,UOP03-DEL07-SC,2022
452571.0,2022-05-28,sábado,19:50:00,SC,282,46.0,AGUAS MORNAS,Ultrapassagem Indevida,Saída de leito carroçável,Com Vítimas Feridas,Plena Noite,Decrescente,Chuva,Simples,Curva,Não,1,0,1,0,0,0,1,1,-27.721041,-48.925152,SPRF-SC,DEL01-SC,UOP03-DEL01-SC,2022
452660.0,2022-05-29,domingo,00:30:00,SC,282,460.0,PONTE SERRADA,Ingestão de álcool pelo condutor,Colisão frontal,Com Vítimas Feridas,Plena Noite,Decrescente,Chuva,Simples,Reta,Sim,4,0,2,0,2,0,2,2,-26.856062,-52.03215,SPRF-SC,DEL07-SC,UOP04-DEL07-SC,2022
452668.0,2022-05-29,domingo,04:00:00,SC,282,400.8,JOACABA,Condutor Dormindo,Saída de leito carroçável,Sem Vítimas,Plena Noite,Crescente,Chuva,Simples,Curva,Não,1,0,0,0,1,0,0,1,-27.132223,-51.627563,SPRF-SC,DEL07-SC,UOP05-DEL07-SC,2022
452753.0,2022-05-29,domingo,15:00:00,SC,282,68.0,RANCHO QUEIMADO,Velocidade Incompatível,Saída de leito carroçável,Com Vítimas Feridas,Pleno dia,Decrescente,Chuva,Simples,Curva,Não,2,0,2,0,0,0,2,1,-27.692406,-49.075939,SPRF-SC,DEL01-SC,UOP03-DEL01-SC,2022
452794.0,2022-05-29,domingo,10:15:00,SC,282,374.5,ERVAL VELHO,Acumulo de água sobre o pavimento,Tombamento,Sem Vítimas,Pleno dia,Crescente,Chuva,Simples,Curva,Não,5,0,0,0,5,0,0,1,-27.268663,-51.443768,SPRF-SC,DEL07-SC,UOP05-DEL07-SC,2022
452867.0,2022-05-30,segunda-feira,03:30:00,SC,282,586.9,PINHALZINHO,Reação tardia ou ineficiente do condutor,Colisão com objeto,Sem Vítimas,Plena Noite,Crescente,Nevoeiro/Neblina,Simples,Curva,Não,1,0,0,0,0,1,0,1,-26.832605,-53.03474,SPRF-SC,DEL07-SC,UOP02-DEL07-SC,2022
452984.0,2022-05-30,segunda-feira,07:00:00,SC,282,604.8,MARAVILHA,Condutor deixou de manter distância do veículo da frente,Colisão transversal,Com Vítimas Feridas,Pleno dia,Decrescente,Garoa/Chuvisco,Simples,Reta,Não,2,0,1,0,1,0,1,2,-26.795523,-53.192974,SPRF-SC,DEL07-SC,UOP02-DEL07-SC,2022
453043.0,2022-05-30,segunda-feira,22:50:00,SC,282,520.5,XAXIM,Falta de acostamento,Saída de leito carroçável,Com Vítimas Feridas,Plena Noite,Crescente,Nublado,Simples,Rotatória,Sim,1,0,1,0,0,0,1,1,-26.950415,-52.526096,SPRF-SC,DEL07-SC,UOP01-DEL07-SC,2022
453312.0,2022-06-01,quarta-feira,17:00:00,SC,282,519.5,XAXIM,Conversão proibida,Colisão traseira,Com Vítimas Feridas,Pleno dia,Crescente,Chuva,Simples,Declive,Sim,2,0,0,1,1,0,1,2,-26.947527,-52.517536,SPRF-SC,DEL07-SC,UOP01-DEL07-SC,2022
453319.0,2022-06-01,quarta-feira,17:45:00,SC,282,2.5,FLORIANOPOLIS,Chuva,Queda de ocupante de veículo,Com Vítimas Feridas,Pleno dia,Decrescente,Chuva,Simples,Reta,Sim,1,0,1,0,0,0,1,1,-27.603289,-48.590416,SPRF-SC,DEL01-SC,UOP01-DEL01-SC,2022
453349.0,2022-04-02,sábado,14:15:00,SC,282,607.0,MARAVILHA,Ausência de reação do condutor,Colisão traseira,Com Vítimas Feridas,Pleno dia,Crescente,Céu Claro,Simples,Reta,Sim,2,0,1,0,1,0,1,2,-26.772648,-53.2062,SPRF-SC,DEL07-SC,UOP02-DEL07-SC,2022
453351.0,2022-06-01,quarta-feira,16:20:00,SC,282,276.9,SAO JOSE DO CERRITO,Reação tardia ou ineficiente do condutor,Saída de leito carroçável,Com Vítimas Feridas,Pleno dia,Decrescente,Chuva,Simples,Curva,Não,1,0,1,0,0,0,1,1,-27.602106,-50.727554,SPRF-SC,DEL05-SC,UOP02-DEL05-SC,2022
453366.0,2022-06-01,quarta-feira,18:05:00,SC,480,126.1,CHAPECO,Manobra de mudança de faixa,Colisão lateral mesmo sentido,Com Vítimas Feridas,Plena Noite,Decrescente,Chuva,Dupla,Reta;Aclive,Não,3,0,1,0,0,2,1,3,-27.020083,-52.636024,SPRF-SC,DEL07-SC,UOP01-DEL07-SC,2022
453393.0,2022-06-02,quinta-feira,00:15:00,SC,282,523.1,XAXIM,Demais Fenômenos da natureza,Eventos atípicos,Com Vítimas Feridas,Plena Noite,Crescente,Chuva,Simples,Curva,Não,1,0,0,1,0,0,1,1,-26.963167,-52.549155,SPRF-SC,DEL07-SC,UOP01-DEL07-SC,2022
453397.0,2022-06-02,quinta-feira,05:45:00,SC,282,6.0,SAO JOSE,Pista Escorregadia,Saída de leito carroçável,Sem Vítimas,Amanhecer,Decrescente,Nublado,Dupla,Curva,Não,1,0,0,0,0,1,0,1,-27.58544663,-48.61787081,SPRF-SC,DEL01-SC,UOP01-DEL01-SC,2022
453409.0,2022-06-02,quinta-feira,06:50:00,SC,282,16.5,PALHOCA,Transitar no acostamento,Colisão transversal,Com Vítimas Feridas,Pleno dia,Decrescente,Nublado,Simples,Interseção de Vias,Sim,2,0,0,1,1,0,1,2,-27.658611,-48.681847,SPRF-SC,DEL01-SC,UOP02-DEL01-SC,2022
453659.0,2022-06-03,sexta-feira,12:15:00,SC,282,515.2,XAXIM,Condutor deixou de manter distância do veículo da frente,Colisão traseira,Com Vítimas Feridas,Pleno dia,Crescente,Nublado,Simples,Reta,Não,3,0,1,0,2,0,1,2,-26.922623,-52.496132,SPRF-SC,DEL07-SC,UOP01-DEL07-SC,2022
453743.0,2022-06-03,sexta-feira,17:50:00,SC,282,535.0,CHAPECO,Manobra de mudança de faixa,Colisão lateral mesmo sentido,Com Vítimas Feridas,Plena Noite,Decrescente,Nublado,Dupla,Reta,Não,3,0,0,1,2,0,1,3,-26.998245,-52.643768,SPRF-SC,DEL07-SC,UOP01-DEL07-SC,2022