id,data_inversa,dia_semana,horario,uf,br,km,municipio,causa_acidente,tipo_acidente,classificacao_acidente,fase_dia,sentido_via,condicao_metereologica,tipo_pista,tracado_via,uso_solo,pessoas,mortos,feridos_leves,feridos_graves,ilesos,ignorados,feridos,veiculos,latitude,longitude,regional,delegacia,uop,ano_arquivo
458875.0,2022-06-30,quinta-feira,19:25:00,SC,282,562.5,NOVA ERECHIM,Ausência de reação do condutor,Saída de leito carroçável,Com Vítimas Feridas,Plena Noite,Crescente,Céu Claro,Simples,Curva,Não,1,0,1,0,0,0,1,1,-26.911108,-52.865475,SPRF-SC,DEL07-SC,UOP02-DEL07-SC,2022
458918.0,2022-06-30,quinta-feira,21:00:00,SC,282,133.0,BOM RETIRO,Ausência de reação do condutor,Colisão traseira,Com Vítimas Feridas,Plena Noite,Decrescente,Céu Claro,Simples,Curva,Não,2,0,1,1,0,0,2,1,-27.807491,-49.532272,SPRF-SC,DEL05-SC,UOP01-DEL05-SC,2022
459011.0,2022-07-01,sexta-feira,08:40:00,SC,282,448.8,PONTE SERRADA,Pista esburacada,Capotamento,Com Vítimas Feridas,Pleno dia,Crescente,Sol,Simples,Reta,Não,2,0,2,0,0,0,2,1,-26.919491,-51.933693,SPRF-SC,DEL07-SC,UOP04-DEL07-SC,2022
459013.0,2022-07-01,sexta-feira,12:00:00,SC,282,461.5,PONTE SERRADA,Acessar a via sem observar a presença dos outros veículos,Colisão transversal,Com Vítimas Feridas,Pleno dia,Crescente,Céu Claro,Simples,Interseção de Vias;Reta,Sim,2,0,2,0,0,0,2,2,-26.86641989,-52.0227313,SPRF-SC,DEL07-SC,UOP04-DEL07-SC,2022
459029.0,2022-07-01,sexta-feira,16:05:00,SC,282,610.0,MARAVILHA,Acessar a via sem observar a presença dos outros veículos,Colisão transversal,Sem Vítimas,Pleno dia,Decrescente,Céu Claro,Simples,Curva;Aclive,Não,2,0,0,0,2,0,0,2,-26.756321,-53.230247,SPRF-SC,DEL07-SC,UOP02-DEL07-SC,2022
459062.0,2022-07-01,sexta-feira,18:45:00,SC,282,3.5,FLORIANOPOLIS,Condutor deixou de manter distância do veículo da frente,Colisão traseira,Com Vítimas Feridas,Plena Noite,Crescente,Céu Claro,Múltipla,Reta,Sim,2,0,1,0,1,0,1,2,-27.600384,-48.599705,SPRF-SC,DEL01-SC,UOP01-DEL01-SC,2022
459119.0,2022-07-01,sexta-feira,23:40:00,SC,282,530.0,CORDILHEIRA ALTA,Desrespeitar a preferência no cruzamento,Colisão transversal,Com Vítimas Feridas,Plena Noite,Crescente,Céu Claro,Simples,Reta,Não,2,0,1,0,1,0,1,2,-26.986555,-52.60524,SPRF-SC,DEL07-SC,UOP01-DEL07-SC,2022
459133.0,2022-07-02,sábado,03:30:00,SC,282,57.0,RANCHO QUEIMADO,Condutor Dormindo,Saída de leito carroçável,Sem Vítimas,Plena Noite,Decrescente,Céu Claro,Simples,Curva,Não,1,0,0,0,1,0,0,1,-27.688864,-48.998455,SPRF-SC,DEL01-SC,UOP03-DEL01-SC,2022
459326.0,2022-07-02,sábado,20:20:00,SC,282,581.0,PINHALZINHO,Reação tardia ou ineficiente do condutor,Colisão traseira,Com Vítimas Feridas,Pleno dia,Decrescente,Céu Claro,Simples,Reta,Sim,3,0,0,1,2,0,1,2,-26.83086838,-52.99587965,SPRF-SC,DEL07-SC,UOP02-DEL07-SC,2022
459327.0,2022-07-02,sábado,17:46:00,SC,282,90.0,ALFREDO WAGNER,Velocidade Incompatível,Colisão frontal,Com Vítimas Fatais,Anoitecer,Crescente,Céu Claro,Simples,Reta,Não,4,1,0,3,0,0,3,2,-27.683796,-49.222366,SPRF-SC,DEL01-SC,UOP03-DEL01-SC,2022
459352.0,2022-07-02,sábado,22:50:00,SC,282,219.0,LAGES,Ingestão de álcool pelo condutor,Colisão traseira,Sem Vítimas,Plena Noite,Crescente,Céu Claro,Simples,Reta,Não,2,0,0,0,2,0,0,2,-27.795521,-50.323608,SPRF-SC,DEL05-SC,UOP01-DEL05-SC,2022
459378.0,2022-07-03,domingo,01:40:00,SC,282,587.0,PINHALZINHO,Reação tardia ou ineficiente do condutor,Saída de leito carroçável,Com Vítimas Feridas,Plena Noite,Decrescente,Céu Claro,Simples,Curva,Não,2,0,2,0,0,0,2,1,-26.830677,-53.04443,SPRF-SC,DEL07-SC,UOP02-DEL07-SC,2022
459379.0,2022-07-03,domingo,03:50:00,SC,282,574.3,PINHALZINHO,Velocidade Incompatível,Saída de leito carroçável,Com Vítimas Feridas,Plena Noite,Decrescente,Nublado,Simples,Rotatória,Não,1,0,1,0,0,0,1,1,-26.87445907,-52.95457363,SPRF-SC,DEL07-SC,UOP02-DEL07-SC,2022
459476.0,2022-07-03,domingo,16:20:00,SC,282,6.0,SAO JOSE,Ingestão de substâncias psicoativas pelo condutor,Saída de leito carroçável,Com Vítimas Feridas,Pleno dia,Crescente,Céu Claro,Dupla,Reta,Sim,1,0,0,1,0,0,1,1,-27.591936,-48.618244,SPRF-SC,DEL01-SC,UOP01-DEL01-SC,2022
459481.0,2022-07-03,domingo,17:05:00,SC,282,472.5,PONTE SERRADA,Reação tardia ou ineficiente do condutor,Saída de leito carroçável,Com Vítimas Feridas,Pleno dia,Decrescente,Céu Claro,Simples,Reta,Não,2,0,1,0,1,0,1,1,-26.86225652,-52.12073922,SPRF-SC,DEL07-SC,UOP01-DEL07-SC,2022
459547.0,2022-07-03,domingo,21:52:00,SC,282,222.0,LAGES,Reação tardia ou ineficiente do condutor,Colisão com objeto,Sem Vítimas,Plena Noite,Decrescente,Céu Claro,Simples,Reta,Não,1,0,0,0,0,1,0,1,-27.797739,-50.353409,SPRF-SC,DEL05-SC,UOP01-DEL05-SC,2022
459613.0,2022-07-04,segunda-feira,07:15:00,SC,282,221.0,LAGES,Pista Escorregadia,Saída de leito carroçável,Com Vítimas Feridas,Pleno dia,Crescente,Nevoeiro/Neblina,Simples,Aclive;Curva,Sim,1,0,1,0,0,0,1,1,-27.796358,-50.343426,SPRF-SC,DEL05-SC,UOP01-DEL05-SC,2022
459637.0,2022-07-04,segunda-feira,07:00:00,SC,282,532.5,CORDILHEIRA ALTA,Objeto estático sobre o leito carroçável,Colisão com objeto,Sem Vítimas,Pleno dia,Crescente,Céu Claro,Simples,Curva,Não,3,0,0,0,2,1,0,2,-26.996822,-52.615528,SPRF-SC,DEL07-SC,UOP01-DEL07-SC,2022
459765.0,2022-07-05,terça-feira,02:15:00,SC,282,612.0,MARAVILHA,Condutor Dormindo,Colisão com objeto,Com Vítimas Feridas,Plena Noite,Crescente,Céu Claro,Múltipla,Curva,Não,1,0,1,0,0,0,1,1,-26.75906,-53.248955,SPRF-SC,DEL07-SC,UOP02-DEL07-SC,2022
459811.0,2022-07-05,terça-feira,08:40:00,SC,282,2.6,FLORIANOPOLIS,Condutor deixou de manter distância do veículo da frente,Colisão traseira,Com Vítimas Feridas,Pleno dia,Decrescente,Céu Claro,Múltipla,Reta,Sim,4,0,2,0,2,0,2,3,-27.603289,-48.590416,SPRF-SC,DEL01-SC,UOP01-DEL01-SC,2022
459955.0,2022-07-06,quarta-feira,06:50:00,SC,282,531.5,CORDILHEIRA ALTA,Ausência de reação do condutor,Colisão traseira,Com Vítimas Feridas,Pleno dia,Crescente,Céu Claro,Simples,Retorno Regulamentado,Sim,3,0,0,1,2,0,1,2,-26.990747,-52.609776,SPRF-SC,DEL07-SC,UOP01-DEL07-SC,2022
460315.0,2022-07-08,sexta-feira,00:50:00,SC,282,22.0,SANTO AMARO DA IMPERATRIZ,Ausência de reação do condutor,Queda de ocupante de veículo,Com Vítimas Feridas,Plena Noite,Decrescente,Nublado,Simples,Reta,Sim,1,0,1,0,0,0,1,1,-27.688507,-48.72739,SPRF-SC,DEL01-SC,UOP02-DEL01-SC,2022
460410.0,2022-07-08,sexta-feira,09:45:00,SC,282,64.4,RANCHO QUEIMADO,Velocidade Incompatível,Tombamento,Com Vítimas Feridas,Pleno dia,Crescente,Céu Claro,Simples,Curva,Não,2,0,0,2,0,0,2,2,-27.696323,-49.052456,SPRF-SC,DEL01-SC,UOP03-DEL01-SC,2022
460508.0,2022-07-08,sexta-feira,19:20:00,SC,282,386.8,JOACABA,Manobra de mudança de faixa,Colisão transversal,Com Vítimas Feridas,Plena Noite,Decrescente,Céu Claro,Simples,Reta,Não,2,0,1,0,1,0,1,2,-27.19447799,-51.51595473,SPRF-SC,DEL07-SC,UOP05-DEL07-SC,2022
460589.0,2022-07-09,sábado,06:10:00,SC,282,516.2,XANXERE,Reação tardia ou ineficiente do condutor,Saída de leito carroçável,Com Vítimas Feridas,Plena Noite,Crescente,Céu Claro,Simples,Curva,Não,1,0,1,0,0,0,1,1,-26.930862,-52.499157,SPRF-SC,DEL07-SC,UOP01-DEL07-SC,2022
460653.0,2022-07-09,sábado,11:00:00,SC,282,3.8,SAO JOSE,Demais falhas mecânicas ou elétricas,Incêndio,Sem Vítimas,Pleno dia,Crescente,Céu Claro,Múltipla,Reta,Sim,1,0,0,0,1,0,0,1,-27.600384,-48.599705,SPRF-SC,DEL01-SC,UOP01-DEL01-SC,2022
460677.0,2022-07-09,sábado,13:05:00,SC,282,516.1,XAXIM,Reação tardia ou ineficiente do condutor,Saída de leito carroçável,Com Vítimas Feridas,Pleno dia,Crescente,Céu Claro,Simples,Curva,Não,1,0,1,0,0,0,1,1,-26.930862,-52.499157,SPRF-SC,DEL07-SC,UOP01-DEL07-SC,2022
460772.0,2022-07-09,sábado,18:40:00,SC,282,527.6,CORDILHEIRA ALTA,Ausência de reação do condutor,Saída de leito carroçável,Com Vítimas Feridas,Plena Noite,Crescente,Céu Claro,Simples,Reta,Não,1,0,0,1,0,0,1,1,-26.973196,-52.583321,SPRF-SC,DEL07-SC,UOP01-DEL07-SC,2022
460808.0,2022-07-10,domingo,03:20:00,SC,282,1.6,FLORIANOPOLIS,Condutor deixou de manter distância do veículo da frente,Queda de ocupante de veículo,Com Vítimas Feridas,Plena Noite,Decrescente,Céu Claro,Dupla,Reta,Sim,2,0,1,0,0,1,1,2,-27.602955,-48.580509,SPRF-SC,DEL01-SC,UOP01-DEL01-SC,2022
460946.0,2022-07-10,domingo,18:00:00,SC,282,89.4,ALFREDO WAGNER,Velocidade Incompatível,Saída de leito carroçável,Com Vítimas Feridas,Anoitecer,Decrescente,Céu Claro,Simples,Curva,Não,2,0,0,2,0,0,2,1,-27.677973,-49.215893,SPRF-SC,DEL01-SC,UOP03-DEL01-SC,2022
461108.0,2022-07-11,segunda-feira,04:00:00,SC,282,578.1,PINHALZINHO,Manobra de mudança de faixa,Colisão transversal,Sem Vítimas,Plena Noite,Decrescente,Céu Claro,Simples,Curva,Não,2,0,0,0,2,0,0,2,-26.838364,-52.985279,SPRF-SC,DEL07-SC,UOP02-DEL07-SC,2022
461135.0,2022-07-10,domingo,06:20:00,SC,282,538.7,CHAPECO,Reação tardia ou ineficiente do condutor,Saída de leito carroçável,Com Vítimas Feridas,Pleno dia,Decrescente,Céu Claro,Simples,Curva,Não,2,0,1,0,1,0,1,1,-26.998323,-52.673199,SPRF-SC,DEL07-SC,UOP01-DEL07-SC,2022
461200.0,2022-07-11,segunda-feira,10:50:00,SC,282,3.0,SAO JOSE,Reação tardia ou ineficiente do condutor,Engavetamento,Com Vítimas Feridas,Pleno dia,Decrescente,Céu Claro,Múltipla,Reta,Não,3,0,0,1,2,0,1,3,-27.600384,-48.599705,SPRF-SC,DEL01-SC,UOP01-DEL01-SC,2022
461201.0,2022-07-11,segunda-feira,23:55:00,SC,282,46.1,AGUAS MORNAS,Velocidade Incompatível,Saída de leito carroçável,Com Vítimas Fatais,Plena Noite,Decrescente,Céu Claro,Simples,Curva;Declive,Não,2,1,1,0,0,0,1,1,-27.721275,-48.927605,SPRF-SC,DEL01-SC,UOP03-DEL01-SC,2022
461396.0,2022-07-13,quarta-feira,06:50:00,SC,282,535.0,CHAPECO,Velocidade Incompatível,Saída de leito carroçável,Sem Vítimas,Pleno dia,Decrescente,Nublado,Dupla,Rotatória;Interseção de Vias;Reta,Não,1,0,0,0,0,1,0,1,-26.99926087,-52.64588356,SPRF-SC,DEL07-SC,UOP01-DEL07-SC,2022
461467.0,2022-07-13,quarta-feira,13:40:00,SC,282,16.0,PALHOCA,Acessar a via sem observar a presença dos outros veículos,Colisão transversal,Com Vítimas Feridas,Pleno dia,Crescente,Nublado,Simples,Reta,Sim,2,0,1,0,1,0,1,2,-27.658611,-48.681847,SPRF-SC,DEL01-SC,UOP02-DEL01-SC,2022
461574.0,2022-07-14,quinta-feira,06:45:00,SC,480,127.8,CHAPECO,Ausência de reação do condutor,Colisão transversal,Com Vítimas Feridas,Amanhecer,Crescente,Garoa/Chuvisco,Simples,Interseção de Vias,Sim,2,0,1,0,1,0,1,2,-27.02885905,-52.63380035,SPRF-SC,DEL07-SC,UOP01-DEL07-SC,2022
461625.0,2022-07-14,quinta-feira,08:10:00,SC,282,21.4,SANTO AMARO DA IMPERATRIZ,Frear bruscamente,Queda de ocupante de veículo,Com Vítimas Feridas,Pleno dia,Decrescente,Chuva,Simples,Reta,Não,2,0,1,0,0,1,1,2,-27.68907,-48.717541,SPRF-SC,DEL01-SC,UOP02-DEL01-SC,2022
461644.0,2022-07-14,quinta-feira,13:40:00,SC,282,64.6,RANCHO QUEIMADO,Chuva,Tombamento,Com Vítimas Feridas,Pleno dia,Crescente,Chuva,Simples,Curva,Não,1,0,1,0,0,0,1,1,-27.696323,-49.052456,SPRF-SC,DEL01-SC,UOP03-DEL01-SC,2022
461688.0,2022-07-14,quinta-feira,15:30:00,SC,282,308.0,VARGEM,Curva acentuada,Saída de leito carroçável,Com Vítimas Feridas,Pleno dia,Crescente,Nublado,Simples,Curva,Não,2,0,1,1,0,0,2,1,-27.49292,-50.971973,SPRF-SC,DEL07-SC,UOP06-DEL07-SC,2022
461890.0,2022-07-15,sexta-feira,21:50:00,SC,282,1.0,FLORIANOPOLIS,Pedestre andava na pista,Atropelamento de Pedestre,Sem Vítimas,Plena Noite,Decrescente,Céu Claro,Múltipla,Declive,Sim,1,0,0,0,1,0,0,1,-27.602955,-48.580509,SPRF-SC,DEL01-SC,UOP01-DEL01-SC,2022
461954.0,2022-07-16,sábado,07:10:00,SC,282,16.4,PALHOCA,Acessar a via sem observar a presença dos outros veículos,Colisão transversal,Com Vítimas Feridas,Pleno dia,Crescente,Nublado,Simples,Interseção de Vias,Sim,2,0,0,1,1,0,1,2,-27.658611,-48.681847,SPRF-SC,DEL01-SC,UOP02-DEL01-SC,2022
462030.0,2022-07-16,sábado,13:45:00,SC,282,47.8,AGUAS MORNAS,Transitar na contramão,Colisão frontal,Com Vítimas Feridas,Pleno dia,Decrescente,Chuva,Simples,Curva,Não,6,0,5,1,0,0,6,2,-27.721771,-48.934837,SPRF-SC,DEL01-SC,UOP03-DEL01-SC,2022
462127.0,2022-07-17,domingo,01:50:00,SC,282,504.9,XANXERE,Desrespeitar a preferência no cruzamento,Colisão transversal,Com Vítimas Feridas,Plena Noite,Decrescente,Céu Claro,Simples,Reta;Interseção de Vias,Sim,2,0,1,0,1,0,1,2,-26.884279,-52.408466,SPRF-SC,DEL07-SC,UOP01-DEL07-SC,2022
462156.0,2022-07-17,domingo,06:00:00,SC,282,492.0,XANXERE,Ausência de reação do condutor,Saída de leito carroçável,Sem Vítimas,Plena Noite,Decrescente,Nublado,Simples,Reta,Não,1,0,0,0,1,0,0,1,-26.871534,-52.300915,SPRF-SC,DEL07-SC,UOP01-DEL07-SC,2022
462632.0,2022-07-19,terça-feira,18:05:00,SC,282,3.0,FLORIANOPOLIS,Trafegar com motocicleta (ou similar) entre as faixas,Colisão lateral mesmo sentido,Com Vítimas Feridas,Anoitecer,Decrescente,Céu Claro,Dupla,Reta,Sim,3,0,1,0,2,0,1,2,-27.600384,-48.599705,SPRF-SC,DEL01-SC,UOP01-DEL01-SC,2022
462840.0,2022-07-20,quarta-feira,18:00:00,SC,282,18.1,PALHOCA,Trafegar com motocicleta (ou similar) entre as faixas,Atropelamento de Pedestre,Com Vítimas Fatais,Plena Noite,Crescente,Nublado,Simples,Reta,Não,4,1,0,1,1,1,1,3,-27.672798,-48.694286,SPRF-SC,DEL01-SC,UOP02-DEL01-SC,2022
462894.0,2022-07-20,quarta-feira,17:10:00,SC,282,516.1,XAXIM,Velocidade Incompatível,Saída de leito carroçável,Com Vítimas Feridas,Pleno dia,Crescente,Céu Claro,Simples,Curva,Não,1,0,1,0,0,0,1,1,-26.930862,-52.499157,SPRF-SC,DEL07-SC,UOP01-DEL07-SC,2022
463018.0,2022-07-21,quinta-feira,12:00:00,SC,282,578.0,PINHALZINHO,Pedestre andava na pista,Atropelamento de Pedestre,Com Vítimas Feridas,Pleno dia,Crescente,Céu Claro,Simples,Rotatória,Sim,2,0,0,1,1,0,1,2,-26.838364,-52.985279,SPRF-SC,DEL07-SC,UOP02-DEL07-SC,2022
463189.0,2022-07-22,sexta-feira,11:55:00,SC,282,16.4,PALHOCA,Ausência de reação do condutor,Colisão traseira,Com Vítimas Feridas,Pleno dia,Decrescente,Céu Claro,Simples,Reta,Sim,4,0,1,0,3,0,1,4,-27.658611,-48.681847,SPRF-SC,DEL01-SC,UOP02-DEL01-SC,2022
463220.0,2022-07-21,quinta-feira,06:30:00,SC,282,224.0,LAGES,Acumulo de areia ou detritos sobre o pavimento,Colisão frontal,Com Vítimas Feridas,Amanhecer,Decrescente,Garoa/Chuvisco,Simples,Curva,Não,3,0,3,0,0,0,3,2,-27.79330063,-50.37209988,SPRF-SC,DEL05-SC,UOP02-DEL05-SC,2022
463236.0,2022-07-22,sexta-feira,12:45:00,SC,282,629.0,IRACEMINHA,Acessar a via sem observar a presença dos outros veículos,Colisão traseira,Com Vítimas Feridas,Pleno dia,Decrescente,Céu Claro,Simples,Curva;Aclive,Não,2,0,1,0,1,0,1,2,-26.819656,-53.375282,SPRF-SC,DEL07-SC,UOP02-DEL07-SC,2022
463298.0,2022-07-22,sexta-feira,18:20:00,SC,282,4.0,SAO JOSE,Condutor deixou de manter distância do veículo da frente,Colisão traseira,Com Vítimas Feridas,Anoitecer,Crescente,Nublado,Múltipla,Aclive,Sim,3,0,0,1,2,0,1,3,-27.592646,-48.604034,SPRF-SC,DEL01-SC,UOP01-DEL01-SC,2022
463385.0,2022-07-23,sábado,03:55:00,SC,282,507.1,XANXERE,Ingestão de álcool e/ou substâncias psicoativas pelo pedestre,Colisão transversal,Sem Vítimas,Plena Noite,Decrescente,Céu Claro,Dupla,Retorno Regulamentado,Sim,2,0,0,0,2,0,0,2,-26.88595,-52.437821,SPRF-SC,DEL07-SC,UOP01-DEL07-SC,2022
463393.0,2022-07-23,sábado,05:00:00,SC,282,44.9,AGUAS MORNAS,Ausência de reação do condutor,Saída de leito carroçável,Sem Vítimas,Amanhecer,Crescente,Céu Claro,Simples,Aclive;Reta,Não,1,0,0,0,1,0,0,1,-27.722137,-48.90694,SPRF-SC,DEL01-SC,UOP03-DEL01-SC,2022
463480.0,2022-07-23,sábado,15:10:00,SC,282,4.3,FLORIANOPOLIS,Reação tardia ou ineficiente do condutor,Colisão traseira,Com Vítimas Feridas,Pleno dia,Decrescente,Céu Claro,Múltipla,Reta,Sim,2,0,0,1,1,0,1,2,-27.592646,-48.604034,SPRF-SC,DEL01-SC,UOP01-DEL01-SC,2022
463515.0,2022-07-23,sábado,15:40:00,SC,282,383.1,HERVAL DOESTE,Acessar a via sem observar a presença dos outros veículos,Colisão lateral mesmo sentido,Com Vítimas Feridas,Pleno dia,Crescente,Céu Claro,Simples,Curva,Não,2,0,2,0,0,0,2,2,-27.200508,-51.507919,SPRF-SC,DEL07-SC,UOP05-DEL07-SC,2022
463518.0,2022-07-23,sábado,18:30:00,SC,282,213.9,LAGES,Deixar de acionar o farol da motocicleta (ou similar),Colisão transversal,Com Vítimas Feridas,Plena Noite,Crescente,Céu Claro,Simples,Reta,Não,2,0,1,0,1,0,1,2,-27.785299,-50.261921,SPRF-SC,DEL05-SC,UOP01-DEL05-SC,2022
463544.0,2022-07-23,sábado,17:54:00,SC,480,130.5,CHAPECO,Retorno proibido,Queda de ocupante de veículo,Com Vítimas Feridas,Pleno dia,Decrescente,Céu Claro,Simples,Interseção de Vias,Sim,3,0,1,0,2,0,1,2,-27.05534298,-52.63652069,SPRF-SC,DEL07-SC,UOP01-DEL07-SC,2022
463559.0,2022-07-23,sábado,22:00:00,SC,282,16.0,PALHOCA,Falta de elemento de contenção que evite a saída do leito carroçável,Saída de leito carroçável,Com Vítimas Feridas,Plena Noite,Decrescente,Céu Claro,Simples,Reta,Sim,1,0,0,1,0,0,1,1,-27.658611,-48.681847,SPRF-SC,DEL01-SC,UOP02-DEL01-SC,2022
463561.0,2022-07-23,sábado,21:50:00,SC,282,515.9,XAXIM,Ingestão de álcool pelo condutor,Saída de leito carroçável,Sem Vítimas,Plena Noite,Decrescente,Céu Claro,Simples,Curva,Não,1,0,0,0,1,0,0,1,-26.91620545,-52.49117823,SPRF-SC,DEL07-SC,UOP01-DEL07-SC,2022
463594.0,2022-07-24,domingo,01:00:00,SC,282,385.9,JOACABA,Ingestão de álcool pelo condutor,Saída de leito carroçável,Sem Vítimas,Plena Noite,Decrescente,Céu Claro,Simples,Declive;Curva,Não,1,0,0,0,1,0,0,1,-27.19450662,-51.51601911,SPRF-SC,DEL07-SC,UOP05-DEL07-SC,2022
463690.0,2022-07-24,domingo,11:00:00,SC,282,446.0,PONTE SERRADA,Pista esburacada,Colisão com objeto,Com Vítimas Feridas,Pleno dia,Decrescente,Céu Claro,Simples,Reta;Aclive,Não,4,0,0,1,3,0,1,1,-26.910217,-51.914951,SPRF-SC,DEL07-SC,UOP04-DEL07-SC,2022
463714.0,2022-07-24,domingo,16:00:00,SC,282,26.7,SANTO AMARO DA IMPERATRIZ,Ausência de reação do condutor,Colisão frontal,Sem Vítimas,Pleno dia,Decrescente,Sol,Simples,Reta,Não,2,0,0,0,2,0,0,2,-27.680267,-48.762482,SPRF-SC,DEL01-SC,UOP03-DEL01-SC,2022
463785.0,2022-07-24,domingo,17:15:00,SC,282,654.0,SAO MIGUEL DO OESTE,Reação tardia ou ineficiente do condutor,Colisão traseira,Com Vítimas Feridas,Anoitecer,Decrescente,Céu Claro,Simples,Curva,Não,4,0,0,1,1,2,1,3,-26.70017602,-53.53270769,SPRF-SC,DEL07-SC,UOP03-DEL07-SC,2022
463804.0,2022-07-24,domingo,16:40:00,SC,282,180.0,BOCAINA DO SUL,Ultrapassagem Indevida,Saída de leito carroçável,Com Vítimas Feridas,Pleno dia,Crescente,Céu Claro,Simples,Reta,Sim,2,0,1,0,1,0,1,1,-27.742239,-49.939873,SPRF-SC,DEL05-SC,UOP01-DEL05-SC,2022
463956.0,2022-07-25,segunda-feira,12:00:00,SC,282,27.0,SANTO AMARO DA IMPERATRIZ,Acessar a via sem observar a presença dos outros veículos,Colisão transversal,Com Vítimas Feridas,Pleno dia,Crescente,Céu Claro,Simples,Curva,Sim,3,0,0,2,1,0,2,2,-27.673981,-48.769676,SPRF-SC,DEL01-SC,UOP03-DEL01-SC,2022
464302.0,2022-07-27,quarta-feira,14:30:00,SC,282,503.0,XANXERE,Ingestão de álcool pelo condutor,Saída de leito carroçável,Sem Vítimas,Pleno dia,Decrescente,Sol,Simples,Reta,Não,1,0,0,0,1,0,0,1,-26.88492,-52.399788,SPRF-SC,DEL07-SC,UOP01-DEL07-SC,2022
464461.0,2022-07-28,quinta-feira,07:10:00,SC,282,531.0,CORDILHEIRA ALTA,Reação tardia ou ineficiente do condutor,Saída de leito carroçável,Sem Vítimas,Pleno dia,Decrescente,Céu Claro,Simples,Reta,Não,1,0,0,0,1,0,0,1,-26.990747,-52.609776,SPRF-SC,DEL07-SC,UOP01-DEL07-SC,2022
464700.0,2022-07-29,sexta-feira,12:15:00,SC,282,223.0,LAGES,Ausência de reação do condutor,Queda de ocupante de veículo,Com Vítimas Feridas,Pleno dia,Crescente,Nublado,Simples,Rotatória,Sim,1,0,1,0,0,0,1,1,-27.80006232,-50.36377279,SPRF-SC,DEL05-SC,UOP01-DEL05-SC,2022
464810.0,2022-07-30,sábado,07:00:00,SC,282,541.0,CHAPECO,Ingestão de álcool e/ou substâncias psicoativas pelo pedestre,Colisão traseira,Sem Vítimas,Pleno dia,Crescente,Nevoeiro/Neblina,Simples,Curva,Não,2,0,0,0,2,0,0,2,-26.997913,-52.697681,SPRF-SC,DEL07-SC,UOP01-DEL07-SC,2022
464838.0,2022-07-30,sábado,09:15:00,SC,282,59.0,RANCHO QUEIMADO,Condutor deixou de manter distância do veículo da frente,Colisão traseira,Com Vítimas Feridas,Pleno dia,Decrescente,Sol,Simples,Reta,Não,5,0,1,0,4,0,1,2,-27.677965,-49.011559,SPRF-SC,DEL01-SC,UOP03-DEL01-SC,2022
464872.0,2022-07-30,sábado,13:30:00,SC,282,32.4,SANTO AMARO DA IMPERATRIZ,Desrespeitar a preferência no cruzamento,Colisão transversal,Com Vítimas Feridas,Pleno dia,Decrescente,Céu Claro,Simples,Rotatória,Sim,3,0,2,0,1,0,2,2,-27.70116,-48.800175,SPRF-SC,DEL01-SC,UOP03-DEL01-SC,2022
464873.0,2022-07-30,sábado,14:00:00,SC,480,124.8,CHAPECO,Condutor deixou de manter distância do veículo da frente,Colisão traseira,Com Vítimas Feridas,Pleno dia,Decrescente,Sol,Dupla,Reta,Não,3,0,2,0,1,0,2,2,-27.02885905,-52.63380035,SPRF-SC,DEL07-SC,UOP01-DEL07-SC,2022
465010.0,2022-07-31,domingo,01:45:00,SC,282,516.6,XAXIM,Ingestão de álcool e/ou substâncias psicoativas pelo pedestre,Saída de leito carroçável,Com Vítimas Feridas,Plena Noite,Crescente,Céu Claro,Simples,Curva,Não,3,0,1,1,1,0,2,1,-26.936369,-52.498844,SPRF-SC,DEL07-SC,UOP01-DEL07-SC,2022
465012.0,2022-07-30,sábado,18:40:00,SC,282,461.6,PONTE SERRADA,Desrespeitar a preferência no cruzamento,Colisão transversal,Com Vítimas Feridas,Plena Noite,Decrescente,Céu Claro,Simples,Interseção de Vias,Sim,3,0,2,0,1,0,2,2,-26.856403,-52.041328,SPRF-SC,DEL07-SC,UOP04-DEL07-SC,2022
465038.0,2022-07-30,sábado,05:15:00,SC,480,124.0,CHAPECO,Velocidade Incompatível,Colisão traseira,Sem Vítimas,Plena Noite,Decrescente,Céu Claro,Dupla,Reta,Sim,6,0,0,0,6,0,0,2,-27.00359519,-52.64391044,SPRF-SC,DEL07-SC,UOP01-DEL07-SC,2022
465194.0,2022-07-31,domingo,20:05:00,SC,282,518.0,XAXIM,Ingestão de álcool pelo condutor,Colisão traseira,Sem Vítimas,Pleno dia,Decrescente,Céu Claro,Simples,Reta,Não,3,0,0,0,3,0,0,2,-26.944099,-52.508427,SPRF-SC,DEL07-SC,UOP01-DEL07-SC,2022
465440.0,2022-08-02,terça-feira,08:30:00,SC,282,5.6,SAO JOSE,Trafegar com motocicleta (ou similar) entre as faixas,Colisão traseira,Com Vítimas Feridas,Pleno dia,Decrescente,Sol,Dupla,Reta,Sim,3,0,1,0,1,1,1,3,-27.588425,-48.612919,SPRF-SC,DEL01-SC,UOP01-DEL01-SC,2022