id,data_inversa,dia_semana,horario,uf,br,km,municipio,causa_acidente,tipo_acidente,classificacao_acidente,fase_dia,sentido_via,condicao_metereologica,tipo_pista,tracado_via,uso_solo,pessoas,mortos,feridos_leves,feridos_graves,ilesos,ignorados,feridos,veiculos,latitude,longitude,regional,delegacia,uop,ano_arquivo
465504.0,2022-08-02,terça-feira,11:35:00,SC,282,520.6,XAXIM,Ausência de reação do condutor,Colisão traseira,Com Vítimas Feridas,Pleno dia,Crescente,Céu Claro,Simples,Rotatória;Retorno Regulamentado,Não,2,0,1,0,1,0,1,2,-26.950415,-52.526096,SPRF-SC,DEL07-SC,UOP01-DEL07-SC,2022
465777.0,2022-08-03,quarta-feira,23:00:00,SC,480,126.8,CHAPECO,Velocidade Incompatível,Queda de ocupante de veículo,Com Vítimas Feridas,Plena Noite,Decrescente,Céu Claro,Dupla,Curva,Não,1,0,1,0,0,0,1,1,-27.020083,-52.636024,SPRF-SC,DEL07-SC,UOP01-DEL07-SC,2022
465811.0,2022-08-04,quinta-feira,07:20:00,SC,282,2.0,FLORIANOPOLIS,Mal súbito do condutor,Colisão com objeto,Com Vítimas Feridas,Pleno dia,Crescente,Céu Claro,Múltipla,Reta,Não,1,0,1,0,0,0,1,1,-27.603289,-48.590416,SPRF-SC,DEL01-SC,UOP01-DEL01-SC,2022
465838.0,2022-08-04,quinta-feira,09:02:00,SC,282,2.0,FLORIANOPOLIS,Trafegar com motocicleta (ou similar) entre as faixas,Colisão lateral mesmo sentido,Com Vítimas Feridas,Pleno dia,Decrescente,Céu Claro,Dupla,Reta,Sim,4,0,2,0,2,0,2,2,-27.603289,-48.590416,SPRF-SC,DEL01-SC,UOP01-DEL01-SC,2022
466167.0,2022-08-05,sexta-feira,21:20:00,SC,282,507.0,XANXERE,Acessar a via sem observar a presença dos outros veículos,Colisão transversal,Com Vítimas Feridas,Plena Noite,Crescente,Céu Claro,Simples,Interseção de Vias,Não,2,0,1,0,1,0,1,2,-26.886171,-52.43911,SPRF-SC,DEL07-SC,UOP01-DEL07-SC,2022
466238.0,2022-08-06,sábado,08:00:00,SC,282,348.0,CAMPOS NOVOS,Velocidade Incompatível,Saída de leito carroçável,Com Vítimas Feridas,Pleno dia,Crescente,Céu Claro,Simples,Reta,Não,1,0,1,0,0,0,1,1,-27.365206,-51.263924,SPRF-SC,DEL07-SC,UOP06-DEL07-SC,2022
466350.0,2022-08-06,sábado,17:50:00,SC,282,491.0,FAXINAL DOS GUEDES,Ausência de reação do condutor,Saída de leito carroçável,Com Vítimas Feridas,Anoitecer,Decrescente,Chuva,Simples,Reta,Não,1,0,1,0,0,0,1,1,-26.87402841,-52.28180051,SPRF-SC,DEL07-SC,UOP01-DEL07-SC,2022
466378.0,2022-08-06,sábado,19:10:00,SC,282,393.8,JOACABA,Ingestão de álcool pelo condutor,Colisão frontal,Com Vítimas Feridas,Plena Noite,Decrescente,Chuva,Simples,Aclive;Curva,Não,6,0,3,0,2,1,3,4,-27.160221,-51.573895,SPRF-SC,DEL07-SC,UOP05-DEL07-SC,2022
466436.0,2022-08-07,domingo,01:45:00,SC,282,0.4,FLORIANOPOLIS,Ingestão de álcool pelo condutor,Saída de leito carroçável,Com Vítimas Fatais,Plena Noite,Decrescente,Chuva,Dupla,Reta,Sim,6,4,0,2,0,0,2,2,-27.599979,-48.575818,SPRF-SC,DEL01-SC,UOP01-DEL01-SC,2022
466480.0,2022-08-07,domingo,08:00:00,SC,282,37.5,AGUAS MORNAS,Velocidade Incompatível,Saída de leito carroçável,Com Vítimas Feridas,Pleno dia,Crescente,Chuva,Simples,Curva,Não,2,0,0,1,1,0,1,1,-27.707325,-48.842983,SPRF-SC,DEL01-SC,UOP03-DEL01-SC,2022
466492.0,2022-08-07,domingo,08:00:00,SC,282,130.0,BOM RETIRO,Reação tardia ou ineficiente do condutor,Capotamento,Com Vítimas Feridas,Pleno dia,Decrescente,Chuva,Simples,Curva,Não,3,0,2,1,0,0,3,1,-27.803255,-49.505241,SPRF-SC,DEL05-SC,UOP01-DEL05-SC,2022
466603.0,2022-08-07,domingo,17:50:00,SC,282,502.5,XANXERE,Ingestão de álcool pelo condutor,Colisão frontal,Com Vítimas Feridas,Anoitecer,Decrescente,Chuva,Simples,Reta;Aclive,Sim,3,0,3,0,0,0,3,2,-26.885354,-52.393184,SPRF-SC,DEL07-SC,UOP01-DEL07-SC,2022
466647.0,2022-08-08,segunda-feira,01:15:00,SC,282,576.0,PINHALZINHO,Ingestão de álcool pelo condutor,Colisão frontal,Com Vítimas Feridas,Plena Noite,Decrescente,Nevoeiro/Neblina,Simples,Reta,Não,2,0,2,0,0,0,2,2,-26.856054,-52.98011,SPRF-SC,DEL07-SC,UOP02-DEL07-SC,2022
466699.0,2022-08-08,segunda-feira,08:20:00,SC,282,65.0,RANCHO QUEIMADO,Velocidade Incompatível,Saída de leito carroçável,Com Vítimas Feridas,Pleno dia,Crescente,Nublado,Simples,Curva,Não,1,0,0,1,0,0,1,1,-27.692892,-49.059013,SPRF-SC,DEL01-SC,UOP03-DEL01-SC,2022
466704.0,2022-08-08,segunda-feira,09:50:00,SC,282,50.0,AGUAS MORNAS,Pista Escorregadia,Saída de leito carroçável,Com Vítimas Feridas,Pleno dia,Crescente,Nublado,Dupla,Curva,Não,2,0,1,0,1,0,1,1,-27.708536,-48.952251,SPRF-SC,DEL01-SC,UOP03-DEL01-SC,2022
466773.0,2022-08-08,segunda-feira,15:00:00,SC,282,4.7,SAO JOSE,Reação tardia ou ineficiente do condutor,Colisão traseira,Com Vítimas Feridas,Pleno dia,Decrescente,Chuva,Dupla,Reta,Sim,3,0,2,0,1,0,2,2,-27.592646,-48.604034,SPRF-SC,DEL01-SC,UOP01-DEL01-SC,2022
466842.0,2022-08-08,segunda-feira,19:55:00,SC,282,82.0,RANCHO QUEIMADO,Condutor deixou de manter distância do veículo da frente,Colisão traseira,Com Vítimas Feridas,Plena Noite,Decrescente,Chuva,Simples,Reta,Não,4,0,1,0,3,0,1,3,-27.662027,-49.178356,SPRF-SC,DEL01-SC,UOP03-DEL01-SC,2022
466851.0,2022-08-08,segunda-feira,22:40:00,SC,282,6.0,SAO JOSE,Chuva,Tombamento,Com Vítimas Feridas,Plena Noite,Crescente,Chuva,Simples,Curva,Sim,1,0,1,0,0,0,1,1,-27.591936,-48.618244,SPRF-SC,DEL01-SC,UOP01-DEL01-SC,2022
466940.0,2022-08-09,terça-feira,11:50:00,SC,282,21.0,SANTO AMARO DA IMPERATRIZ,Ultrapassagem Indevida,Colisão frontal,Sem Vítimas,Pleno dia,Crescente,Chuva,Simples,Curva,Sim,2,0,0,0,2,0,0,2,-27.68907,-48.717541,SPRF-SC,DEL01-SC,UOP02-DEL01-SC,2022
467003.0,2022-08-09,terça-feira,19:10:00,SC,282,19.8,PALHOCA,Conversão proibida,Colisão transversal,Com Vítimas Feridas,Plena Noite,Decrescente,Chuva,Simples,Reta,Sim,2,0,0,1,1,0,1,2,-27.678635,-48.70192,SPRF-SC,DEL01-SC,UOP02-DEL01-SC,2022
467188.0,2022-08-10,quarta-feira,09:00:00,SC,282,6.0,SAO JOSE,Reação tardia ou ineficiente do condutor,Tombamento,Com Vítimas Feridas,Pleno dia,Crescente,Chuva,Dupla,Curva,Sim,1,0,1,0,0,0,1,1,-27.591936,-48.618244,SPRF-SC,DEL01-SC,UOP01-DEL01-SC,2022
467274.0,2022-08-11,quinta-feira,08:10:00,SC,282,615.0,MARAVILHA,Demais Fenômenos da natureza,Colisão traseira,Com Vítimas Feridas,Pleno dia,Crescente,Céu Claro,Simples,Curva,Não,3,0,1,0,2,0,1,2,-26.774349,-53.271767,SPRF-SC,DEL07-SC,UOP02-DEL07-SC,2022
467365.0,2022-08-11,quinta-feira,17:50:00,SC,282,406.0,CATANDUVAS,Condutor deixou de manter distância do veículo da frente,Engavetamento,Com Vítimas Feridas,Anoitecer,Crescente,Céu Claro,Simples,Reta,Não,7,0,1,0,6,0,1,3,-27.092703,-51.659904,SPRF-SC,DEL07-SC,UOP05-DEL07-SC,2022
467409.0,2022-08-11,quinta-feira,20:35:00,SC,282,15.7,PALHOCA,Retorno proibido,Colisão transversal,Com Vítimas Feridas,Plena Noite,Crescente,Nublado,Simples,Interseção de Vias,Sim,2,0,0,1,1,0,1,2,-27.65740285,-48.68082762,SPRF-SC,DEL01-SC,UOP02-DEL01-SC,2022
467491.0,2022-08-12,sexta-feira,08:30:00,SC,282,37.5,AGUAS MORNAS,Chuva,Saída de leito carroçável,Sem Vítimas,Pleno dia,Decrescente,Chuva,Simples,Curva,Não,2,0,0,0,2,0,0,1,-27.707325,-48.842983,SPRF-SC,DEL01-SC,UOP03-DEL01-SC,2022
467493.0,2022-08-12,sexta-feira,07:30:00,SC,282,67.0,RANCHO QUEIMADO,Ausência de reação do condutor,Saída de leito carroçável,Sem Vítimas,Pleno dia,Crescente,Chuva,Simples,Curva,Não,1,0,0,0,1,0,0,1,-27.695963,-49.0695,SPRF-SC,DEL01-SC,UOP03-DEL01-SC,2022
467521.0,2022-08-12,sexta-feira,09:00:00,SC,282,149.0,BOM RETIRO,Pista Escorregadia,Saída de leito carroçável,Com Vítimas Feridas,Pleno dia,Crescente,Garoa/Chuvisco,Simples,Curva,Não,4,0,4,0,0,0,4,1,-27.775295,-49.655903,SPRF-SC,DEL05-SC,UOP01-DEL05-SC,2022
467731.0,2022-08-13,sábado,05:30:00,SC,282,43.0,AGUAS MORNAS,Velocidade Incompatível,Saída de leito carroçável,Com Vítimas Feridas,Amanhecer,Crescente,Nublado,Simples,Aclive;Reta,Não,2,0,2,0,0,0,2,1,-27.719458,-48.897526,SPRF-SC,DEL01-SC,UOP03-DEL01-SC,2022
467755.0,2022-08-13,sábado,08:30:00,SC,282,0.7,FLORIANOPOLIS,Acessar a via sem observar a presença dos outros veículos,Atropelamento de Pedestre,Com Vítimas Feridas,Pleno dia,Crescente,Céu Claro,Múltipla,Reta,Sim,2,0,0,1,1,0,1,2,-27.59845,-48.571995,SPRF-SC,DEL01-SC,UOP01-DEL01-SC,2022
467796.0,2022-08-06,sábado,05:25:00,SC,282,490.0,XANXERE,Ausência de reação do condutor,Saída de leito carroçável,Com Vítimas Feridas,Plena Noite,Crescente,Céu Claro,Simples,Reta,Não,1,0,1,0,0,0,1,1,-26.874599,-52.282806,SPRF-SC,DEL07-SC,UOP01-DEL07-SC,2022
467799.0,2022-08-13,sábado,11:40:00,SC,282,508.7,XANXERE,Reação tardia ou ineficiente do condutor,Tombamento,Com Vítimas Feridas,Pleno dia,Crescente,Céu Claro,Simples,Reta,Não,4,0,2,0,0,2,2,2,-26.887014,-52.448372,SPRF-SC,DEL07-SC,UOP01-DEL07-SC,2022
467803.0,2022-08-13,sábado,13:40:00,SC,282,222.0,LAGES,Curva acentuada,Colisão lateral mesmo sentido,Com Vítimas Feridas,Pleno dia,Crescente,Céu Claro,Dupla,Curva,Não,2,0,1,0,1,0,1,2,-27.797739,-50.353409,SPRF-SC,DEL05-SC,UOP01-DEL05-SC,2022
467923.0,2022-08-13,sábado,23:50:00,SC,282,218.0,LAGES,Entrada inopinada do pedestre,Atropelamento de Pedestre,Com Vítimas Feridas,Plena Noite,Crescente,Nublado,Simples,Reta,Sim,3,0,0,1,1,1,1,2,-27.797235,-50.31361,SPRF-SC,DEL05-SC,UOP01-DEL05-SC,2022
467932.0,2022-08-14,domingo,01:30:00,SC,282,325.0,CAMPOS NOVOS,Velocidade Incompatível,Capotamento,Com Vítimas Feridas,Plena Noite,Crescente,Céu Claro,Simples,Interseção de Vias;Reta,Não,1,0,0,1,0,0,1,1,-27.37390148,-51.06994629,SPRF-SC,DEL07-SC,UOP06-DEL07-SC,2022
467983.0,2022-07-29,sexta-feira,10:00:00,SC,282,63.4,RANCHO QUEIMADO,Velocidade Incompatível,Colisão frontal,Com Vítimas Feridas,Pleno dia,Crescente,Sol,Simples,Reta,Não,5,0,2,0,1,2,2,3,-27.69648008,-49.04778332,SPRF-SC,DEL01-SC,UOP03-DEL01-SC,2022
467995.0,2022-08-14,domingo,06:00:00,SC,282,640.2,DESCANSO,Ausência de reação do condutor,Saída de leito carroçável,Sem Vítimas,Amanhecer,Crescente,Ignorado,Simples,Reta,Não,1,0,0,0,0,1,0,1,-26.788002,-53.458031,SPRF-SC,DEL07-SC,UOP03-DEL07-SC,2022
468059.0,2022-08-14,domingo,14:15:00,SC,282,578.1,PINHALZINHO,Acessar a via sem observar a presença dos outros veículos,Colisão transversal,Com Vítimas Feridas,Pleno dia,Decrescente,Céu Claro,Simples,Rotatória,Sim,3,0,1,0,2,0,1,2,-26.838364,-52.985279,SPRF-SC,DEL07-SC,UOP02-DEL07-SC,2022
468292.0,2022-08-15,segunda-feira,13:55:00,SC,282,215.9,LAGES,Acessar a via sem observar a presença dos outros veículos,Colisão lateral mesmo sentido,Com Vítimas Feridas,Pleno dia,Crescente,Sol,Dupla,Rotatória,Não,2,0,1,0,1,0,1,2,-27.79475662,-50.28396249,SPRF-SC,DEL05-SC,UOP01-DEL05-SC,2022
468426.0,2022-08-13,sábado,06:10:00,SC,282,515.9,XAXIM,Ausência de reação do condutor,Colisão traseira,Com Vítimas Feridas,Amanhecer,Decrescente,Céu Claro,Simples,Declive,Não,2,0,1,0,1,0,1,2,-26.922623,-52.496132,SPRF-SC,DEL07-SC,UOP01-DEL07-SC,2022
468495.0,2022-04-18,segunda-feira,07:35:00,SC,282,1.8,FLORIANOPOLIS,Ausência de reação do condutor,Colisão transversal,Sem Vítimas,Pleno dia,Decrescente,Céu Claro,Múltipla,Reta,Sim,2,0,0,0,2,0,0,2,-27.602955,-48.580509,SPRF-SC,DEL01-SC,UOP01-DEL01-SC,2022
468545.0,2022-08-16,terça-feira,17:30:00,SC,282,554.1,NOVA ITABERABA,Velocidade Incompatível,Colisão traseira,Com Vítimas Feridas,Pleno dia,Crescente,Nublado,Simples,Curva,Sim,4,0,1,0,3,0,1,2,-26.936268,-52.800812,SPRF-SC,DEL07-SC,UOP01-DEL07-SC,2022
468606.0,2022-08-17,quarta-feira,09:40:00,SC,282,58.2,RANCHO QUEIMADO,Acessar a via sem observar a presença dos outros veículos,Colisão transversal,Com Vítimas Feridas,Pleno dia,Crescente,Céu Claro,Simples,Retorno Regulamentado,Sim,2,0,1,0,1,0,1,2,-27.683594,-49.005539,SPRF-SC,DEL01-SC,UOP03-DEL01-SC,2022
468712.0,2022-08-17,quarta-feira,19:30:00,SC,282,63.9,RANCHO QUEIMADO,Neblina,Saída de leito carroçável,Sem Vítimas,Plena Noite,Decrescente,Nevoeiro/Neblina,Simples,Curva,Não,1,0,0,0,1,0,0,1,-27.695372,-49.042824,SPRF-SC,DEL01-SC,UOP03-DEL01-SC,2022
468827.0,2022-08-13,sábado,04:40:00,SC,282,381.3,HERVAL DOESTE,Reação tardia ou ineficiente do condutor,Saída de leito carroçável,Sem Vítimas,Plena Noite,Crescente,Céu Claro,Simples,Reta,Não,1,0,0,0,1,0,0,1,-27.204979,-51.501442,SPRF-SC,DEL07-SC,UOP05-DEL07-SC,2022
468859.0,2022-07-29,sexta-feira,15:55:00,SC,282,3.0,FLORIANOPOLIS,Trafegar com motocicleta (ou similar) entre as faixas,Colisão lateral mesmo sentido,Com Vítimas Feridas,Pleno dia,Crescente,Céu Claro,Dupla,Reta,Sim,2,0,0,1,1,0,1,2,-27.600384,-48.599705,SPRF-SC,DEL01-SC,UOP01-DEL01-SC,2022
469387.0,2022-08-21,domingo,04:06:00,SC,282,512.9,XANXERE,Velocidade Incompatível,Saída de leito carroçável,Com Vítimas Feridas,Plena Noite,Decrescente,Céu Claro,Simples,Curva,Não,1,0,1,0,0,0,1,1,-26.914218,-52.477514,SPRF-SC,DEL07-SC,UOP01-DEL07-SC,2022
469472.0,2022-08-21,domingo,15:00:00,SC,282,59.2,RANCHO QUEIMADO,Conversão proibida,Colisão traseira,Com Vítimas Feridas,Pleno dia,Decrescente,Céu Claro,Simples,Declive,Não,2,0,1,0,1,0,1,2,-27.677965,-49.011559,SPRF-SC,DEL01-SC,UOP03-DEL01-SC,2022
469474.0,2022-08-21,domingo,06:10:00,SC,282,520.3,XAXIM,Ingestão de álcool pelo condutor,Saída de leito carroçável,Sem Vítimas,Amanhecer,Decrescente,Céu Claro,Simples,Curva,Sim,1,0,0,0,0,1,0,1,-26.950415,-52.526096,SPRF-SC,DEL07-SC,UOP01-DEL07-SC,2022
469651.0,2022-08-22,segunda-feira,11:10:00,SC,480,127.7,CHAPECO,Conversão proibida,Colisão transversal,Com Vítimas Feridas,Pleno dia,Decrescente,Sol,Simples,Reta,Sim,3,0,1,0,2,0,1,2,-27.02885905,-52.63380035,SPRF-SC,DEL07-SC,UOP01-DEL07-SC,2022
469693.0,2022-08-22,segunda-feira,16:40:00,SC,282,33.5,AGUAS MORNAS,Ultrapassagem Indevida,Colisão traseira,Com Vítimas Feridas,Pleno dia,Decrescente,Nublado,Simples,Interseção de Vias;Reta;Declive,Não,2,0,0,1,1,0,1,2,-27.706587,-48.808144,SPRF-SC,DEL01-SC,UOP03-DEL01-SC,2022
469721.0,2022-08-22,segunda-feira,18:20:00,SC,282,3.0,FLORIANOPOLIS,Condutor deixou de manter distância do veículo da frente,Colisão traseira,Com Vítimas Feridas,Plena Noite,Crescente,Céu Claro,Múltipla,Reta,Sim,2,0,1,0,1,0,1,2,-27.600384,-48.599705,SPRF-SC,DEL01-SC,UOP01-DEL01-SC,2022
469771.0,2022-08-23,terça-feira,06:50:00,SC,282,5.0,SAO JOSE,Manobra de mudança de faixa,Colisão traseira,Com Vítimas Feridas,Pleno dia,Decrescente,Garoa/Chuvisco,Múltipla,Reta,Sim,2,0,1,0,1,0,1,2,-27.588425,-48.612919,SPRF-SC,DEL01-SC,UOP01-DEL01-SC,2022
469829.0,2022-08-23,terça-feira,12:00:00,SC,480,128.8,CHAPECO,Ultrapassagem Indevida,Colisão frontal,Com Vítimas Feridas,Pleno dia,Decrescente,Céu Claro,Simples,Aclive,Sim,3,0,1,0,2,0,1,3,-27.03781899,-52.63432603,SPRF-SC,DEL07-SC,UOP01-DEL07-SC,2022
469899.0,2022-08-23,terça-feira,16:35:00,SC,282,515.2,XAXIM,Velocidade Incompatível,Tombamento,Com Vítimas Fatais,Pleno dia,Crescente,Sol,Simples,Reta;Declive,Não,3,1,0,0,0,2,0,2,-26.922499,-52.496156,SPRF-SC,DEL07-SC,UOP01-DEL07-SC,2022
470265.0,2022-08-25,quinta-feira,17:35:00,SC,282,624.7,IRACEMINHA,Reação tardia ou ineficiente do condutor,Colisão lateral mesmo sentido,Com Vítimas Feridas,Pleno dia,Decrescente,Céu Claro,Simples,Desvio Temporário;Reta;Aclive;Ponte;Em Obras,Não,1,0,1,0,0,0,1,1,-26.798008,-53.34169,SPRF-SC,DEL07-SC,UOP02-DEL07-SC,2022
470345.0,2022-08-26,sexta-feira,07:40:00,SC,480,130.3,CHAPECO,Condutor deixou de manter distância do veículo da frente,Colisão traseira,Com Vítimas Feridas,Pleno dia,Decrescente,Céu Claro,Simples,Reta,Não,3,0,1,0,2,0,1,3,-27.05668938,-52.63661385,SPRF-SC,DEL07-SC,UOP01-DEL07-SC,2022
470356.0,2022-08-26,sexta-feira,09:00:00,SC,282,154.0,BOM RETIRO,Reação tardia ou ineficiente do condutor,Saída de leito carroçável,Com Vítimas Feridas,Pleno dia,Crescente,Céu Claro,Simples,Reta,Não,2,0,1,0,1,0,1,1,-27.754395,-49.69775,SPRF-SC,DEL05-SC,UOP01-DEL05-SC,2022
470439.0,2022-08-26,sexta-feira,16:30:00,SC,282,35.0,AGUAS MORNAS,Objeto estático sobre o leito carroçável,Queda de ocupante de veículo,Com Vítimas Feridas,Pleno dia,Crescente,Céu Claro,Simples,Curva,Não,1,0,0,1,0,0,1,1,-27.702084,-48.826664,SPRF-SC,DEL01-SC,UOP03-DEL01-SC,2022
470452.0,2022-08-26,sexta-feira,17:25:00,SC,282,580.9,PINHALZINHO,Reação tardia ou ineficiente do condutor,Colisão lateral mesmo sentido,Com Vítimas Feridas,Pleno dia,Decrescente,Sol,Simples,Reta,Sim,3,0,1,0,2,0,1,2,-26.832148,-52.994308,SPRF-SC,DEL07-SC,UOP02-DEL07-SC,2022
470513.0,2022-08-26,sexta-feira,23:10:00,SC,282,139.0,BOM RETIRO,Manobra de mudança de faixa,Colisão frontal,Com Vítimas Feridas,Plena Noite,Crescente,Céu Claro,Simples,Declive,Não,5,0,2,0,3,0,2,2,-27.825678,-49.585346,SPRF-SC,DEL05-SC,UOP01-DEL05-SC,2022
470692.0,2022-08-11,quinta-feira,10:35:00,SC,282,502.0,XANXERE,Reação tardia ou ineficiente do condutor,Colisão lateral mesmo sentido,Com Vítimas Feridas,Pleno dia,Decrescente,Céu Claro,Simples,Interseção de Vias;Reta,Sim,2,0,1,0,1,0,1,2,-26.883712,-52.388372,SPRF-SC,DEL07-SC,UOP01-DEL07-SC,2022
470705.0,2022-08-25,quinta-feira,19:30:00,SC,282,457.4,PONTE SERRADA,Desrespeitar a preferência no cruzamento,Colisão transversal,Com Vítimas Feridas,Plena Noite,Crescente,Céu Claro,Simples,Interseção de Vias,Sim,2,0,1,0,1,0,1,2,-26.880604,-52.013371,SPRF-SC,DEL07-SC,UOP04-DEL07-SC,2022
470738.0,2022-08-27,sábado,23:15:00,SC,282,239.8,SAO JOSE DO CERRITO,Transitar na contramão,Colisão frontal,Com Vítimas Feridas,Plena Noite,Decrescente,Céu Claro,Simples,Reta;Interseção de Vias;Declive,Não,4,0,3,1,0,0,4,2,-27.771513,-50.496738,SPRF-SC,DEL05-SC,UOP02-DEL05-SC,2022
470744.0,2022-08-27,sábado,23:30:00,SC,282,85.0,ALFREDO WAGNER,Ingestão de álcool pelo condutor,Capotamento,Sem Vítimas,Plena Noite,Crescente,Céu Claro,Simples,Curva,Não,1,0,0,0,1,0,0,1,-27.667007,-49.192802,SPRF-SC,DEL01-SC,UOP03-DEL01-SC,2022
470761.0,2022-08-28,domingo,04:00:00,SC,282,613.8,MARAVILHA,Ingestão de álcool pelo condutor,Saída de leito carroçável,Sem Vítimas,Plena Noite,Decrescente,Céu Claro,Simples,Curva,Não,1,0,0,0,1,0,0,1,-26.765053,-53.255871,SPRF-SC,DEL07-SC,UOP02-DEL07-SC,2022
470810.0,2022-08-28,domingo,08:15:00,SC,282,499.1,XANXERE,Ingestão de álcool pelo condutor,Tombamento,Com Vítimas Feridas,Pleno dia,Crescente,Céu Claro,Simples,Interseção de Vias,Não,1,0,1,0,0,0,1,1,-26.880869,-52.363121,SPRF-SC,DEL07-SC,UOP01-DEL07-SC,2022
470831.0,2022-08-28,domingo,14:00:00,SC,282,506.8,XANXERE,Manobra de mudança de faixa,Colisão lateral mesmo sentido,Com Vítimas Feridas,Pleno dia,Decrescente,Chuva,Dupla,Curva,Sim,2,0,1,0,1,0,1,2,-26.885883,-52.418762,SPRF-SC,DEL07-SC,UOP01-DEL07-SC,2022
470885.0,2022-08-28,domingo,15:30:00,SC,282,412.0,CATANDUVAS,Reação tardia ou ineficiente do condutor,Colisão lateral sentido oposto,Com Vítimas Fatais,Pleno dia,Decrescente,Chuva,Simples,Declive;Curva,Não,8,1,1,4,2,0,5,2,-27.05996,-51.67937,SPRF-SC,DEL07-SC,UOP05-DEL07-SC,2022
470886.0,2022-08-28,domingo,13:30:00,SC,282,535.2,CHAPECO,Desrespeitar a preferência no cruzamento,Colisão transversal,Com Vítimas Feridas,Pleno dia,Crescente,Nublado,Simples,Rotatória;Interseção de Vias,Sim,2,0,0,1,1,0,1,2,-26.9997962,-52.64609814,SPRF-SC,DEL07-SC,UOP01-DEL07-SC,2022
470930.0,2022-08-28,domingo,20:00:00,SC,282,637.0,DESCANSO,Ingestão de álcool pelo condutor,Colisão lateral sentido oposto,Sem Vítimas,Plena Noite,Decrescente,Céu Claro,Simples,Curva,Não,2,0,0,0,2,0,0,2,-26.806643,-53.441025,SPRF-SC,DEL07-SC,UOP03-DEL07-SC,2022
470943.0,2022-08-28,domingo,19:30:00,SC,282,261.1,SAO JOSE DO CERRITO,Animais na Pista,Atropelamento de Animal,Sem Vítimas,Plena Noite,Crescente,Nublado,Simples,Reta,Não,1,0,0,0,1,0,0,1,-27.637173,-50.598797,SPRF-SC,DEL05-SC,UOP02-DEL05-SC,2022
471012.0,2022-08-29,segunda-feira,08:00:00,SC,282,5.0,SAO JOSE,Condutor deixou de manter distância do veículo da frente,Colisão traseira,Com Vítimas Feridas,Pleno dia,Decrescente,Céu Claro,Dupla,Reta,Sim,2,0,1,0,1,0,1,2,-27.588425,-48.612919,SPRF-SC,DEL01-SC,UOP01-DEL01-SC,2022
471028.0,2022-08-29,segunda-feira,08:00:00,SC,282,5.0,SAO JOSE,Ausência de reação do condutor,Colisão lateral mesmo sentido,Com Vítimas Feridas,Pleno dia,Decrescente,Céu Claro,Dupla,Curva,Sim,3,0,1,1,1,0,2,2,-27.588425,-48.612919,SPRF-SC,DEL01-SC,UOP01-DEL01-SC,2022
471076.0,2022-08-29,segunda-feira,14:20:00,SC,282,58.3,RANCHO QUEIMADO,Acessar a via sem observar a presença dos outros veículos,Colisão transversal,Com Vítimas Feridas,Pleno dia,Decrescente,Céu Claro,Simples,Interseção de Vias;Declive,Não,3,0,1,1,1,0,2,2,-27.68115418,-49.00580406,SPRF-SC,DEL01-SC,UOP03-DEL01-SC,2022
471454.0,2022-08-31,quarta-feira,07:59:00,SC,480,129.0,CHAPECO,Condutor deixou de manter distância do veículo da frente,Colisão traseira,Com Vítimas Feridas,Pleno dia,Crescente,Céu Claro,Simples,Declive,Sim,2,0,1,0,1,0,1,2,-27.04676,-52.63544,SPRF-SC,DEL07-SC,UOP01-DEL07-SC,2022
471488.0,2022-08-07,domingo,18:50:00,SC,282,491.0,FAXINAL DOS GUEDES,Ingestão de álcool pelo condutor,Colisão frontal,Com Vítimas Feridas,Plena Noite,Crescente,Nevoeiro/Neblina,Simples,Reta,Não,6,0,2,4,0,0,6,2,-26.872433,-52.291599,SPRF-SC,DEL07-SC,UOP01-DEL07-SC,2022
471501.0,2022-08-14,domingo,21:10:00,SC,282,341.5,CAMPOS NOVOS,Pedestre cruzava a pista fora da faixa,Atropelamento de Pedestre,Com Vítimas Fatais,Plena Noite,Crescente,Céu Claro,Simples,Reta,Sim,2,1,0,0,1,0,0,2,-27.389957,-51.213387,SPRF-SC,DEL07-SC,UOP06-DEL07-SC,2022
471569.0,2022-07-31,domingo,09:50:00,SC,282,30.0,AGUAS MORNAS,Manobra de mudança de faixa,Colisão lateral mesmo sentido,Com Vítimas Feridas,Pleno dia,Crescente,Céu Claro,Simples,Reta,Não,4,0,1,0,3,0,1,2,-27.687376,-48.79071,SPRF-SC,DEL01-SC,UOP03-DEL01-SC,2022
471582.0,2022-09-01,quinta-feira,08:48:00,SC,282,2.3,FLORIANOPOLIS,Manobra de mudança de faixa,Colisão lateral mesmo sentido,Com Vítimas Feridas,Pleno dia,Decrescente,Céu Claro,Dupla,Reta,Sim,3,0,2,0,1,0,2,2,-27.603289,-48.590416,SPRF-SC,DEL01-SC,UOP01-DEL01-SC,2022
471601.0,2022-09-01,quinta-feira,10:20:00,SC,282,79.0,RANCHO QUEIMADO,Demais falhas mecânicas ou elétricas,Incêndio,Sem Vítimas,Pleno dia,Decrescente,Céu Claro,Simples,Reta,Não,1,0,0,0,1,0,0,1,-27.675831,-49.148048,SPRF-SC,DEL01-SC,UOP03-DEL01-SC,2022