id,data_inversa,dia_semana,horario,uf,br,km,municipio,causa_acidente,tipo_acidente,classificacao_acidente,fase_dia,sentido_via,condicao_metereologica,tipo_pista,tracado_via,uso_solo,pessoas,mortos,feridos_leves,feridos_graves,ilesos,ignorados,feridos,veiculos,latitude,longitude,regional,delegacia,uop,ano_arquivo
485929.0,2022-11-10,quinta-feira,12:58:00,SC,282,504.9,XANXERE,Transitar na contramão,Colisão frontal,Com Vítimas Feridas,Pleno dia,Decrescente,Céu Claro,Simples,Reta,Não,3,0,0,1,2,0,1,2,-26.8853589,-52.41448402,SPRF-SC,DEL07-SC,UOP01-DEL07-SC,2022
485944.0,2022-11-10,quinta-feira,18:50:00,SC,282,5.0,SAO JOSE,Manobra de mudança de faixa,Colisão lateral mesmo sentido,Com Vítimas Feridas,Anoitecer,Crescente,Céu Claro,Dupla,Reta,Sim,2,0,0,1,1,0,1,2,-27.58796784,-48.61347198,SPRF-SC,DEL01-SC,UOP01-DEL01-SC,2022
486001.0,2022-11-11,sexta-feira,04:00:00,SC,282,74.2,ALFREDO WAGNER,Demais falhas mecânicas ou elétricas,Incêndio,Sem Vítimas,Plena Noite,Crescente,Céu Claro,Simples,Curva,Não,1,0,0,0,1,0,0,1,-27.688168,-49.120075,SPRF-SC,DEL01-SC,UOP03-DEL01-SC,2022
486140.0,2022-11-11,sexta-feira,17:55:00,SC,282,41.0,AGUAS MORNAS,Condutor Dormindo,Colisão frontal,Com Vítimas Feridas,Anoitecer,Decrescente,Garoa/Chuvisco,Simples,Reta,Não,2,0,0,1,1,0,1,2,-27.715973,-48.878979,SPRF-SC,DEL01-SC,UOP03-DEL01-SC,2022
486158.0,2022-11-11,sexta-feira,18:20:00,SC,282,373.3,ERVAL VELHO,Transitar na contramão,Colisão lateral sentido oposto,Com Vítimas Feridas,Anoitecer,Decrescente,Nublado,Simples,Curva,Não,4,0,4,0,0,0,4,2,-27.243425,-51.44788,SPRF-SC,DEL07-SC,UOP05-DEL07-SC,2022
486254.0,2022-11-12,sábado,06:30:00,SC,282,83.2,ALFREDO WAGNER,Velocidade Incompatível,Colisão lateral sentido oposto,Com Vítimas Feridas,Pleno dia,Crescente,Nublado,Simples,Curva,Não,3,0,1,0,2,0,1,2,-27.666153,-49.175022,SPRF-SC,DEL01-SC,UOP03-DEL01-SC,2022
486313.0,2022-11-12,sábado,14:20:00,SC,282,172.0,BOCAINA DO SUL,Demais falhas mecânicas ou elétricas,Tombamento,Com Vítimas Feridas,Pleno dia,Crescente,Céu Claro,Simples,Reta,Não,1,0,1,0,0,0,1,1,-27.742331,-49.862782,SPRF-SC,DEL05-SC,UOP01-DEL05-SC,2022
486314.0,2022-11-12,sábado,14:25:00,SC,282,222.5,LAGES,Ingestão de álcool pelo condutor,Saída de leito carroçável,Com Vítimas Feridas,Pleno dia,Crescente,Céu Claro,Simples,Curva;Aclive,Não,1,0,1,0,0,0,1,1,-27.797739,-50.353409,SPRF-SC,DEL05-SC,UOP01-DEL05-SC,2022
486347.0,2022-10-07,sexta-feira,15:45:00,SC,282,273.0,SAO JOSE DO CERRITO,Velocidade Incompatível,Saída de leito carroçável,Com Vítimas Feridas,Pleno dia,Crescente,Ignorado,Simples,Curva,Não,1,0,1,0,0,0,1,1,-27.6142159,-50.71694613,SPRF-SC,DEL05-SC,UOP02-DEL05-SC,2022
486412.0,2022-11-12,sábado,20:00:00,SC,282,555.8,NOVA ITABERABA,Acumulo de água sobre o pavimento,Colisão transversal,Com Vítimas Feridas,Plena Noite,Crescente,Chuva,Simples,Reta,Não,3,0,0,2,1,0,2,2,-26.935896,-52.810684,SPRF-SC,DEL07-SC,UOP01-DEL07-SC,2022
486457.0,2022-11-13,domingo,00:30:00,SC,282,38.8,AGUAS MORNAS,Pista Escorregadia,Capotamento,Com Vítimas Feridas,Plena Noite,Crescente,Nublado,Simples,Curva,Não,4,0,3,0,1,0,3,1,-27.709209,-48.852467,SPRF-SC,DEL01-SC,UOP03-DEL01-SC,2022
486729.0,2022-11-14,segunda-feira,06:40:00,SC,282,55.0,RANCHO QUEIMADO,Chuva,Colisão frontal,Com Vítimas Feridas,Pleno dia,Decrescente,Chuva,Simples,Curva,Não,2,0,0,1,1,0,1,2,-27.68906554,-48.98404598,SPRF-SC,DEL01-SC,UOP03-DEL01-SC,2022
486771.0,2022-11-14,segunda-feira,08:05:00,SC,282,332.0,CAMPOS NOVOS,Demais falhas na via,Saída de leito carroçável,Com Vítimas Feridas,Pleno dia,Decrescente,Céu Claro,Simples,Reta,Não,1,0,1,0,0,0,1,1,-27.384575,-51.106579,SPRF-SC,DEL07-SC,UOP06-DEL07-SC,2022
487078.0,2022-11-15,terça-feira,16:15:00,SC,282,217.0,LAGES,Condutor deixou de manter distância do veículo da frente,Engavetamento,Com Vítimas Feridas,Pleno dia,Decrescente,Céu Claro,Simples,Viaduto,Sim,4,0,1,0,3,0,1,4,-27.797916,-50.302944,SPRF-SC,DEL05-SC,UOP01-DEL05-SC,2022
487162.0,2022-11-16,quarta-feira,07:15:00,SC,282,3.0,FLORIANOPOLIS,Manobra de mudança de faixa,Colisão lateral mesmo sentido,Com Vítimas Feridas,Pleno dia,Decrescente,Céu Claro,Múltipla,Reta,Sim,2,0,1,0,1,0,1,2,-27.600384,-48.599705,SPRF-SC,DEL01-SC,UOP01-DEL01-SC,2022
487197.0,2022-11-16,quarta-feira,10:40:00,SC,282,527.6,XAXIM,Ausência de reação do condutor,Colisão traseira,Com Vítimas Feridas,Pleno dia,Decrescente,Céu Claro,Simples,Reta,Não,2,0,1,0,1,0,1,2,-26.973196,-52.583321,SPRF-SC,DEL07-SC,UOP01-DEL07-SC,2022
487319.0,2022-11-16,quarta-feira,20:40:00,SC,282,382.4,HERVAL DOESTE,Mal súbito do condutor,Saída de leito carroçável,Com Vítimas Feridas,Plena Noite,Crescente,Nublado,Simples,Reta,Não,1,0,1,0,0,0,1,1,-27.19607,-51.503044,SPRF-SC,DEL07-SC,UOP05-DEL07-SC,2022
487446.0,2022-08-17,quarta-feira,19:00:00,SC,282,486.5,FAXINAL DOS GUEDES,Manobra de mudança de faixa,Colisão traseira,Com Vítimas Feridas,Plena Noite,Decrescente,Chuva,Simples,Reta,Não,3,0,0,1,2,0,1,2,-26.8567541,-52.2461254,SPRF-SC,DEL07-SC,UOP01-DEL07-SC,2022
487653.0,2022-11-04,sexta-feira,04:50:00,SC,282,218.1,LAGES,Ausência de reação do condutor,Tombamento,Com Vítimas Fatais,Amanhecer,Decrescente,Nublado,Dupla,Reta;Declive,Sim,1,1,0,0,0,0,0,1,-27.7980153,-50.3041417,SPRF-SC,DEL05-SC,UOP01-DEL05-SC,2022
487693.0,2022-11-18,sexta-feira,17:45:00,SC,282,607.0,MARAVILHA,Ultrapassagem Indevida,Colisão frontal,Com Vítimas Feridas,Anoitecer,Crescente,Céu Claro,Simples,Reta,Não,2,0,2,0,0,0,2,2,-26.77019256,-53.2093513,SPRF-SC,DEL07-SC,UOP02-DEL07-SC,2022
487703.0,2022-11-18,sexta-feira,20:10:00,SC,282,1.9,FLORIANOPOLIS,Ausência de reação do condutor,Colisão lateral mesmo sentido,Com Vítimas Feridas,Plena Noite,Decrescente,Nublado,Múltipla,Reta,Sim,2,0,1,0,1,0,1,2,-27.602955,-48.580509,SPRF-SC,DEL01-SC,UOP01-DEL01-SC,2022
487799.0,2022-11-19,sábado,07:37:00,SC,282,376.2,HERVAL DOESTE,Ausência de reação do condutor,Saída de leito carroçável,Com Vítimas Feridas,Pleno dia,Decrescente,Céu Claro,Simples,Reta,Não,1,0,1,0,0,0,1,1,-27.224768,-51.457851,SPRF-SC,DEL07-SC,UOP05-DEL07-SC,2022
487850.0,2022-11-19,sábado,13:30:00,SC,282,643.4,SAO MIGUEL DO OESTE,Ingestão de álcool pelo condutor,Saída de leito carroçável,Com Vítimas Feridas,Pleno dia,Decrescente,Céu Claro,Dupla,Reta,Não,1,0,1,0,0,0,1,1,-26.76903066,-53.46983319,SPRF-SC,DEL07-SC,UOP03-DEL07-SC,2022
488036.0,2022-11-20,domingo,14:45:00,SC,282,79.2,ALFREDO WAGNER,Acesso irregular,Colisão traseira,Com Vítimas Feridas,Pleno dia,Crescente,Nublado,Simples,Reta,Não,2,0,1,0,1,0,1,2,-27.6707,-49.155758,SPRF-SC,DEL01-SC,UOP03-DEL01-SC,2022
488323.0,2022-11-25,sexta-feira,09:00:00,SC,282,349.0,CAMPOS NOVOS,Velocidade Incompatível,Capotamento,Com Vítimas Feridas,Pleno dia,Decrescente,Céu Claro,Simples,Reta,Não,2,0,2,0,0,0,2,1,-27.358049,-51.282482,SPRF-SC,DEL07-SC,UOP06-DEL07-SC,2022
488626.0,2022-11-26,sábado,03:20:00,SC,282,344.0,CAMPOS NOVOS,Ingestão de álcool pelo condutor,Tombamento,Com Vítimas Feridas,Plena Noite,Crescente,Céu Claro,Simples,Reta,Não,2,0,1,0,1,0,1,1,-27.381166,-51.240082,SPRF-SC,DEL07-SC,UOP06-DEL07-SC,2022
488733.0,2022-11-26,sábado,09:35:00,SC,282,72.0,RANCHO QUEIMADO,Velocidade Incompatível,Saída de leito carroçável,Com Vítimas Feridas,Pleno dia,Decrescente,Garoa/Chuvisco,Simples,Curva,Não,1,0,1,0,0,0,1,1,-27.6914098,-49.09099102,SPRF-SC,DEL01-SC,UOP03-DEL01-SC,2022
488736.0,2022-11-26,sábado,07:30:00,SC,282,69.7,RANCHO QUEIMADO,Velocidade Incompatível,Saída de leito carroçável,Com Vítimas Feridas,Pleno dia,Decrescente,Chuva,Simples,Curva;Declive,Não,4,0,4,0,0,0,4,1,-27.690144,-49.083813,SPRF-SC,DEL01-SC,UOP03-DEL01-SC,2022
488793.0,2022-11-22,terça-feira,20:40:00,SC,282,324.0,CAMPOS NOVOS,Reação tardia ou ineficiente do condutor,Saída de leito carroçável,Com Vítimas Feridas,Plena Noite,Crescente,Céu Claro,Simples,Interseção de Vias,Não,5,0,4,1,0,0,5,1,-27.37466367,-51.06685638,SPRF-SC,DEL07-SC,UOP06-DEL07-SC,2022
488817.0,2022-09-23,sexta-feira,07:15:00,SC,282,40.9,AGUAS MORNAS,Desrespeitar a preferência no cruzamento,Colisão transversal,Com Vítimas Feridas,Pleno dia,Crescente,Céu Claro,Simples,Reta,Sim,2,0,1,0,1,0,1,2,-27.716325,-48.87951,SPRF-SC,DEL01-SC,UOP03-DEL01-SC,2022
488854.0,2022-11-20,domingo,21:10:00,SC,282,379.4,HERVAL DOESTE,Velocidade Incompatível,Saída de leito carroçável,Com Vítimas Feridas,Plena Noite,Crescente,Céu Claro,Simples,Rotatória,Não,1,0,1,0,0,0,1,1,-27.21473567,-51.48690104,SPRF-SC,DEL07-SC,UOP05-DEL07-SC,2022
488859.0,2022-11-26,sábado,16:15:00,SC,282,46.7,AGUAS MORNAS,Velocidade Incompatível,Saída de leito carroçável,Com Vítimas Feridas,Pleno dia,Decrescente,Chuva,Simples,Reta;Declive,Não,2,0,1,1,0,0,2,1,-27.721041,-48.925152,SPRF-SC,DEL01-SC,UOP03-DEL01-SC,2022
488871.0,2022-11-23,quarta-feira,23:50:00,SC,282,214.1,LAGES,Ultrapassagem Indevida,Colisão frontal,Com Vítimas Feridas,Plena Noite,Decrescente,Céu Claro,Simples,Reta;Aclive,Não,4,0,1,3,0,0,4,2,-27.78937,-50.271915,SPRF-SC,DEL05-SC,UOP01-DEL05-SC,2022
488959.0,2022-11-26,sábado,23:30:00,SC,282,608.5,MARAVILHA,Ingestão de álcool pelo condutor,Colisão com objeto,Sem Vítimas,Plena Noite,Decrescente,Céu Claro,Simples,Reta,Não,1,0,0,0,0,1,0,1,-26.76339132,-53.21914673,SPRF-SC,DEL07-SC,UOP02-DEL07-SC,2022
488970.0,2022-11-26,sábado,23:56:00,SC,282,377.0,HERVAL DOESTE,Velocidade Incompatível,Capotamento,Com Vítimas Feridas,Plena Noite,Crescente,Céu Claro,Simples,Curva,Não,3,0,1,1,1,0,2,2,-27.216974,-51.470055,SPRF-SC,DEL07-SC,UOP05-DEL07-SC,2022
489024.0,2022-11-23,quarta-feira,10:15:00,SC,282,4.5,SAO JOSE,Manobra de mudança de faixa,Colisão lateral mesmo sentido,Com Vítimas Feridas,Pleno dia,Crescente,Nublado,Dupla,Reta,Sim,2,0,0,1,1,0,1,2,-27.592646,-48.604034,SPRF-SC,DEL01-SC,UOP01-DEL01-SC,2022
489029.0,2022-11-27,domingo,07:15:00,SC,282,5.5,SAO JOSE,Pista Escorregadia,Colisão transversal,Com Vítimas Feridas,Pleno dia,Crescente,Chuva,Múltipla,Curva,Sim,2,0,1,0,1,0,1,2,-27.588425,-48.612919,SPRF-SC,DEL01-SC,UOP01-DEL01-SC,2022
489125.0,2022-11-27,domingo,13:00:00,SC,282,50.0,AGUAS MORNAS,Condutor deixou de manter distância do veículo da frente,Colisão traseira,Sem Vítimas,Pleno dia,Decrescente,Chuva,Simples,Curva,Não,2,0,0,0,2,0,0,2,-27.708536,-48.952251,SPRF-SC,DEL01-SC,UOP03-DEL01-SC,2022
489134.0,2022-11-27,domingo,13:00:00,SC,282,30.0,SANTO AMARO DA IMPERATRIZ,Velocidade Incompatível,Colisão traseira,Com Vítimas Feridas,Pleno dia,Decrescente,Garoa/Chuvisco,Simples,Curva,Não,4,0,1,0,3,0,1,3,-27.687376,-48.79071,SPRF-SC,DEL01-SC,UOP03-DEL01-SC,2022
489145.0,2022-11-27,domingo,15:30:00,SC,282,58.0,RANCHO QUEIMADO,Pista Escorregadia,Colisão frontal,Com Vítimas Feridas,Pleno dia,Crescente,Chuva,Simples,Curva,Não,3,0,2,0,1,0,2,2,-27.683594,-49.005539,SPRF-SC,DEL01-SC,UOP03-DEL01-SC,2022
489156.0,2022-11-27,domingo,16:00:00,SC,282,48.5,AGUAS MORNAS,Velocidade Incompatível,Colisão frontal,Com Vítimas Feridas,Pleno dia,Crescente,Chuva,Simples,Curva,Não,5,0,1,2,2,0,3,2,-27.714352,-48.938072,SPRF-SC,DEL01-SC,UOP03-DEL01-SC,2022
489240.0,2022-11-27,domingo,21:30:00,SC,282,572.0,PINHALZINHO,Condutor deixou de manter distância do veículo da frente,Colisão traseira,Sem Vítimas,Plena Noite,Crescente,Nublado,Simples,Reta,Não,4,0,0,0,4,0,0,2,-26.879332,-52.949421,SPRF-SC,DEL07-SC,UOP02-DEL07-SC,2022
489323.0,2022-11-28,segunda-feira,07:40:00,SC,282,48.7,AGUAS MORNAS,Pista Escorregadia,Colisão frontal,Com Vítimas Feridas,Pleno dia,Crescente,Chuva,Simples,Curva,Não,4,0,3,0,1,0,3,2,-27.714352,-48.938072,SPRF-SC,DEL01-SC,UOP03-DEL01-SC,2022
489434.0,2022-11-28,segunda-feira,09:50:00,SC,282,18.0,PALHOCA,Acessar a via sem observar a presença dos outros veículos,Colisão transversal,Com Vítimas Feridas,Pleno dia,Decrescente,Chuva,Simples,Interseção de Vias,Sim,2,0,1,0,1,0,1,2,-27.672798,-48.694286,SPRF-SC,DEL01-SC,UOP02-DEL01-SC,2022
489467.0,2022-11-28,segunda-feira,13:50:00,SC,282,106.4,ALFREDO WAGNER,Pista Escorregadia,Saída de leito carroçável,Sem Vítimas,Pleno dia,Decrescente,Chuva,Simples,Curva,Não,1,0,0,0,1,0,0,1,-27.697609,-49.344734,SPRF-SC,DEL01-SC,UOP03-DEL01-SC,2022
489522.0,2022-11-28,segunda-feira,20:35:00,SC,282,346.1,CAMPOS NOVOS,Entrada inopinada do pedestre,Atropelamento de Pedestre,Com Vítimas Feridas,Plena Noite,Decrescente,Céu Claro,Simples,Reta,Sim,2,0,1,0,1,0,1,2,-27.368792,-51.254639,SPRF-SC,DEL07-SC,UOP06-DEL07-SC,2022
489531.0,2022-11-28,segunda-feira,17:30:00,SC,282,118.0,BOM RETIRO,Ausência de reação do condutor,Saída de leito carroçável,Com Vítimas Feridas,Pleno dia,Decrescente,Chuva,Simples,Curva,Não,3,0,3,0,0,0,3,1,-27.776798,-49.411194,SPRF-SC,DEL05-SC,UOP01-DEL05-SC,2022
489608.0,2022-11-13,domingo,18:40:00,SC,282,501.3,XANXERE,Desrespeitar a preferência no cruzamento,Colisão transversal,Sem Vítimas,Anoitecer,Decrescente,Céu Claro,Dupla,Rotatória,Não,3,0,0,0,3,0,0,2,-26.881372,-52.37252,SPRF-SC,DEL07-SC,UOP01-DEL07-SC,2022
489684.0,2022-11-29,terça-feira,10:10:00,SC,282,1.7,FLORIANOPOLIS,Condutor deixou de manter distância do veículo da frente,Colisão traseira,Com Vítimas Feridas,Pleno dia,Decrescente,Chuva,Múltipla,Reta,Sim,2,0,0,1,1,0,1,2,-27.602955,-48.580509,SPRF-SC,DEL01-SC,UOP01-DEL01-SC,2022
489809.0,2022-11-06,domingo,14:50:00,SC,282,656.9,SAO MIGUEL DO OESTE,Velocidade Incompatível,Colisão frontal,Com Vítimas Fatais,Pleno dia,Decrescente,Céu Claro,Simples,Curva,Não,7,1,3,1,1,1,4,3,-26.686925,-53.5492608,SPRF-SC,DEL07-SC,UOP03-DEL07-SC,2022
489852.0,2022-11-23,quarta-feira,01:50:00,SC,282,239.3,SAO JOSE DO CERRITO,Pista Escorregadia,Saída de leito carroçável,Sem Vítimas,Plena Noite,Decrescente,Chuva,Simples,Curva,Não,1,0,0,0,0,1,0,1,-27.771513,-50.496738,SPRF-SC,DEL05-SC,UOP02-DEL05-SC,2022
489856.0,2022-11-30,quarta-feira,13:30:00,SC,282,5.5,SAO JOSE,Ausência de reação do condutor,Colisão traseira,Sem Vítimas,Pleno dia,Crescente,Chuva,Múltipla,Reta,Sim,2,0,0,0,2,0,0,2,-27.588425,-48.612919,SPRF-SC,DEL01-SC,UOP01-DEL01-SC,2022
489890.0,2022-11-30,quarta-feira,13:10:00,SC,282,230.7,LAGES,Reação tardia ou ineficiente do condutor,Colisão frontal,Com Vítimas Fatais,Pleno dia,Decrescente,Chuva,Simples,Curva,Não,2,1,0,1,0,0,1,2,-27.7893084,-50.4232253,SPRF-SC,DEL05-SC,UOP02-DEL05-SC,2022
489906.0,2022-11-30,quarta-feira,17:40:00,SC,282,374.9,ERVAL VELHO,Chuva,Saída de leito carroçável,Com Vítimas Feridas,Pleno dia,Decrescente,Chuva,Simples,Curva;Declive,Não,2,0,1,0,1,0,1,1,-27.236115,-51.452618,SPRF-SC,DEL07-SC,UOP05-DEL07-SC,2022
489965.0,2022-12-01,quinta-feira,01:30:00,SC,282,267.2,SAO JOSE DO CERRITO,Reação tardia ou ineficiente do condutor,Saída de leito carroçável,Com Vítimas Feridas,Plena Noite,Crescente,Nublado,Simples,Aclive;Curva,Não,1,0,1,0,0,0,1,1,-27.624544,-50.651848,SPRF-SC,DEL05-SC,UOP02-DEL05-SC,2022
490033.0,2022-12-01,quinta-feira,10:00:00,SC,282,208.0,LAGES,Frear bruscamente,Colisão com objeto,Com Vítimas Feridas,Pleno dia,Crescente,Nublado,Simples,Reta;Aclive,Não,1,0,1,0,0,0,1,1,-27.775284,-50.211971,SPRF-SC,DEL05-SC,UOP01-DEL05-SC,2022
490205.0,2022-12-02,sexta-feira,09:15:00,SC,282,3.0,FLORIANOPOLIS,Trafegar com motocicleta (ou similar) entre as faixas,Colisão lateral mesmo sentido,Com Vítimas Feridas,Pleno dia,Decrescente,Sol,Múltipla,Reta,Sim,2,0,1,0,1,0,1,2,-27.600384,-48.599705,SPRF-SC,DEL01-SC,UOP01-DEL01-SC,2022
490278.0,2022-12-02,sexta-feira,11:00:00,SC,282,501.0,XANXERE,Desrespeitar a preferência no cruzamento,Colisão transversal,Sem Vítimas,Pleno dia,Decrescente,Céu Claro,Dupla,Rotatória,Sim,2,0,0,0,1,1,0,2,-26.881372,-52.37252,SPRF-SC,DEL07-SC,UOP01-DEL07-SC,2022
490370.0,2022-12-02,sexta-feira,14:10:00,SC,282,585.0,PINHALZINHO,Velocidade Incompatível,Saída de leito carroçável,Com Vítimas Feridas,Pleno dia,Crescente,Chuva,Simples,Reta,Não,3,0,0,1,1,1,1,2,-26.830591,-53.025528,SPRF-SC,DEL07-SC,UOP02-DEL07-SC,2022
490415.0,2022-12-03,sábado,00:10:00,SC,282,568.0,NOVA ERECHIM,Acessar a via sem observar a presença dos outros veículos,Colisão frontal,Com Vítimas Feridas,Plena Noite,Crescente,Céu Claro,Simples,Reta,Sim,3,0,2,0,1,0,2,2,-26.899681,-52.915756,SPRF-SC,DEL07-SC,UOP02-DEL07-SC,2022
490505.0,2022-12-03,sábado,12:20:00,SC,282,2.0,FLORIANOPOLIS,Condutor deixou de manter distância do veículo da frente,Colisão traseira,Com Vítimas Feridas,Pleno dia,Crescente,Céu Claro,Dupla,Reta,Sim,2,0,1,0,1,0,1,2,-27.603289,-48.590416,SPRF-SC,DEL01-SC,UOP01-DEL01-SC,2022
490663.0,2022-12-04,domingo,02:50:00,SC,282,459.9,PONTE SERRADA,Transitar na contramão,Colisão frontal,Com Vítimas Feridas,Plena Noite,Crescente,Céu Claro,Simples,Reta,Sim,5,0,4,1,0,0,5,2,-26.87780856,-52.01524258,SPRF-SC,DEL07-SC,UOP04-DEL07-SC,2022
490709.0,2022-12-04,domingo,10:50:00,SC,282,498.6,XANXERE,Ingestão de álcool pelo condutor,Saída de leito carroçável,Com Vítimas Feridas,Pleno dia,Decrescente,Céu Claro,Simples,Reta,Não,1,0,1,0,0,0,1,1,-26.87978,-52.353825,SPRF-SC,DEL07-SC,UOP01-DEL07-SC,2022
490975.0,2022-12-05,segunda-feira,15:45:00,SC,282,329.7,CAMPOS NOVOS,Manobra de mudança de faixa,Colisão frontal,Com Vítimas Feridas,Pleno dia,Crescente,Céu Claro,Simples,Aclive;Reta,Não,4,0,0,1,3,0,1,2,-27.382003,-51.100984,SPRF-SC,DEL07-SC,UOP06-DEL07-SC,2022
491035.0,2022-12-06,terça-feira,03:30:00,SC,282,586.9,PINHALZINHO,Ingestão de álcool pelo condutor,Saída de leito carroçável,Com Vítimas Feridas,Plena Noite,Crescente,Nublado,Simples,Curva,Não,2,0,1,0,1,0,1,1,-26.830677,-53.04443,SPRF-SC,DEL07-SC,UOP02-DEL07-SC,2022
491303.0,2022-12-07,quarta-feira,09:30:00,SC,282,339.0,CAMPOS NOVOS,Desrespeitar a preferência no cruzamento,Colisão transversal,Com Vítimas Feridas,Pleno dia,Decrescente,Céu Claro,Simples,Reta,Não,3,0,1,0,2,0,1,2,-27.392731,-51.195118,SPRF-SC,DEL07-SC,UOP06-DEL07-SC,2022
491478.0,2022-12-08,quinta-feira,07:50:00,SC,282,510.8,XANXERE,Animais na Pista,Atropelamento de Animal,Com Vítimas Feridas,Pleno dia,Decrescente,Céu Claro,Simples,Reta,Não,1,0,1,0,0,0,1,1,-26.897114,-52.463585,SPRF-SC,DEL07-SC,UOP01-DEL07-SC,2022
491501.0,2022-12-08,quinta-feira,09:45:00,SC,282,0.0,FLORIANOPOLIS,Manobra de mudança de faixa,Colisão lateral mesmo sentido,Com Vítimas Feridas,Pleno dia,Decrescente,Céu Claro,Múltipla,Reta,Sim,2,0,0,1,1,0,1,2,-27.59845,-48.571995,SPRF-SC,DEL01-SC,UOP01-DEL01-SC,2022
491782.0,2022-12-09,sexta-feira,16:40:00,SC,282,218.4,LAGES,Reação tardia ou ineficiente do condutor,Tombamento,Com Vítimas Feridas,Pleno dia,Decrescente,Céu Claro,Simples,Aclive;Reta,Sim,1,0,1,0,0,0,1,1,-27.7983308,-50.30695438,SPRF-SC,DEL05-SC,UOP01-DEL05-SC,2022
491957.0,2022-12-10,sábado,12:30:00,SC,480,127.0,CHAPECO,Reação tardia ou ineficiente do condutor,Colisão traseira,Com Vítimas Feridas,Pleno dia,Crescente,Céu Claro,Dupla,Reta,Não,3,0,1,0,2,0,1,3,-27.02885905,-52.63380035,SPRF-SC,DEL07-SC,UOP01-DEL07-SC,2022
491961.0,2022-12-10,sábado,11:40:00,SC,282,673.0,PARAISO,Restrição de visibilidade em curvas horizontais,Colisão transversal,Com Vítimas Feridas,Pleno dia,Decrescente,Nublado,Simples,Rotatória,Sim,2,0,1,0,1,0,1,2,-26.61431344,-53.67362022,SPRF-SC,DEL07-SC,UOP03-DEL07-SC,2022
492033.0,2022-12-10,sábado,17:56:00,SC,282,505.0,XANXERE,Acessar a via sem observar a presença dos outros veículos,Colisão transversal,Com Vítimas Feridas,Pleno dia,Crescente,Céu Claro,Simples,Rotatória,Sim,4,0,3,0,0,1,3,2,-26.885883,-52.418762,SPRF-SC,DEL07-SC,UOP01-DEL07-SC,2022
492246.0,2022-12-11,domingo,16:40:00,SC,282,309.0,VARGEM,Conversão proibida,Colisão traseira,Com Vítimas Feridas,Pleno dia,Crescente,Céu Claro,Simples,Reta,Não,4,0,2,0,1,1,2,3,-27.489922,-50.976967,SPRF-SC,DEL07-SC,UOP06-DEL07-SC,2022
492259.0,2022-12-11,domingo,19:50:00,SC,282,4.5,SAO JOSE,Ausência de reação do condutor,Queda de ocupante de veículo,Com Vítimas Feridas,Plena Noite,Crescente,Nublado,Múltipla,Reta,Sim,2,0,1,0,0,1,1,1,-27.592646,-48.604034,SPRF-SC,DEL01-SC,UOP01-DEL01-SC,2022
492420.0,2022-12-12,segunda-feira,12:25:00,SC,480,131.0,CHAPECO,Velocidade Incompatível,Engavetamento,Sem Vítimas,Pleno dia,Crescente,Nublado,Simples,Reta,Sim,3,0,0,0,2,1,0,3,-27.06314223,-52.63234636,SPRF-SC,DEL07-SC,UOP01-DEL07-SC,2022
492469.0,2022-12-12,segunda-feira,20:08:00,SC,282,400.0,JOACABA,Transitar na contramão,Colisão frontal,Com Vítimas Feridas,Plena Noite,Crescente,Nublado,Simples,Reta,Não,2,0,2,0,0,0,2,2,-27.132223,-51.627563,SPRF-SC,DEL07-SC,UOP05-DEL07-SC,2022
492512.0,2022-12-13,terça-feira,04:48:00,SC,282,380.0,HERVAL DOESTE,Ingestão de álcool pelo condutor,Colisão frontal,Sem Vítimas,Pleno dia,Decrescente,Céu Claro,Simples,Curva,Não,5,0,0,0,5,0,0,2,-27.213797,-51.499413,SPRF-SC,DEL07-SC,UOP05-DEL07-SC,2022
492577.0,2022-12-13,terça-feira,13:45:00,SC,282,501.3,XANXERE,Acessar a via sem observar a presença dos outros veículos,Colisão frontal,Com Vítimas Feridas,Pleno dia,Decrescente,Céu Claro,Simples,Interseção de Vias,Sim,3,0,1,0,2,0,1,2,-26.882715,-52.381729,SPRF-SC,DEL07-SC,UOP01-DEL07-SC,2022
492693.0,2022-12-14,quarta-feira,07:25:00,SC,282,29.5,SANTO AMARO DA IMPERATRIZ,Conversão proibida,Colisão lateral mesmo sentido,Com Vítimas Feridas,Pleno dia,Decrescente,Nublado,Simples,Aclive;Reta,Sim,2,0,1,0,1,0,1,2,-27.679737,-48.786785,SPRF-SC,DEL01-SC,UOP03-DEL01-SC,2022
492756.0,2022-12-14,quarta-feira,14:08:00,SC,282,17.0,PALHOCA,Condutor deixou de manter distância do veículo da frente,Colisão frontal,Com Vítimas Feridas,Pleno dia,Crescente,Céu Claro,Simples,Reta,Sim,2,0,0,1,1,0,1,2,-27.665707,-48.688065,SPRF-SC,DEL01-SC,UOP02-DEL01-SC,2022
492807.0,2022-12-14,quarta-feira,17:30:00,SC,480,125.0,CHAPECO,Condutor deixou de manter distância do veículo da frente,Colisão traseira,Com Vítimas Feridas,Pleno dia,Crescente,Céu Claro,Dupla,Reta,Sim,6,0,3,0,3,0,3,2,-27.01164515,-52.63953123,SPRF-SC,DEL07-SC,UOP01-DEL07-SC,2022
492884.0,2022-12-15,quinta-feira,08:15:00,SC,282,64.3,RANCHO QUEIMADO,Ausência de reação do condutor,Tombamento,Com Vítimas Feridas,Pleno dia,Decrescente,Céu Claro,Simples,Curva,Não,1,0,1,0,0,0,1,1,-27.696323,-49.052456,SPRF-SC,DEL01-SC,UOP03-DEL01-SC,2022