id,data_inversa,dia_semana,horario,uf,br,km,municipio,causa_acidente,tipo_acidente,classificacao_acidente,fase_dia,sentido_via,condicao_metereologica,tipo_pista,tracado_via,uso_solo,pessoas,mortos,feridos_leves,feridos_graves,ilesos,ignorados,feridos,veiculos,latitude,longitude,regional,delegacia,uop,ano_arquivo
506836.0,2023-02-23,quinta-feira,11:00:00,SC,282,221.0,LAGES,Ultrapassagem Indevida,Colisão frontal,Com Vítimas Feridas,Pleno dia,Decrescente,Nublado,Simples,Reta;Declive,Não,3,0,2,0,1,0,2,2,-27.796358,-50.343426,SPRF-SC,DEL05-SC,UOP01-DEL05-SC,2023
506924.0,2023-02-23,quinta-feira,20:00:00,SC,282,580.2,PINHALZINHO,Condutor deixou de manter distância do veículo da frente,Colisão traseira,Com Vítimas Feridas,Plena Noite,Crescente,Chuva,Simples,Reta,Não,3,0,1,0,1,1,1,3,-26.83669007,-52.98823859,SPRF-SC,DEL07-SC,UOP02-DEL07-SC,2023
507671.0,2023-02-28,terça-feira,12:15:00,SC,282,578.0,VARGEAO,Condutor deixou de manter distância do veículo da frente,Engavetamento,Com Vítimas Feridas,Pleno dia,Decrescente,Céu Claro,Simples,Curva;Declive,Não,4,0,1,0,3,0,1,3,-26.882711,-52.169197,SPRF-SC,DEL07-SC,UOP02-DEL07-SC,2023
507803.0,2023-03-01,quarta-feira,08:35:00,SC,282,572.8,NOVA ERECHIM,Acessar a via sem observar a presença dos outros veículos,Colisão transversal,Com Vítimas Feridas,Pleno dia,Crescente,Céu Claro,Simples,Reta,Não,2,0,1,0,1,0,1,2,-26.881834,-52.942444,SPRF-SC,DEL07-SC,UOP02-DEL07-SC,2023
508427.0,2023-03-04,sábado,09:58:00,SC,480,126.0,CHAPECO,Manobra de mudança de faixa,Colisão lateral mesmo sentido,Com Vítimas Feridas,Pleno dia,Crescente,Chuva,Dupla,Reta;Declive,Não,2,0,1,0,1,0,1,2,-27.020083,-52.636024,SPRF-SC,DEL07-SC,UOP01-DEL07-SC,2023
509128.0,2023-03-07,terça-feira,19:50:00,SC,480,130.5,CHAPECO,Condutor deixou de manter distância do veículo da frente,Colisão traseira,Com Vítimas Feridas,Plena Noite,Crescente,Céu Claro,Dupla,Reta,Sim,2,0,1,0,0,1,1,2,-27.06095067,-52.63491869,SPRF-SC,DEL07-SC,UOP01-DEL07-SC,2023
509232.0,2023-03-08,quarta-feira,12:00:00,SC,282,370.0,ERVAL VELHO,Ultrapassagem Indevida,Colisão lateral mesmo sentido,Com Vítimas Feridas,Pleno dia,Crescente,Céu Claro,Simples,Declive;Reta,Não,3,0,1,0,2,0,1,3,-27.268663,-51.443768,SPRF-SC,DEL07-SC,UOP05-DEL07-SC,2023
509350.0,2023-03-08,quarta-feira,23:00:00,SC,282,245.5,SAO JOSE DO CERRITO,Restrição de visibilidade em curvas horizontais,Colisão frontal,Com Vítimas Fatais,Plena Noite,Crescente,Chuva,Simples,Curva;Declive,Não,3,1,1,0,0,1,1,3,-27.729763,-50.52121,SPRF-SC,DEL05-SC,UOP02-DEL05-SC,2023
509697.0,2023-03-10,sexta-feira,16:50:00,SC,282,509.0,XANXERE,Velocidade Incompatível,Colisão com objeto,Sem Vítimas,Pleno dia,Decrescente,Céu Claro,Simples,Reta,Não,2,0,0,0,2,0,0,2,-26.890533,-52.457096,SPRF-SC,DEL07-SC,UOP01-DEL07-SC,2023
511145.0,2023-03-17,sexta-feira,14:56:00,SC,282,398.0,JOACABA,Ultrapassagem Indevida,Colisão lateral sentido oposto,Com Vítimas Feridas,Pleno dia,Crescente,Céu Claro,Simples,Curva,Não,4,0,1,0,2,2,1,5,-27.148859,-51.611007,SPRF-SC,DEL07-SC,UOP05-DEL07-SC,2023
511671.0,2023-03-20,segunda-feira,04:15:00,SC,282,18.4,PALHOCA,Acessar a via sem observar a presença dos outros veículos,Colisão transversal,Sem Vítimas,Plena Noite,Decrescente,Céu Claro,Dupla,Reta,Sim,2,0,0,0,2,0,0,2,-27.672798,-48.694286,SPRF-SC,DEL01-SC,UOP02-DEL01-SC,2023
511689.0,2023-03-20,segunda-feira,07:50:00,SC,282,23.0,SANTO AMARO DA IMPERATRIZ,Conversão proibida,Colisão frontal,Sem Vítimas,Pleno dia,Crescente,Sol,Simples,Reta,Sim,2,0,0,0,2,0,0,2,-27.687958,-48.736794,SPRF-SC,DEL01-SC,UOP02-DEL01-SC,2023
511802.0,2023-03-20,segunda-feira,15:10:00,SC,282,409.0,CATANDUVAS,Acessar a via sem observar a presença dos outros veículos,Colisão transversal,Com Vítimas Feridas,Pleno dia,Crescente,Céu Claro,Simples,Rotatória,Sim,3,0,1,0,2,0,1,2,-27.067039,-51.66314,SPRF-SC,DEL07-SC,UOP05-DEL07-SC,2023
512149.0,2023-01-21,sábado,20:15:00,SC,282,278.0,SAO JOSE DO CERRITO,Ingestão de álcool pelo condutor,Colisão lateral sentido oposto,Com Vítimas Feridas,Plena Noite,Crescente,Céu Claro,Simples,Curva,Sim,8,0,3,2,2,1,5,4,-27.587807,-50.735706,SPRF-SC,DEL05-SC,UOP02-DEL05-SC,2023
512414.0,2023-03-23,quinta-feira,19:50:00,SC,282,40.6,AGUAS MORNAS,Velocidade Incompatível,Colisão frontal,Com Vítimas Feridas,Plena Noite,Decrescente,Chuva,Simples,Curva,Não,2,0,1,0,1,0,1,2,-27.716148,-48.869583,SPRF-SC,DEL01-SC,UOP03-DEL01-SC,2023
512486.0,2023-02-28,terça-feira,16:05:00,SC,282,216.5,LAGES,Acessar a via sem observar a presença dos outros veículos,Colisão transversal,Com Vítimas Fatais,Pleno dia,Crescente,Céu Claro,Múltipla,Aclive;Reta;Interseção de Vias,Sim,3,1,0,0,1,1,0,3,-27.7963533,-50.2885983,SPRF-SC,DEL05-SC,UOP01-DEL05-SC,2023
512813.0,2023-03-25,sábado,21:20:00,SC,282,577.0,PINHALZINHO,Transitar na contramão,Colisão lateral sentido oposto,Sem Vítimas,Plena Noite,Decrescente,Chuva,Simples,Reta,Sim,3,0,0,0,1,2,0,3,-26.84676,-52.980644,SPRF-SC,DEL07-SC,UOP02-DEL07-SC,2023
512947.0,2023-03-26,domingo,13:00:00,SC,282,71.0,RANCHO QUEIMADO,Demais falhas mecânicas ou elétricas,Incêndio,Sem Vítimas,Pleno dia,Crescente,Céu Claro,Simples,Reta,Não,2,0,0,0,1,1,0,2,-27.689093,-49.097748,SPRF-SC,DEL01-SC,UOP03-DEL01-SC,2023
513002.0,2023-03-26,domingo,07:15:00,SC,282,301.0,VARGEM,Velocidade Incompatível,Saída de leito carroçável,Com Vítimas Feridas,Pleno dia,Decrescente,Céu Claro,Simples,Declive;Curva,Não,1,0,1,0,0,0,1,1,-27.510321,-50.922432,SPRF-SC,DEL07-SC,UOP06-DEL07-SC,2023
513255.0,2023-03-27,segunda-feira,07:40:00,SC,282,599.0,MARAVILHA,Condutor deixou de manter distância do veículo da frente,Colisão traseira,Com Vítimas Feridas,Pleno dia,Crescente,Céu Claro,Simples,Curva,Não,4,0,1,0,2,1,1,4,-26.820206,-53.155052,SPRF-SC,DEL07-SC,UOP02-DEL07-SC,2023
513327.0,2023-03-28,terça-feira,05:00:00,SC,282,444.1,PONTE SERRADA,Acessar a via sem observar a presença dos outros veículos,Colisão lateral sentido oposto,Com Vítimas Feridas,Plena Noite,Decrescente,Céu Claro,Simples,Reta,Não,3,0,1,0,1,1,1,3,-26.915865,-51.901859,SPRF-SC,DEL07-SC,UOP04-DEL07-SC,2023
513394.0,2023-03-28,terça-feira,13:15:00,SC,282,424.9,VARGEM BONITA,Reação tardia ou ineficiente do condutor,Colisão frontal,Com Vítimas Fatais,Pleno dia,Decrescente,Sol,Simples,Declive;Curva,Não,4,1,0,0,2,1,0,3,-26.9887269,-51.7533025,SPRF-SC,DEL07-SC,UOP05-DEL07-SC,2023
513407.0,2023-03-28,terça-feira,13:25:00,SC,282,518.6,XAXIM,Reação tardia ou ineficiente do condutor,Colisão lateral mesmo sentido,Sem Vítimas,Pleno dia,Decrescente,Céu Claro,Simples,Reta,Não,3,0,0,0,2,2,0,4,-26.94510268,-52.51107574,SPRF-SC,DEL07-SC,UOP01-DEL07-SC,2023
513532.0,2023-01-08,domingo,15:00:00,SC,282,224.0,LAGES,Acessar a via sem observar a presença dos outros veículos,Colisão transversal,Com Vítimas Feridas,Pleno dia,Decrescente,Céu Claro,Simples,Rotatória,Sim,3,0,1,1,1,0,2,2,-27.79969745,-50.36334515,SPRF-SC,DEL05-SC,UOP02-DEL05-SC,2023
513615.0,2023-03-29,quarta-feira,11:30:00,SC,282,30.0,SANTO AMARO DA IMPERATRIZ,Problema com o freio,Saída de leito carroçável,Sem Vítimas,Pleno dia,Decrescente,Céu Claro,Simples,Curva;Declive,Não,2,0,0,0,1,1,0,2,-27.687376,-48.79071,SPRF-SC,DEL01-SC,UOP03-DEL01-SC,2023
513704.0,2023-03-30,quinta-feira,11:20:00,SC,282,19.8,PALHOCA,Ultrapassagem Indevida,Colisão com objeto,Com Vítimas Feridas,Pleno dia,Crescente,Sol,Simples,Reta,Sim,2,0,0,1,1,0,1,2,-27.678635,-48.70192,SPRF-SC,DEL01-SC,UOP02-DEL01-SC,2023
514324.0,2023-04-02,domingo,05:37:00,SC,282,523.9,XAXIM,Transitar na contramão,Colisão frontal,Com Vítimas Fatais,Amanhecer,Decrescente,Céu Claro,Simples,Curva,Não,5,1,0,0,3,1,0,3,-26.9661258,-52.5555924,SPRF-SC,DEL07-SC,UOP01-DEL07-SC,2023
514546.0,2023-03-06,segunda-feira,22:47:00,SC,282,508.9,XANXERE,Velocidade Incompatível,Colisão frontal,Com Vítimas Fatais,Plena Noite,Crescente,Nublado,Simples,Declive;Curva,Não,3,1,0,1,0,1,1,3,-26.88833204,-52.45449722,SPRF-SC,DEL07-SC,UOP01-DEL07-SC,2023
514681.0,2023-04-03,segunda-feira,22:30:00,SC,282,346.7,CAMPOS NOVOS,Velocidade Incompatível,Colisão traseira,Com Vítimas Feridas,Plena Noite,Crescente,Céu Claro,Simples,Reta,Não,3,0,0,1,1,1,1,3,-27.368792,-51.254639,SPRF-SC,DEL07-SC,UOP06-DEL07-SC,2023
514783.0,2023-04-04,terça-feira,10:50:00,SC,282,369.5,ERVAL VELHO,Transitar na contramão,Colisão frontal,Com Vítimas Feridas,Pleno dia,Decrescente,Céu Claro,Simples,Curva,Não,3,0,1,0,1,1,1,3,-27.277081,-51.44075,SPRF-SC,DEL07-SC,UOP05-DEL07-SC,2023
514810.0,2023-04-04,terça-feira,17:00:00,SC,282,73.0,RANCHO QUEIMADO,Velocidade Incompatível,Colisão traseira,Sem Vítimas,Pleno dia,Decrescente,Nublado,Simples,Reta,Não,2,0,0,0,2,0,0,2,-27.681437,-49.113388,SPRF-SC,DEL01-SC,UOP03-DEL01-SC,2023
514926.0,2023-04-05,quarta-feira,10:10:00,SC,282,536.0,CHAPECO,Desrespeitar a preferência no cruzamento,Colisão transversal,Com Vítimas Feridas,Pleno dia,Crescente,Sol,Simples,Rotatória;Viaduto,Não,6,0,2,0,3,1,2,3,-27.000408,-52.64717102,SPRF-SC,DEL07-SC,UOP01-DEL07-SC,2023
515037.0,2023-04-05,quarta-feira,19:00:00,SC,282,342.0,CAMPOS NOVOS,Reação tardia ou ineficiente do condutor,Colisão traseira,Sem Vítimas,Plena Noite,Decrescente,Céu Claro,Simples,Rotatória,Não,2,0,0,0,2,0,0,2,-27.5306,-51.390224,SPRF-SC,DEL07-SC,UOP06-DEL07-SC,2023
515049.0,2023-04-05,quarta-feira,18:35:00,SC,480,128.9,CHAPECO,Reação tardia ou ineficiente do condutor,Colisão traseira,Com Vítimas Feridas,Plena Noite,Crescente,Chuva,Dupla,Reta,Sim,4,0,1,0,3,0,1,4,-27.04602306,-52.63598621,SPRF-SC,DEL07-SC,UOP01-DEL07-SC,2023
515078.0,2023-04-06,quinta-feira,05:35:00,SC,282,616.0,IRACEMINHA,Reação tardia ou ineficiente do condutor,Saída de leito carroçável,Com Vítimas Feridas,Amanhecer,Crescente,Chuva,Simples,Rotatória,Não,2,0,1,0,0,1,1,2,-26.781301,-53.27676,SPRF-SC,DEL07-SC,UOP02-DEL07-SC,2023
515173.0,2023-04-06,quinta-feira,13:50:00,SC,282,581.0,PINHALZINHO,Acessar a via sem observar a presença dos outros veículos,Colisão transversal,Sem Vítimas,Pleno dia,Crescente,Chuva,Simples,Reta,Sim,2,0,0,0,2,0,0,2,-26.828749,-52.997929,SPRF-SC,DEL07-SC,UOP02-DEL07-SC,2023
516107.0,2023-04-10,segunda-feira,16:20:00,SC,282,304.8,VARGEM,Demais falhas mecânicas ou elétricas,Tombamento,Com Vítimas Feridas,Pleno dia,Decrescente,Céu Claro,Simples,Curva;Declive,Não,1,0,1,0,0,0,1,1,-27.496103,-50.940418,SPRF-SC,DEL07-SC,UOP06-DEL07-SC,2023
516398.0,2023-04-12,quarta-feira,10:35:00,SC,282,454.6,PONTE SERRADA,Estacionar ou parar em local proibido,Colisão transversal,Com Vítimas Feridas,Pleno dia,Decrescente,Céu Claro,Simples,Reta,Não,3,0,0,1,1,2,1,4,-26.891756,-51.98447,SPRF-SC,DEL07-SC,UOP04-DEL07-SC,2023
516520.0,2023-04-13,quinta-feira,04:13:00,SC,282,457.0,PONTE SERRADA,Reação tardia ou ineficiente do condutor,Tombamento,Com Vítimas Feridas,Plena Noite,Crescente,Céu Claro,Simples,Curva,Não,2,0,1,0,0,1,1,2,-26.8886985,-51.98850632,SPRF-SC,DEL07-SC,UOP04-DEL07-SC,2023
517265.0,2023-04-16,domingo,15:30:00,SC,282,58.7,IRANI,Desrespeitar a preferência no cruzamento,Colisão transversal,Com Vítimas Feridas,Pleno dia,Decrescente,Chuva,Simples,Interseção de Vias,Não,2,0,1,0,1,0,1,2,-26.96950769,-51.85409546,SPRF-SC,DEL01-SC,UOP03-DEL01-SC,2023
517285.0,2023-04-16,domingo,22:15:00,SC,282,541.5,CHAPECO,Transitar na contramão,Colisão frontal,Com Vítimas Feridas,Plena Noite,Decrescente,Chuva,Simples,Reta,Não,2,0,1,1,0,0,2,2,-26.997713,-52.699165,SPRF-SC,DEL07-SC,UOP01-DEL07-SC,2023
518018.0,2023-04-20,quinta-feira,13:20:00,SC,282,211.0,LAGES,Velocidade Incompatível,Colisão traseira,Com Vítimas Feridas,Pleno dia,Crescente,Céu Claro,Simples,Reta;Aclive,Não,3,0,0,1,1,1,1,3,-27.780222,-50.241741,SPRF-SC,DEL05-SC,UOP01-DEL05-SC,2023
518904.0,2023-03-22,quarta-feira,12:20:00,SC,282,620.0,IRACEMINHA,Reação tardia ou ineficiente do condutor,Colisão traseira,Com Vítimas Feridas,Pleno dia,Decrescente,Céu Claro,Dupla,Curva,Não,3,0,1,0,1,3,1,5,-26.799355,-53.308002,SPRF-SC,DEL07-SC,UOP02-DEL07-SC,2023
519171.0,2023-04-25,terça-feira,17:50:00,SC,282,222.0,LAGES,Ingestão de álcool pelo condutor,Tombamento,Com Vítimas Feridas,Anoitecer,Decrescente,Nublado,Simples,Declive;Curva,Sim,3,0,1,0,1,1,1,2,-27.797739,-50.353409,SPRF-SC,DEL05-SC,UOP01-DEL05-SC,2023
519297.0,2023-04-11,terça-feira,08:00:00,SC,282,22.0,SANTO AMARO DA IMPERATRIZ,Reação tardia ou ineficiente do condutor,Colisão com objeto,Sem Vítimas,Pleno dia,Crescente,Céu Claro,Simples,Curva,Sim,1,0,0,0,1,0,0,1,-27.683958,-48.71006,SPRF-SC,DEL01-SC,UOP02-DEL01-SC,2023
519932.0,2023-04-25,terça-feira,20:40:00,SC,282,517.6,XAXIM,Velocidade Incompatível,Colisão lateral sentido oposto,Com Vítimas Feridas,Pleno dia,Crescente,Chuva,Simples,Curva,Não,3,0,1,0,1,4,1,6,-26.93876687,-52.5000242,SPRF-SC,DEL07-SC,UOP01-DEL07-SC,2023
520430.0,2023-05-01,segunda-feira,16:30:00,SC,480,125.0,CHAPECO,Manobra de mudança de faixa,Colisão lateral mesmo sentido,Com Vítimas Feridas,Pleno dia,Crescente,Céu Claro,Dupla,Reta,Não,17,0,2,0,14,1,2,8,-27.01164515,-52.63953123,SPRF-SC,DEL07-SC,UOP01-DEL07-SC,2023
520441.0,2023-05-01,segunda-feira,17:30:00,SC,282,538.7,CHAPECO,Ingestão de álcool pelo condutor,Colisão lateral sentido oposto,Com Vítimas Feridas,Pleno dia,Decrescente,Céu Claro,Simples,Curva,Não,4,0,0,1,2,1,1,3,-26.996157,-52.676411,SPRF-SC,DEL07-SC,UOP01-DEL07-SC,2023
520853.0,2023-05-03,quarta-feira,18:50:00,SC,282,580.4,PINHALZINHO,Demais falhas mecânicas ou elétricas,Colisão traseira,Com Vítimas Feridas,Plena Noite,Decrescente,Garoa/Chuvisco,Simples,Reta,Sim,3,0,1,0,1,2,1,4,-26.832148,-52.994308,SPRF-SC,DEL07-SC,UOP02-DEL07-SC,2023
520904.0,2023-05-04,quinta-feira,02:30:00,SC,282,351.8,CAMPOS NOVOS,Desrespeitar a preferência no cruzamento,Colisão transversal,Com Vítimas Feridas,Plena Noite,Crescente,Chuva,Simples,Rotatória,Não,3,0,1,0,1,1,1,3,-27.361374,-51.301975,SPRF-SC,DEL07-SC,UOP06-DEL07-SC,2023
520909.0,2023-05-04,quinta-feira,04:40:00,SC,282,20.3,PALHOCA,Demais falhas mecânicas ou elétricas,Colisão com objeto,Sem Vítimas,Plena Noite,Crescente,Garoa/Chuvisco,Simples,Declive;Interseção de Vias,Sim,1,0,0,0,1,0,0,1,-27.68907,-48.717541,SPRF-SC,DEL01-SC,UOP02-DEL01-SC,2023
521279.0,2023-05-05,sexta-feira,21:45:00,SC,282,408.6,CATANDUVAS,Ultrapassagem Indevida,Colisão transversal,Com Vítimas Fatais,Plena Noite,Crescente,Céu Claro,Simples,Reta,Não,5,1,0,1,2,1,1,4,-27.07876798,-51.66333675,SPRF-SC,DEL07-SC,UOP05-DEL07-SC,2023
521871.0,2023-05-08,segunda-feira,19:00:00,SC,282,41.0,AGUAS MORNAS,Pedestre cruzava a pista fora da faixa,Atropelamento de Pedestre,Com Vítimas Feridas,Plena Noite,Decrescente,Céu Claro,Simples,Reta,Sim,2,0,0,1,1,0,1,2,-27.715973,-48.878979,SPRF-SC,DEL01-SC,UOP03-DEL01-SC,2023
521897.0,2023-05-08,segunda-feira,14:22:00,SC,282,595.0,SAUDADES,Ultrapassagem Indevida,Colisão frontal,Com Vítimas Feridas,Pleno dia,Decrescente,Céu Claro,Simples,Curva;Declive,Não,4,0,1,2,0,4,3,6,-26.82897,-53.118107,SPRF-SC,DEL07-SC,UOP02-DEL07-SC,2023
522028.0,2023-05-09,terça-feira,06:55:00,SC,282,471.4,PONTE SERRADA,Transitar na contramão,Colisão frontal,Com Vítimas Fatais,Pleno dia,Decrescente,Céu Claro,Simples,Reta,Não,3,1,0,1,0,1,1,3,-26.8574106,-52.1130433,SPRF-SC,DEL07-SC,UOP01-DEL07-SC,2023
522112.0,2023-04-29,sábado,17:10:00,SC,282,541.6,CHAPECO,Condutor deixou de manter distância do veículo da frente,Colisão traseira,Sem Vítimas,Pleno dia,Decrescente,Céu Claro,Simples,Curva,Não,3,0,0,0,3,0,0,2,-26.99732699,-52.70291269,SPRF-SC,DEL07-SC,UOP01-DEL07-SC,2023
522115.0,2023-05-10,quarta-feira,08:30:00,SC,282,518.8,XAXIM,Avarias e/ou desgaste excessivo no pneu,Saída de leito carroçável,Com Vítimas Feridas,Pleno dia,Decrescente,Nevoeiro/Neblina,Simples,Reta;Declive,Não,1,0,1,0,0,0,1,1,-26.944099,-52.508427,SPRF-SC,DEL07-SC,UOP01-DEL07-SC,2023
522150.0,2023-05-10,quarta-feira,10:35:00,SC,282,547.4,CHAPECO,Velocidade Incompatível,Colisão transversal,Sem Vítimas,Pleno dia,Crescente,Sol,Simples,Interseção de Vias,Não,2,0,0,0,2,0,0,2,-26.973904,-52.745403,SPRF-SC,DEL07-SC,UOP01-DEL07-SC,2023
522299.0,2023-03-26,domingo,03:43:00,SC,282,418.1,VARGEM BONITA,Reação tardia ou ineficiente do condutor,Colisão transversal,Com Vítimas Feridas,Plena Noite,Crescente,Nublado,Simples,Curva,Não,4,0,2,0,1,1,2,3,-27.024965,-51.730766,SPRF-SC,DEL07-SC,UOP05-DEL07-SC,2023
522352.0,2023-05-09,terça-feira,14:30:00,SC,282,392.0,JOACABA,Condutor deixou de manter distância do veículo da frente,Engavetamento,Sem Vítimas,Pleno dia,Decrescente,Céu Claro,Simples,Reta;Aclive,Não,6,0,0,0,6,0,0,3,-27.164942,-51.56567,SPRF-SC,DEL07-SC,UOP05-DEL07-SC,2023
522469.0,2023-05-05,sexta-feira,21:45:00,SC,282,408.5,CATANDUVAS,Reação tardia ou ineficiente do condutor,Colisão traseira,Com Vítimas Feridas,Plena Noite,Decrescente,Céu Claro,Simples,Reta;Declive,Sim,4,0,2,0,2,0,2,2,-27.074812,-51.663269,SPRF-SC,DEL07-SC,UOP05-DEL07-SC,2023
522504.0,2023-05-12,sexta-feira,08:05:00,SC,480,129.7,CHAPECO,Ultrapassagem Indevida,Colisão frontal,Com Vítimas Feridas,Pleno dia,Decrescente,Céu Claro,Múltipla,Aclive,Sim,3,0,1,0,2,0,1,3,-27.04656607,-52.63577131,SPRF-SC,DEL07-SC,UOP01-DEL07-SC,2023
522695.0,2023-05-13,sábado,05:20:00,SC,282,538.2,CHAPECO,Ingestão de álcool pelo condutor,Colisão frontal,Com Vítimas Feridas,Plena Noite,Crescente,Céu Claro,Simples,Reta,Não,2,0,1,0,1,0,1,2,-26.998323,-52.673199,SPRF-SC,DEL07-SC,UOP01-DEL07-SC,2023
522728.0,2023-05-13,sábado,07:20:00,SC,282,47.5,AGUAS MORNAS,Condutor deixou de manter distância do veículo da frente,Tombamento,Com Vítimas Feridas,Pleno dia,Crescente,Nublado,Simples,Curva,Não,2,0,0,1,1,0,1,2,-27.721771,-48.934837,SPRF-SC,DEL01-SC,UOP03-DEL01-SC,2023
522814.0,2023-05-13,sábado,16:20:00,SC,282,595.0,SAUDADES,Manobra de mudança de faixa,Colisão lateral mesmo sentido,Com Vítimas Feridas,Pleno dia,Decrescente,Sol,Simples,Reta,Não,3,0,1,1,1,0,2,2,-26.82897,-53.118107,SPRF-SC,DEL07-SC,UOP02-DEL07-SC,2023
523227.0,2023-05-15,segunda-feira,07:40:00,SC,282,2.9,FLORIANOPOLIS,Manobra de mudança de faixa,Colisão lateral sentido oposto,Com Vítimas Feridas,Pleno dia,Decrescente,Céu Claro,Dupla,Reta,Sim,3,0,0,1,2,0,1,3,-27.603289,-48.590416,SPRF-SC,DEL01-SC,UOP01-DEL01-SC,2023
523346.0,2023-05-15,segunda-feira,19:15:00,SC,282,489.7,FAXINAL DOS GUEDES,Ingestão de álcool pelo condutor,Colisão lateral sentido oposto,Sem Vítimas,Plena Noite,Decrescente,Céu Claro,Simples,Reta,Sim,3,0,0,0,2,2,0,4,-26.86628022,-52.27235913,SPRF-SC,DEL07-SC,UOP01-DEL07-SC,2023
523525.0,2023-05-16,terça-feira,22:00:00,SC,282,493.8,XANXERE,Ingestão de álcool pelo condutor,Saída de leito carroçável,Com Vítimas Feridas,Plena Noite,Crescente,Céu Claro,Simples,Reta,Não,2,0,0,1,1,0,1,2,-26.869814,-52.310135,SPRF-SC,DEL07-SC,UOP01-DEL07-SC,2023
523604.0,2023-05-17,quarta-feira,11:20:00,SC,282,59.0,RANCHO QUEIMADO,Ausência de reação do condutor,Colisão transversal,Com Vítimas Feridas,Pleno dia,Decrescente,Céu Claro,Simples,Interseção de Vias,Sim,6,0,2,0,4,0,2,2,-27.677965,-49.011559,SPRF-SC,DEL01-SC,UOP03-DEL01-SC,2023
523795.0,2023-05-18,quinta-feira,11:50:00,SC,282,32.0,SANTO AMARO DA IMPERATRIZ,Desrespeitar a preferência no cruzamento,Colisão transversal,Com Vítimas Feridas,Pleno dia,Decrescente,Céu Claro,Simples,Reta;Rotatória,Sim,3,0,1,0,1,1,1,3,-27.70444657,-48.80484223,SPRF-SC,DEL01-SC,UOP03-DEL01-SC,2023
523796.0,2023-05-18,quinta-feira,07:35:00,SC,282,537.4,CHAPECO,Reação tardia ou ineficiente do condutor,Colisão frontal,Com Vítimas Fatais,Pleno dia,Decrescente,Céu Claro,Simples,Curva;Declive,Não,3,2,0,0,1,0,0,2,-26.99975512,-52.66759336,SPRF-SC,DEL07-SC,UOP01-DEL07-SC,2023
524188.0,2023-05-20,sábado,07:00:00,SC,282,531.3,CORDILHEIRA ALTA,Acesso irregular,Colisão transversal,Com Vítimas Feridas,Amanhecer,Crescente,Nevoeiro/Neblina,Simples,Reta,Sim,3,0,0,1,1,2,1,4,-26.990747,-52.609776,SPRF-SC,DEL07-SC,UOP01-DEL07-SC,2023
524217.0,2023-05-20,sábado,08:35:00,SC,282,421.0,VARGEM BONITA,Ultrapassagem Indevida,Colisão frontal,Sem Vítimas,Pleno dia,Decrescente,Céu Claro,Simples,Reta;Aclive,Não,2,0,0,0,1,1,0,2,-27.013739,-51.736528,SPRF-SC,DEL07-SC,UOP05-DEL07-SC,2023
524292.0,2023-05-18,quinta-feira,18:10:00,SC,282,513.1,XAXIM,Condutor Dormindo,Colisão lateral sentido oposto,Com Vítimas Feridas,Plena Noite,Crescente,Céu Claro,Simples,Reta,Não,2,0,1,0,1,0,1,2,-26.91474206,-52.47976899,SPRF-SC,DEL07-SC,UOP01-DEL07-SC,2023
524723.0,2023-03-31,sexta-feira,13:45:00,SC,282,272.3,SAO JOSE DO CERRITO,Condutor deixou de manter distância do veículo da frente,Colisão traseira,Com Vítimas Feridas,Pleno dia,Crescente,Céu Claro,Simples,Reta;Em Obras,Não,4,0,2,1,1,0,3,4,-27.613758,-50.6968,SPRF-SC,DEL05-SC,UOP02-DEL05-SC,2023
525106.0,2023-05-24,quarta-feira,17:20:00,SC,282,412.8,CATANDUVAS,Ultrapassagem Indevida,Colisão frontal,Com Vítimas Feridas,Anoitecer,Crescente,Céu Claro,Simples,Reta,Não,3,0,1,0,1,1,1,3,-27.055775,-51.688843,SPRF-SC,DEL07-SC,UOP05-DEL07-SC,2023
525107.0,2023-05-24,quarta-feira,20:00:00,SC,282,101.8,ALFREDO WAGNER,Reação tardia ou ineficiente do condutor,Capotamento,Com Vítimas Feridas,Plena Noite,Decrescente,Céu Claro,Simples,Reta,Não,3,0,0,1,1,2,1,4,-27.694626,-49.305317,SPRF-SC,DEL01-SC,UOP03-DEL01-SC,2023
525414.0,2023-05-26,sexta-feira,13:00:00,SC,282,572.3,NOVA ERECHIM,Ultrapassagem Indevida,Colisão lateral sentido oposto,Com Vítimas Feridas,Pleno dia,Crescente,Céu Claro,Simples,Curva,Não,5,0,1,0,3,1,1,4,-26.8837776,-52.9383151,SPRF-SC,DEL07-SC,UOP02-DEL07-SC,2023
525734.0,2023-05-27,sábado,16:30:00,SC,282,526.0,CORDILHEIRA ALTA,Chuva,Colisão frontal,Com Vítimas Fatais,Pleno dia,Decrescente,Garoa/Chuvisco,Simples,Reta,Não,3,1,0,1,1,0,1,2,-26.969427,-52.57497,SPRF-SC,DEL07-SC,UOP01-DEL07-SC,2023
526543.0,2023-05-31,quarta-feira,16:00:00,SC,282,420.8,VARGEM BONITA,Demais falhas mecânicas ou elétricas,Saída de leito carroçável,Com Vítimas Feridas,Pleno dia,Decrescente,Céu Claro,Dupla,Reta,Não,2,0,1,0,0,1,1,2,-27.014404,-51.736601,SPRF-SC,DEL07-SC,UOP05-DEL07-SC,2023