id,data_inversa,dia_semana,horario,uf,br,km,municipio,causa_acidente,tipo_acidente,classificacao_acidente,fase_dia,sentido_via,condicao_metereologica,tipo_pista,tracado_via,uso_solo,pessoas,mortos,feridos_leves,feridos_graves,ilesos,ignorados,feridos,veiculos,latitude,longitude,regional,delegacia,uop,ano_arquivo
526639.0,2023-06-01,quinta-feira,06:50:00,SC,282,560.7,NOVA ITABERABA,Transitar na contramão,Colisão frontal,Com Vítimas Feridas,Amanhecer,Crescente,Nevoeiro/Neblina,Simples,Reta,Não,3,0,1,1,1,0,2,3,-26.919464,-52.861614,SPRF-SC,DEL07-SC,UOP02-DEL07-SC,2023
526812.0,2023-06-02,sexta-feira,06:30:00,SC,282,523.5,XAXIM,Condutor usando celular,Saída de leito carroçável,Com Vítimas Feridas,Amanhecer,Crescente,Nublado,Simples,Reta,Sim,1,0,1,0,0,0,1,1,-26.963129,-52.548851,SPRF-SC,DEL07-SC,UOP01-DEL07-SC,2023
526886.0,2023-06-02,sexta-feira,08:40:00,SC,282,261.8,SAO JOSE DO CERRITO,Ultrapassagem Indevida,Colisão frontal,Com Vítimas Feridas,Pleno dia,Crescente,Céu Claro,Simples,Curva,Não,4,0,2,0,1,1,2,4,-27.6316801,-50.60405731,SPRF-SC,DEL05-SC,UOP02-DEL05-SC,2023
526959.0,2023-06-02,sexta-feira,18:00:00,SC,282,381.3,HERVAL DOESTE,Reação tardia ou ineficiente do condutor,Colisão traseira,Com Vítimas Feridas,Anoitecer,Decrescente,Céu Claro,Simples,Reta,Não,3,0,2,0,1,0,2,2,-27.204979,-51.501442,SPRF-SC,DEL07-SC,UOP05-DEL07-SC,2023
527022.0,2023-06-03,sábado,03:30:00,SC,282,20.0,PALHOCA,Acessar a via sem observar a presença dos outros veículos,Colisão transversal,Com Vítimas Feridas,Plena Noite,Decrescente,Céu Claro,Simples,Reta,Sim,4,0,1,1,2,0,2,3,-27.683958,-48.71006,SPRF-SC,DEL01-SC,UOP02-DEL01-SC,2023
527313.0,2023-06-04,domingo,09:00:00,SC,282,40.8,AGUAS MORNAS,Desrespeitar a preferência no cruzamento,Colisão transversal,Com Vítimas Feridas,Pleno dia,Crescente,Céu Claro,Simples,Reta,Sim,3,0,1,0,2,0,1,2,-27.716148,-48.869583,SPRF-SC,DEL01-SC,UOP03-DEL01-SC,2023
527611.0,2023-06-05,segunda-feira,18:50:00,SC,282,514.3,XAXIM,Ausência de reação do condutor,Saída de leito carroçável,Sem Vítimas,Plena Noite,Crescente,Céu Claro,Simples,Curva,Não,2,0,0,0,1,1,0,2,-26.91618662,-52.49212861,SPRF-SC,DEL07-SC,UOP01-DEL07-SC,2023
527781.0,2023-06-06,terça-feira,11:00:00,SC,282,324.0,CAMPOS NOVOS,Reação tardia ou ineficiente do condutor,Tombamento,Sem Vítimas,Pleno dia,Decrescente,Céu Claro,Simples,Curva,Não,2,0,0,0,1,1,0,2,-27.387329,-51.055897,SPRF-SC,DEL07-SC,UOP06-DEL07-SC,2023
528674.0,2023-06-10,sábado,22:30:00,SC,282,571.0,NOVA ERECHIM,Acesso irregular,Colisão frontal,Com Vítimas Feridas,Plena Noite,Decrescente,Céu Claro,Simples,Reta,Não,3,0,2,0,1,0,2,2,-26.883053,-52.939816,SPRF-SC,DEL07-SC,UOP02-DEL07-SC,2023
528901.0,2023-06-11,domingo,19:15:00,SC,282,333.0,CAMPOS NOVOS,Reação tardia ou ineficiente do condutor,Colisão frontal,Sem Vítimas,Plena Noite,Decrescente,Chuva,Simples,Reta,Não,2,0,0,0,1,1,0,2,-27.392469,-51.135845,SPRF-SC,DEL07-SC,UOP06-DEL07-SC,2023
529000.0,2023-06-12,segunda-feira,05:45:00,SC,282,421.3,VARGEM BONITA,Manobra de mudança de faixa,Colisão frontal,Com Vítimas Feridas,Amanhecer,Crescente,Chuva,Simples,Curva,Não,2,0,1,0,1,0,1,2,-27.00980453,-51.73554182,SPRF-SC,DEL07-SC,UOP05-DEL07-SC,2023
529051.0,2023-06-12,segunda-feira,08:10:00,SC,282,536.6,CHAPECO,Acessar a via sem observar a presença dos outros veículos,Colisão transversal,Com Vítimas Feridas,Pleno dia,Decrescente,Nevoeiro/Neblina,Simples,Reta,Não,3,0,1,0,1,2,1,4,-27.00046536,-52.65923023,SPRF-SC,DEL07-SC,UOP01-DEL07-SC,2023
529086.0,2023-06-12,segunda-feira,16:40:00,SC,282,64.0,RANCHO QUEIMADO,Ausência de reação do condutor,Colisão frontal,Com Vítimas Feridas,Anoitecer,Crescente,Chuva,Simples,Curva,Não,3,0,1,0,1,1,1,3,-27.696323,-49.052456,SPRF-SC,DEL01-SC,UOP03-DEL01-SC,2023
529151.0,2023-06-12,segunda-feira,20:10:00,SC,282,645.8,SAO MIGUEL DO OESTE,Ingestão de álcool pelo condutor,Eventos atípicos,Sem Vítimas,Plena Noite,Decrescente,Céu Claro,Simples,Desvio Temporário,Não,2,0,0,0,1,1,0,2,-26.763933,-53.496826,SPRF-SC,DEL07-SC,UOP03-DEL07-SC,2023
529314.0,2023-06-13,terça-feira,13:50:00,SC,282,529.1,CORDILHEIRA ALTA,Reação tardia ou ineficiente do condutor,Colisão transversal,Sem Vítimas,Pleno dia,Decrescente,Nevoeiro/Neblina,Simples,Reta;Declive;Retorno Regulamentado,Não,3,0,0,0,2,1,0,3,-26.98246353,-52.59783983,SPRF-SC,DEL07-SC,UOP01-DEL07-SC,2023
529470.0,2023-06-14,quarta-feira,16:20:00,SC,282,72.0,RANCHO QUEIMADO,Velocidade Incompatível,Colisão lateral mesmo sentido,Sem Vítimas,Pleno dia,Crescente,Chuva,Simples,Curva,Não,2,0,0,0,2,0,0,2,-27.683439,-49.105259,SPRF-SC,DEL01-SC,UOP03-DEL01-SC,2023
529572.0,2023-04-20,quinta-feira,09:40:00,SC,282,2.8,FLORIANOPOLIS,Ausência de reação do condutor,Colisão traseira,Com Vítimas Feridas,Pleno dia,Crescente,Céu Claro,Dupla,Curva,Sim,3,0,1,1,1,0,2,2,-27.603289,-48.590416,SPRF-SC,DEL01-SC,UOP01-DEL01-SC,2023
529648.0,2023-06-15,quinta-feira,16:20:00,SC,282,17.8,PALHOCA,Reação tardia ou ineficiente do condutor,Colisão traseira,Com Vítimas Feridas,Pleno dia,Decrescente,Chuva,Simples,Reta,Sim,2,0,1,0,1,0,1,2,-27.665707,-48.688065,SPRF-SC,DEL01-SC,UOP02-DEL01-SC,2023
529740.0,2023-06-16,sexta-feira,06:05:00,SC,282,16.2,PALHOCA,Reação tardia ou ineficiente do condutor,Colisão traseira,Com Vítimas Feridas,Pleno dia,Decrescente,Céu Claro,Simples,Reta,Sim,4,0,1,0,2,1,1,3,-27.658611,-48.681847,SPRF-SC,DEL01-SC,UOP02-DEL01-SC,2023
529819.0,2023-06-16,sexta-feira,10:10:00,SC,282,563.0,NOVA ERECHIM,Desrespeitar a preferência no cruzamento,Colisão lateral sentido oposto,Com Vítimas Feridas,Pleno dia,Crescente,Chuva,Múltipla,Aclive;Reta,Não,2,0,1,0,1,0,1,2,-26.902191,-52.868835,SPRF-SC,DEL07-SC,UOP02-DEL07-SC,2023
530025.0,2023-06-17,sábado,08:07:00,SC,282,583.2,PINHALZINHO,Transitar na contramão,Colisão lateral sentido oposto,Com Vítimas Feridas,Pleno dia,Crescente,Nublado,Simples,Curva;Declive,Não,4,0,0,1,3,0,1,3,-26.828905,-53.009552,SPRF-SC,DEL07-SC,UOP02-DEL07-SC,2023
530272.0,2023-06-18,domingo,13:15:00,SC,282,16.2,PALHOCA,Acessar a via sem observar a presença dos outros veículos,Colisão transversal,Com Vítimas Feridas,Pleno dia,Crescente,Céu Claro,Simples,Reta;Interseção de Vias,Sim,4,0,1,0,3,0,1,4,-27.658611,-48.681847,SPRF-SC,DEL01-SC,UOP02-DEL01-SC,2023
531023.0,2023-06-22,quinta-feira,06:10:00,SC,282,443.0,PONTE SERRADA,Condutor deixou de manter distância do veículo da frente,Colisão traseira,Com Vítimas Feridas,Pleno dia,Crescente,Garoa/Chuvisco,Simples,Reta,Não,3,0,1,0,2,0,1,2,-26.917578,-51.890999,SPRF-SC,DEL07-SC,UOP04-DEL07-SC,2023
531046.0,2023-06-22,quinta-feira,11:04:00,SC,282,502.8,XANXERE,Reação tardia ou ineficiente do condutor,Colisão traseira,Com Vítimas Feridas,Pleno dia,Crescente,Nublado,Simples,Rotatória,Sim,3,0,0,1,1,2,1,4,-26.884584,-52.390911,SPRF-SC,DEL07-SC,UOP01-DEL07-SC,2023
532137.0,2023-06-27,terça-feira,08:10:00,SC,282,366.2,ERVAL VELHO,Transitar na contramão,Colisão frontal,Com Vítimas Fatais,Pleno dia,Crescente,Céu Claro,Simples,Reta;Declive,Não,4,1,0,0,2,1,0,3,-27.294157,-51.4105,SPRF-SC,DEL07-SC,UOP05-DEL07-SC,2023
532231.0,2023-06-27,terça-feira,20:15:00,SC,282,26.0,SANTO AMARO DA IMPERATRIZ,Transitar na contramão,Colisão lateral sentido oposto,Com Vítimas Feridas,Plena Noite,Crescente,Céu Claro,Simples,Curva,Não,4,0,0,2,1,1,2,3,-27.680267,-48.762482,SPRF-SC,DEL01-SC,UOP03-DEL01-SC,2023
532684.0,2023-06-30,sexta-feira,05:55:00,SC,282,49.0,AGUAS MORNAS,Manobra de mudança de faixa,Colisão lateral mesmo sentido,Sem Vítimas,Amanhecer,Crescente,Céu Claro,Dupla,Curva;Aclive,Não,3,0,0,0,2,1,0,3,-27.712931,-48.943741,SPRF-SC,DEL01-SC,UOP03-DEL01-SC,2023
533197.0,2023-07-02,domingo,08:40:00,SC,282,256.3,SAO JOSE DO CERRITO,Transitar na contramão,Colisão transversal,Com Vítimas Feridas,Pleno dia,Decrescente,Nevoeiro/Neblina,Simples,Aclive;Reta,Não,2,0,0,1,1,0,1,2,-27.67211,-50.581013,SPRF-SC,DEL05-SC,UOP02-DEL05-SC,2023
533331.0,2023-07-02,domingo,21:35:00,SC,282,23.0,SANTO AMARO DA IMPERATRIZ,Ingestão de álcool pelo condutor,Colisão lateral mesmo sentido,Com Vítimas Feridas,Plena Noite,Crescente,Nublado,Simples,Reta,Sim,3,0,1,0,2,0,1,3,-27.687958,-48.736794,SPRF-SC,DEL01-SC,UOP02-DEL01-SC,2023
533548.0,2023-07-03,segunda-feira,16:00:00,SC,282,535.0,CHAPECO,Velocidade Incompatível,Tombamento,Sem Vítimas,Pleno dia,Crescente,Céu Claro,Simples,Rotatória,Sim,2,0,0,0,1,1,0,2,-26.998245,-52.643768,SPRF-SC,DEL07-SC,UOP01-DEL07-SC,2023
534063.0,2023-07-06,quinta-feira,15:55:00,SC,480,129.5,CHAPECO,Acessar a via sem observar a presença dos outros veículos,Queda de ocupante de veículo,Com Vítimas Feridas,Pleno dia,Crescente,Sol,Simples,Interseção de Vias,Sim,3,0,1,1,1,0,2,2,-27.04656607,-52.63577131,SPRF-SC,DEL07-SC,UOP01-DEL07-SC,2023
534088.0,2023-07-06,quinta-feira,17:40:00,SC,282,641.5,SAO MIGUEL DO OESTE,Ingestão de álcool pelo condutor,Colisão lateral sentido oposto,Sem Vítimas,Anoitecer,Crescente,Céu Claro,Simples,Curva,Não,3,0,0,0,3,0,0,2,-26.779949,-53.460857,SPRF-SC,DEL07-SC,UOP03-DEL07-SC,2023
534235.0,2023-06-07,quarta-feira,09:15:00,SC,282,402.0,JOACABA,Carga excessiva e/ou mal acondicionada,Derramamento de carga,Com Vítimas Feridas,Pleno dia,Crescente,Céu Claro,Simples,Reta,Não,4,0,2,0,1,1,2,3,-27.117358,-51.631628,SPRF-SC,DEL07-SC,UOP05-DEL07-SC,2023
534325.0,2023-07-07,sexta-feira,19:20:00,SC,282,531.2,CORDILHEIRA ALTA,Manobra de mudança de faixa,Colisão lateral mesmo sentido,Sem Vítimas,Plena Noite,Crescente,Céu Claro,Simples,Curva,Não,3,0,0,0,3,0,0,2,-26.990747,-52.609776,SPRF-SC,DEL07-SC,UOP01-DEL07-SC,2023
534456.0,2023-07-08,sábado,09:55:00,SC,282,26.8,SANTO AMARO DA IMPERATRIZ,Acessar a via sem observar a presença dos outros veículos,Colisão transversal,Com Vítimas Feridas,Pleno dia,Crescente,Nublado,Simples,Reta;Retorno Regulamentado,Não,3,0,1,1,1,0,2,2,-27.67563274,-48.76794577,SPRF-SC,DEL01-SC,UOP03-DEL01-SC,2023
534480.0,2023-07-08,sábado,10:34:00,SC,282,385.0,JOACABA,Velocidade Incompatível,Saída de leito carroçável,Com Vítimas Feridas,Pleno dia,Decrescente,Chuva,Simples,Curva;Declive,Não,1,0,1,0,0,0,1,1,-27.194431,-51.515869,SPRF-SC,DEL07-SC,UOP05-DEL07-SC,2023
534498.0,2023-07-08,sábado,13:50:00,SC,282,28.6,SANTO AMARO DA IMPERATRIZ,Ingestão de álcool pelo condutor,Colisão frontal,Sem Vítimas,Pleno dia,Decrescente,Céu Claro,Simples,Curva,Sim,3,0,0,0,2,1,0,3,-27.67866363,-48.78650665,SPRF-SC,DEL01-SC,UOP03-DEL01-SC,2023
535021.0,2023-07-10,segunda-feira,18:30:00,SC,282,582.1,PINHALZINHO,Transitar na contramão,Colisão frontal,Com Vítimas Feridas,Anoitecer,Crescente,Chuva,Simples,Reta,Sim,3,0,1,0,1,1,1,3,-26.826683,-53.002621,SPRF-SC,DEL07-SC,UOP02-DEL07-SC,2023
535133.0,2023-07-11,terça-feira,10:00:00,SC,282,67.7,RANCHO QUEIMADO,Reação tardia ou ineficiente do condutor,Colisão frontal,Com Vítimas Feridas,Pleno dia,Decrescente,Chuva,Simples,Curva;Declive,Não,6,0,2,1,2,2,3,4,-27.695963,-49.0695,SPRF-SC,DEL01-SC,UOP03-DEL01-SC,2023
535143.0,2023-05-12,sexta-feira,10:53:00,SC,282,124.0,BOM RETIRO,Avarias e/ou desgaste excessivo no pneu,Incêndio,Sem Vítimas,Pleno dia,Crescente,Céu Claro,Simples,Reta,Não,3,0,0,0,3,0,0,1,-27.805086,-49.450378,SPRF-SC,DEL05-SC,UOP01-DEL05-SC,2023
535204.0,2023-07-11,terça-feira,15:45:00,SC,282,361.5,ERVAL VELHO,Transitar na contramão,Colisão lateral sentido oposto,Com Vítimas Fatais,Pleno dia,Crescente,Chuva,Simples,Curva;Aclive,Não,5,1,0,0,4,0,0,3,-27.3122199,-51.3706767,SPRF-SC,DEL07-SC,UOP05-DEL07-SC,2023
535441.0,2023-07-12,quarta-feira,12:00:00,SC,282,16.0,PALHOCA,Ultrapassagem Indevida,Colisão transversal,Com Vítimas Feridas,Pleno dia,Decrescente,Garoa/Chuvisco,Dupla,Reta,Sim,2,0,0,1,1,0,1,2,-27.658611,-48.681847,SPRF-SC,DEL01-SC,UOP02-DEL01-SC,2023
535512.0,2023-07-13,quinta-feira,08:50:00,SC,282,383.8,JOACABA,Frear bruscamente,Engavetamento,Com Vítimas Feridas,Pleno dia,Decrescente,Céu Claro,Simples,Reta;Ponte,Não,4,0,1,0,1,3,1,5,-27.20160629,-51.50888443,SPRF-SC,DEL07-SC,UOP05-DEL07-SC,2023
535683.0,2023-07-13,quinta-feira,18:30:00,SC,282,273.7,SAO JOSE DO CERRITO,Chuva,Colisão frontal,Com Vítimas Feridas,Plena Noite,Crescente,Céu Claro,Simples,Curva,Não,3,0,0,1,1,1,1,3,-27.613783,-50.706783,SPRF-SC,DEL05-SC,UOP02-DEL05-SC,2023
535785.0,2023-07-14,sexta-feira,16:10:00,SC,282,17.4,PALHOCA,Acessar a via sem observar a presença dos outros veículos,Colisão transversal,Com Vítimas Feridas,Pleno dia,Decrescente,Céu Claro,Simples,Retorno Regulamentado,Sim,2,0,1,0,1,0,1,2,-27.665707,-48.688065,SPRF-SC,DEL01-SC,UOP02-DEL01-SC,2023
535849.0,2023-05-31,quarta-feira,17:15:00,SC,282,539.9,CHAPECO,Acessar a via sem observar a presença dos outros veículos,Colisão transversal,Com Vítimas Fatais,Pleno dia,Crescente,Sol,Simples,Curva;Interseção de Vias,Não,4,1,0,0,1,3,0,5,-26.9925577,-52.6887614,SPRF-SC,DEL07-SC,UOP01-DEL07-SC,2023
535944.0,2023-07-15,sábado,05:50:00,SC,282,571.0,NOVA ERECHIM,Manobra de mudança de faixa,Colisão traseira,Com Vítimas Feridas,Plena Noite,Decrescente,Nevoeiro/Neblina,Simples,Reta,Sim,2,0,1,0,1,0,1,2,-26.883053,-52.939816,SPRF-SC,DEL07-SC,UOP02-DEL07-SC,2023
536134.0,2023-07-16,domingo,04:00:00,SC,282,645.1,SAO MIGUEL DO OESTE,Ausência de reação do condutor,Colisão frontal,Com Vítimas Feridas,Plena Noite,Decrescente,Céu Claro,Simples,Reta,Não,2,0,1,0,1,0,1,2,-26.765184,-53.487823,SPRF-SC,DEL07-SC,UOP03-DEL07-SC,2023
536388.0,2023-07-14,sexta-feira,17:15:00,SC,282,611.5,MARAVILHA,Reação tardia ou ineficiente do condutor,Colisão frontal,Com Vítimas Feridas,Pleno dia,Decrescente,Céu Claro,Simples,Declive;Reta,Não,3,0,1,0,2,0,1,3,-26.75906,-53.248955,SPRF-SC,DEL07-SC,UOP02-DEL07-SC,2023
537004.0,2023-07-20,quinta-feira,10:40:00,SC,282,54.0,RANCHO QUEIMADO,Ultrapassagem Indevida,Colisão frontal,Com Vítimas Feridas,Pleno dia,Crescente,Garoa/Chuvisco,Simples,Reta,Não,4,0,0,1,2,1,1,4,-27.685799,-48.974514,SPRF-SC,DEL01-SC,UOP03-DEL01-SC,2023
537063.0,2023-07-20,quinta-feira,20:20:00,SC,282,210.7,LAGES,Deficiência do Sistema de Iluminação/Sinalização,Colisão traseira,Com Vítimas Feridas,Plena Noite,Decrescente,Garoa/Chuvisco,Dupla,Aclive;Reta,Não,3,0,0,1,2,0,1,2,-27.778582,-50.231815,SPRF-SC,DEL05-SC,UOP01-DEL05-SC,2023
537618.0,2023-07-03,segunda-feira,19:38:00,SC,282,528.0,XAXIM,Reação tardia ou ineficiente do condutor,Colisão transversal,Com Vítimas Feridas,Plena Noite,Decrescente,Céu Claro,Simples,Curva,Não,3,0,2,0,1,0,2,2,-26.978798,-52.588566,SPRF-SC,DEL07-SC,UOP01-DEL07-SC,2023
537650.0,2023-07-23,domingo,10:45:00,SC,282,443.0,PONTE SERRADA,Ultrapassagem Indevida,Colisão lateral mesmo sentido,Com Vítimas Feridas,Pleno dia,Crescente,Sol,Simples,Aclive,Não,4,0,2,0,1,1,2,3,-26.91962097,-51.88493013,SPRF-SC,DEL07-SC,UOP04-DEL07-SC,2023
537877.0,2023-07-24,segunda-feira,09:55:00,SC,282,16.7,PALHOCA,Ausência de reação do condutor,Colisão traseira,Com Vítimas Feridas,Pleno dia,Decrescente,Céu Claro,Dupla,Reta,Sim,3,0,0,1,2,0,1,2,-27.658611,-48.681847,SPRF-SC,DEL01-SC,UOP02-DEL01-SC,2023
537981.0,2023-07-24,segunda-feira,15:00:00,SC,282,575.0,PINHALZINHO,Mal súbito do condutor,Colisão frontal,Com Vítimas Feridas,Pleno dia,Decrescente,Céu Claro,Simples,Declive,Não,3,0,1,0,2,0,1,3,-26.87224429,-52.95773649,SPRF-SC,DEL07-SC,UOP02-DEL07-SC,2023
538195.0,2023-07-25,terça-feira,22:50:00,SC,282,524.0,XAXIM,Animais na Pista,Atropelamento de Animal,Com Vítimas Feridas,Plena Noite,Decrescente,Céu Claro,Simples,Aclive;Reta,Não,4,0,1,0,2,1,1,3,-26.965002,-52.557384,SPRF-SC,DEL07-SC,UOP01-DEL07-SC,2023
538590.0,2023-07-27,quinta-feira,22:10:00,SC,282,459.5,PONTE SERRADA,Acessar a via sem observar a presença dos outros veículos,Atropelamento de Pedestre,Com Vítimas Feridas,Plena Noite,Crescente,Nublado,Simples,Reta,Sim,5,0,0,2,1,2,2,3,-26.863695,-52.024818,SPRF-SC,DEL07-SC,UOP04-DEL07-SC,2023
538802.0,2023-07-28,sexta-feira,21:00:00,SC,282,439.0,IRANI,Condutor Dormindo,Saída de leito carroçável,Com Vítimas Feridas,Plena Noite,Crescente,Nublado,Simples,Curva,Não,2,0,1,0,0,1,1,2,-26.945671,-51.861717,SPRF-SC,DEL07-SC,UOP04-DEL07-SC,2023
539607.0,2023-08-01,terça-feira,13:07:00,SC,282,607.2,MARAVILHA,Acessar a via sem observar a presença dos outros veículos,Colisão transversal,Com Vítimas Feridas,Pleno dia,Crescente,Céu Claro,Simples,Reta,Sim,3,0,0,1,2,0,1,2,-26.772648,-53.2062,SPRF-SC,DEL07-SC,UOP02-DEL07-SC,2023
539629.0,2023-08-01,terça-feira,14:00:00,SC,282,234.7,LAGES,Restrição de visibilidade em curvas horizontais,Colisão transversal,Com Vítimas Feridas,Pleno dia,Crescente,Céu Claro,Simples,Curva;Declive;Interseção de Vias,Não,3,0,1,0,2,0,1,2,-27.78300051,-50.4706838,SPRF-SC,DEL05-SC,UOP02-DEL05-SC,2023
539951.0,2023-07-12,quarta-feira,19:30:00,SC,282,401.6,JOACABA,Objeto estático sobre o leito carroçável,Colisão traseira,Com Vítimas Feridas,Plena Noite,Decrescente,Chuva,Simples,Reta;Declive,Não,4,0,2,0,1,1,2,3,-27.127701,-51.6286,SPRF-SC,DEL07-SC,UOP05-DEL07-SC,2023
540024.0,2023-08-03,quinta-feira,16:45:00,SC,282,59.4,IRANI,Desrespeitar a preferência no cruzamento,Colisão transversal,Com Vítimas Feridas,Anoitecer,Decrescente,Céu Claro,Simples,Interseção de Vias;Rotatória,Não,4,0,0,2,1,1,2,3,-26.96962916,-51.85410267,SPRF-SC,DEL01-SC,UOP03-DEL01-SC,2023
540187.0,2023-08-04,sexta-feira,13:40:00,SC,282,211.0,LAGES,Reação tardia ou ineficiente do condutor,Colisão lateral sentido oposto,Com Vítimas Feridas,Pleno dia,Crescente,Céu Claro,Simples,Curva,Não,7,0,1,0,5,1,1,4,-27.780222,-50.241741,SPRF-SC,DEL05-SC,UOP01-DEL05-SC,2023
540485.0,2023-08-05,sábado,18:15:00,SC,282,305.0,VARGEM,Velocidade Incompatível,Colisão traseira,Com Vítimas Feridas,Anoitecer,Crescente,Céu Claro,Simples,Reta,Não,2,0,0,1,1,0,1,2,-27.500679,-50.949047,SPRF-SC,DEL07-SC,UOP06-DEL07-SC,2023
540622.0,2023-08-06,domingo,16:45:00,SC,282,45.9,AGUAS MORNAS,Velocidade Incompatível,Colisão lateral mesmo sentido,Com Vítimas Feridas,Pleno dia,Decrescente,Céu Claro,Simples,Declive;Curva,Não,3,0,1,0,1,1,1,3,-27.719851,-48.916126,SPRF-SC,DEL01-SC,UOP03-DEL01-SC,2023
541015.0,2023-08-08,terça-feira,12:00:00,SC,282,58.1,RANCHO QUEIMADO,Reação tardia ou ineficiente do condutor,Colisão transversal,Com Vítimas Feridas,Pleno dia,Decrescente,Nublado,Simples,Curva,Sim,6,0,5,0,1,0,5,2,-27.683594,-49.005539,SPRF-SC,DEL01-SC,UOP03-DEL01-SC,2023
541061.0,2023-08-08,terça-feira,13:40:00,SC,282,418.7,VARGEM BONITA,Transitar na contramão,Colisão frontal,Com Vítimas Fatais,Pleno dia,Decrescente,Céu Claro,Simples,Curva;Aclive,Não,3,1,0,0,1,2,0,4,-27.02642,-51.729151,SPRF-SC,DEL07-SC,UOP05-DEL07-SC,2023
541063.0,2023-08-08,terça-feira,16:40:00,SC,282,506.0,XANXERE,Reação tardia ou ineficiente do condutor,Colisão traseira,Com Vítimas Feridas,Pleno dia,Decrescente,Céu Claro,Dupla,Aclive,Não,3,0,1,0,1,2,1,4,-26.87149,-52.318768,SPRF-SC,DEL07-SC,UOP01-DEL07-SC,2023
541360.0,2023-08-10,quinta-feira,07:20:00,SC,282,45.7,AGUAS MORNAS,Acumulo de óleo sobre o pavimento,Colisão frontal,Com Vítimas Fatais,Pleno dia,Crescente,Chuva,Simples,Aclive;Curva,Não,6,1,1,2,1,1,3,3,-27.72107498,-48.92446339,SPRF-SC,DEL01-SC,UOP03-DEL01-SC,2023
541512.0,2023-08-10,quinta-feira,23:40:00,SC,282,77.0,RANCHO QUEIMADO,Animais na Pista,Saída de leito carroçável,Com Vítimas Feridas,Plena Noite,Crescente,Nevoeiro/Neblina,Simples,Reta,Não,2,0,1,0,0,1,1,2,-27.683596,-49.143806,SPRF-SC,DEL01-SC,UOP03-DEL01-SC,2023
541591.0,2023-08-11,sexta-feira,08:25:00,SC,480,127.9,CHAPECO,Reação tardia ou ineficiente do condutor,Tombamento,Com Vítimas Feridas,Pleno dia,Decrescente,Chuva,Simples,Aclive,Sim,4,0,1,0,2,1,1,3,-27.03762058,-52.6340282,SPRF-SC,DEL07-SC,UOP01-DEL07-SC,2023
541596.0,2023-08-11,sexta-feira,12:20:00,SC,282,218.5,LAGES,Acesso irregular,Colisão traseira,Com Vítimas Feridas,Pleno dia,Decrescente,Nublado,Simples,Declive;Reta,Sim,3,0,1,0,1,1,1,3,-27.797235,-50.31361,SPRF-SC,DEL05-SC,UOP01-DEL05-SC,2023
542126.0,2023-08-13,domingo,15:45:00,SC,282,501.3,XANXERE,Ausência de reação do condutor,Colisão lateral mesmo sentido,Sem Vítimas,Pleno dia,Crescente,Céu Claro,Dupla,Rotatória,Sim,2,0,0,0,2,0,0,2,-26.882715,-52.381729,SPRF-SC,DEL07-SC,UOP01-DEL07-SC,2023
542207.0,2023-08-13,domingo,19:20:00,SC,282,610.7,MARAVILHA,Ingestão de álcool pelo condutor,Saída de leito carroçável,Sem Vítimas,Plena Noite,Decrescente,Nublado,Simples,Curva;Declive,Não,5,0,0,0,4,2,0,5,-26.756321,-53.230247,SPRF-SC,DEL07-SC,UOP02-DEL07-SC,2023
542475.0,2023-08-15,terça-feira,08:00:00,SC,282,553.3,NOVA ITABERABA,Conversão proibida,Colisão traseira,Com Vítimas Feridas,Pleno dia,Decrescente,Céu Claro,Simples,Aclive;Reta,Não,2,0,0,1,1,0,1,2,-26.93815,-52.791916,SPRF-SC,DEL07-SC,UOP01-DEL07-SC,2023
542799.0,2023-08-17,quinta-feira,01:43:00,SC,282,16.3,SAO JOSE,Conversão proibida,Colisão transversal,Sem Vítimas,Plena Noite,Crescente,Céu Claro,Simples,Interseção de Vias,Sim,2,0,0,0,1,1,0,2,-27.658611,-48.681847,SPRF-SC,DEL01-SC,UOP02-DEL01-SC,2023
542896.0,2023-08-17,quinta-feira,14:00:00,SC,282,31.0,SANTO AMARO DA IMPERATRIZ,Velocidade Incompatível,Colisão traseira,Com Vítimas Feridas,Pleno dia,Decrescente,Céu Claro,Simples,Aclive,Não,2,0,1,0,1,0,1,2,-27.695198,-48.793308,SPRF-SC,DEL01-SC,UOP03-DEL01-SC,2023
543094.0,2023-08-17,quinta-feira,02:15:00,SC,282,508.1,XANXERE,Ingestão de álcool pelo condutor,Colisão traseira,Com Vítimas Feridas,Plena Noite,Crescente,Céu Claro,Simples,Curva;Aclive,Não,4,0,1,0,2,2,1,4,-26.88570055,-52.44630039,SPRF-SC,DEL07-SC,UOP01-DEL07-SC,2023
543128.0,2023-08-18,sexta-feira,17:35:00,SC,282,222.8,LAGES,Acessar a via sem observar a presença dos outros veículos,Colisão transversal,Com Vítimas Feridas,Anoitecer,Decrescente,Chuva,Simples,Curva;Aclive;Interseção de Vias,Sim,4,0,0,2,2,0,2,2,-27.7998493,-50.36115646,SPRF-SC,DEL05-SC,UOP01-DEL05-SC,2023