id,data_inversa,dia_semana,horario,uf,br,km,municipio,causa_acidente,tipo_acidente,classificacao_acidente,fase_dia,sentido_via,condicao_metereologica,tipo_pista,tracado_via,uso_solo,pessoas,mortos,feridos_leves,feridos_graves,ilesos,ignorados,feridos,veiculos,latitude,longitude,regional,delegacia,uop,ano_arquivo
543658.0,2023-08-08,terça-feira,09:10:00,SC,282,609.7,MARAVILHA,Condutor deixou de manter distância do veículo da frente,Colisão transversal,Com Vítimas Feridas,Pleno dia,Decrescente,Céu Claro,Simples,Reta,Não,3,0,0,1,1,3,1,5,-26.761354,-53.221897,SPRF-SC,DEL07-SC,UOP02-DEL07-SC,2023
544039.0,2023-08-05,sábado,18:10:00,SC,282,312.3,VARGEM,Velocidade Incompatível,Colisão frontal,Com Vítimas Fatais,Plena Noite,Crescente,Céu Claro,Simples,Curva,Não,6,2,0,2,1,1,2,3,-27.4597928,-50.9898705,SPRF-SC,DEL07-SC,UOP06-DEL07-SC,2023
544202.0,2023-08-12,sábado,09:40:00,SC,282,206.6,LAGES,Acessar a via sem observar a presença dos outros veículos,Colisão frontal,Com Vítimas Fatais,Pleno dia,Crescente,Chuva,Simples,Reta,Não,3,1,0,0,1,1,0,3,-27.77292131,-50.19782066,SPRF-SC,DEL05-SC,UOP01-DEL05-SC,2023
544254.0,2023-08-24,quinta-feira,10:35:00,SC,282,546.1,CHAPECO,Conversão proibida,Colisão transversal,Com Vítimas Feridas,Pleno dia,Crescente,Céu Claro,Simples,Curva;Declive,Não,3,0,1,0,2,0,1,3,-26.979046,-52.736637,SPRF-SC,DEL07-SC,UOP01-DEL07-SC,2023
544455.0,2023-08-25,sexta-feira,13:50:00,SC,282,16.4,PALHOCA,Ausência de reação do condutor,Colisão traseira,Com Vítimas Feridas,Pleno dia,Crescente,Nublado,Simples,Reta,Sim,3,0,1,0,2,0,1,2,-27.658611,-48.681847,SPRF-SC,DEL01-SC,UOP02-DEL01-SC,2023
544457.0,2023-08-25,sexta-feira,13:30:00,SC,282,381.0,HERVAL DOESTE,Condutor Dormindo,Colisão com objeto,Com Vítimas Feridas,Pleno dia,Decrescente,Chuva,Simples,Reta,Não,4,0,1,0,2,1,1,3,-27.204979,-51.501442,SPRF-SC,DEL07-SC,UOP05-DEL07-SC,2023
544520.0,2023-08-25,sexta-feira,19:30:00,SC,282,396.0,JOACABA,Transitar na contramão,Colisão frontal,Com Vítimas Feridas,Plena Noite,Decrescente,Céu Claro,Simples,Curva;Declive,Não,2,0,0,1,1,0,1,2,-27.155375,-51.601593,SPRF-SC,DEL07-SC,UOP05-DEL07-SC,2023
544572.0,2023-08-25,sexta-feira,23:45:00,SC,282,38.6,AGUAS MORNAS,Ingestão de álcool pelo condutor,Colisão frontal,Com Vítimas Fatais,Plena Noite,Crescente,Nublado,Simples,Curva,Não,3,1,1,0,0,1,1,3,-27.7132937,-48.8587696,SPRF-SC,DEL01-SC,UOP03-DEL01-SC,2023
545194.0,2023-08-28,segunda-feira,16:40:00,SC,282,612.8,MARAVILHA,Ultrapassagem Indevida,Colisão lateral mesmo sentido,Com Vítimas Feridas,Pleno dia,Decrescente,Sol,Simples,Reta,Não,3,0,0,1,2,0,1,3,-26.75906,-53.248955,SPRF-SC,DEL07-SC,UOP02-DEL07-SC,2023
545208.0,2023-08-28,segunda-feira,19:10:00,SC,282,398.3,JOACABA,Ultrapassagem Indevida,Colisão frontal,Com Vítimas Feridas,Plena Noite,Crescente,Céu Claro,Dupla,Curva,Não,4,0,1,0,2,1,1,4,-27.143419,-51.613823,SPRF-SC,DEL07-SC,UOP05-DEL07-SC,2023
545386.0,2023-08-29,terça-feira,22:20:00,SC,282,528.0,CORDILHEIRA ALTA,Ausência de sinalização,Colisão traseira,Sem Vítimas,Plena Noite,Crescente,Céu Claro,Simples,Curva,Não,3,0,0,0,3,0,0,2,-26.978798,-52.588566,SPRF-SC,DEL07-SC,UOP01-DEL07-SC,2023
545505.0,2023-08-30,quarta-feira,15:05:00,SC,282,494.2,XANXERE,Reação tardia ou ineficiente do condutor,Tombamento,Com Vítimas Feridas,Pleno dia,Crescente,Céu Claro,Simples,Curva;Aclive,Não,2,0,1,0,1,0,1,1,-26.87149,-52.318768,SPRF-SC,DEL07-SC,UOP01-DEL07-SC,2023
545914.0,2023-09-01,sexta-feira,16:40:00,SC,282,593.1,SAUDADES,Demais falhas mecânicas ou elétricas,Saída de leito carroçável,Com Vítimas Feridas,Pleno dia,Crescente,Chuva,Simples,Curva,Não,2,0,2,0,0,0,2,1,-26.826199,-53.10162,SPRF-SC,DEL07-SC,UOP02-DEL07-SC,2023
546083.0,2023-09-02,sábado,12:50:00,SC,282,3.8,FLORIANOPOLIS,Reação tardia ou ineficiente do condutor,Saída de leito carroçável,Com Vítimas Feridas,Pleno dia,Crescente,Nublado,Dupla,Curva,Sim,1,0,1,0,0,0,1,1,-27.600384,-48.599705,SPRF-SC,DEL01-SC,UOP01-DEL01-SC,2023
546496.0,2023-09-04,segunda-feira,06:45:00,SC,480,124.1,CHAPECO,Velocidade Incompatível,Saída de leito carroçável,Sem Vítimas,Pleno dia,Crescente,Chuva,Dupla,Declive;Reta,Sim,2,0,0,0,1,1,0,2,-27.00645896,-52.64298325,SPRF-SC,DEL07-SC,UOP01-DEL07-SC,2023
546497.0,2023-09-03,domingo,23:00:00,SC,282,394.0,JOACABA,Demais falhas mecânicas ou elétricas,Incêndio,Sem Vítimas,Plena Noite,Decrescente,Céu Claro,Simples,Reta,Não,2,0,0,0,1,1,0,2,-27.16017,-51.58284,SPRF-SC,DEL07-SC,UOP05-DEL07-SC,2023
546527.0,2023-09-04,segunda-feira,09:40:00,SC,282,104.0,ALFREDO WAGNER,Acessar a via sem observar a presença dos outros veículos,Colisão transversal,Com Vítimas Feridas,Pleno dia,Crescente,Céu Claro,Simples,Reta,Sim,2,0,0,1,1,0,1,2,-27.696043,-49.334038,SPRF-SC,DEL01-SC,UOP03-DEL01-SC,2023
546635.0,2023-09-04,segunda-feira,19:15:00,SC,282,207.8,LAGES,Ausência de reação do condutor,Saída de leito carroçável,Com Vítimas Feridas,Plena Noite,Decrescente,Chuva,Simples,Declive;Reta,Não,1,0,1,0,0,0,1,1,-27.77537994,-50.21198273,SPRF-SC,DEL05-SC,UOP01-DEL05-SC,2023
546818.0,2023-09-05,terça-feira,20:30:00,SC,282,596.0,SAUDADES,Acesso irregular,Colisão transversal,Com Vítimas Feridas,Plena Noite,Decrescente,Céu Claro,Simples,Reta,Não,2,0,1,0,1,0,1,2,-26.829437,-53.127995,SPRF-SC,DEL07-SC,UOP02-DEL07-SC,2023
547016.0,2023-09-06,quarta-feira,16:40:00,SC,282,467.3,PONTE SERRADA,Acessar a via sem observar a presença dos outros veículos,Colisão transversal,Com Vítimas Feridas,Pleno dia,Crescente,Céu Claro,Simples,Reta,Não,5,0,2,0,2,2,2,4,-26.854425,-52.096107,SPRF-SC,DEL07-SC,UOP04-DEL07-SC,2023
547378.0,2023-09-08,sexta-feira,09:50:00,SC,282,394.5,JOACABA,Acumulo de óleo sobre o pavimento,Tombamento,Com Vítimas Feridas,Pleno dia,Decrescente,Chuva,Simples,Reta,Não,1,0,1,0,0,0,1,1,-27.16017,-51.58284,SPRF-SC,DEL07-SC,UOP05-DEL07-SC,2023
547567.0,2023-09-09,sábado,10:50:00,SC,282,606.9,MARAVILHA,Ingestão de álcool pelo condutor,Colisão frontal,Com Vítimas Feridas,Pleno dia,Crescente,Nublado,Simples,Reta,Não,5,0,0,1,1,4,1,5,-26.778643,-53.198692,SPRF-SC,DEL07-SC,UOP02-DEL07-SC,2023
547787.0,2023-09-10,domingo,06:30:00,SC,282,620.0,IRACEMINHA,Reação tardia ou ineficiente do condutor,Saída de leito carroçável,Com Vítimas Feridas,Pleno dia,Decrescente,Céu Claro,Simples,Reta,Não,3,0,1,0,0,2,1,3,-26.799355,-53.308002,SPRF-SC,DEL07-SC,UOP02-DEL07-SC,2023
548427.0,2023-09-13,quarta-feira,12:40:00,SC,282,4.5,SAO JOSE,Ausência de reação do condutor,Colisão lateral mesmo sentido,Sem Vítimas,Pleno dia,Crescente,Nublado,Múltipla,Interseção de Vias,Sim,2,0,0,0,2,0,0,2,-27.592646,-48.604034,SPRF-SC,DEL01-SC,UOP01-DEL01-SC,2023
548433.0,2023-09-13,quarta-feira,13:05:00,SC,282,404.5,JOACABA,Transitar na contramão,Colisão frontal,Com Vítimas Feridas,Pleno dia,Decrescente,Céu Claro,Simples,Curva;Declive,Não,3,0,0,1,1,2,1,4,-27.106423,-51.642834,SPRF-SC,DEL07-SC,UOP05-DEL07-SC,2023
548797.0,2023-09-15,sexta-feira,13:10:00,SC,282,520.7,XAXIM,Condutor deixou de manter distância do veículo da frente,Colisão traseira,Com Vítimas Feridas,Pleno dia,Decrescente,Céu Claro,Simples,Interseção de Vias;Rotatória,Sim,2,0,1,0,1,0,1,2,-26.950415,-52.526096,SPRF-SC,DEL07-SC,UOP01-DEL07-SC,2023
549130.0,2023-09-16,sábado,20:55:00,SC,282,519.3,XAXIM,Ausência de reação do condutor,Colisão traseira,Com Vítimas Fatais,Plena Noite,Crescente,Céu Claro,Simples,Reta;Aclive,Sim,3,1,0,0,1,2,0,4,-26.947527,-52.517536,SPRF-SC,DEL07-SC,UOP01-DEL07-SC,2023
549169.0,2023-09-17,domingo,05:00:00,SC,282,489.3,FAXINAL DOS GUEDES,Ingestão de álcool pelo condutor,Colisão frontal,Com Vítimas Feridas,Plena Noite,Crescente,Céu Claro,Simples,Rotatória,Sim,3,0,1,0,1,1,1,3,-26.870375,-52.274731,SPRF-SC,DEL07-SC,UOP01-DEL07-SC,2023
549477.0,2023-09-18,segunda-feira,11:45:00,SC,282,399.0,JOACABA,Velocidade Incompatível,Colisão traseira,Com Vítimas Feridas,Pleno dia,Crescente,Céu Claro,Simples,Reta,Não,3,0,1,0,1,1,1,3,-27.139378,-51.621956,SPRF-SC,DEL07-SC,UOP05-DEL07-SC,2023
549584.0,2023-09-18,segunda-feira,21:25:00,SC,282,243.9,SAO JOSE DO CERRITO,Velocidade Incompatível,Tombamento,Com Vítimas Feridas,Plena Noite,Crescente,Céu Claro,Simples,Curva;Declive,Não,2,0,0,1,0,1,1,2,-27.73618713,-50.51728249,SPRF-SC,DEL05-SC,UOP02-DEL05-SC,2023
549855.0,2023-09-20,quarta-feira,11:35:00,SC,282,519.7,XAXIM,Acesso irregular,Colisão traseira,Com Vítimas Feridas,Pleno dia,Crescente,Céu Claro,Simples,Aclive;Reta,Sim,4,0,1,0,2,1,1,4,-26.94983683,-52.52199769,SPRF-SC,DEL07-SC,UOP01-DEL07-SC,2023
549945.0,2023-09-20,quarta-feira,17:50:00,SC,282,487.3,FAXINAL DOS GUEDES,Ausência de reação do condutor,Saída de leito carroçável,Com Vítimas Feridas,Anoitecer,Crescente,Céu Claro,Simples,Reta,Sim,2,0,1,0,0,1,1,2,-26.85535551,-52.25463158,SPRF-SC,DEL07-SC,UOP01-DEL07-SC,2023
550052.0,2023-09-21,quinta-feira,09:50:00,SC,282,437.0,VARGEM BONITA,Condutor deixou de manter distância do veículo da frente,Colisão traseira,Com Vítimas Feridas,Pleno dia,Decrescente,Céu Claro,Dupla,Reta;Aclive,Não,2,0,0,1,1,0,1,2,-26.970082,-51.853378,SPRF-SC,DEL07-SC,UOP04-DEL07-SC,2023
550840.0,2023-09-25,segunda-feira,05:30:00,SC,282,357.7,CAMPOS NOVOS,Condutor Dormindo,Colisão com objeto,Com Vítimas Feridas,Pleno dia,Crescente,Céu Claro,Simples,Aclive;Curva,Não,2,0,1,0,0,2,1,3,-27.335176,-51.346149,SPRF-SC,DEL07-SC,UOP05-DEL07-SC,2023
550974.0,2023-09-25,segunda-feira,22:00:00,SC,282,506.0,XANXERE,Reação tardia ou ineficiente do condutor,Capotamento,Com Vítimas Feridas,Plena Noite,Decrescente,Céu Claro,Dupla,Reta,Não,3,0,1,0,1,1,1,3,-26.885712,-52.42907,SPRF-SC,DEL07-SC,UOP01-DEL07-SC,2023
551078.0,2023-09-26,terça-feira,11:15:00,SC,282,527.2,CORDILHEIRA ALTA,Ausência de reação do condutor,Colisão lateral sentido oposto,Com Vítimas Feridas,Pleno dia,Decrescente,Céu Claro,Simples,Curva,Não,5,0,0,1,3,1,1,5,-26.97439,-52.587551,SPRF-SC,DEL07-SC,UOP01-DEL07-SC,2023
551093.0,2023-09-26,terça-feira,06:10:00,SC,282,419.0,VARGEM BONITA,Velocidade Incompatível,Tombamento,Com Vítimas Feridas,Amanhecer,Crescente,Céu Claro,Simples,Curva,Não,1,0,0,1,0,0,1,1,-27.019398,-51.729195,SPRF-SC,DEL07-SC,UOP05-DEL07-SC,2023
552564.0,2023-10-03,terça-feira,06:25:00,SC,282,601.8,CUNHA PORA,Condutor deixou de manter distância do veículo da frente,Colisão traseira,Com Vítimas Feridas,Pleno dia,Decrescente,Céu Claro,Simples,Reta,Não,3,0,1,0,2,0,1,2,-26.809002,-53.169399,SPRF-SC,DEL07-SC,UOP02-DEL07-SC,2023
552623.0,2023-10-03,terça-feira,13:00:00,SC,282,23.7,SANTO AMARO DA IMPERATRIZ,Acessar a via sem observar a presença dos outros veículos,Colisão transversal,Com Vítimas Feridas,Pleno dia,Crescente,Céu Claro,Simples,Interseção de Vias,Sim,4,0,0,1,2,1,1,3,-27.687958,-48.736794,SPRF-SC,DEL01-SC,UOP03-DEL01-SC,2023
552691.0,2023-10-03,terça-feira,21:10:00,SC,282,395.0,JOACABA,Velocidade Incompatível,Colisão frontal,Com Vítimas Feridas,Plena Noite,Crescente,Chuva,Simples,Declive;Curva,Não,11,0,3,0,8,0,3,3,-27.156887,-51.592079,SPRF-SC,DEL07-SC,UOP05-DEL07-SC,2023
552762.0,2023-10-04,quarta-feira,07:35:00,SC,282,519.5,XAXIM,Acesso irregular,Colisão transversal,Com Vítimas Fatais,Pleno dia,Crescente,Chuva,Simples,Aclive,Não,5,2,0,1,1,1,1,3,-26.948823,-52.520117,SPRF-SC,DEL07-SC,UOP01-DEL07-SC,2023
552966.0,2023-10-05,quinta-feira,12:20:00,SC,282,562.2,NOVA ERECHIM,Condutor deixou de manter distância do veículo da frente,Colisão traseira,Com Vítimas Fatais,Pleno dia,Decrescente,Céu Claro,Simples,Reta,Não,5,1,0,0,2,2,0,5,-26.9032423,-52.8683567,SPRF-SC,DEL07-SC,UOP02-DEL07-SC,2023
553790.0,2023-10-09,segunda-feira,03:20:00,SC,282,113.3,ALFREDO WAGNER,Ingestão de álcool pelo condutor,Colisão lateral sentido oposto,Sem Vítimas,Plena Noite,Crescente,Garoa/Chuvisco,Simples,Reta,Não,4,0,0,0,2,2,0,3,-27.740337,-49.384186,SPRF-SC,DEL01-SC,UOP03-DEL01-SC,2023
553990.0,2023-10-09,segunda-feira,09:30:00,SC,282,420.0,VARGEM BONITA,Pista esburacada,Tombamento,Com Vítimas Feridas,Pleno dia,Crescente,Céu Claro,Simples,Curva,Não,1,0,1,0,0,0,1,1,-27.014505,-51.736427,SPRF-SC,DEL07-SC,UOP05-DEL07-SC,2023
554210.0,2023-10-11,quarta-feira,04:25:00,SC,282,308.2,VARGEM,Reação tardia ou ineficiente do condutor,Saída de leito carroçável,Com Vítimas Feridas,Plena Noite,Crescente,Céu Claro,Simples,Curva,Não,1,0,1,0,0,0,1,1,-27.48938077,-50.9726572,SPRF-SC,DEL07-SC,UOP06-DEL07-SC,2023
554540.0,2023-10-12,quinta-feira,11:45:00,SC,282,54.4,AGUAS MORNAS,Ultrapassagem Indevida,Colisão lateral sentido oposto,Com Vítimas Feridas,Pleno dia,Decrescente,Chuva,Simples,Curva;Declive,Não,3,0,1,0,2,0,1,2,-27.685799,-48.974514,SPRF-SC,DEL01-SC,UOP03-DEL01-SC,2023
555233.0,2023-10-15,domingo,19:50:00,SC,282,43.8,AGUAS MORNAS,Ausência de reação do condutor,Colisão lateral sentido oposto,Com Vítimas Feridas,Plena Noite,Decrescente,Chuva,Simples,Reta;Aclive,Não,4,0,1,1,1,1,2,3,-27.719458,-48.897526,SPRF-SC,DEL01-SC,UOP03-DEL01-SC,2023
555797.0,2023-10-18,quarta-feira,19:30:00,SC,282,245.7,SAO JOSE DO CERRITO,Reação tardia ou ineficiente do condutor,Colisão frontal,Com Vítimas Feridas,Plena Noite,Crescente,Chuva,Simples,Curva;Declive,Não,5,0,2,0,3,0,2,2,-27.72805817,-50.52251816,SPRF-SC,DEL05-SC,UOP02-DEL05-SC,2023
555851.0,2023-09-21,quinta-feira,08:30:00,SC,282,533.0,XAXIM,Transitar na contramão,Colisão frontal,Com Vítimas Feridas,Pleno dia,Decrescente,Céu Claro,Simples,Curva;Declive,Não,3,0,0,1,1,1,1,3,-26.995323,-52.625305,SPRF-SC,DEL07-SC,UOP01-DEL07-SC,2023
555862.0,2023-10-19,quinta-feira,09:05:00,SC,282,40.0,AGUAS MORNAS,Mal súbito do condutor,Saída de leito carroçável,Com Vítimas Feridas,Pleno dia,Decrescente,Nublado,Simples,Curva,Sim,2,0,1,0,1,0,1,2,-27.716148,-48.869583,SPRF-SC,DEL01-SC,UOP03-DEL01-SC,2023
556727.0,2023-10-07,sábado,04:52:00,SC,282,548.0,CHAPECO,Condutor Dormindo,Colisão lateral sentido oposto,Com Vítimas Feridas,Amanhecer,Decrescente,Chuva,Simples,Reta,Não,3,0,1,0,2,0,1,2,-26.968346,-52.753883,SPRF-SC,DEL07-SC,UOP01-DEL07-SC,2023
556861.0,2023-10-24,terça-feira,00:30:00,SC,282,32.0,SANTO AMARO DA IMPERATRIZ,Suicídio (presumido),Colisão frontal,Com Vítimas Fatais,Plena Noite,Crescente,Céu Claro,Simples,Reta,Não,3,1,0,0,1,1,0,3,-27.70166055,-48.80115688,SPRF-SC,DEL01-SC,UOP03-DEL01-SC,2023
556911.0,2023-10-24,terça-feira,08:40:00,SC,282,182.2,BOCAINA DO SUL,Transitar na contramão,Colisão frontal,Com Vítimas Fatais,Pleno dia,Crescente,Nublado,Simples,Reta;Aclive,Não,5,1,1,0,3,0,1,4,-27.735399,-49.958389,SPRF-SC,DEL05-SC,UOP01-DEL05-SC,2023
557095.0,2023-04-16,domingo,11:20:00,SC,282,644.9,SAO MIGUEL DO OESTE,Transitar na contramão,Colisão lateral sentido oposto,Com Vítimas Feridas,Pleno dia,Decrescente,Chuva,Simples,Curva;Declive,Não,4,0,2,1,1,0,3,3,-26.76509077,-53.48669171,SPRF-SC,DEL07-SC,UOP03-DEL07-SC,2023
557200.0,2023-10-25,quarta-feira,22:10:00,SC,282,488.4,FAXINAL DOS GUEDES,Suicídio (presumido),Colisão frontal,Com Vítimas Fatais,Plena Noite,Decrescente,Céu Claro,Simples,Reta;Aclive,Sim,3,1,0,0,1,1,0,3,-26.85786044,-52.26416767,SPRF-SC,DEL07-SC,UOP01-DEL07-SC,2023
557529.0,2023-10-27,sexta-feira,15:00:00,SC,282,212.1,LAGES,Desrespeitar a preferência no cruzamento,Colisão transversal,Com Vítimas Feridas,Pleno dia,Decrescente,Nublado,Simples,Interseção de Vias;Declive;Retorno Regulamentado,Sim,3,0,1,0,2,0,1,2,-27.78280296,-50.25320292,SPRF-SC,DEL05-SC,UOP01-DEL05-SC,2023
557536.0,2023-10-27,sexta-feira,14:00:00,SC,282,645.6,SAO MIGUEL DO OESTE,Acessar a via sem observar a presença dos outros veículos,Colisão lateral mesmo sentido,Com Vítimas Feridas,Pleno dia,Decrescente,Nublado,Simples,Reta;Interseção de Vias;Declive,Sim,3,0,0,1,2,0,1,2,-26.76488571,-53.49552155,SPRF-SC,DEL07-SC,UOP03-DEL07-SC,2023
557653.0,2023-10-14,sábado,10:56:00,SC,282,505.3,XANXERE,Velocidade Incompatível,Colisão lateral mesmo sentido,Com Vítimas Feridas,Pleno dia,Decrescente,Céu Claro,Dupla,Reta,Não,4,0,2,0,1,2,2,4,-26.885883,-52.418762,SPRF-SC,DEL07-SC,UOP01-DEL07-SC,2023
558653.0,2023-11-01,quarta-feira,23:36:00,SC,282,561.3,NOVA ERECHIM,Chuva,Colisão com objeto,Com Vítimas Fatais,Plena Noite,Decrescente,Chuva,Simples,Reta;Ponte,Não,1,1,0,0,0,0,0,1,-26.92470056,-52.85713434,SPRF-SC,DEL07-SC,UOP02-DEL07-SC,2023
558898.0,2023-11-03,sexta-feira,15:20:00,SC,282,70.1,RANCHO QUEIMADO,Pista Escorregadia,Colisão frontal,Com Vítimas Fatais,Pleno dia,Crescente,Chuva,Simples,Curva;Aclive,Não,6,1,0,1,3,1,1,5,-27.6915189,-49.0909447,SPRF-SC,DEL01-SC,UOP03-DEL01-SC,2023
558955.0,2023-11-03,sexta-feira,20:40:00,SC,282,485.1,FAXINAL DOS GUEDES,Transitar na contramão,Colisão frontal,Com Vítimas Feridas,Plena Noite,Crescente,Céu Claro,Simples,Reta,Não,3,0,0,1,1,1,1,3,-26.857132,-52.245258,SPRF-SC,DEL07-SC,UOP01-DEL07-SC,2023
559139.0,2023-11-04,sábado,16:45:00,SC,282,488.1,FAXINAL DOS GUEDES,Velocidade Incompatível,Colisão traseira,Com Vítimas Feridas,Pleno dia,Decrescente,Céu Claro,Simples,Rotatória,Sim,6,0,1,0,4,2,1,5,-26.863047,-52.270107,SPRF-SC,DEL07-SC,UOP01-DEL07-SC,2023
559194.0,2023-11-05,domingo,01:30:00,SC,282,628.6,IRACEMINHA,Neblina,Colisão traseira,Com Vítimas Feridas,Plena Noite,Decrescente,Nevoeiro/Neblina,Simples,Aclive,Não,2,0,1,0,0,1,1,2,-26.818754,-53.365486,SPRF-SC,DEL07-SC,UOP02-DEL07-SC,2023
559408.0,2023-11-05,domingo,22:15:00,SC,282,586.8,PINHALZINHO,Velocidade Incompatível,Tombamento,Com Vítimas Feridas,Plena Noite,Decrescente,Céu Claro,Simples,Curva;Aclive,Não,2,0,1,0,0,1,1,2,-26.83062904,-53.04472804,SPRF-SC,DEL07-SC,UOP02-DEL07-SC,2023
559626.0,2023-11-06,segunda-feira,18:20:00,SC,282,356.0,CAMPOS NOVOS,Problema com o freio,Incêndio,Sem Vítimas,Anoitecer,Crescente,Céu Claro,Simples,Curva;Aclive,Não,2,0,0,0,1,1,0,2,-27.342428,-51.340664,SPRF-SC,DEL07-SC,UOP05-DEL07-SC,2023
559814.0,2023-11-07,terça-feira,21:00:00,SC,282,642.5,SAO MIGUEL DO OESTE,Ausência de reação do condutor,Colisão frontal,Com Vítimas Feridas,Plena Noite,Decrescente,Céu Claro,Simples,Curva,Não,5,0,3,1,1,0,4,2,-26.772327,-53.461613,SPRF-SC,DEL07-SC,UOP03-DEL07-SC,2023
559946.0,2023-11-08,quarta-feira,13:59:00,SC,480,131.0,CHAPECO,Condutor deixou de manter distância do veículo da frente,Colisão lateral mesmo sentido,Sem Vítimas,Pleno dia,Crescente,Céu Claro,Múltipla,Curva;Desvio Temporário;Em Obras,Sim,3,0,0,0,3,0,0,2,-27.06314223,-52.63234636,SPRF-SC,DEL07-SC,UOP01-DEL07-SC,2023
560075.0,2023-11-09,quinta-feira,10:00:00,SC,282,500.0,XANXERE,Condutor usando celular,Saída de leito carroçável,Com Vítimas Feridas,Pleno dia,Crescente,Chuva,Dupla,Declive,Não,1,0,1,0,0,0,1,1,-26.880969,-52.368515,SPRF-SC,DEL07-SC,UOP01-DEL07-SC,2023
560532.0,2023-11-11,sábado,08:20:00,SC,282,210.6,LAGES,Demais falhas mecânicas ou elétricas,Incêndio,Sem Vítimas,Pleno dia,Crescente,Céu Claro,Simples,Reta;Declive,Não,1,0,0,0,1,0,0,1,-27.778582,-50.231815,SPRF-SC,DEL05-SC,UOP01-DEL05-SC,2023
560976.0,2023-11-13,segunda-feira,03:00:00,SC,282,212.0,LAGES,Ausência de reação do condutor,Saída de leito carroçável,Com Vítimas Feridas,Plena Noite,Decrescente,Nublado,Simples,Reta;Aclive;Interseção de Vias,Não,1,0,1,0,0,0,1,1,-27.78456846,-50.25929689,SPRF-SC,DEL05-SC,UOP01-DEL05-SC,2023
561035.0,2023-11-13,segunda-feira,09:28:00,SC,282,606.5,MARAVILHA,Acessar a via sem observar a presença dos outros veículos,Colisão transversal,Com Vítimas Feridas,Pleno dia,Crescente,Garoa/Chuvisco,Simples,Interseção de Vias,Sim,2,0,1,0,1,0,1,2,-26.786951,-53.195248,SPRF-SC,DEL07-SC,UOP02-DEL07-SC,2023
561137.0,2023-11-13,segunda-feira,18:24:00,SC,282,451.3,PONTE SERRADA,Ausência de reação do condutor,Saída de leito carroçável,Com Vítimas Feridas,Anoitecer,Crescente,Céu Claro,Simples,Curva;Declive,Não,2,0,1,0,0,1,1,2,-26.920741,-51.949646,SPRF-SC,DEL07-SC,UOP04-DEL07-SC,2023
561393.0,2023-11-14,terça-feira,22:15:00,SC,282,341.5,CAMPOS NOVOS,Pedestre cruzava a pista fora da faixa,Atropelamento de Pedestre,Com Vítimas Feridas,Plena Noite,Crescente,Chuva,Simples,Aclive;Reta,Sim,4,0,0,1,1,2,1,3,-27.389957,-51.213387,SPRF-SC,DEL07-SC,UOP06-DEL07-SC,2023
561855.0,2023-11-17,sexta-feira,13:10:00,SC,282,73.5,RANCHO QUEIMADO,Ultrapassagem Indevida,Colisão frontal,Com Vítimas Feridas,Pleno dia,Crescente,Nevoeiro/Neblina,Simples,Reta,Não,6,0,1,3,0,2,4,4,-27.681437,-49.113388,SPRF-SC,DEL01-SC,UOP03-DEL01-SC,2023
562241.0,2023-11-19,domingo,09:55:00,SC,282,123.5,CHAPECO,Ausência de reação do condutor,Colisão com objeto,Com Vítimas Feridas,Pleno dia,Crescente,Céu Claro,Múltipla,Curva;Declive;Viaduto,Não,2,0,1,0,0,1,1,2,-26.99971972,-52.64629126,SPRF-SC,DEL05-SC,UOP01-DEL05-SC,2023
562373.0,2023-11-19,domingo,21:45:00,SC,282,17.0,PALHOCA,Ingestão de álcool pelo condutor,Colisão com objeto,Sem Vítimas,Plena Noite,Decrescente,Céu Claro,Simples,Reta,Não,2,0,0,0,2,0,0,2,-27.665707,-48.688065,SPRF-SC,DEL01-SC,UOP02-DEL01-SC,2023
562723.0,2023-11-05,domingo,06:50:00,SC,282,618.0,IRACEMINHA,Desrespeitar a preferência no cruzamento,Colisão frontal,Sem Vítimas,Pleno dia,Decrescente,Céu Claro,Simples,Reta,Não,2,0,0,0,1,1,0,2,-26.788088,-53.293259,SPRF-SC,DEL07-SC,UOP02-DEL07-SC,2023
562902.0,2023-11-22,quarta-feira,13:50:00,SC,282,319.2,VARGEM,Avarias e/ou desgaste excessivo no pneu,Tombamento,Sem Vítimas,Pleno dia,Crescente,Chuva,Simples,Reta,Não,4,0,0,0,3,1,0,3,-27.423697,-51.03046,SPRF-SC,DEL07-SC,UOP06-DEL07-SC,2023
563006.0,2023-11-23,quinta-feira,03:15:00,SC,282,381.5,HERVAL DOESTE,Ausência de reação do condutor,Colisão traseira,Com Vítimas Feridas,Plena Noite,Crescente,Nevoeiro/Neblina,Simples,Reta;Declive,Não,14,0,11,1,1,1,12,3,-27.204979,-51.501442,SPRF-SC,DEL07-SC,UOP05-DEL07-SC,2023
563278.0,2023-11-24,sexta-feira,11:00:00,SC,282,520.0,XAXIM,Manobra de mudança de faixa,Colisão lateral mesmo sentido,Com Vítimas Feridas,Pleno dia,Decrescente,Céu Claro,Simples,Curva,Não,6,0,2,0,4,0,2,2,-26.950415,-52.526096,SPRF-SC,DEL07-SC,UOP01-DEL07-SC,2023