id,data_inversa,dia_semana,horario,uf,br,km,municipio,causa_acidente,tipo_acidente,classificacao_acidente,fase_dia,sentido_via,condicao_metereologica,tipo_pista,tracado_via,uso_solo,pessoas,mortos,feridos_leves,feridos_graves,ilesos,ignorados,feridos,veiculos,latitude,longitude,regional,delegacia,uop,ano_arquivo
507255.0,2023-02-26,domingo,06:30:00,SC,282,216.0,LAGES,Ausência de reação do condutor,Saída de leito carroçável,Sem Vítimas,Amanhecer,Crescente,Céu Claro,Simples,Curva;Rotatória;Retorno Regulamentado,Sim,1,0,0,0,1,0,0,1,-27.79419279,-50.28471351,SPRF-SC,DEL05-SC,UOP01-DEL05-SC,2023
507300.0,2023-02-25,sábado,20:00:00,SC,282,541.2,CHAPECO,Acessar a via sem observar a presença dos outros veículos,Colisão transversal,Com Vítimas Feridas,Plena Noite,Crescente,Nublado,Simples,Reta,Não,2,0,0,1,1,0,1,2,-26.997713,-52.699165,SPRF-SC,DEL07-SC,UOP01-DEL07-SC,2023
507342.0,2023-02-26,domingo,15:30:00,SC,282,494.4,XANXERE,Ingestão de álcool pelo condutor,Colisão traseira,Sem Vítimas,Pleno dia,Crescente,Céu Claro,Dupla,Reta,Não,8,0,0,0,8,0,0,2,-26.87149,-52.318768,SPRF-SC,DEL07-SC,UOP01-DEL07-SC,2023
507479.0,2023-02-27,segunda-feira,07:50:00,SC,282,572.0,NOVA ERECHIM,Reação tardia ou ineficiente do condutor,Capotamento,Com Vítimas Feridas,Pleno dia,Crescente,Nevoeiro/Neblina,Simples,Curva;Aclive,Não,2,0,2,0,0,0,2,1,-26.879332,-52.949421,SPRF-SC,DEL07-SC,UOP02-DEL07-SC,2023
507488.0,2023-02-27,segunda-feira,12:15:00,SC,282,531.5,CORDILHEIRA ALTA,Acessar a via sem observar a presença dos outros veículos,Colisão transversal,Com Vítimas Feridas,Pleno dia,Decrescente,Céu Claro,Simples,Interseção de Vias,Sim,5,0,1,0,4,0,1,3,-26.993975,-52.611163,SPRF-SC,DEL07-SC,UOP01-DEL07-SC,2023
507649.0,2023-02-28,terça-feira,12:50:00,SC,282,17.5,PALHOCA,Desrespeitar a preferência no cruzamento,Colisão transversal,Com Vítimas Feridas,Pleno dia,Crescente,Céu Claro,Simples,Reta,Não,2,0,1,0,1,0,1,2,-27.665707,-48.688065,SPRF-SC,DEL01-SC,UOP02-DEL01-SC,2023
507734.0,2023-02-28,terça-feira,20:00:00,SC,282,19.0,PALHOCA,Condutor deixou de manter distância do veículo da frente,Colisão traseira,Com Vítimas Feridas,Plena Noite,Decrescente,Céu Claro,Simples,Reta,Sim,3,0,3,0,0,0,3,2,-27.678635,-48.70192,SPRF-SC,DEL01-SC,UOP02-DEL01-SC,2023
507805.0,2023-03-01,quarta-feira,09:30:00,SC,282,2.0,FLORIANOPOLIS,Ausência de reação do condutor,Colisão lateral mesmo sentido,Com Vítimas Feridas,Pleno dia,Decrescente,Nublado,Múltipla,Reta,Sim,2,0,1,0,1,0,1,2,-27.603289,-48.590416,SPRF-SC,DEL01-SC,UOP01-DEL01-SC,2023
507829.0,2023-03-01,quarta-feira,10:00:00,SC,282,511.9,XANXERE,Frear bruscamente,Colisão transversal,Com Vítimas Feridas,Pleno dia,Crescente,Céu Claro,Simples,Reta;Declive,Não,3,0,1,0,2,0,1,3,-26.90907275,-52.46948373,SPRF-SC,DEL07-SC,UOP01-DEL07-SC,2023
508074.0,2023-03-02,quinta-feira,14:00:00,SC,282,44.0,AGUAS MORNAS,Velocidade Incompatível,Colisão com objeto,Sem Vítimas,Pleno dia,Decrescente,Chuva,Simples,Reta;Declive,Não,1,0,0,0,1,0,0,1,-27.722137,-48.90694,SPRF-SC,DEL01-SC,UOP03-DEL01-SC,2023
508313.0,2023-03-03,sexta-feira,20:20:00,SC,282,527.5,CORDILHEIRA ALTA,Transitar na contramão,Colisão lateral sentido oposto,Sem Vítimas,Plena Noite,Crescente,Chuva,Simples,Curva,Não,2,0,0,0,1,1,0,2,-26.973196,-52.583321,SPRF-SC,DEL07-SC,UOP01-DEL07-SC,2023
508352.0,2023-03-04,sábado,01:40:00,SC,282,339.3,CAMPOS NOVOS,Pista Escorregadia,Colisão com objeto,Sem Vítimas,Plena Noite,Decrescente,Garoa/Chuvisco,Simples,Reta;Declive;Interseção de Vias,Não,1,0,0,0,1,0,0,1,-27.392731,-51.195118,SPRF-SC,DEL07-SC,UOP06-DEL07-SC,2023
508542.0,2023-03-04,sábado,21:55:00,SC,282,5.6,SAO JOSE,Reação tardia ou ineficiente do condutor,Colisão com objeto,Sem Vítimas,Plena Noite,Decrescente,Chuva,Dupla,Aclive;Curva,Sim,1,0,0,0,1,0,0,1,-27.58525645,-48.61782789,SPRF-SC,DEL01-SC,UOP01-DEL01-SC,2023
508586.0,2023-03-05,domingo,00:50:00,SC,282,680.3,PARAISO,Ingestão de álcool pelo condutor,Saída de leito carroçável,Com Vítimas Feridas,Plena Noite,Crescente,Nevoeiro/Neblina,Simples,Curva;Declive,Não,2,0,2,0,0,0,2,1,-26.614655,-53.708702,SPRF-SC,DEL07-SC,UOP03-DEL07-SC,2023
508602.0,2023-03-05,domingo,04:30:00,SC,282,580.8,PINHALZINHO,Ingestão de álcool e/ou substâncias psicoativas pelo pedestre,Colisão lateral sentido oposto,Com Vítimas Feridas,Plena Noite,Decrescente,Céu Claro,Simples,Reta,Sim,2,0,1,0,1,0,1,2,-26.83357489,-52.99299896,SPRF-SC,DEL07-SC,UOP02-DEL07-SC,2023
508714.0,2023-03-05,domingo,16:00:00,SC,282,66.3,RANCHO QUEIMADO,Pista Escorregadia,Saída de leito carroçável,Com Vítimas Feridas,Pleno dia,Crescente,Garoa/Chuvisco,Simples,Curva,Não,3,0,2,0,1,0,2,1,-27.699602,-49.062912,SPRF-SC,DEL01-SC,UOP03-DEL01-SC,2023
508732.0,2023-03-05,domingo,18:30:00,SC,282,167.0,BOCAINA DO SUL,Animais na Pista,Atropelamento de Animal,Com Vítimas Feridas,Plena Noite,Crescente,Céu Claro,Simples,Interseção de Vias,Sim,1,0,1,0,0,0,1,1,-27.748844,-49.817348,SPRF-SC,DEL05-SC,UOP01-DEL05-SC,2023
508771.0,2023-03-05,domingo,19:40:00,SC,282,263.8,SAO JOSE DO CERRITO,Acessar a via sem observar a presença dos outros veículos,Colisão transversal,Com Vítimas Feridas,Anoitecer,Decrescente,Nublado,Simples,Interseção de Vias,Não,7,0,1,0,6,0,1,2,-27.6269274,-50.6244421,SPRF-SC,DEL05-SC,UOP02-DEL05-SC,2023
509277.0,2023-03-08,quarta-feira,18:20:00,SC,282,501.3,XANXERE,Acessar a via sem observar a presença dos outros veículos,Colisão frontal,Com Vítimas Feridas,Anoitecer,Crescente,Chuva,Simples,Interseção de Vias;Reta,Sim,2,0,1,0,1,0,1,2,-26.882715,-52.381729,SPRF-SC,DEL07-SC,UOP01-DEL07-SC,2023
509284.0,2023-03-08,quarta-feira,17:00:00,SC,282,364.0,ERVAL VELHO,Demais falhas mecânicas ou elétricas,Queda de ocupante de veículo,Com Vítimas Feridas,Pleno dia,Crescente,Chuva,Simples,Reta,Não,1,0,1,0,0,0,1,1,-27.297649,-51.398533,SPRF-SC,DEL07-SC,UOP05-DEL07-SC,2023
509331.0,2023-03-08,quarta-feira,22:40:00,SC,282,502.0,XANXERE,Ingestão de álcool pelo condutor,Colisão frontal,Com Vítimas Feridas,Plena Noite,Crescente,Chuva,Simples,Reta;Aclive,Sim,7,0,3,4,0,0,7,2,-26.8739997,-52.35912323,SPRF-SC,DEL07-SC,UOP01-DEL07-SC,2023
509374.0,2023-03-09,quinta-feira,08:00:00,SC,282,23.5,SANTO AMARO DA IMPERATRIZ,Ultrapassagem Indevida,Colisão lateral mesmo sentido,Com Vítimas Feridas,Pleno dia,Decrescente,Céu Claro,Simples,Reta,Sim,2,0,0,1,1,0,1,2,-27.687958,-48.736794,SPRF-SC,DEL01-SC,UOP03-DEL01-SC,2023
509416.0,2023-03-09,quinta-feira,08:40:00,SC,282,618.0,IRACEMINHA,Chuva,Saída de leito carroçável,Com Vítimas Feridas,Pleno dia,Crescente,Chuva,Simples,Declive,Não,1,0,1,0,0,0,1,1,-26.788088,-53.293259,SPRF-SC,DEL07-SC,UOP02-DEL07-SC,2023
509681.0,2023-03-10,sexta-feira,17:20:00,SC,282,41.5,AGUAS MORNAS,Acessar a via sem observar a presença dos outros veículos,Colisão transversal,Com Vítimas Feridas,Pleno dia,Crescente,Nublado,Simples,Reta,Sim,2,0,0,2,0,0,2,2,-27.715973,-48.878979,SPRF-SC,DEL01-SC,UOP03-DEL01-SC,2023
509684.0,2023-03-10,sexta-feira,16:15:00,SC,282,517.5,XAXIM,Reação tardia ou ineficiente do condutor,Saída de leito carroçável,Sem Vítimas,Pleno dia,Crescente,Céu Claro,Dupla,Reta;Declive,Não,1,0,0,0,1,0,0,1,-26.939375,-52.500057,SPRF-SC,DEL07-SC,UOP01-DEL07-SC,2023
509715.0,2023-03-10,sexta-feira,11:40:00,SC,282,645.0,SAO MIGUEL DO OESTE,Ausência de reação do condutor,Saída de leito carroçável,Sem Vítimas,Pleno dia,Decrescente,Céu Claro,Simples,Declive;Curva,Não,1,0,0,0,0,1,0,1,-26.765184,-53.487823,SPRF-SC,DEL07-SC,UOP03-DEL07-SC,2023
509785.0,2023-03-11,sábado,06:55:00,SC,480,128.8,CHAPECO,Ingestão de álcool pelo condutor,Colisão frontal,Com Vítimas Feridas,Pleno dia,Crescente,Sol,Dupla,Curva,Não,5,0,1,0,4,0,1,2,-27.044493,-52.636164,SPRF-SC,DEL07-SC,UOP01-DEL07-SC,2023
509830.0,2023-03-11,sábado,10:30:00,SC,282,371.3,ERVAL VELHO,Velocidade Incompatível,Saída de leito carroçável,Com Vítimas Feridas,Pleno dia,Crescente,Céu Claro,Simples,Declive;Curva,Não,1,0,0,1,0,0,1,1,-27.259993,-51.442684,SPRF-SC,DEL07-SC,UOP05-DEL07-SC,2023
509831.0,2023-03-11,sábado,12:00:00,SC,282,18.0,PALHOCA,Reação tardia ou ineficiente do condutor,Colisão traseira,Com Vítimas Feridas,Pleno dia,Crescente,Sol,Simples,Viaduto;Reta;Declive,Não,4,0,2,0,2,0,2,2,-27.672798,-48.694286,SPRF-SC,DEL01-SC,UOP02-DEL01-SC,2023
509935.0,2023-03-11,sábado,19:10:00,SC,282,468.2,PONTE SERRADA,Ausência de reação do condutor,Colisão traseira,Com Vítimas Feridas,Anoitecer,Decrescente,Nublado,Simples,Reta,Não,4,0,1,0,3,0,1,3,-26.853588,-52.105446,SPRF-SC,DEL07-SC,UOP04-DEL07-SC,2023
509978.0,2023-03-12,domingo,01:50:00,SC,282,3.9,FLORIANOPOLIS,Velocidade Incompatível,Saída de leito carroçável,Sem Vítimas,Plena Noite,Decrescente,Nublado,Dupla,Curva,Sim,1,0,0,0,0,1,0,1,-27.600384,-48.599705,SPRF-SC,DEL01-SC,UOP01-DEL01-SC,2023
509983.0,2023-03-12,domingo,02:00:00,SC,282,64.4,RANCHO QUEIMADO,Reação tardia ou ineficiente do condutor,Colisão lateral sentido oposto,Sem Vítimas,Plena Noite,Decrescente,Garoa/Chuvisco,Simples,Interseção de Vias;Curva,Não,2,0,0,0,2,0,0,2,-27.696323,-49.052456,SPRF-SC,DEL01-SC,UOP03-DEL01-SC,2023
510160.0,2023-03-12,domingo,15:10:00,SC,282,558.0,NOVA ITABERABA,Condutor Dormindo,Saída de leito carroçável,Com Vítimas Feridas,Pleno dia,Decrescente,Nublado,Simples,Curva,Não,1,0,0,1,0,0,1,1,-26.93273,-52.838913,SPRF-SC,DEL07-SC,UOP01-DEL07-SC,2023
510174.0,2023-03-12,domingo,21:50:00,SC,282,32.0,AGUAS MORNAS,Ausência de reação do condutor,Colisão traseira,Sem Vítimas,Plena Noite,Decrescente,Chuva,Simples,Reta,Não,2,0,0,0,2,0,0,2,-27.70116,-48.800175,SPRF-SC,DEL01-SC,UOP03-DEL01-SC,2023
510288.0,2023-03-13,segunda-feira,11:30:00,SC,282,17.3,PALHOCA,Pedestre andava na pista,Atropelamento de Pedestre,Com Vítimas Feridas,Pleno dia,Crescente,Nublado,Simples,Reta,Sim,2,0,2,0,0,0,2,2,-27.665707,-48.688065,SPRF-SC,DEL01-SC,UOP02-DEL01-SC,2023
510327.0,2023-03-13,segunda-feira,16:00:00,SC,282,39.8,AGUAS MORNAS,Ausência de reação do condutor,Colisão traseira,Com Vítimas Feridas,Pleno dia,Crescente,Céu Claro,Simples,Reta,Não,2,0,1,0,1,0,1,2,-27.712439,-48.860607,SPRF-SC,DEL01-SC,UOP03-DEL01-SC,2023
510349.0,2023-03-13,segunda-feira,14:45:00,SC,282,245.7,SAO JOSE DO CERRITO,Velocidade Incompatível,Colisão frontal,Com Vítimas Feridas,Pleno dia,Crescente,Chuva,Simples,Curva,Sim,6,0,5,0,0,1,5,3,-27.7251711,-50.53058624,SPRF-SC,DEL05-SC,UOP02-DEL05-SC,2023
510401.0,2023-03-14,terça-feira,01:00:00,SC,282,5.7,SAO JOSE,Ingestão de álcool pelo condutor,Colisão com objeto,Com Vítimas Feridas,Plena Noite,Crescente,Garoa/Chuvisco,Dupla,Curva,Não,2,0,2,0,0,0,2,1,-27.588425,-48.612919,SPRF-SC,DEL01-SC,UOP01-DEL01-SC,2023
510496.0,2023-03-14,terça-feira,08:34:00,SC,282,483.9,FAXINAL DOS GUEDES,Condutor Dormindo,Saída de leito carroçável,Com Vítimas Feridas,Pleno dia,Crescente,Céu Claro,Simples,Reta,Não,1,0,0,1,0,0,1,1,-26.861937,-52.227974,SPRF-SC,DEL07-SC,UOP01-DEL07-SC,2023
510540.0,2023-03-14,terça-feira,18:25:00,SC,282,23.3,SANTO AMARO DA IMPERATRIZ,Condutor deixou de manter distância do veículo da frente,Colisão transversal,Com Vítimas Feridas,Plena Noite,Decrescente,Ignorado,Simples,Reta,Sim,2,0,1,0,1,0,1,2,-27.687958,-48.736794,SPRF-SC,DEL01-SC,UOP02-DEL01-SC,2023
510635.0,2023-03-07,terça-feira,17:00:00,SC,282,16.4,PALHOCA,Trafegar com motocicleta (ou similar) entre as faixas,Colisão transversal,Com Vítimas Feridas,Pleno dia,Crescente,Nublado,Simples,Reta,Sim,3,0,2,0,1,0,2,2,-27.658611,-48.681847,SPRF-SC,DEL01-SC,UOP02-DEL01-SC,2023
510645.0,2023-03-15,quarta-feira,09:50:00,SC,282,4.7,SAO JOSE,Manobra de mudança de faixa,Colisão lateral mesmo sentido,Com Vítimas Feridas,Pleno dia,Decrescente,Sol,Múltipla,Reta,Não,3,0,2,0,1,0,2,3,-27.592646,-48.604034,SPRF-SC,DEL01-SC,UOP01-DEL01-SC,2023
510804.0,2023-03-15,quarta-feira,22:00:00,SC,282,634.0,DESCANSO,Reação tardia ou ineficiente do condutor,Saída de leito carroçável,Com Vítimas Feridas,Plena Noite,Crescente,Ignorado,Simples,Curva,Não,1,0,1,0,0,0,1,1,-26.825808,-53.420979,SPRF-SC,DEL07-SC,UOP03-DEL07-SC,2023
510880.0,2023-03-12,domingo,21:42:00,SC,282,516.0,XAXIM,Ausência de reação do condutor,Saída de leito carroçável,Sem Vítimas,Plena Noite,Decrescente,Céu Claro,Simples,Aclive;Curva,Não,1,0,0,0,0,1,0,1,-26.930862,-52.499157,SPRF-SC,DEL07-SC,UOP01-DEL07-SC,2023
510945.0,2023-03-16,quinta-feira,15:15:00,SC,282,513.0,XAXIM,Velocidade Incompatível,Colisão com objeto,Sem Vítimas,Pleno dia,Crescente,Céu Claro,Simples,Interseção de Vias;Aclive;Reta,Não,1,0,0,0,1,0,0,1,-26.91486,-52.480682,SPRF-SC,DEL07-SC,UOP01-DEL07-SC,2023
510989.0,2023-03-17,sexta-feira,02:40:00,SC,282,183.8,BOCAINA DO SUL,Velocidade Incompatível,Capotamento,Sem Vítimas,Plena Noite,Decrescente,Céu Claro,Simples,Curva,Não,1,0,0,0,0,1,0,1,-27.73362,-49.968296,SPRF-SC,DEL05-SC,UOP01-DEL05-SC,2023
511172.0,2023-03-17,sexta-feira,18:40:00,SC,282,591.0,SAUDADES,Condutor deixou de manter distância do veículo da frente,Colisão traseira,Com Vítimas Feridas,Plena Noite,Decrescente,Céu Claro,Simples,Reta,Não,6,0,2,0,4,0,2,2,-26.82672001,-53.08274567,SPRF-SC,DEL07-SC,UOP02-DEL07-SC,2023
511225.0,2023-03-18,sábado,02:20:00,SC,282,622.2,IRACEMINHA,Ingestão de álcool pelo condutor,Colisão frontal,Com Vítimas Fatais,Plena Noite,Crescente,Céu Claro,Simples,Curva,Não,3,1,1,1,0,0,2,2,-26.79727852,-53.32599521,SPRF-SC,DEL07-SC,UOP02-DEL07-SC,2023
511231.0,2023-03-18,sábado,06:00:00,SC,282,211.0,LAGES,Ausência de reação do condutor,Saída de leito carroçável,Sem Vítimas,Amanhecer,Decrescente,Nublado,Simples,Reta,Não,1,0,0,0,0,1,0,1,-27.780222,-50.241741,SPRF-SC,DEL05-SC,UOP01-DEL05-SC,2023
511298.0,2023-03-18,sábado,12:50:00,SC,282,16.0,PALHOCA,Ausência de reação do condutor,Colisão traseira,Com Vítimas Feridas,Pleno dia,Crescente,Céu Claro,Simples,Reta,Sim,2,0,0,1,1,0,1,2,-27.658611,-48.681847,SPRF-SC,DEL01-SC,UOP02-DEL01-SC,2023
511457.0,2023-03-19,domingo,01:20:00,SC,282,129.0,BOM RETIRO,Ausência de reação do condutor,Saída de leito carroçável,Com Vítimas Feridas,Plena Noite,Crescente,Nublado,Simples,Reta,Sim,1,0,0,1,0,0,1,1,-27.800129,-49.496468,SPRF-SC,DEL05-SC,UOP01-DEL05-SC,2023
511541.0,2023-03-19,domingo,10:55:00,SC,282,42.0,AGUAS MORNAS,Acessar a via sem observar a presença dos outros veículos,Colisão lateral mesmo sentido,Com Vítimas Feridas,Pleno dia,Decrescente,Céu Claro,Simples,Reta,Não,3,0,0,3,0,0,3,2,-27.72077,-48.887478,SPRF-SC,DEL01-SC,UOP03-DEL01-SC,2023
511586.0,2023-03-19,domingo,18:10:00,SC,282,16.6,PALHOCA,Acesso irregular,Colisão lateral mesmo sentido,Com Vítimas Feridas,Pleno dia,Crescente,Céu Claro,Simples,Reta,Sim,2,0,1,0,1,0,1,2,-27.658611,-48.681847,SPRF-SC,DEL01-SC,UOP02-DEL01-SC,2023
511645.0,2023-03-19,domingo,21:40:00,SC,282,339.4,CAMPOS NOVOS,Reação tardia ou ineficiente do condutor,Colisão transversal,Com Vítimas Feridas,Plena Noite,Decrescente,Céu Claro,Simples,Interseção de Vias,Não,3,0,3,0,0,0,3,2,-27.392731,-51.195118,SPRF-SC,DEL07-SC,UOP06-DEL07-SC,2023
511708.0,2023-03-18,sábado,18:30:00,SC,282,505.9,XANXERE,Ingestão de álcool pelo condutor,Colisão com objeto,Com Vítimas Feridas,Pleno dia,Crescente,Céu Claro,Dupla,Curva;Declive,Não,1,0,1,0,0,0,1,1,-26.885883,-52.418762,SPRF-SC,DEL07-SC,UOP01-DEL07-SC,2023
512108.0,2023-03-22,quarta-feira,09:00:00,SC,282,5.0,SAO JOSE,Condutor deixou de manter distância do veículo da frente,Colisão lateral mesmo sentido,Com Vítimas Feridas,Pleno dia,Decrescente,Céu Claro,Múltipla,Reta,Não,3,0,2,0,1,0,2,2,-27.588425,-48.612919,SPRF-SC,DEL01-SC,UOP01-DEL01-SC,2023
512194.0,2023-03-22,quarta-feira,17:30:00,SC,282,3.5,FLORIANOPOLIS,Manobra de mudança de faixa,Colisão lateral mesmo sentido,Com Vítimas Feridas,Anoitecer,Crescente,Garoa/Chuvisco,Múltipla,Reta,Sim,2,0,1,0,1,0,1,2,-27.600384,-48.599705,SPRF-SC,DEL01-SC,UOP01-DEL01-SC,2023
512292.0,2023-03-23,quinta-feira,07:30:00,SC,282,17.0,PALHOCA,Trafegar com motocicleta (ou similar) entre as faixas,Colisão lateral mesmo sentido,Com Vítimas Feridas,Pleno dia,Crescente,Garoa/Chuvisco,Simples,Interseção de Vias;Rotatória,Sim,2,0,1,0,1,0,1,2,-27.665707,-48.688065,SPRF-SC,DEL01-SC,UOP02-DEL01-SC,2023
512439.0,2023-03-24,sexta-feira,00:30:00,SC,282,0.5,FLORIANOPOLIS,Reação tardia ou ineficiente do condutor,Saída de leito carroçável,Sem Vítimas,Plena Noite,Crescente,Ignorado,Múltipla,Curva,Sim,1,0,0,0,1,0,0,1,-27.59845,-48.571995,SPRF-SC,DEL01-SC,UOP01-DEL01-SC,2023
512577.0,2023-03-24,sexta-feira,15:00:00,SC,282,115.3,ALFREDO WAGNER,Velocidade Incompatível,Saída de leito carroçável,Com Vítimas Feridas,Pleno dia,Crescente,Garoa/Chuvisco,Simples,Curva,Não,1,0,0,1,0,0,1,1,-27.755424,-49.39444,SPRF-SC,DEL01-SC,UOP03-DEL01-SC,2023
512637.0,2023-03-24,sexta-feira,22:45:00,SC,282,388.6,JOACABA,Manobra de mudança de faixa,Colisão lateral mesmo sentido,Com Vítimas Feridas,Plena Noite,Crescente,Céu Claro,Simples,Curva,Não,2,0,1,0,1,0,1,2,-27.179003,-51.531616,SPRF-SC,DEL07-SC,UOP05-DEL07-SC,2023
512669.0,2023-03-25,sábado,06:00:00,SC,282,2.9,FLORIANOPOLIS,Ingestão de álcool pelo condutor,Saída de leito carroçável,Com Vítimas Feridas,Amanhecer,Crescente,Nublado,Dupla,Curva;Declive,Sim,1,0,1,0,0,0,1,1,-27.603289,-48.590416,SPRF-SC,DEL01-SC,UOP01-DEL01-SC,2023
512764.0,2023-03-25,sábado,20:20:00,SC,282,37.0,AGUAS MORNAS,Transitar na contramão,Colisão lateral sentido oposto,Sem Vítimas,Plena Noite,Crescente,Garoa/Chuvisco,Simples,Curva,Não,2,0,0,0,0,2,0,2,-27.707325,-48.842983,SPRF-SC,DEL01-SC,UOP03-DEL01-SC,2023
512888.0,2023-03-25,sábado,17:00:00,SC,282,528.0,CORDILHEIRA ALTA,Reação tardia ou ineficiente do condutor,Saída de leito carroçável,Com Vítimas Feridas,Pleno dia,Crescente,Céu Claro,Simples,Curva,Não,1,0,1,0,0,0,1,1,-26.978798,-52.588566,SPRF-SC,DEL07-SC,UOP01-DEL07-SC,2023
512956.0,2023-03-26,domingo,13:55:00,SC,282,475.8,VARGEAO,Velocidade Incompatível,Saída de leito carroçável,Sem Vítimas,Pleno dia,Crescente,Céu Claro,Simples,Curva,Não,1,0,0,0,0,1,0,1,-26.880404,-52.161064,SPRF-SC,DEL07-SC,UOP01-DEL07-SC,2023
513094.0,2023-03-27,segunda-feira,00:10:00,SC,282,489.1,FAXINAL DOS GUEDES,Ingestão de álcool pelo condutor,Saída de leito carroçável,Com Vítimas Feridas,Plena Noite,Crescente,Céu Claro,Simples,Reta,Não,1,0,1,0,0,0,1,1,-26.870375,-52.274731,SPRF-SC,DEL07-SC,UOP01-DEL07-SC,2023
513308.0,2023-03-28,terça-feira,05:30:00,SC,282,377.0,ERVAL VELHO,Pista Escorregadia,Queda de ocupante de veículo,Com Vítimas Feridas,Amanhecer,Crescente,Céu Claro,Simples,Curva,Não,1,0,1,0,0,0,1,1,-27.216974,-51.470055,SPRF-SC,DEL07-SC,UOP05-DEL07-SC,2023
513314.0,2023-03-28,terça-feira,06:30:00,SC,282,376.7,HERVAL DOESTE,Acumulo de óleo sobre o pavimento,Tombamento,Com Vítimas Feridas,Pleno dia,Crescente,Céu Claro,Simples,Declive;Reta,Não,2,0,1,0,1,0,1,2,-27.220205,-51.461185,SPRF-SC,DEL07-SC,UOP05-DEL07-SC,2023
513403.0,2023-03-28,terça-feira,13:30:00,SC,282,367.1,ERVAL VELHO,Ausência de reação do condutor,Capotamento,Com Vítimas Feridas,Pleno dia,Crescente,Sol,Simples,Reta,Não,2,0,1,1,0,0,2,1,-27.287449,-51.425842,SPRF-SC,DEL07-SC,UOP05-DEL07-SC,2023
513574.0,2023-03-29,quarta-feira,16:30:00,SC,282,624.0,IRACEMINHA,Condutor deixou de manter distância do veículo da frente,Colisão traseira,Com Vítimas Feridas,Pleno dia,Decrescente,Chuva,Simples,Reta,Não,2,0,1,0,1,0,1,2,-26.798008,-53.34169,SPRF-SC,DEL07-SC,UOP02-DEL07-SC,2023
513606.0,2023-03-29,quarta-feira,19:00:00,SC,282,82.0,RANCHO QUEIMADO,Acumulo de água sobre o pavimento,Capotamento,Com Vítimas Feridas,Plena Noite,Crescente,Chuva,Simples,Curva,Não,3,0,3,0,0,0,3,1,-27.662027,-49.178356,SPRF-SC,DEL01-SC,UOP03-DEL01-SC,2023
513696.0,2023-01-24,terça-feira,18:30:00,SC,282,115.8,ALFREDO WAGNER,Velocidade Incompatível,Saída de leito carroçável,Com Vítimas Feridas,Pleno dia,Decrescente,Céu Claro,Simples,Curva,Não,1,0,1,0,0,0,1,1,-27.755424,-49.39444,SPRF-SC,DEL01-SC,UOP03-DEL01-SC,2023
513736.0,2023-03-30,quinta-feira,14:40:00,SC,282,5.2,SAO JOSE,Manobra de mudança de faixa,Colisão traseira,Sem Vítimas,Pleno dia,Crescente,Céu Claro,Múltipla,Reta,Sim,3,0,0,0,3,0,0,2,-27.588425,-48.612919,SPRF-SC,DEL01-SC,UOP01-DEL01-SC,2023
513788.0,2023-03-30,quinta-feira,19:40:00,SC,282,17.3,PALHOCA,Acesso irregular,Colisão transversal,Com Vítimas Feridas,Plena Noite,Decrescente,Céu Claro,Simples,Reta,Sim,2,0,1,0,1,0,1,2,-27.665707,-48.688065,SPRF-SC,DEL01-SC,UOP02-DEL01-SC,2023
513793.0,2023-03-30,quinta-feira,20:25:00,SC,282,4.6,SAO JOSE,Entrada inopinada do pedestre,Atropelamento de Pedestre,Com Vítimas Feridas,Plena Noite,Decrescente,Nublado,Múltipla,Reta,Sim,2,0,0,1,1,0,1,2,-27.592646,-48.604034,SPRF-SC,DEL01-SC,UOP01-DEL01-SC,2023
513805.0,2023-03-30,quinta-feira,20:09:00,SC,282,234.0,LAGES,Animais na Pista,Atropelamento de Animal,Com Vítimas Feridas,Plena Noite,Crescente,Céu Claro,Simples,Reta,Não,1,0,1,0,0,0,1,1,-27.783495,-50.463604,SPRF-SC,DEL05-SC,UOP02-DEL05-SC,2023
513851.0,2023-03-31,sexta-feira,08:20:00,SC,282,16.6,PALHOCA,Acessar a via sem observar a presença dos outros veículos,Colisão lateral mesmo sentido,Com Vítimas Feridas,Pleno dia,Decrescente,Sol,Simples,Reta,Sim,2,0,1,0,1,0,1,2,-27.658611,-48.681847,SPRF-SC,DEL01-SC,UOP02-DEL01-SC,2023
513966.0,2023-03-31,sexta-feira,17:33:00,SC,282,1.3,FLORIANOPOLIS,Trafegar com motocicleta (ou similar) entre as faixas,Tombamento,Com Vítimas Feridas,Pleno dia,Crescente,Céu Claro,Múltipla,Viaduto;Reta,Sim,2,0,2,0,0,0,2,1,-27.602955,-48.580509,SPRF-SC,DEL01-SC,UOP01-DEL01-SC,2023
514037.0,2023-03-31,sexta-feira,22:45:00,SC,282,571.0,NOVA ERECHIM,Acessar a via sem observar a presença dos outros veículos,Colisão transversal,Com Vítimas Feridas,Plena Noite,Crescente,Nublado,Simples,Reta,Não,5,0,4,0,1,0,4,2,-26.89006,-52.93306,SPRF-SC,DEL07-SC,UOP02-DEL07-SC,2023