id,data_inversa,dia_semana,horario,uf,br,km,municipio,causa_acidente,tipo_acidente,classificacao_acidente,fase_dia,sentido_via,condicao_metereologica,tipo_pista,tracado_via,uso_solo,pessoas,mortos,feridos_leves,feridos_graves,ilesos,ignorados,feridos,veiculos,latitude,longitude,regional,delegacia,uop,ano_arquivo
527331.0,2023-06-04,domingo,09:10:00,SC,282,644.3,SAO MIGUEL DO OESTE,Ingestão de álcool pelo condutor,Saída de leito carroçável,Com Vítimas Feridas,Plena Noite,Decrescente,Céu Claro,Simples,Declive;Curva,Não,2,0,2,0,0,0,2,1,-26.76574115,-53.48399454,SPRF-SC,DEL07-SC,UOP03-DEL07-SC,2023
527376.0,2023-06-04,domingo,17:00:00,SC,282,26.0,AGUAS MORNAS,Ingestão de álcool pelo condutor,Engavetamento,Sem Vítimas,Pleno dia,Crescente,Céu Claro,Simples,Reta,Sim,8,0,0,0,8,0,0,3,-27.70701123,-48.84176016,SPRF-SC,DEL01-SC,UOP03-DEL01-SC,2023
527434.0,2023-06-04,domingo,20:45:00,SC,282,324.8,CAMPOS NOVOS,Ausência de reação do condutor,Colisão com objeto,Sem Vítimas,Plena Noite,Decrescente,Céu Claro,Simples,Reta,Não,1,0,0,0,0,1,0,1,-27.37923673,-51.06295109,SPRF-SC,DEL07-SC,UOP06-DEL07-SC,2023
527500.0,2023-06-05,segunda-feira,07:50:00,SC,282,389.4,JOACABA,Acessar a via sem observar a presença dos outros veículos,Colisão transversal,Com Vítimas Feridas,Pleno dia,Crescente,Nevoeiro/Neblina,Dupla,Reta,Sim,2,0,1,0,1,0,1,2,-27.178604,-51.541367,SPRF-SC,DEL07-SC,UOP05-DEL07-SC,2023
527600.0,2023-06-05,segunda-feira,17:30:00,SC,282,537.6,CHAPECO,Ingestão de álcool pelo condutor,Saída de leito carroçável,Sem Vítimas,Anoitecer,Decrescente,Céu Claro,Simples,Curva,Não,1,0,0,0,1,0,0,1,-26.999933,-52.663895,SPRF-SC,DEL07-SC,UOP01-DEL07-SC,2023
527857.0,2023-06-07,quarta-feira,07:30:00,SC,282,16.0,PALHOCA,Condutor deixou de manter distância do veículo da frente,Colisão transversal,Com Vítimas Feridas,Pleno dia,Crescente,Céu Claro,Simples,Reta,Sim,2,0,0,1,1,0,1,2,-27.658611,-48.681847,SPRF-SC,DEL01-SC,UOP02-DEL01-SC,2023
527882.0,2023-06-04,domingo,01:30:00,SC,282,184.0,BOCAINA DO SUL,Velocidade Incompatível,Saída de leito carroçável,Com Vítimas Feridas,Plena Noite,Crescente,Nevoeiro/Neblina,Simples,Declive;Reta,Não,3,0,3,0,0,0,3,1,-27.73336,-49.978264,SPRF-SC,DEL05-SC,UOP01-DEL05-SC,2023
527884.0,2023-06-07,quarta-feira,09:00:00,SC,282,17.0,PALHOCA,Desrespeitar a preferência no cruzamento,Colisão transversal,Com Vítimas Feridas,Pleno dia,Crescente,Céu Claro,Simples,Reta,Não,3,0,1,0,2,0,1,2,-27.665707,-48.688065,SPRF-SC,DEL01-SC,UOP02-DEL01-SC,2023
527927.0,2023-06-07,quarta-feira,09:45:00,SC,282,375.0,ERVAL VELHO,Pedestre andava na pista,Atropelamento de Pedestre,Com Vítimas Feridas,Pleno dia,Crescente,Céu Claro,Simples,Reta,Não,2,0,0,1,1,0,1,2,-27.228022,-51.456421,SPRF-SC,DEL07-SC,UOP05-DEL07-SC,2023
528056.0,2023-06-08,quinta-feira,01:40:00,SC,282,3.3,FLORIANOPOLIS,Velocidade Incompatível,Colisão com objeto,Sem Vítimas,Plena Noite,Decrescente,Céu Claro,Múltipla,Reta,Sim,1,0,0,0,0,1,0,1,-27.59648343,-48.6010319,SPRF-SC,DEL01-SC,UOP01-DEL01-SC,2023
528190.0,2023-06-08,quinta-feira,15:55:00,SC,282,563.0,NOVA ERECHIM,Pedestre andava na pista,Atropelamento de Pedestre,Com Vítimas Feridas,Pleno dia,Crescente,Sol,Simples,Reta,Não,2,0,0,1,1,0,1,2,-26.902191,-52.868835,SPRF-SC,DEL07-SC,UOP02-DEL07-SC,2023
528207.0,2023-06-08,quinta-feira,18:35:00,SC,282,216.0,LAGES,Reação tardia ou ineficiente do condutor,Engavetamento,Com Vítimas Feridas,Plena Noite,Decrescente,Nublado,Simples,Reta,Sim,6,0,2,0,4,0,2,4,-27.797529,-50.291862,SPRF-SC,DEL05-SC,UOP01-DEL05-SC,2023
528232.0,2023-06-08,quinta-feira,16:20:00,SC,282,516.1,XAXIM,Velocidade Incompatível,Saída de leito carroçável,Com Vítimas Feridas,Pleno dia,Crescente,Céu Claro,Simples,Curva,Não,1,0,1,0,0,0,1,1,-26.939375,-52.500057,SPRF-SC,DEL07-SC,UOP01-DEL07-SC,2023
528266.0,2023-06-08,quinta-feira,22:30:00,SC,282,204.0,LAGES,Animais na Pista,Atropelamento de Animal,Com Vítimas Feridas,Pleno dia,Crescente,Nublado,Simples,Reta;Declive,Não,3,0,3,0,0,0,3,1,-27.768663,-50.172195,SPRF-SC,DEL05-SC,UOP01-DEL05-SC,2023
528475.0,2023-06-10,sábado,02:15:00,SC,282,18.2,PALHOCA,Reação tardia ou ineficiente do condutor,Colisão com objeto,Com Vítimas Feridas,Plena Noite,Crescente,Céu Claro,Simples,Em Obras;Reta;Desvio Temporário,Sim,2,0,1,1,0,0,2,1,-27.672798,-48.694286,SPRF-SC,DEL01-SC,UOP02-DEL01-SC,2023
528517.0,2023-06-10,sábado,07:00:00,SC,282,620.6,IRACEMINHA,Condutor Dormindo,Saída de leito carroçável,Com Vítimas Feridas,Pleno dia,Decrescente,Céu Claro,Simples,Curva,Não,1,0,1,0,0,0,1,1,-26.799355,-53.308002,SPRF-SC,DEL07-SC,UOP02-DEL07-SC,2023
528554.0,2023-06-10,sábado,12:50:00,SC,282,1.2,FLORIANOPOLIS,Ausência de reação do condutor,Colisão traseira,Com Vítimas Feridas,Pleno dia,Crescente,Céu Claro,Múltipla,Viaduto,Não,2,0,1,0,1,0,1,2,-27.60340803,-48.58151078,SPRF-SC,DEL01-SC,UOP01-DEL01-SC,2023
528566.0,2023-06-10,sábado,14:30:00,SC,282,5.0,SAO JOSE,Condutor deixou de manter distância do veículo da frente,Colisão traseira,Com Vítimas Feridas,Pleno dia,Decrescente,Céu Claro,Dupla,Reta,Não,2,0,1,0,0,1,1,2,-27.588425,-48.612919,SPRF-SC,DEL01-SC,UOP01-DEL01-SC,2023
528739.0,2023-06-11,domingo,07:15:00,SC,282,0.5,FLORIANOPOLIS,Velocidade Incompatível,Colisão traseira,Sem Vítimas,Pleno dia,Decrescente,Céu Claro,Múltipla,Reta,Sim,3,0,0,0,3,0,0,2,-27.59845,-48.571995,SPRF-SC,DEL01-SC,UOP01-DEL01-SC,2023
528756.0,2023-06-11,domingo,09:20:00,SC,282,420.0,VARGEM BONITA,Chuva,Saída de leito carroçável,Com Vítimas Feridas,Pleno dia,Decrescente,Chuva,Simples,Curva;Declive,Não,11,0,10,0,1,0,10,1,-27.014505,-51.736427,SPRF-SC,DEL07-SC,UOP05-DEL07-SC,2023
528762.0,2023-06-11,domingo,10:38:00,SC,282,473.0,VARGEAO,Chuva,Capotamento,Com Vítimas Feridas,Pleno dia,Decrescente,Chuva,Simples,Curva;Aclive,Não,1,0,1,0,0,0,1,1,-26.871765,-52.146477,SPRF-SC,DEL07-SC,UOP01-DEL07-SC,2023
528943.0,2023-06-11,domingo,22:20:00,SC,282,387.0,JOACABA,Transitar na contramão,Colisão frontal,Sem Vítimas,Plena Noite,Crescente,Chuva,Simples,Reta,Não,2,0,0,0,2,0,0,2,-27.1796951,-51.52302504,SPRF-SC,DEL07-SC,UOP05-DEL07-SC,2023
529005.0,2023-06-12,segunda-feira,07:10:00,SC,282,624.4,IRACEMINHA,Reação tardia ou ineficiente do condutor,Saída de leito carroçável,Com Vítimas Feridas,Pleno dia,Decrescente,Nevoeiro/Neblina,Simples,Interseção de Vias;Reta,Não,1,0,1,0,0,0,1,1,-26.798008,-53.34169,SPRF-SC,DEL07-SC,UOP02-DEL07-SC,2023
529045.0,2023-06-12,segunda-feira,12:00:00,SC,282,64.0,RANCHO QUEIMADO,Reação tardia ou ineficiente do condutor,Saída de leito carroçável,Com Vítimas Feridas,Pleno dia,Decrescente,Chuva,Simples,Curva,Não,4,0,3,0,1,0,3,1,-27.696323,-49.052456,SPRF-SC,DEL01-SC,UOP03-DEL01-SC,2023
529136.0,2023-06-12,segunda-feira,20:30:00,SC,282,75.0,RANCHO QUEIMADO,Velocidade Incompatível,Saída de leito carroçável,Com Vítimas Feridas,Plena Noite,Crescente,Chuva,Simples,Curva;Declive,Não,1,0,1,0,0,0,1,1,-27.690931,-49.129143,SPRF-SC,DEL01-SC,UOP03-DEL01-SC,2023
529392.0,2023-06-14,quarta-feira,08:05:00,SC,480,129.2,CHAPECO,Transitar na contramão,Colisão frontal,Com Vítimas Feridas,Pleno dia,Decrescente,Nublado,Simples,Reta;Declive,Sim,3,0,1,1,1,0,2,2,-27.04906,-52.635009,SPRF-SC,DEL07-SC,UOP01-DEL07-SC,2023
529460.0,2023-06-14,quarta-feira,15:25:00,SC,282,503.3,XANXERE,Transitar na contramão,Colisão transversal,Com Vítimas Feridas,Pleno dia,Decrescente,Chuva,Simples,Interseção de Vias,Sim,3,0,1,0,2,0,1,2,-26.884368,-52.400216,SPRF-SC,DEL07-SC,UOP01-DEL07-SC,2023
529471.0,2023-06-14,quarta-feira,16:40:00,SC,282,3.7,FLORIANOPOLIS,Reação tardia ou ineficiente do condutor,Colisão lateral mesmo sentido,Com Vítimas Feridas,Anoitecer,Crescente,Chuva,Múltipla,Reta,Sim,2,0,1,0,1,0,1,2,-27.592646,-48.604034,SPRF-SC,DEL01-SC,UOP01-DEL01-SC,2023
529540.0,2023-06-14,quarta-feira,23:50:00,SC,282,541.6,CHAPECO,Avarias e/ou desgaste excessivo no pneu,Saída de leito carroçável,Sem Vítimas,Plena Noite,Decrescente,Chuva,Simples,Curva,Não,1,0,0,0,0,1,0,1,-26.997713,-52.699165,SPRF-SC,DEL07-SC,UOP01-DEL07-SC,2023
529764.0,2023-06-16,sexta-feira,08:00:00,SC,282,507.9,XANXERE,Ingestão de álcool pelo condutor,Saída de leito carroçável,Sem Vítimas,Pleno dia,Decrescente,Chuva,Simples,Curva;Declive,Não,1,0,0,0,1,0,0,1,-26.886171,-52.43911,SPRF-SC,DEL07-SC,UOP01-DEL07-SC,2023
529807.0,2023-06-16,sexta-feira,11:05:00,SC,282,21.3,PALHOCA,Ausência de reação do condutor,Colisão transversal,Com Vítimas Feridas,Pleno dia,Crescente,Céu Claro,Simples,Reta,Sim,2,0,1,0,1,0,1,2,-27.68907,-48.717541,SPRF-SC,DEL01-SC,UOP02-DEL01-SC,2023
529856.0,2023-06-16,sexta-feira,16:40:00,SC,282,2.0,FLORIANOPOLIS,Manobra de mudança de faixa,Colisão lateral mesmo sentido,Com Vítimas Feridas,Pleno dia,Crescente,Céu Claro,Múltipla,Reta,Sim,2,0,1,0,1,0,1,2,-27.603289,-48.590416,SPRF-SC,DEL01-SC,UOP01-DEL01-SC,2023
529864.0,2023-06-16,sexta-feira,16:00:00,SC,282,20.0,PALHOCA,Velocidade Incompatível,Queda de ocupante de veículo,Com Vítimas Feridas,Pleno dia,Crescente,Nublado,Simples,Reta,Sim,1,0,1,0,0,0,1,1,-27.683958,-48.71006,SPRF-SC,DEL01-SC,UOP02-DEL01-SC,2023
529965.0,2023-06-17,sábado,04:00:00,SC,282,32.0,SANTO AMARO DA IMPERATRIZ,Reação tardia ou ineficiente do condutor,Saída de leito carroçável,Com Vítimas Feridas,Amanhecer,Crescente,Céu Claro,Simples,Reta,Não,1,0,1,0,0,0,1,1,-27.70116,-48.800175,SPRF-SC,DEL01-SC,UOP03-DEL01-SC,2023
530051.0,2023-06-17,sábado,12:50:00,SC,282,535.8,CHAPECO,Ingestão de álcool pelo condutor,Saída de leito carroçável,Sem Vítimas,Pleno dia,Decrescente,Nublado,Simples,Reta,Não,1,0,0,0,1,0,0,1,-26.9980946,-52.64367342,SPRF-SC,DEL07-SC,UOP01-DEL07-SC,2023
530068.0,2023-06-17,sábado,16:30:00,SC,282,570.5,NOVA ERECHIM,Condutor deixou de manter distância do veículo da frente,Colisão traseira,Com Vítimas Feridas,Pleno dia,Decrescente,Nublado,Simples,Reta;Em Obras;Declive,Não,2,0,1,0,1,0,1,2,-26.89006,-52.93306,SPRF-SC,DEL07-SC,UOP02-DEL07-SC,2023
530084.0,2023-06-17,sábado,17:50:00,SC,282,22.0,SANTO AMARO DA IMPERATRIZ,Acessar a via sem observar a presença dos outros veículos,Colisão transversal,Com Vítimas Feridas,Anoitecer,Crescente,Céu Claro,Simples,Curva,Sim,2,0,0,1,1,0,1,2,-27.688507,-48.72739,SPRF-SC,DEL01-SC,UOP02-DEL01-SC,2023
530099.0,2023-06-17,sábado,15:30:00,SC,282,408.0,CATANDUVAS,Velocidade Incompatível,Saída de leito carroçável,Com Vítimas Feridas,Pleno dia,Crescente,Céu Claro,Simples,Curva,Não,1,0,1,0,0,0,1,1,-27.083236,-51.662223,SPRF-SC,DEL07-SC,UOP05-DEL07-SC,2023
530104.0,2023-06-17,sábado,10:00:00,SC,282,502.0,XANXERE,Acesso irregular,Colisão transversal,Com Vítimas Feridas,Pleno dia,Crescente,Céu Claro,Simples,Interseção de Vias;Reta,Sim,5,0,4,0,1,0,4,2,-26.884584,-52.390911,SPRF-SC,DEL07-SC,UOP01-DEL07-SC,2023
530105.0,2023-06-17,sábado,16:45:00,SC,282,372.3,ERVAL VELHO,Condutor Dormindo,Saída de leito carroçável,Com Vítimas Feridas,Pleno dia,Crescente,Céu Claro,Simples,Reta,Não,2,0,1,0,1,0,1,1,-27.25181,-51.446957,SPRF-SC,DEL07-SC,UOP05-DEL07-SC,2023
530175.0,2023-06-17,sábado,22:45:00,SC,282,491.2,FAXINAL DOS GUEDES,Manobra de mudança de faixa,Colisão lateral sentido oposto,Sem Vítimas,Plena Noite,Decrescente,Nublado,Simples,Curva,Não,2,0,0,0,2,0,0,2,-26.872433,-52.291599,SPRF-SC,DEL07-SC,UOP01-DEL07-SC,2023
530189.0,2023-06-18,domingo,02:00:00,SC,282,19.2,PALHOCA,Condutor Dormindo,Colisão frontal,Com Vítimas Feridas,Plena Noite,Crescente,Céu Claro,Simples,Curva;Aclive,Sim,3,0,1,0,2,0,1,3,-27.678635,-48.70192,SPRF-SC,DEL01-SC,UOP02-DEL01-SC,2023
530216.0,2023-06-18,domingo,06:00:00,SC,282,383.1,HERVAL DOESTE,Ingestão de álcool pelo condutor,Saída de leito carroçável,Sem Vítimas,Plena Noite,Crescente,Nevoeiro/Neblina,Simples,Curva,Não,1,0,0,0,0,1,0,1,-27.19527005,-51.50589108,SPRF-SC,DEL07-SC,UOP05-DEL07-SC,2023
530233.0,2023-06-18,domingo,06:30:00,SC,282,21.5,SANTO AMARO DA IMPERATRIZ,Ausência de reação do condutor,Colisão com objeto,Sem Vítimas,Pleno dia,Crescente,Céu Claro,Simples,Curva,Não,1,0,0,0,1,0,0,1,-27.68907,-48.717541,SPRF-SC,DEL01-SC,UOP02-DEL01-SC,2023
530255.0,2023-06-18,domingo,10:45:00,SC,282,16.2,PALHOCA,Condutor deixou de manter distância do veículo da frente,Colisão traseira,Com Vítimas Feridas,Pleno dia,Crescente,Sol,Simples,Reta,Sim,2,0,1,0,1,0,1,2,-27.658611,-48.681847,SPRF-SC,DEL01-SC,UOP02-DEL01-SC,2023
530338.0,2023-06-18,domingo,17:00:00,SC,282,657.4,SAO MIGUEL DO OESTE,Desrespeitar a preferência no cruzamento,Colisão lateral mesmo sentido,Com Vítimas Feridas,Pleno dia,Crescente,Céu Claro,Simples,Reta,Não,2,0,0,1,1,0,1,2,-26.691545,-53.543961,SPRF-SC,DEL07-SC,UOP03-DEL07-SC,2023
530346.0,2023-06-18,domingo,20:00:00,SC,282,58.2,RANCHO QUEIMADO,Acessar a via sem observar a presença dos outros veículos,Colisão transversal,Com Vítimas Feridas,Plena Noite,Decrescente,Céu Claro,Simples,Interseção de Vias,Não,6,0,5,0,1,0,5,2,-27.683594,-49.005539,SPRF-SC,DEL01-SC,UOP03-DEL01-SC,2023
530406.0,2023-06-19,segunda-feira,02:50:00,SC,282,315.0,VARGEM,Ingestão de álcool pelo condutor,Colisão lateral sentido oposto,Sem Vítimas,Plena Noite,Crescente,Céu Claro,Simples,Reta,Não,23,0,0,0,23,0,0,2,-27.445721,-51.002831,SPRF-SC,DEL07-SC,UOP06-DEL07-SC,2023
530674.0,2023-06-20,terça-feira,11:30:00,SC,282,409.0,CATANDUVAS,Acessar a via sem observar a presença dos outros veículos,Colisão transversal,Com Vítimas Feridas,Pleno dia,Decrescente,Céu Claro,Simples,Rotatória;Reta,Sim,2,0,1,0,1,0,1,2,-27.065756,-51.664165,SPRF-SC,DEL07-SC,UOP05-DEL07-SC,2023
530804.0,2023-06-21,quarta-feira,07:40:00,SC,282,24.0,SANTO AMARO DA IMPERATRIZ,Acesso irregular,Colisão traseira,Com Vítimas Feridas,Pleno dia,Decrescente,Céu Claro,Simples,Reta,Não,3,0,2,0,1,0,2,2,-27.68268,-48.744614,SPRF-SC,DEL01-SC,UOP03-DEL01-SC,2023
530816.0,2023-06-21,quarta-feira,07:55:00,SC,282,222.9,LAGES,Ausência de sinalização,Colisão transversal,Com Vítimas Feridas,Pleno dia,Decrescente,Céu Claro,Simples,Curva;Interseção de Vias;Retorno Regulamentado;Declive,Sim,2,0,1,0,1,0,1,2,-27.80006758,-50.36128521,SPRF-SC,DEL05-SC,UOP01-DEL05-SC,2023
530978.0,2023-06-21,quarta-feira,23:50:00,SC,282,383.0,HERVAL DOESTE,Ingestão de álcool e/ou substâncias psicoativas pelo pedestre,Colisão com objeto,Sem Vítimas,Plena Noite,Crescente,Garoa/Chuvisco,Simples,Curva;Declive,Não,1,0,0,0,1,0,0,1,-27.200508,-51.507919,SPRF-SC,DEL07-SC,UOP05-DEL07-SC,2023
530981.0,2023-06-22,quinta-feira,01:10:00,SC,282,17.3,PALHOCA,Ingestão de álcool pelo condutor,Colisão com objeto,Sem Vítimas,Plena Noite,Decrescente,Garoa/Chuvisco,Simples,Em Obras,Não,1,0,0,0,1,0,0,1,-27.665707,-48.688065,SPRF-SC,DEL01-SC,UOP02-DEL01-SC,2023
531014.0,2023-06-22,quinta-feira,08:00:00,SC,282,16.3,PALHOCA,Ausência de reação do condutor,Colisão lateral mesmo sentido,Com Vítimas Feridas,Pleno dia,Crescente,Nublado,Simples,Reta,Não,3,0,2,0,1,0,2,2,-27.658611,-48.681847,SPRF-SC,DEL01-SC,UOP02-DEL01-SC,2023
531089.0,2023-06-22,quinta-feira,14:50:00,SC,282,562.5,NOVA ERECHIM,Condutor Dormindo,Colisão com objeto,Com Vítimas Feridas,Pleno dia,Decrescente,Garoa/Chuvisco,Simples,Curva;Aclive,Não,1,0,0,1,0,0,1,1,-26.911108,-52.865475,SPRF-SC,DEL07-SC,UOP02-DEL07-SC,2023
531100.0,2023-06-22,quinta-feira,14:50:00,SC,282,652.2,SAO MIGUEL DO OESTE,Ausência de reação do condutor,Saída de leito carroçável,Com Vítimas Feridas,Pleno dia,Decrescente,Nublado,Simples,Curva,Sim,1,0,1,0,0,0,1,1,-26.716505,-53.516796,SPRF-SC,DEL07-SC,UOP03-DEL07-SC,2023
531155.0,2023-06-22,quinta-feira,21:30:00,SC,282,216.2,LAGES,Condutor deixou de manter distância do veículo da frente,Colisão traseira,Com Vítimas Feridas,Plena Noite,Crescente,Chuva,Simples,Interseção de Vias;Reta,Sim,2,0,1,0,1,0,1,2,-27.797529,-50.291862,SPRF-SC,DEL05-SC,UOP01-DEL05-SC,2023
531280.0,2023-06-23,sexta-feira,08:20:00,SC,282,222.5,LAGES,Reação tardia ou ineficiente do condutor,Colisão frontal,Com Vítimas Feridas,Pleno dia,Decrescente,Chuva,Simples,Curva,Não,5,0,3,2,0,0,5,2,-27.797739,-50.353409,SPRF-SC,DEL05-SC,UOP01-DEL05-SC,2023
531335.0,2023-06-23,sexta-feira,18:35:00,SC,480,129.0,CHAPECO,Ausência de reação do condutor,Saída de leito carroçável,Com Vítimas Feridas,Plena Noite,Crescente,Garoa/Chuvisco,Dupla,Reta,Sim,1,0,0,1,0,0,1,1,-27.04656607,-52.63577131,SPRF-SC,DEL07-SC,UOP01-DEL07-SC,2023
531365.0,2023-06-23,sexta-feira,19:15:00,SC,282,494.0,XANXERE,Ultrapassagem Indevida,Colisão lateral sentido oposto,Sem Vítimas,Plena Noite,Crescente,Garoa/Chuvisco,Simples,Declive;Curva,Não,2,0,0,0,2,0,0,2,-26.87149,-52.318768,SPRF-SC,DEL07-SC,UOP01-DEL07-SC,2023
531400.0,2023-06-23,sexta-feira,23:00:00,SC,282,342.0,CAMPOS NOVOS,Ingestão de álcool pelo condutor,Colisão transversal,Com Vítimas Feridas,Plena Noite,Decrescente,Céu Claro,Simples,Rotatória,Sim,2,0,1,0,1,0,1,2,-27.390287,-51.223286,SPRF-SC,DEL07-SC,UOP06-DEL07-SC,2023
531429.0,2023-06-24,sábado,03:15:00,SC,282,408.9,JOACABA,Reação tardia ou ineficiente do condutor,Saída de leito carroçável,Com Vítimas Feridas,Plena Noite,Crescente,Nublado,Simples,Curva,Sim,4,0,3,1,0,0,4,2,-27.076186,-51.663072,SPRF-SC,DEL07-SC,UOP05-DEL07-SC,2023
531451.0,2023-06-24,sábado,01:50:00,SC,282,445.5,PONTE SERRADA,Ingestão de álcool pelo condutor,Capotamento,Sem Vítimas,Plena Noite,Decrescente,Céu Claro,Simples,Curva,Não,1,0,0,0,1,0,0,1,-26.908545,-51.905785,SPRF-SC,DEL07-SC,UOP04-DEL07-SC,2023
531567.0,2023-06-24,sábado,17:08:00,SC,282,557.2,NOVA ITABERABA,Afundamento ou ondulação no pavimento,Saída de leito carroçável,Com Vítimas Feridas,Pleno dia,Crescente,Céu Claro,Simples,Reta,Não,2,0,1,0,0,1,1,2,-26.932125,-52.829117,SPRF-SC,DEL07-SC,UOP01-DEL07-SC,2023
531624.0,2023-06-24,sábado,20:40:00,SC,282,273.2,SAO JOSE DO CERRITO,Ingestão de álcool pelo condutor,Saída de leito carroçável,Com Vítimas Feridas,Plena Noite,Decrescente,Céu Claro,Simples,Reta,Não,2,0,1,0,0,1,1,2,-27.614969,-50.7123867,SPRF-SC,DEL05-SC,UOP02-DEL05-SC,2023
531748.0,2023-06-25,domingo,14:00:00,SC,282,213.0,LAGES,Manobra de mudança de faixa,Colisão transversal,Com Vítimas Feridas,Pleno dia,Decrescente,Céu Claro,Simples,Reta,Não,3,0,1,0,2,0,1,2,-27.785299,-50.261921,SPRF-SC,DEL05-SC,UOP01-DEL05-SC,2023
531753.0,2023-06-25,domingo,12:15:00,SC,282,302.0,VARGEM,Velocidade Incompatível,Saída de leito carroçável,Com Vítimas Feridas,Pleno dia,Decrescente,Céu Claro,Simples,Reta,Não,1,0,0,1,0,0,1,1,-27.505852,-50.926998,SPRF-SC,DEL07-SC,UOP06-DEL07-SC,2023
531818.0,2023-06-25,domingo,18:50:00,SC,282,673.1,PARAISO,Ingestão de álcool pelo condutor,Colisão frontal,Sem Vítimas,Plena Noite,Decrescente,Céu Claro,Simples,Aclive;Reta,Não,4,0,0,0,4,0,0,2,-26.61490815,-53.6693716,SPRF-SC,DEL07-SC,UOP03-DEL07-SC,2023
531832.0,2023-06-25,domingo,19:40:00,SC,282,29.0,SANTO AMARO DA IMPERATRIZ,Ingestão de álcool pelo condutor,Colisão frontal,Com Vítimas Feridas,Plena Noite,Decrescente,Céu Claro,Simples,Curva,Sim,4,0,2,2,0,0,4,2,-27.679737,-48.786785,SPRF-SC,DEL01-SC,UOP03-DEL01-SC,2023
531907.0,2023-06-26,segunda-feira,08:40:00,SC,282,95.3,ALFREDO WAGNER,Velocidade Incompatível,Capotamento,Com Vítimas Feridas,Pleno dia,Crescente,Sol,Simples,Curva,Não,1,0,1,0,0,0,1,1,-27.710436,-49.245926,SPRF-SC,DEL01-SC,UOP03-DEL01-SC,2023
531918.0,2023-06-24,sábado,19:45:00,SC,282,525.0,XAXIM,Ingestão de álcool pelo condutor,Colisão transversal,Sem Vítimas,Plena Noite,Crescente,Céu Claro,Simples,Rotatória;Interseção de Vias,Sim,2,0,0,0,1,1,0,2,-26.965441,-52.566383,SPRF-SC,DEL07-SC,UOP01-DEL07-SC,2023
531984.0,2023-06-26,segunda-feira,13:50:00,SC,282,527.6,CORDILHEIRA ALTA,Conversão proibida,Tombamento,Com Vítimas Feridas,Pleno dia,Crescente,Sol,Simples,Curva,Não,2,0,1,0,1,0,1,2,-26.973196,-52.583321,SPRF-SC,DEL07-SC,UOP01-DEL07-SC,2023
531995.0,2023-06-26,segunda-feira,18:40:00,SC,282,216.9,LAGES,Condutor deixou de manter distância do veículo da frente,Colisão traseira,Com Vítimas Feridas,Plena Noite,Decrescente,Céu Claro,Dupla,Aclive;Reta;Interseção de Vias,Sim,4,0,1,0,3,0,1,2,-27.7982264,-50.30837059,SPRF-SC,DEL05-SC,UOP01-DEL05-SC,2023
532041.0,2023-06-26,segunda-feira,20:50:00,SC,282,371.0,ERVAL VELHO,Reação tardia ou ineficiente do condutor,Capotamento,Com Vítimas Feridas,Plena Noite,Decrescente,Céu Claro,Simples,Curva;Declive,Não,3,0,3,0,0,0,3,1,-27.259993,-51.442684,SPRF-SC,DEL07-SC,UOP05-DEL07-SC,2023
532050.0,2023-06-23,sexta-feira,00:55:00,SC,282,215.0,LAGES,Reação tardia ou ineficiente do condutor,Saída de leito carroçável,Sem Vítimas,Plena Noite,Decrescente,Nevoeiro/Neblina,Simples,Reta,Sim,2,0,0,0,2,0,0,1,-27.793665,-50.281799,SPRF-SC,DEL05-SC,UOP01-DEL05-SC,2023
532144.0,2023-06-27,terça-feira,12:50:00,SC,282,5.0,SAO JOSE,Condutor deixou de manter distância do veículo da frente,Colisão traseira,Com Vítimas Feridas,Pleno dia,Crescente,Sol,Dupla,Aclive,Sim,2,0,1,0,1,0,1,2,-27.588425,-48.612919,SPRF-SC,DEL01-SC,UOP01-DEL01-SC,2023
532251.0,2023-06-28,quarta-feira,00:10:00,SC,282,51.4,RANCHO QUEIMADO,Demais falhas mecânicas ou elétricas,Incêndio,Sem Vítimas,Plena Noite,Decrescente,Céu Claro,Simples,Curva;Aclive,Não,1,0,0,0,1,0,0,1,-27.703712,-48.959267,SPRF-SC,DEL01-SC,UOP03-DEL01-SC,2023
532272.0,2023-06-28,quarta-feira,07:10:00,SC,282,16.0,PALHOCA,Trafegar com motocicleta (ou similar) entre as faixas,Colisão transversal,Com Vítimas Feridas,Pleno dia,Decrescente,Céu Claro,Simples,Reta;Interseção de Vias,Sim,2,0,1,1,0,0,2,2,-27.658611,-48.681847,SPRF-SC,DEL01-SC,UOP02-DEL01-SC,2023
532338.0,2023-02-20,segunda-feira,15:00:00,SC,282,83.0,ALFREDO WAGNER,Velocidade Incompatível,Colisão frontal,Com Vítimas Feridas,Pleno dia,Crescente,Chuva,Simples,Curva;Declive,Não,7,0,7,0,0,0,7,2,-27.666153,-49.175022,SPRF-SC,DEL01-SC,UOP03-DEL01-SC,2023
532401.0,2023-06-28,quarta-feira,14:25:00,SC,282,332.6,CAMPOS NOVOS,Velocidade Incompatível,Saída de leito carroçável,Com Vítimas Feridas,Pleno dia,Crescente,Céu Claro,Simples,Reta;Declive,Não,2,0,1,0,1,0,1,1,-27.390564,-51.125843,SPRF-SC,DEL07-SC,UOP06-DEL07-SC,2023