id,data_inversa,dia_semana,horario,uf,br,km,municipio,causa_acidente,tipo_acidente,classificacao_acidente,fase_dia,sentido_via,condicao_metereologica,tipo_pista,tracado_via,uso_solo,pessoas,mortos,feridos_leves,feridos_graves,ilesos,ignorados,feridos,veiculos,latitude,longitude,regional,delegacia,uop,ano_arquivo
545418.0,2023-08-30,quarta-feira,07:14:00,SC,282,5.5,SAO JOSE,Trafegar com motocicleta (ou similar) entre as faixas,Tombamento,Com Vítimas Feridas,Pleno dia,Decrescente,Nublado,Múltipla,Reta,Sim,1,0,1,0,0,0,1,1,-27.588425,-48.612919,SPRF-SC,DEL01-SC,UOP01-DEL01-SC,2023
545795.0,2023-09-01,sexta-feira,07:30:00,SC,282,508.0,XANXERE,Mal súbito do condutor,Saída de leito carroçável,Com Vítimas Feridas,Pleno dia,Crescente,Céu Claro,Simples,Aclive,Não,1,0,1,0,0,0,1,1,-26.887014,-52.448372,SPRF-SC,DEL07-SC,UOP01-DEL07-SC,2023
545812.0,2023-09-01,sexta-feira,08:20:00,SC,282,158.0,BOM RETIRO,Ausência de reação do condutor,Saída de leito carroçável,Com Vítimas Fatais,Pleno dia,Decrescente,Céu Claro,Simples,Declive;Reta,Não,1,1,0,0,0,0,0,1,-27.7628,-49.669552,SPRF-SC,DEL05-SC,UOP01-DEL05-SC,2023
545986.0,2023-09-01,sexta-feira,23:55:00,SC,282,414.4,CATANDUVAS,Condutor Dormindo,Saída de leito carroçável,Com Vítimas Fatais,Plena Noite,Decrescente,Nublado,Simples,Reta;Declive,Não,1,1,0,0,0,0,0,1,-27.0514567,-51.6998801,SPRF-SC,DEL07-SC,UOP05-DEL07-SC,2023
546006.0,2023-09-02,sábado,00:10:00,SC,282,524.5,XAXIM,Ingestão de álcool pelo condutor,Colisão frontal,Com Vítimas Fatais,Plena Noite,Crescente,Chuva,Simples,Reta,Não,36,1,1,0,33,1,1,3,-26.9642804,-52.561759,SPRF-SC,DEL07-SC,UOP01-DEL07-SC,2023
546011.0,2023-09-02,sábado,05:10:00,SC,282,500.0,XANXERE,Ingestão de álcool pelo condutor,Saída de leito carroçável,Sem Vítimas,Amanhecer,Decrescente,Chuva,Dupla,Reta;Rotatória,Sim,1,0,0,0,0,1,0,1,-26.88130149,-52.36947656,SPRF-SC,DEL07-SC,UOP01-DEL07-SC,2023
546014.0,2023-09-02,sábado,04:20:00,SC,282,99.0,ALFREDO WAGNER,Condutor Dormindo,Saída de leito carroçável,Com Vítimas Feridas,Amanhecer,Decrescente,Nublado,Simples,Curva,Não,1,0,1,0,0,0,1,1,-27.700373,-49.287563,SPRF-SC,DEL01-SC,UOP03-DEL01-SC,2023
546030.0,2023-09-02,sábado,07:40:00,SC,282,377.0,HERVAL DOESTE,Pista Escorregadia,Colisão com objeto,Com Vítimas Feridas,Amanhecer,Crescente,Chuva,Simples,Curva,Não,3,0,1,0,2,0,1,1,-27.216974,-51.470055,SPRF-SC,DEL07-SC,UOP05-DEL07-SC,2023
546043.0,2023-09-02,sábado,08:40:00,SC,282,1.8,FLORIANOPOLIS,Ausência de reação do condutor,Colisão com objeto,Com Vítimas Feridas,Pleno dia,Decrescente,Garoa/Chuvisco,Múltipla,Reta,Sim,1,0,1,0,0,0,1,1,-27.603289,-48.590416,SPRF-SC,DEL01-SC,UOP01-DEL01-SC,2023
546048.0,2023-09-02,sábado,09:10:00,SC,282,1.8,FLORIANOPOLIS,Condutor deixou de manter distância do veículo da frente,Colisão traseira,Sem Vítimas,Pleno dia,Crescente,Garoa/Chuvisco,Múltipla,Reta,Sim,2,0,0,0,2,0,0,2,-27.602955,-48.580509,SPRF-SC,DEL01-SC,UOP01-DEL01-SC,2023
546088.0,2023-09-02,sábado,13:00:00,SC,282,75.0,RANCHO QUEIMADO,Velocidade Incompatível,Saída de leito carroçável,Com Vítimas Feridas,Pleno dia,Decrescente,Garoa/Chuvisco,Simples,Curva,Não,3,0,3,0,0,0,3,1,-27.690931,-49.129143,SPRF-SC,DEL01-SC,UOP03-DEL01-SC,2023
546135.0,2023-09-02,sábado,17:50:00,SC,282,20.0,PALHOCA,Condutor deixou de manter distância do veículo da frente,Colisão traseira,Com Vítimas Feridas,Pleno dia,Decrescente,Nublado,Simples,Reta,Sim,4,0,2,0,0,2,2,3,-27.683958,-48.71006,SPRF-SC,DEL01-SC,UOP02-DEL01-SC,2023
546352.0,2023-09-03,domingo,14:55:00,SC,282,6.0,SAO JOSE,Velocidade Incompatível,Queda de ocupante de veículo,Com Vítimas Feridas,Pleno dia,Crescente,Garoa/Chuvisco,Dupla,Curva;Declive;Viaduto,Sim,2,0,1,0,0,1,1,1,-27.591936,-48.618244,SPRF-SC,DEL01-SC,UOP01-DEL01-SC,2023
546380.0,2023-09-03,domingo,17:45:00,SC,282,344.0,CAMPOS NOVOS,Reação tardia ou ineficiente do condutor,Colisão traseira,Com Vítimas Feridas,Pleno dia,Decrescente,Chuva,Simples,Reta,Não,4,0,1,0,3,0,1,2,-27.381166,-51.240082,SPRF-SC,DEL07-SC,UOP06-DEL07-SC,2023
546425.0,2023-09-03,domingo,15:30:00,SC,282,52.6,RANCHO QUEIMADO,Ingestão de álcool pelo condutor,Saída de leito carroçável,Com Vítimas Feridas,Pleno dia,Decrescente,Garoa/Chuvisco,Simples,Curva,Sim,3,0,2,0,1,0,2,1,-27.696936,-48.964138,SPRF-SC,DEL01-SC,UOP03-DEL01-SC,2023
546461.0,2023-09-04,segunda-feira,00:20:00,SC,282,602.0,MARAVILHA,Ingestão de álcool pelo condutor,Colisão frontal,Com Vítimas Feridas,Plena Noite,Crescente,Céu Claro,Simples,Declive;Reta,Não,6,0,2,0,3,1,2,3,-26.806049,-53.178757,SPRF-SC,DEL07-SC,UOP02-DEL07-SC,2023
546575.0,2023-09-04,segunda-feira,14:12:00,SC,282,137.0,BOM RETIRO,Acumulo de água sobre o pavimento,Tombamento,Com Vítimas Feridas,Pleno dia,Decrescente,Chuva,Simples,Rotatória;Reta,Não,1,0,0,1,0,0,1,1,-27.8218,-49.567032,SPRF-SC,DEL05-SC,UOP01-DEL05-SC,2023
546641.0,2023-09-04,segunda-feira,20:35:00,SC,282,216.3,LAGES,Acessar a via sem observar a presença dos outros veículos,Colisão lateral mesmo sentido,Com Vítimas Feridas,Pleno dia,Crescente,Garoa/Chuvisco,Simples,Aclive;Reta,Não,2,0,1,1,0,0,2,2,-27.79719191,-50.29047489,SPRF-SC,DEL05-SC,UOP01-DEL05-SC,2023
546741.0,2023-07-15,sábado,20:30:00,SC,282,208.0,LAGES,Acesso irregular,Colisão traseira,Com Vítimas Fatais,Plena Noite,Crescente,Céu Claro,Simples,Reta,Sim,5,1,0,0,2,2,0,3,-27.775061,-50.2104885,SPRF-SC,DEL05-SC,UOP01-DEL05-SC,2023
546742.0,2023-09-05,terça-feira,14:20:00,SC,282,16.0,PALHOCA,Acesso irregular,Colisão transversal,Com Vítimas Feridas,Pleno dia,Crescente,Céu Claro,Simples,Reta,Sim,2,0,1,0,1,0,1,2,-27.658611,-48.681847,SPRF-SC,DEL01-SC,UOP02-DEL01-SC,2023
546833.0,2023-09-05,terça-feira,23:00:00,SC,282,5.0,SAO JOSE,Ausência de reação do condutor,Queda de ocupante de veículo,Com Vítimas Feridas,Plena Noite,Crescente,Céu Claro,Múltipla,Curva,Não,1,0,1,0,0,0,1,1,-27.588425,-48.612919,SPRF-SC,DEL01-SC,UOP01-DEL01-SC,2023
546985.0,2023-07-20,quinta-feira,06:15:00,SC,282,471.5,VARGEAO,Ultrapassagem Indevida,Colisão frontal,Com Vítimas Fatais,Plena Noite,Crescente,Céu Claro,Simples,Reta,Não,3,1,0,2,0,0,2,2,-26.8589693,-52.1147169,SPRF-SC,DEL07-SC,UOP01-DEL07-SC,2023
547034.0,2023-09-06,quarta-feira,19:30:00,SC,480,130.0,CHAPECO,Transitar na contramão,Colisão frontal,Com Vítimas Feridas,Plena Noite,Decrescente,Céu Claro,Simples,Aclive;Reta;Interseção de Vias,Sim,2,0,0,1,1,0,1,2,-27.05534298,-52.63652069,SPRF-SC,DEL07-SC,UOP01-DEL07-SC,2023
547106.0,2023-09-07,quinta-feira,04:10:00,SC,282,443.3,PONTE SERRADA,Condutor Dormindo,Saída de leito carroçável,Com Vítimas Feridas,Plena Noite,Crescente,Céu Claro,Simples,Reta,Não,1,0,0,1,0,0,1,1,-26.92134,-51.881719,SPRF-SC,DEL07-SC,UOP04-DEL07-SC,2023
547150.0,2023-09-07,quinta-feira,08:00:00,SC,282,71.9,RANCHO QUEIMADO,Velocidade Incompatível,Colisão frontal,Com Vítimas Feridas,Pleno dia,Crescente,Garoa/Chuvisco,Simples,Aclive;Curva,Não,4,0,1,0,3,0,1,4,-27.689093,-49.097748,SPRF-SC,DEL01-SC,UOP03-DEL01-SC,2023
547169.0,2023-09-07,quinta-feira,12:19:00,SC,282,64.0,RANCHO QUEIMADO,Reação tardia ou ineficiente do condutor,Saída de leito carroçável,Com Vítimas Feridas,Pleno dia,Crescente,Garoa/Chuvisco,Simples,Curva,Não,2,0,1,0,1,0,1,1,-27.69112554,-49.07268226,SPRF-SC,DEL01-SC,UOP03-DEL01-SC,2023
547208.0,2023-09-07,quinta-feira,05:30:00,SC,282,255.1,SAO JOSE DO CERRITO,Condutor Dormindo,Colisão com objeto,Sem Vítimas,Plena Noite,Decrescente,Nublado,Simples,Curva,Não,1,0,0,0,0,1,0,1,-27.67435004,-50.57785749,SPRF-SC,DEL05-SC,UOP02-DEL05-SC,2023
547214.0,2023-09-07,quinta-feira,16:50:00,SC,282,54.3,RANCHO QUEIMADO,Velocidade Incompatível,Saída de leito carroçável,Com Vítimas Feridas,Pleno dia,Decrescente,Garoa/Chuvisco,Simples,Aclive;Curva,Não,1,0,1,0,0,0,1,1,-27.685799,-48.974514,SPRF-SC,DEL01-SC,UOP03-DEL01-SC,2023
547264.0,2023-04-04,terça-feira,11:15:00,SC,282,21.3,PALHOCA,Trafegar com motocicleta (ou similar) entre as faixas,Colisão transversal,Com Vítimas Feridas,Pleno dia,Crescente,Céu Claro,Simples,Reta,Sim,2,0,1,0,1,0,1,2,-27.68907,-48.717541,SPRF-SC,DEL01-SC,UOP02-DEL01-SC,2023
547319.0,2023-09-08,sexta-feira,04:25:00,SC,480,127.9,CHAPECO,Ausência de reação do condutor,Saída de leito carroçável,Com Vítimas Feridas,Plena Noite,Decrescente,Chuva,Simples,Reta,Não,4,0,3,0,0,1,3,1,-27.03874821,-52.63441443,SPRF-SC,DEL07-SC,UOP01-DEL07-SC,2023
547437.0,2023-09-08,sexta-feira,17:20:00,SC,282,342.0,CAMPOS NOVOS,Demais falhas mecânicas ou elétricas,Colisão transversal,Com Vítimas Feridas,Pleno dia,Decrescente,Céu Claro,Simples,Rotatória,Sim,2,0,1,0,1,0,1,2,-27.390287,-51.223286,SPRF-SC,DEL07-SC,UOP06-DEL07-SC,2023
547488.0,2023-09-08,sexta-feira,19:20:00,SC,282,194.0,LAGES,Acessar a via sem observar a presença dos outros veículos,Colisão transversal,Com Vítimas Feridas,Plena Noite,Decrescente,Garoa/Chuvisco,Simples,Aclive;Reta,Não,3,0,3,0,0,0,3,2,-27.74440094,-50.07845163,SPRF-SC,DEL05-SC,UOP01-DEL05-SC,2023
547514.0,2023-09-09,sábado,04:30:00,SC,282,510.1,XANXERE,Ingestão de álcool e/ou substâncias psicoativas pelo pedestre,Saída de leito carroçável,Com Vítimas Feridas,Plena Noite,Crescente,Chuva,Simples,Reta,Não,1,0,1,0,0,0,1,1,-26.8952,-52.4625,SPRF-SC,DEL07-SC,UOP01-DEL07-SC,2023
547643.0,2023-09-09,sábado,18:35:00,SC,282,18.0,PALHOCA,Reação tardia ou ineficiente do condutor,Colisão com objeto,Com Vítimas Feridas,Plena Noite,Crescente,Nublado,Simples,Em Obras,Sim,1,0,1,0,0,0,1,1,-27.672798,-48.694286,SPRF-SC,DEL01-SC,UOP02-DEL01-SC,2023
547662.0,2023-09-09,sábado,12:00:00,SC,282,72.1,RANCHO QUEIMADO,Velocidade Incompatível,Saída de leito carroçável,Com Vítimas Feridas,Pleno dia,Crescente,Céu Claro,Simples,Curva,Não,1,0,0,1,0,0,1,1,-27.683439,-49.105259,SPRF-SC,DEL01-SC,UOP03-DEL01-SC,2023
547743.0,2023-09-10,domingo,05:00:00,SC,282,606.0,MARAVILHA,Ingestão de álcool pelo condutor,Saída de leito carroçável,Com Vítimas Feridas,Plena Noite,Decrescente,Céu Claro,Simples,Aclive;Reta,Não,2,0,2,0,0,0,2,1,-26.778643,-53.198692,SPRF-SC,DEL07-SC,UOP02-DEL07-SC,2023
547850.0,2023-09-10,domingo,15:00:00,SC,282,266.8,SAO JOSE DO CERRITO,Manobra de mudança de faixa,Colisão traseira,Com Vítimas Feridas,Pleno dia,Crescente,Sol,Simples,Reta;Interseção de Vias,Não,3,0,1,0,2,0,1,2,-27.62681333,-50.62362671,SPRF-SC,DEL05-SC,UOP02-DEL05-SC,2023
547899.0,2023-09-10,domingo,19:25:00,SC,282,498.6,XANXERE,Ingestão de álcool pelo condutor,Colisão transversal,Com Vítimas Feridas,Plena Noite,Crescente,Céu Claro,Simples,Curva,Não,3,0,2,0,1,0,2,2,-26.884584,-52.390911,SPRF-SC,DEL07-SC,UOP01-DEL07-SC,2023
548400.0,2023-09-13,quarta-feira,11:40:00,SC,282,487.7,FAXINAL DOS GUEDES,Desrespeitar a preferência no cruzamento,Colisão transversal,Sem Vítimas,Pleno dia,Decrescente,Chuva,Simples,Rotatória,Sim,2,0,0,0,2,0,0,2,-26.85758,-52.263203,SPRF-SC,DEL07-SC,UOP01-DEL07-SC,2023
548414.0,2023-09-10,domingo,18:15:00,SC,282,525.0,XAXIM,Ingestão de álcool pelo condutor,Colisão lateral sentido oposto,Sem Vítimas,Pleno dia,Decrescente,Céu Claro,Simples,Curva,Não,2,0,0,0,2,0,0,2,-26.965441,-52.566383,SPRF-SC,DEL07-SC,UOP01-DEL07-SC,2023
548423.0,2023-09-06,quarta-feira,11:55:00,SC,282,502.6,XANXERE,Desrespeitar a preferência no cruzamento,Colisão transversal,Com Vítimas Feridas,Pleno dia,Decrescente,Sol,Simples,Declive;Reta,Sim,2,0,1,0,1,0,1,2,-26.884584,-52.390911,SPRF-SC,DEL07-SC,UOP01-DEL07-SC,2023
548439.0,2023-09-13,quarta-feira,13:20:00,SC,282,4.0,FLORIANOPOLIS,Acessar a via sem observar a presença dos outros veículos,Colisão lateral mesmo sentido,Com Vítimas Feridas,Pleno dia,Crescente,Céu Claro,Dupla,Reta,Sim,2,0,1,0,1,0,1,2,-27.592646,-48.604034,SPRF-SC,DEL01-SC,UOP01-DEL01-SC,2023
548833.0,2023-09-15,sexta-feira,16:20:00,SC,282,213.7,LAGES,Acessar a via sem observar a presença dos outros veículos,Colisão lateral mesmo sentido,Sem Vítimas,Pleno dia,Crescente,Céu Claro,Simples,Interseção de Vias;Reta,Sim,2,0,0,0,1,1,0,2,-27.785299,-50.261921,SPRF-SC,DEL05-SC,UOP01-DEL05-SC,2023
548861.0,2023-09-15,sexta-feira,18:00:00,SC,282,2.8,FLORIANOPOLIS,Trafegar com motocicleta (ou similar) entre as faixas,Colisão lateral mesmo sentido,Com Vítimas Feridas,Plena Noite,Crescente,Céu Claro,Múltipla,Reta,Sim,2,0,1,0,1,0,1,2,-27.603289,-48.590416,SPRF-SC,DEL01-SC,UOP01-DEL01-SC,2023
548922.0,2023-09-15,sexta-feira,19:15:00,SC,282,229.0,LAGES,Carga excessiva e/ou mal acondicionada,Derramamento de carga,Com Vítimas Feridas,Plena Noite,Decrescente,Céu Claro,Simples,Aclive;Reta,Não,4,0,1,0,2,1,1,2,-27.791073,-50.416897,SPRF-SC,DEL05-SC,UOP02-DEL05-SC,2023
548987.0,2023-09-16,sábado,11:05:00,SC,282,22.0,SANTO AMARO DA IMPERATRIZ,Reação tardia ou ineficiente do condutor,Engavetamento,Com Vítimas Feridas,Pleno dia,Crescente,Céu Claro,Simples,Reta,Sim,3,0,1,0,2,0,1,3,-27.688507,-48.72739,SPRF-SC,DEL01-SC,UOP02-DEL01-SC,2023
549026.0,2023-09-16,sábado,14:20:00,SC,282,223.2,LAGES,Ultrapassagem Indevida,Colisão transversal,Com Vítimas Feridas,Pleno dia,Decrescente,Céu Claro,Simples,Reta;Interseção de Vias,Sim,3,0,0,1,1,1,1,3,-27.79852061,-50.36566257,SPRF-SC,DEL05-SC,UOP01-DEL05-SC,2023
549035.0,2023-09-16,sábado,13:15:00,SC,282,449.0,PONTE SERRADA,Velocidade Incompatível,Capotamento,Com Vítimas Feridas,Pleno dia,Crescente,Céu Claro,Simples,Reta,Não,1,0,1,0,0,0,1,1,-26.919342,-51.944427,SPRF-SC,DEL07-SC,UOP04-DEL07-SC,2023
549072.0,2023-09-16,sábado,17:45:00,SC,282,408.1,CATANDUVAS,Ingestão de álcool pelo condutor,Saída de leito carroçável,Com Vítimas Feridas,Pleno dia,Decrescente,Céu Claro,Simples,Aclive;Curva,Sim,1,0,1,0,0,0,1,1,-27.081282,-51.664106,SPRF-SC,DEL07-SC,UOP05-DEL07-SC,2023
549121.0,2023-09-16,sábado,22:20:00,SC,282,22.0,SANTO AMARO DA IMPERATRIZ,Condutor deixou de manter distância do veículo da frente,Colisão traseira,Sem Vítimas,Plena Noite,Decrescente,Céu Claro,Simples,Reta,Não,2,0,0,0,2,0,0,2,-27.688507,-48.72739,SPRF-SC,DEL01-SC,UOP02-DEL01-SC,2023
549141.0,2023-09-16,sábado,22:10:00,SC,282,396.0,JOACABA,Ingestão de álcool pelo condutor,Colisão com objeto,Sem Vítimas,Plena Noite,Decrescente,Céu Claro,Simples,Reta,Não,1,0,0,0,1,0,0,1,-27.155375,-51.601593,SPRF-SC,DEL07-SC,UOP05-DEL07-SC,2023
549188.0,2023-09-17,domingo,06:30:00,SC,282,368.0,CAMPOS NOVOS,Reação tardia ou ineficiente do condutor,Saída de leito carroçável,Sem Vítimas,Amanhecer,Decrescente,Céu Claro,Simples,Aclive;Reta,Não,2,0,0,0,0,2,0,1,-27.332703,-51.3500126,SPRF-SC,DEL07-SC,UOP05-DEL07-SC,2023
549237.0,2023-09-17,domingo,11:40:00,SC,282,42.5,AGUAS MORNAS,Desrespeitar a preferência no cruzamento,Colisão transversal,Com Vítimas Fatais,Pleno dia,Decrescente,Céu Claro,Simples,Reta,Não,5,1,1,3,0,0,4,2,-27.7198836,-48.8939106,SPRF-SC,DEL01-SC,UOP03-DEL01-SC,2023
549355.0,2023-09-17,domingo,22:50:00,SC,282,5.5,SAO JOSE,Manobra de mudança de faixa,Colisão lateral mesmo sentido,Com Vítimas Feridas,Plena Noite,Crescente,Céu Claro,Dupla,Reta,Não,3,0,1,0,2,0,1,2,-27.588425,-48.612919,SPRF-SC,DEL01-SC,UOP01-DEL01-SC,2023
549400.0,2023-09-18,segunda-feira,06:00:00,SC,282,252.6,SAO JOSE DO CERRITO,Condutor Dormindo,Saída de leito carroçável,Com Vítimas Feridas,Amanhecer,Crescente,Céu Claro,Simples,Curva,Não,1,0,1,0,0,0,1,1,-27.691267,-50.561481,SPRF-SC,DEL05-SC,UOP02-DEL05-SC,2023
549599.0,2023-09-19,terça-feira,05:30:00,SC,282,516.9,XAXIM,Velocidade Incompatível,Tombamento,Com Vítimas Feridas,Amanhecer,Crescente,Céu Claro,Simples,Aclive;Reta,Não,1,0,0,1,0,0,1,1,-26.930862,-52.499157,SPRF-SC,DEL07-SC,UOP01-DEL07-SC,2023
549682.0,2023-09-19,terça-feira,14:35:00,SC,282,5.3,SAO JOSE,Condutor deixou de manter distância do veículo da frente,Colisão traseira,Com Vítimas Feridas,Pleno dia,Crescente,Nublado,Múltipla,Reta,Sim,2,0,1,0,1,0,1,2,-27.588425,-48.612919,SPRF-SC,DEL01-SC,UOP01-DEL01-SC,2023
549758.0,2023-09-09,sábado,16:10:00,SC,282,561.6,NOVA ERECHIM,Ultrapassagem Indevida,Colisão lateral mesmo sentido,Com Vítimas Feridas,Pleno dia,Decrescente,Céu Claro,Simples,Reta,Não,4,0,3,0,1,0,3,3,-26.919464,-52.861614,SPRF-SC,DEL07-SC,UOP02-DEL07-SC,2023
549824.0,2023-09-20,quarta-feira,08:15:00,SC,282,198.0,LAGES,Acessar a via sem observar a presença dos outros veículos,Colisão transversal,Com Vítimas Feridas,Pleno dia,Decrescente,Nublado,Simples,Curva;Aclive,Não,5,0,2,0,3,0,2,2,-27.754335,-50.113693,SPRF-SC,DEL05-SC,UOP01-DEL05-SC,2023
549833.0,2023-09-20,quarta-feira,09:30:00,SC,282,26.7,SANTO AMARO DA IMPERATRIZ,Acessar a via sem observar a presença dos outros veículos,Colisão transversal,Com Vítimas Feridas,Pleno dia,Decrescente,Céu Claro,Simples,Reta,Sim,2,0,1,0,1,0,1,2,-27.680267,-48.762482,SPRF-SC,DEL01-SC,UOP03-DEL01-SC,2023
549853.0,2023-09-20,quarta-feira,12:30:00,SC,282,219.7,LAGES,Condutor deixou de manter distância do veículo da frente,Colisão traseira,Com Vítimas Feridas,Pleno dia,Crescente,Céu Claro,Simples,Rotatória,Não,3,0,1,0,1,1,1,3,-27.79456294,-50.32744646,SPRF-SC,DEL05-SC,UOP01-DEL05-SC,2023
549960.0,2023-09-20,quarta-feira,21:30:00,SC,282,103.9,ALFREDO WAGNER,Acessar a via sem observar a presença dos outros veículos,Colisão frontal,Com Vítimas Fatais,Plena Noite,Crescente,Céu Claro,Simples,Reta;Interseção de Vias,Sim,2,1,0,0,1,0,0,2,-27.695915,-49.331459,SPRF-SC,DEL01-SC,UOP03-DEL01-SC,2023
550010.0,2023-09-21,quinta-feira,08:10:00,SC,282,4.0,FLORIANOPOLIS,Condutor deixou de manter distância do veículo da frente,Colisão lateral mesmo sentido,Com Vítimas Feridas,Pleno dia,Decrescente,Nublado,Dupla,Reta,Sim,2,0,1,0,1,0,1,2,-27.592646,-48.604034,SPRF-SC,DEL01-SC,UOP01-DEL01-SC,2023
550122.0,2023-09-21,quinta-feira,16:40:00,SC,282,463.0,PONTE SERRADA,Acessar a via sem observar a presença dos outros veículos,Colisão transversal,Com Vítimas Feridas,Pleno dia,Crescente,Nublado,Simples,Rotatória,Sim,2,0,2,0,0,0,2,2,-26.85598725,-52.03206539,SPRF-SC,DEL07-SC,UOP04-DEL07-SC,2023
550129.0,2023-09-21,quinta-feira,20:50:00,SC,282,19.5,PALHOCA,Pedestre andava na pista,Atropelamento de Pedestre,Com Vítimas Feridas,Plena Noite,Crescente,Céu Claro,Simples,Reta,Sim,2,0,0,1,1,0,1,2,-27.683958,-48.71006,SPRF-SC,DEL01-SC,UOP02-DEL01-SC,2023
550292.0,2023-09-22,sexta-feira,19:00:00,SC,282,28.3,SANTO AMARO DA IMPERATRIZ,Acessar a via sem observar a presença dos outros veículos,Colisão transversal,Com Vítimas Feridas,Plena Noite,Decrescente,Nublado,Simples,Interseção de Vias;Rotatória,Sim,7,0,4,0,3,0,4,2,-27.67478,-48.778904,SPRF-SC,DEL01-SC,UOP03-DEL01-SC,2023
550493.0,2023-09-23,sábado,19:10:00,SC,282,339.3,CAMPOS NOVOS,Ausência de sinalização,Colisão transversal,Com Vítimas Feridas,Plena Noite,Decrescente,Céu Claro,Simples,Interseção de Vias,Não,2,0,1,0,1,0,1,2,-27.392731,-51.195118,SPRF-SC,DEL07-SC,UOP06-DEL07-SC,2023
550526.0,2023-09-23,sábado,21:50:00,SC,282,418.0,CATANDUVAS,Condutor deixou de manter distância do veículo da frente,Colisão lateral mesmo sentido,Com Vítimas Feridas,Plena Noite,Crescente,Céu Claro,Simples,Reta,Não,4,0,0,1,2,1,1,2,-27.029184,-51.724043,SPRF-SC,DEL07-SC,UOP05-DEL07-SC,2023
550671.0,2023-09-24,domingo,16:40:00,SC,282,47.9,AGUAS MORNAS,Acumulo de óleo sobre o pavimento,Saída de leito carroçável,Com Vítimas Feridas,Pleno dia,Crescente,Nublado,Simples,Curva,Não,4,0,1,0,3,0,1,1,-27.721771,-48.934837,SPRF-SC,DEL01-SC,UOP03-DEL01-SC,2023
550714.0,2023-05-19,sexta-feira,16:20:00,SC,282,25.5,SANTO AMARO DA IMPERATRIZ,Trafegar com motocicleta (ou similar) entre as faixas,Colisão frontal,Com Vítimas Feridas,Pleno dia,Crescente,Céu Claro,Simples,Reta,Não,2,0,0,2,0,0,2,2,-27.678228,-48.752895,SPRF-SC,DEL01-SC,UOP03-DEL01-SC,2023
550758.0,2023-09-24,domingo,18:10:00,SC,282,298.3,VARGEM,Ingestão de álcool pelo condutor,Colisão frontal,Com Vítimas Feridas,Plena Noite,Crescente,Céu Claro,Simples,Curva;Aclive,Não,5,0,5,0,0,0,5,2,-27.523823,-50.901402,SPRF-SC,DEL07-SC,UOP06-DEL07-SC,2023
550830.0,2023-09-25,segunda-feira,07:20:00,SC,282,51.1,AGUAS MORNAS,Chuva,Saída de leito carroçável,Com Vítimas Fatais,Pleno dia,Decrescente,Chuva,Simples,Curva;Declive,Não,2,1,0,1,0,0,1,1,-27.70239198,-48.9611882,SPRF-SC,DEL01-SC,UOP03-DEL01-SC,2023
550940.0,2023-09-25,segunda-feira,15:40:00,SC,282,54.0,AGUAS MORNAS,Velocidade Incompatível,Saída de leito carroçável,Com Vítimas Feridas,Pleno dia,Crescente,Chuva,Simples,Curva,Não,2,0,1,0,1,0,1,1,-27.685799,-48.974514,SPRF-SC,DEL01-SC,UOP03-DEL01-SC,2023
550957.0,2023-09-23,sábado,06:15:00,SC,282,537.7,CHAPECO,Ausência de reação do condutor,Saída de leito carroçável,Com Vítimas Feridas,Amanhecer,Decrescente,Céu Claro,Simples,Declive;Curva,Não,1,0,0,1,0,0,1,1,-27.000544,-52.670329,SPRF-SC,DEL07-SC,UOP01-DEL07-SC,2023
550978.0,2023-09-25,segunda-feira,21:10:00,SC,282,101.7,ALFREDO WAGNER,Velocidade Incompatível,Saída de leito carroçável,Com Vítimas Feridas,Plena Noite,Decrescente,Céu Claro,Simples,Curva,Sim,5,0,4,1,0,0,5,1,-27.694626,-49.305317,SPRF-SC,DEL01-SC,UOP03-DEL01-SC,2023
551181.0,2023-09-26,terça-feira,21:10:00,SC,282,539.5,CHAPECO,Ausência de reação do condutor,Saída de leito carroçável,Sem Vítimas,Plena Noite,Crescente,Nublado,Simples,Curva,Não,1,0,0,0,1,0,0,1,-26.993254,-52.681767,SPRF-SC,DEL07-SC,UOP01-DEL07-SC,2023
551275.0,2023-09-27,quarta-feira,10:50:00,SC,282,294.0,SAO JOSE DO CERRITO,Ausência de reação do condutor,Saída de leito carroçável,Com Vítimas Feridas,Pleno dia,Decrescente,Nublado,Simples,Curva,Não,1,0,0,1,0,0,1,1,-27.534777,-50.869865,SPRF-SC,DEL07-SC,UOP06-DEL07-SC,2023
551410.0,2023-09-28,quinta-feira,07:00:00,SC,282,49.0,AGUAS MORNAS,Condutor Dormindo,Saída de leito carroçável,Com Vítimas Feridas,Pleno dia,Crescente,Céu Claro,Simples,Curva,Não,2,0,2,0,0,0,2,1,-27.712931,-48.943741,SPRF-SC,DEL01-SC,UOP03-DEL01-SC,2023
551447.0,2023-09-28,quinta-feira,10:30:00,SC,282,192.3,LAGES,Ausência de reação do condutor,Saída de leito carroçável,Com Vítimas Feridas,Pleno dia,Decrescente,Céu Claro,Simples,Aclive;Reta,Não,1,0,1,0,0,0,1,1,-27.743231,-50.055424,SPRF-SC,DEL05-SC,UOP01-DEL05-SC,2023