id,data_inversa,dia_semana,horario,uf,br,km,municipio,causa_acidente,tipo_acidente,classificacao_acidente,fase_dia,sentido_via,condicao_metereologica,tipo_pista,tracado_via,uso_solo,pessoas,mortos,feridos_leves,feridos_graves,ilesos,ignorados,feridos,veiculos,latitude,longitude,regional,delegacia,uop,ano_arquivo
551562.0,2023-09-28,quinta-feira,22:00:00,SC,282,339.6,CAMPOS NOVOS,Reação tardia ou ineficiente do condutor,Colisão com objeto,Com Vítimas Feridas,Plena Noite,Decrescente,Céu Claro,Simples,Aclive;Reta;Interseção de Vias,Não,1,0,1,0,0,0,1,1,-27.392731,-51.195118,SPRF-SC,DEL07-SC,UOP06-DEL07-SC,2023
551940.0,2023-09-30,sábado,15:30:00,SC,282,1.5,FLORIANOPOLIS,Ausência de reação do condutor,Colisão lateral mesmo sentido,Com Vítimas Feridas,Pleno dia,Crescente,Nublado,Múltipla,Reta,Sim,3,0,2,1,0,0,3,3,-27.602955,-48.580509,SPRF-SC,DEL01-SC,UOP01-DEL01-SC,2023
551961.0,2023-09-30,sábado,17:30:00,SC,282,48.0,AGUAS MORNAS,Chuva,Saída de leito carroçável,Com Vítimas Feridas,Pleno dia,Crescente,Chuva,Simples,Curva;Aclive,Não,3,0,0,1,2,0,1,1,-27.714352,-48.938072,SPRF-SC,DEL01-SC,UOP03-DEL01-SC,2023
551986.0,2023-09-30,sábado,20:20:00,SC,282,72.0,RANCHO QUEIMADO,Avarias e/ou desgaste excessivo no pneu,Saída de leito carroçável,Com Vítimas Feridas,Plena Noite,Decrescente,Chuva,Simples,Curva;Declive,Não,5,0,1,0,4,0,1,1,-27.6837466,-49.10513163,SPRF-SC,DEL01-SC,UOP03-DEL01-SC,2023
551992.0,2023-09-30,sábado,21:15:00,SC,282,70.0,RANCHO QUEIMADO,Chuva,Saída de leito carroçável,Com Vítimas Feridas,Plena Noite,Decrescente,Chuva,Simples,Curva,Não,2,0,2,0,0,0,2,1,-27.692705,-49.091351,SPRF-SC,DEL01-SC,UOP03-DEL01-SC,2023
552149.0,2023-10-01,domingo,12:50:00,SC,282,5.0,SAO JOSE,Reação tardia ou ineficiente do condutor,Colisão traseira,Com Vítimas Feridas,Pleno dia,Crescente,Nublado,Múltipla,Reta,Sim,2,0,1,0,1,0,1,2,-27.588425,-48.612919,SPRF-SC,DEL01-SC,UOP01-DEL01-SC,2023
552204.0,2023-10-01,domingo,14:20:00,SC,282,535.2,CHAPECO,Acumulo de óleo sobre o pavimento,Tombamento,Com Vítimas Feridas,Pleno dia,Crescente,Céu Claro,Simples,Interseção de Vias;Rotatória,Não,1,0,1,0,0,0,1,1,-26.99944837,-52.64613748,SPRF-SC,DEL07-SC,UOP01-DEL07-SC,2023
552264.0,2023-10-01,domingo,19:40:00,SC,282,1.3,FLORIANOPOLIS,Condutor deixou de manter distância do veículo da frente,Colisão traseira,Com Vítimas Feridas,Anoitecer,Decrescente,Céu Claro,Múltipla,Reta,Sim,3,0,0,1,1,1,1,2,-27.602955,-48.580509,SPRF-SC,DEL01-SC,UOP01-DEL01-SC,2023
552269.0,2023-10-01,domingo,21:10:00,SC,282,29.1,AGUAS MORNAS,Acessar a via sem observar a presença dos outros veículos,Colisão transversal,Com Vítimas Feridas,Plena Noite,Crescente,Céu Claro,Simples,Reta,Sim,3,0,0,1,2,0,1,2,-27.679737,-48.786785,SPRF-SC,DEL01-SC,UOP03-DEL01-SC,2023
552307.0,2023-10-02,segunda-feira,01:40:00,SC,282,6.0,SAO JOSE,Ingestão de álcool pelo condutor,Colisão com objeto,Sem Vítimas,Plena Noite,Crescente,Nublado,Dupla,Curva,Sim,1,0,0,0,0,1,0,1,-27.591936,-48.618244,SPRF-SC,DEL01-SC,UOP01-DEL01-SC,2023
552404.0,2023-10-02,segunda-feira,11:50:00,SC,480,129.1,CHAPECO,Ausência de reação do condutor,Saída de leito carroçável,Com Vítimas Feridas,Pleno dia,Crescente,Céu Claro,Simples,Reta,Sim,1,0,1,0,0,0,1,1,-27.04656607,-52.63577131,SPRF-SC,DEL07-SC,UOP01-DEL07-SC,2023
552627.0,2023-10-03,terça-feira,15:40:00,SC,282,3.2,FLORIANOPOLIS,Ausência de reação do condutor,Colisão lateral mesmo sentido,Com Vítimas Feridas,Pleno dia,Decrescente,Céu Claro,Múltipla,Reta,Sim,2,0,1,0,1,0,1,2,-27.600384,-48.599705,SPRF-SC,DEL01-SC,UOP01-DEL01-SC,2023
552634.0,2023-10-03,terça-feira,16:15:00,SC,282,43.8,AGUAS MORNAS,Condutor Dormindo,Colisão lateral sentido oposto,Com Vítimas Feridas,Pleno dia,Decrescente,Céu Claro,Simples,Reta;Declive,Não,2,0,2,0,0,0,2,2,-27.719458,-48.897526,SPRF-SC,DEL01-SC,UOP03-DEL01-SC,2023
552697.0,2023-10-03,terça-feira,22:30:00,SC,480,128.2,CHAPECO,Desrespeitar a preferência no cruzamento,Colisão frontal,Com Vítimas Feridas,Plena Noite,Crescente,Garoa/Chuvisco,Dupla,Interseção de Vias;Aclive,Sim,3,0,1,0,2,0,1,2,-27.03958527,-52.63503671,SPRF-SC,DEL07-SC,UOP01-DEL07-SC,2023
552784.0,2023-10-04,quarta-feira,13:00:00,SC,282,49.0,AGUAS MORNAS,Velocidade Incompatível,Colisão frontal,Com Vítimas Feridas,Pleno dia,Crescente,Chuva,Simples,Curva,Não,2,0,2,0,0,0,2,2,-27.712931,-48.943741,SPRF-SC,DEL01-SC,UOP03-DEL01-SC,2023
552857.0,2023-10-04,quarta-feira,10:10:00,SC,282,388.6,JOACABA,Acumulo de água sobre o pavimento,Saída de leito carroçável,Com Vítimas Feridas,Pleno dia,Decrescente,Chuva,Simples,Reta;Declive,Não,2,0,2,0,0,0,2,1,-27.179003,-51.531616,SPRF-SC,DEL07-SC,UOP05-DEL07-SC,2023
552864.0,2023-10-04,quarta-feira,10:27:00,SC,282,435.7,VARGEM BONITA,Acumulo de água sobre o pavimento,Saída de leito carroçável,Com Vítimas Feridas,Pleno dia,Decrescente,Chuva,Simples,Curva,Não,2,0,1,0,1,0,1,1,-26.97752,-51.823841,SPRF-SC,DEL07-SC,UOP04-DEL07-SC,2023
552918.0,2023-07-01,sábado,13:10:00,SC,282,168.1,BOCAINA DO SUL,Transitar na contramão,Colisão frontal,Com Vítimas Feridas,Pleno dia,Decrescente,Céu Claro,Simples,Curva,Não,6,0,4,1,1,0,5,3,-27.743206,-49.824162,SPRF-SC,DEL05-SC,UOP01-DEL05-SC,2023
552962.0,2023-10-05,quinta-feira,10:15:00,SC,282,230.0,LAGES,Ausência de reação do condutor,Colisão traseira,Sem Vítimas,Pleno dia,Decrescente,Nublado,Simples,Curva,Não,5,0,0,0,5,0,0,4,-27.79109867,-50.41381359,SPRF-SC,DEL05-SC,UOP02-DEL05-SC,2023
553019.0,2023-10-05,quinta-feira,19:00:00,SC,282,4.2,SAO JOSE,Manobra de mudança de faixa,Tombamento,Com Vítimas Feridas,Plena Noite,Crescente,Nublado,Múltipla,Reta,Sim,2,0,1,0,1,0,1,2,-27.592646,-48.604034,SPRF-SC,DEL01-SC,UOP01-DEL01-SC,2023
553084.0,2023-10-01,domingo,09:30:00,SC,282,501.0,XANXERE,Acessar a via sem observar a presença dos outros veículos,Colisão transversal,Com Vítimas Feridas,Pleno dia,Decrescente,Céu Claro,Simples,Rotatória,Sim,4,0,2,0,2,0,2,2,-26.882715,-52.381729,SPRF-SC,DEL07-SC,UOP01-DEL07-SC,2023
553103.0,2023-10-06,sexta-feira,07:30:00,SC,282,482.1,VARGEAO,Velocidade Incompatível,Saída de leito carroçável,Com Vítimas Feridas,Pleno dia,Decrescente,Nublado,Simples,Curva,Não,1,0,1,0,0,0,1,1,-26.865356,-52.209568,SPRF-SC,DEL07-SC,UOP01-DEL07-SC,2023
553172.0,2023-10-01,domingo,07:00:00,SC,282,535.2,CHAPECO,Desrespeitar a preferência no cruzamento,Colisão transversal,Com Vítimas Feridas,Pleno dia,Decrescente,Nublado,Simples,Interseção de Vias;Rotatória,Não,2,0,1,0,1,0,1,2,-26.99949985,-52.64601231,SPRF-SC,DEL07-SC,UOP01-DEL07-SC,2023
553221.0,2023-10-06,sexta-feira,18:25:00,SC,282,3.0,FLORIANOPOLIS,Condutor deixou de manter distância do veículo da frente,Tombamento,Com Vítimas Feridas,Anoitecer,Crescente,Chuva,Dupla,Reta,Não,1,0,1,0,0,0,1,1,-27.600384,-48.599705,SPRF-SC,DEL01-SC,UOP01-DEL01-SC,2023
553258.0,2023-10-06,sexta-feira,19:05:00,SC,282,400.2,JOACABA,Transitar na contramão,Colisão frontal,Com Vítimas Feridas,Plena Noite,Decrescente,Chuva,Simples,Curva;Aclive,Não,5,0,1,0,4,0,1,3,-27.134572,-51.624986,SPRF-SC,DEL07-SC,UOP05-DEL07-SC,2023
553278.0,2023-10-06,sexta-feira,20:10:00,SC,282,502.3,XANXERE,Acessar a via sem observar a presença dos outros veículos,Colisão transversal,Com Vítimas Feridas,Plena Noite,Decrescente,Garoa/Chuvisco,Dupla,Rotatória,Sim,2,0,1,0,1,0,1,2,-26.88561443,-52.39498788,SPRF-SC,DEL07-SC,UOP01-DEL07-SC,2023
553284.0,2023-10-06,sexta-feira,19:10:00,SC,480,130.8,CHAPECO,Acessar a via sem observar a presença dos outros veículos,Colisão transversal,Sem Vítimas,Plena Noite,Crescente,Chuva,Simples,Interseção de Vias,Sim,2,0,0,0,2,0,0,2,-27.05534298,-52.63652069,SPRF-SC,DEL07-SC,UOP01-DEL07-SC,2023
553461.0,2023-10-07,sábado,17:10:00,SC,282,18.2,PALHOCA,Condutor deixou de manter distância do veículo da frente,Colisão traseira,Com Vítimas Feridas,Pleno dia,Decrescente,Chuva,Simples,Curva,Não,3,0,2,0,1,0,2,2,-27.672798,-48.694286,SPRF-SC,DEL01-SC,UOP02-DEL01-SC,2023
553478.0,2023-10-07,sábado,16:00:00,SC,282,3.7,FLORIANOPOLIS,Avarias e/ou desgaste excessivo no pneu,Colisão frontal,Com Vítimas Feridas,Pleno dia,Decrescente,Chuva,Dupla,Reta,Sim,2,0,1,0,1,0,1,2,-27.600384,-48.599705,SPRF-SC,DEL01-SC,UOP01-DEL01-SC,2023
553481.0,2023-10-07,sábado,17:49:00,SC,282,6.0,SAO JOSE,Ingestão de álcool pelo condutor,Colisão lateral mesmo sentido,Sem Vítimas,Pleno dia,Decrescente,Garoa/Chuvisco,Dupla,Curva,Não,2,0,0,0,2,0,0,2,-27.591936,-48.618244,SPRF-SC,DEL01-SC,UOP01-DEL01-SC,2023
553511.0,2023-10-07,sábado,23:00:00,SC,282,17.5,PALHOCA,Pista esburacada,Tombamento,Com Vítimas Feridas,Plena Noite,Crescente,Chuva,Simples,Reta,Sim,1,0,1,0,0,0,1,1,-27.665707,-48.688065,SPRF-SC,DEL01-SC,UOP02-DEL01-SC,2023
553713.0,2023-10-08,domingo,20:15:00,SC,480,124.0,CHAPECO,Reação tardia ou ineficiente do condutor,Colisão traseira,Com Vítimas Feridas,Plena Noite,Decrescente,Nublado,Dupla,Reta,Sim,4,0,1,0,3,0,1,2,-27.00359519,-52.64391044,SPRF-SC,DEL07-SC,UOP01-DEL07-SC,2023
553765.0,2023-10-08,domingo,22:00:00,SC,282,575.0,PINHALZINHO,Condutor Dormindo,Saída de leito carroçável,Com Vítimas Feridas,Plena Noite,Crescente,Céu Claro,Simples,Reta,Sim,1,0,1,0,0,0,1,1,-26.863194,-52.974529,SPRF-SC,DEL07-SC,UOP02-DEL07-SC,2023
553785.0,2023-10-09,segunda-feira,02:05:00,SC,282,16.8,PALHOCA,Ingestão de álcool pelo condutor,Colisão com objeto,Sem Vítimas,Plena Noite,Crescente,Nublado,Simples,Desvio Temporário,Sim,1,0,0,0,1,0,0,1,-27.658611,-48.681847,SPRF-SC,DEL01-SC,UOP02-DEL01-SC,2023
554090.0,2023-09-29,sexta-feira,06:00:00,SC,282,17.0,PALHOCA,Reação tardia ou ineficiente do condutor,Colisão lateral mesmo sentido,Com Vítimas Feridas,Pleno dia,Crescente,Nublado,Simples,Reta,Não,2,0,1,0,1,0,1,2,-27.665707,-48.688065,SPRF-SC,DEL01-SC,UOP02-DEL01-SC,2023
554145.0,2023-09-23,sábado,16:50:00,SC,282,424.2,VARGEM BONITA,Velocidade Incompatível,Colisão frontal,Com Vítimas Feridas,Pleno dia,Decrescente,Céu Claro,Simples,Curva,Não,6,0,0,1,4,1,1,3,-26.993992,-51.753662,SPRF-SC,DEL07-SC,UOP05-DEL07-SC,2023
554203.0,2023-10-11,quarta-feira,00:30:00,SC,282,205.6,SAO JOSE,Reação tardia ou ineficiente do condutor,Colisão com objeto,Com Vítimas Feridas,Plena Noite,Decrescente,Garoa/Chuvisco,Dupla,Curva,Não,1,0,1,0,0,0,1,1,-27.5864322,-48.61533022,SPRF-SC,DEL05-SC,UOP01-DEL05-SC,2023
554274.0,2023-10-08,domingo,01:38:00,SC,282,554.0,CHAPECO,Fumaça,Incêndio,Sem Vítimas,Plena Noite,Crescente,Chuva,Simples,Reta,Não,1,0,0,0,0,1,0,1,-26.936268,-52.800812,SPRF-SC,DEL07-SC,UOP01-DEL07-SC,2023
554281.0,2023-10-11,quarta-feira,09:45:00,SC,282,196.0,LAGES,Acessar a via sem observar a presença dos outros veículos,Saída de leito carroçável,Com Vítimas Feridas,Pleno dia,Decrescente,Nublado,Simples,Reta,Não,2,0,1,0,1,0,1,2,-27.750381,-50.094074,SPRF-SC,DEL05-SC,UOP01-DEL05-SC,2023
554383.0,2023-10-11,quarta-feira,13:50:00,SC,282,274.5,SAO JOSE DO CERRITO,Velocidade Incompatível,Colisão frontal,Com Vítimas Fatais,Pleno dia,Crescente,Nublado,Simples,Declive;Curva,Não,5,2,1,0,2,0,1,2,-27.6079413,-50.71849108,SPRF-SC,DEL05-SC,UOP02-DEL05-SC,2023
554449.0,2023-10-12,quinta-feira,03:10:00,SC,282,51.1,AGUAS MORNAS,Velocidade Incompatível,Saída de leito carroçável,Com Vítimas Feridas,Plena Noite,Decrescente,Chuva,Simples,Reta,Não,3,0,3,0,0,0,3,1,-27.703712,-48.959267,SPRF-SC,DEL01-SC,UOP03-DEL01-SC,2023
554618.0,2023-10-12,quinta-feira,08:15:00,SC,282,632.0,DESCANSO,Reação tardia ou ineficiente do condutor,Saída de leito carroçável,Sem Vítimas,Pleno dia,Decrescente,Chuva,Simples,Declive;Curva,Não,1,0,0,0,1,0,0,1,-26.8253,-53.404217,SPRF-SC,DEL07-SC,UOP03-DEL07-SC,2023
554692.0,2023-10-13,sexta-feira,07:00:00,SC,282,407.0,CATANDUVAS,Chuva,Saída de leito carroçável,Sem Vítimas,Pleno dia,Decrescente,Chuva,Simples,Reta;Aclive,Não,1,0,0,0,1,0,0,1,-27.083517,-51.662014,SPRF-SC,DEL07-SC,UOP05-DEL07-SC,2023
554833.0,2023-10-13,sexta-feira,22:30:00,SC,282,543.0,NOVA ITABERABA,Ingestão de álcool e/ou substâncias psicoativas pelo pedestre,Capotamento,Com Vítimas Feridas,Plena Noite,Crescente,Céu Claro,Simples,Curva,Não,1,0,0,1,0,0,1,1,-26.93637269,-52.80110836,SPRF-SC,DEL07-SC,UOP01-DEL07-SC,2023
554838.0,2023-10-13,sexta-feira,22:20:00,SC,282,30.5,AGUAS MORNAS,Velocidade Incompatível,Capotamento,Com Vítimas Feridas,Plena Noite,Crescente,Nublado,Simples,Reta;Aclive,Não,1,0,0,1,0,0,1,1,-27.687376,-48.79071,SPRF-SC,DEL01-SC,UOP03-DEL01-SC,2023
554849.0,2023-10-14,sábado,05:55:00,SC,282,5.0,SAO JOSE,Acessar a via sem observar a presença dos outros veículos,Colisão lateral mesmo sentido,Com Vítimas Feridas,Pleno dia,Crescente,Nublado,Simples,Curva,Sim,2,0,1,0,0,1,1,2,-27.588425,-48.612919,SPRF-SC,DEL01-SC,UOP01-DEL01-SC,2023
555088.0,2023-10-15,domingo,04:50:00,SC,282,562.0,NOVA ERECHIM,Condutor Dormindo,Saída de leito carroçável,Sem Vítimas,Plena Noite,Decrescente,Céu Claro,Simples,Reta,Não,1,0,0,0,1,0,0,1,-26.911108,-52.865475,SPRF-SC,DEL07-SC,UOP02-DEL07-SC,2023
555166.0,2023-10-15,domingo,14:40:00,SC,282,221.0,LAGES,Acessar a via sem observar a presença dos outros veículos,Colisão traseira,Com Vítimas Feridas,Pleno dia,Crescente,Nublado,Simples,Reta,Não,7,0,0,1,4,2,1,3,-27.79777752,-50.35353363,SPRF-SC,DEL05-SC,UOP01-DEL05-SC,2023
555184.0,2023-10-15,domingo,17:00:00,SC,282,5.0,SAO JOSE,Reação tardia ou ineficiente do condutor,Engavetamento,Sem Vítimas,Pleno dia,Crescente,Nublado,Dupla,Reta,Sim,8,0,0,0,8,0,0,3,-27.592646,-48.604034,SPRF-SC,DEL01-SC,UOP01-DEL01-SC,2023
555248.0,2023-10-15,domingo,20:05:00,SC,282,194.0,LAGES,Acessar a via sem observar a presença dos outros veículos,Colisão transversal,Com Vítimas Feridas,Plena Noite,Decrescente,Garoa/Chuvisco,Simples,Reta;Aclive,Não,8,0,5,2,1,0,7,2,-27.74443892,-50.07856965,SPRF-SC,DEL05-SC,UOP01-DEL05-SC,2023
555339.0,2023-10-16,segunda-feira,12:20:00,SC,282,4.9,SAO JOSE,Reação tardia ou ineficiente do condutor,Colisão traseira,Com Vítimas Feridas,Pleno dia,Crescente,Garoa/Chuvisco,Múltipla,Reta,Sim,2,0,1,0,1,0,1,2,-27.592646,-48.604034,SPRF-SC,DEL01-SC,UOP01-DEL01-SC,2023
555502.0,2023-10-17,terça-feira,10:30:00,SC,282,0.5,FLORIANOPOLIS,Manobra de mudança de faixa,Colisão lateral mesmo sentido,Com Vítimas Feridas,Pleno dia,Decrescente,Nublado,Múltipla,Reta;Aclive,Sim,2,0,1,0,1,0,1,2,-27.59845,-48.571995,SPRF-SC,DEL01-SC,UOP01-DEL01-SC,2023
555538.0,2023-10-17,terça-feira,13:30:00,SC,282,3.6,FLORIANOPOLIS,Reação tardia ou ineficiente do condutor,Colisão traseira,Com Vítimas Feridas,Pleno dia,Decrescente,Nublado,Múltipla,Reta,Sim,1,0,1,0,0,0,1,1,-27.600384,-48.599705,SPRF-SC,DEL01-SC,UOP01-DEL01-SC,2023
555675.0,2023-10-18,quarta-feira,00:45:00,SC,282,302.6,VARGEM,Demais falhas mecânicas ou elétricas,Incêndio,Sem Vítimas,Plena Noite,Decrescente,Nublado,Simples,Reta,Não,1,0,0,0,1,0,0,1,-27.505852,-50.926998,SPRF-SC,DEL07-SC,UOP06-DEL07-SC,2023
555683.0,2023-10-10,terça-feira,16:30:00,SC,282,31.0,AGUAS MORNAS,Demais falhas mecânicas ou elétricas,Incêndio,Sem Vítimas,Pleno dia,Decrescente,Nublado,Simples,Curva;Declive,Não,1,0,0,0,1,0,0,1,-27.695198,-48.793308,SPRF-SC,DEL01-SC,UOP03-DEL01-SC,2023
555812.0,2023-10-19,quinta-feira,00:30:00,SC,282,18.3,PALHOCA,Acesso irregular,Colisão transversal,Com Vítimas Feridas,Plena Noite,Decrescente,Nublado,Simples,Reta;Em Obras,Não,3,0,1,0,2,0,1,2,-27.672798,-48.694286,SPRF-SC,DEL01-SC,UOP02-DEL01-SC,2023
555897.0,2023-10-19,quinta-feira,11:58:00,SC,282,531.0,CORDILHEIRA ALTA,Pedestre cruzava a pista fora da faixa,Atropelamento de Pedestre,Com Vítimas Feridas,Pleno dia,Crescente,Chuva,Simples,Reta,Sim,3,0,1,0,2,0,1,2,-26.990747,-52.609776,SPRF-SC,DEL07-SC,UOP01-DEL07-SC,2023
555944.0,2023-10-19,quinta-feira,15:50:00,SC,480,130.0,CHAPECO,Reação tardia ou ineficiente do condutor,Saída de leito carroçável,Com Vítimas Feridas,Pleno dia,Decrescente,Chuva,Simples,Interseção de Vias;Rotatória,Sim,1,0,1,0,0,0,1,1,-27.05520556,-52.63617212,SPRF-SC,DEL07-SC,UOP01-DEL07-SC,2023
556089.0,2023-10-20,sexta-feira,11:30:00,SC,282,17.0,PALHOCA,Ausência de reação do condutor,Queda de ocupante de veículo,Com Vítimas Feridas,Pleno dia,Decrescente,Céu Claro,Simples,Reta,Sim,2,0,1,0,1,0,1,2,-27.665707,-48.688065,SPRF-SC,DEL01-SC,UOP02-DEL01-SC,2023
556341.0,2023-10-14,sábado,18:53:00,SC,480,131.0,CHAPECO,Ingestão de álcool pelo condutor,Atropelamento de Pedestre,Com Vítimas Feridas,Anoitecer,Crescente,Céu Claro,Dupla,Reta;Em Obras,Sim,3,0,2,0,1,0,2,2,-27.06314223,-52.63234636,SPRF-SC,DEL07-SC,UOP01-DEL07-SC,2023
556402.0,2023-10-21,sábado,20:20:00,SC,282,20.8,PALHOCA,Ingestão de álcool pelo condutor,Colisão frontal,Com Vítimas Feridas,Pleno dia,Decrescente,Nublado,Simples,Curva;Aclive,Sim,2,0,1,1,0,0,2,2,-27.68915709,-48.71574998,SPRF-SC,DEL01-SC,UOP02-DEL01-SC,2023
556625.0,2023-10-22,domingo,17:00:00,SC,282,37.0,AGUAS MORNAS,Condutor deixou de manter distância do veículo da frente,Colisão traseira,Sem Vítimas,Pleno dia,Decrescente,Nublado,Simples,Reta,Não,2,0,0,0,2,0,0,2,-27.707325,-48.842983,SPRF-SC,DEL01-SC,UOP03-DEL01-SC,2023
556639.0,2023-10-22,domingo,22:40:00,SC,480,130.0,CHAPECO,Ausência de reação do condutor,Colisão com objeto,Sem Vítimas,Plena Noite,Decrescente,Céu Claro,Dupla,Reta,Não,1,0,0,0,0,1,0,1,-27.05534298,-52.63652069,SPRF-SC,DEL07-SC,UOP01-DEL07-SC,2023
556678.0,2023-10-23,segunda-feira,04:30:00,SC,282,190.0,LAGES,Reação tardia ou ineficiente do condutor,Colisão lateral sentido oposto,Sem Vítimas,Amanhecer,Crescente,Garoa/Chuvisco,Simples,Reta,Não,3,0,0,0,2,1,0,2,-27.736708,-50.036961,SPRF-SC,DEL05-SC,UOP01-DEL05-SC,2023
556966.0,2023-10-24,terça-feira,15:50:00,SC,282,530.3,CORDILHEIRA ALTA,Ultrapassagem Indevida,Saída de leito carroçável,Sem Vítimas,Pleno dia,Decrescente,Garoa/Chuvisco,Simples,Curva,Não,2,0,0,0,2,0,0,1,-26.986555,-52.60524,SPRF-SC,DEL07-SC,UOP01-DEL07-SC,2023
557098.0,2023-10-25,quarta-feira,09:30:00,SC,282,4.4,SAO JOSE,Trafegar com motocicleta (ou similar) entre as faixas,Colisão lateral mesmo sentido,Com Vítimas Feridas,Pleno dia,Decrescente,Nublado,Múltipla,Reta,Não,2,0,0,1,1,0,1,2,-27.592646,-48.604034,SPRF-SC,DEL01-SC,UOP01-DEL01-SC,2023
557127.0,2023-09-05,terça-feira,10:30:00,SC,282,373.3,ERVAL VELHO,Demais falhas mecânicas ou elétricas,Incêndio,Sem Vítimas,Pleno dia,Crescente,Sol,Simples,Reta,Não,1,0,0,0,1,0,0,1,-27.243425,-51.44788,SPRF-SC,DEL07-SC,UOP05-DEL07-SC,2023
557131.0,2023-10-25,quarta-feira,13:45:00,SC,282,23.4,SANTO AMARO DA IMPERATRIZ,Conversão proibida,Colisão lateral mesmo sentido,Com Vítimas Feridas,Pleno dia,Decrescente,Céu Claro,Simples,Reta,Sim,2,0,0,1,1,0,1,2,-27.687958,-48.736794,SPRF-SC,DEL01-SC,UOP02-DEL01-SC,2023
557139.0,2023-09-11,segunda-feira,07:20:00,SC,282,23.5,PALHOCA,Desrespeitar a preferência no cruzamento,Colisão transversal,Com Vítimas Feridas,Pleno dia,Crescente,Céu Claro,Simples,Interseção de Vias;Curva;Retorno Regulamentado,Sim,3,0,0,1,2,0,1,2,-27.687958,-48.736794,SPRF-SC,DEL01-SC,UOP03-DEL01-SC,2023
557379.0,2023-10-26,quinta-feira,18:30:00,SC,282,23.5,SANTO AMARO DA IMPERATRIZ,Desrespeitar a preferência no cruzamento,Colisão transversal,Sem Vítimas,Plena Noite,Crescente,Nublado,Dupla,Interseção de Vias,Sim,3,0,0,0,3,0,0,3,-27.687958,-48.736794,SPRF-SC,DEL01-SC,UOP03-DEL01-SC,2023
557440.0,2023-10-27,sexta-feira,06:25:00,SC,282,0.3,FLORIANOPOLIS,Reação tardia ou ineficiente do condutor,Capotamento,Sem Vítimas,Pleno dia,Crescente,Garoa/Chuvisco,Múltipla,Reta,Sim,1,0,0,0,1,0,0,1,-27.59845,-48.571995,SPRF-SC,DEL01-SC,UOP01-DEL01-SC,2023
557564.0,2023-10-27,sexta-feira,18:15:00,SC,282,23.2,SANTO AMARO DA IMPERATRIZ,Avarias e/ou desgaste excessivo no pneu,Queda de ocupante de veículo,Com Vítimas Feridas,Plena Noite,Decrescente,Chuva,Simples,Reta,Sim,1,0,0,1,0,0,1,1,-27.687958,-48.736794,SPRF-SC,DEL01-SC,UOP02-DEL01-SC,2023
557580.0,2023-10-27,sexta-feira,16:50:00,SC,282,463.0,PONTE SERRADA,Desrespeitar a preferência no cruzamento,Colisão transversal,Com Vítimas Feridas,Pleno dia,Crescente,Nublado,Dupla,Reta;Interseção de Vias,Sim,5,0,3,0,2,0,3,2,-26.85588036,-52.0321548,SPRF-SC,DEL07-SC,UOP04-DEL07-SC,2023
557652.0,2023-10-27,sexta-feira,18:00:00,SC,282,554.0,NOVA ITABERABA,Ultrapassagem Indevida,Colisão frontal,Com Vítimas Feridas,Plena Noite,Crescente,Garoa/Chuvisco,Simples,Reta,Não,6,0,6,0,0,0,6,2,-26.936268,-52.800812,SPRF-SC,DEL07-SC,UOP01-DEL07-SC,2023
557691.0,2023-10-28,sábado,08:20:00,SC,282,189.2,LAGES,Manobra de mudança de faixa,Colisão com objeto,Com Vítimas Feridas,Pleno dia,Decrescente,Chuva,Simples,Declive;Em Obras;Reta,Não,3,0,0,2,0,1,2,2,-27.7374,-50.026859,SPRF-SC,DEL05-SC,UOP01-DEL05-SC,2023
557720.0,2023-10-28,sábado,14:45:00,SC,282,519.3,XAXIM,Ingestão de álcool pelo condutor,Colisão com objeto,Sem Vítimas,Pleno dia,Crescente,Chuva,Dupla,Reta;Aclive,Não,1,0,0,0,1,0,0,1,-26.94822054,-52.51909018,SPRF-SC,DEL07-SC,UOP01-DEL07-SC,2023
557884.0,2023-10-29,domingo,05:20:00,SC,282,512.2,XANXERE,Ingestão de álcool ou de substâncias psicoativas pelo pedestre,Saída de leito carroçável,Com Vítimas Feridas,Plena Noite,Decrescente,Nublado,Simples,Reta;Aclive,Não,4,0,1,2,1,0,3,1,-26.910799,-52.472099,SPRF-SC,DEL07-SC,UOP01-DEL07-SC,2023
558046.0,2023-10-29,domingo,22:40:00,SC,282,217.0,LAGES,Ingestão de álcool pelo condutor,Colisão com objeto,Sem Vítimas,Plena Noite,Decrescente,Céu Claro,Simples,Reta,Sim,1,0,0,0,1,0,0,1,-27.7979227,-50.29858589,SPRF-SC,DEL05-SC,UOP01-DEL05-SC,2023
558134.0,2023-10-30,segunda-feira,14:11:00,SC,282,16.6,PALHOCA,Trafegar com motocicleta (ou similar) entre as faixas,Colisão transversal,Com Vítimas Feridas,Pleno dia,Crescente,Nublado,Simples,Reta;Interseção de Vias,Sim,3,0,1,0,2,0,1,2,-27.658611,-48.681847,SPRF-SC,DEL01-SC,UOP02-DEL01-SC,2023
558138.0,2023-10-30,segunda-feira,14:30:00,SC,282,560.3,NOVA ITABERABA,Demais falhas na via,Colisão lateral mesmo sentido,Com Vítimas Feridas,Pleno dia,Decrescente,Chuva,Simples,Curva,Não,2,0,1,0,1,0,1,2,-26.927135,-52.856205,SPRF-SC,DEL07-SC,UOP01-DEL07-SC,2023