id,data_inversa,dia_semana,horario,uf,br,km,municipio,causa_acidente,tipo_acidente,classificacao_acidente,fase_dia,sentido_via,condicao_metereologica,tipo_pista,tracado_via,uso_solo,pessoas,mortos,feridos_leves,feridos_graves,ilesos,ignorados,feridos,veiculos,latitude,longitude,regional,delegacia,uop,ano_arquivo
584489.0,2024-03-02,sábado,14:00:00,SC,282,75.0,RANCHO QUEIMADO,Avarias e/ou desgaste excessivo no pneu,Tombamento,Com Vítimas Feridas,Pleno dia,Decrescente,Céu Claro,Simples,Declive;Reta,Não,3,0,1,1,0,2,2,4,-27.690931,-49.129143,SPRF-SC,DEL01-SC,UOP03-DEL01-SC,2024
584953.0,2024-03-04,segunda-feira,12:30:00,SC,282,498.8,XANXERE,Condutor deixou de manter distância do veículo da frente,Colisão traseira,Com Vítimas Feridas,Pleno dia,Decrescente,Nublado,Simples,Reta;Aclive,Não,3,0,1,0,2,0,1,3,-26.87978,-52.353825,SPRF-SC,DEL07-SC,UOP01-DEL07-SC,2024
585862.0,2024-03-08,sexta-feira,11:00:00,SC,282,54.3,AGUAS MORNAS,Faixas de trânsito com largura insuficiente,Colisão frontal,Com Vítimas Fatais,Pleno dia,Crescente,Chuva,Simples,Curva;Aclive,Não,5,2,0,2,1,0,2,2,-27.6878224,-48.9781041,SPRF-SC,DEL01-SC,UOP03-DEL01-SC,2024
585941.0,2024-03-08,sexta-feira,12:15:00,SC,282,147.8,BOM RETIRO,Condutor deixou de manter distância do veículo da frente,Colisão traseira,Com Vítimas Feridas,Pleno dia,Decrescente,Chuva,Simples,Reta,Não,5,0,2,0,2,3,2,7,-27.788177,-49.641987,SPRF-SC,DEL05-SC,UOP01-DEL05-SC,2024
586115.0,2024-03-09,sábado,10:20:00,SC,282,622.9,IRACEMINHA,Demais falhas mecânicas ou elétricas,Incêndio,Sem Vítimas,Pleno dia,Decrescente,Céu Claro,Simples,Curva;Declive,Não,2,0,0,0,1,1,0,2,-26.797441,-53.323349,SPRF-SC,DEL07-SC,UOP02-DEL07-SC,2024
586741.0,2024-03-12,terça-feira,10:10:00,SC,282,89.5,ALFREDO WAGNER,Manobra de mudança de faixa,Colisão lateral sentido oposto,Com Vítimas Feridas,Pleno dia,Decrescente,Céu Claro,Simples,Curva,Não,4,0,0,1,2,1,1,4,-27.677973,-49.215893,SPRF-SC,DEL01-SC,UOP03-DEL01-SC,2024
586903.0,2024-03-13,quarta-feira,07:00:00,SC,480,126.9,CHAPECO,Desrespeitar a preferência no cruzamento,Colisão transversal,Com Vítimas Feridas,Pleno dia,Crescente,Céu Claro,Simples,Reta;Interseção de Vias,Sim,2,0,1,0,1,0,1,2,-27.020083,-52.636024,SPRF-SC,DEL07-SC,UOP01-DEL07-SC,2024
587614.0,2024-03-16,sábado,02:20:00,SC,282,582.5,PINHALZINHO,Condutor Dormindo,Saída de leito carroçável,Com Vítimas Feridas,Plena Noite,Decrescente,Céu Claro,Simples,Curva,Não,1,0,1,0,0,0,1,1,-26.826683,-53.002621,SPRF-SC,DEL07-SC,UOP02-DEL07-SC,2024
587856.0,2024-03-17,domingo,10:30:00,SC,282,563.0,NOVA ERECHIM,Reação tardia ou ineficiente do condutor,Colisão lateral mesmo sentido,Com Vítimas Feridas,Pleno dia,Decrescente,Garoa/Chuvisco,Simples,Declive;Reta,Não,4,0,1,0,2,1,1,3,-26.902191,-52.868835,SPRF-SC,DEL07-SC,UOP02-DEL07-SC,2024
587864.0,2024-03-13,quarta-feira,21:48:00,SC,282,514.8,XAXIM,Demais falhas mecânicas ou elétricas,Incêndio,Sem Vítimas,Plena Noite,Decrescente,Nublado,Simples,Reta;Declive,Não,1,0,0,0,1,0,0,1,-26.91970124,-52.49462843,SPRF-SC,DEL07-SC,UOP01-DEL07-SC,2024
588090.0,2024-03-18,segunda-feira,07:30:00,SC,282,340.9,CAMPOS NOVOS,Reação tardia ou ineficiente do condutor,Colisão frontal,Com Vítimas Fatais,Pleno dia,Crescente,Céu Claro,Simples,Declive;Curva,Sim,2,1,0,0,1,0,0,2,-27.388234,-51.203907,SPRF-SC,DEL07-SC,UOP06-DEL07-SC,2024
588143.0,2024-03-18,segunda-feira,10:05:00,SC,282,427.8,VARGEM BONITA,Ausência de reação do condutor,Saída de leito carroçável,Com Vítimas Feridas,Pleno dia,Crescente,Céu Claro,Simples,Reta,Não,5,0,0,1,3,1,1,3,-26.975946,-51.771011,SPRF-SC,DEL07-SC,UOP05-DEL07-SC,2024
588187.0,2024-03-18,segunda-feira,05:30:00,SC,282,86.0,ALFREDO WAGNER,Velocidade Incompatível,Tombamento,Com Vítimas Feridas,Amanhecer,Crescente,Céu Claro,Simples,Declive;Curva,Não,2,0,2,0,0,0,2,1,-27.661551,-49.197906,SPRF-SC,DEL01-SC,UOP03-DEL01-SC,2024
588258.0,2024-03-18,segunda-feira,12:15:00,SC,282,410.6,CATANDUVAS,Demais falhas mecânicas ou elétricas,Saída de leito carroçável,Sem Vítimas,Pleno dia,Crescente,Céu Claro,Simples,Curva;Declive,Não,2,0,0,0,1,2,0,3,-27.061399,-51.671875,SPRF-SC,DEL07-SC,UOP05-DEL07-SC,2024
588701.0,2024-03-20,quarta-feira,23:00:00,SC,282,459.8,PONTE SERRADA,Transitar na contramão,Colisão frontal,Com Vítimas Fatais,Plena Noite,Decrescente,Céu Claro,Simples,Reta;Aclive,Sim,2,1,0,0,1,0,0,2,-26.879523,-52.014036,SPRF-SC,DEL07-SC,UOP04-DEL07-SC,2024
588965.0,2024-03-22,sexta-feira,05:25:00,SC,282,170.3,BOCAINA DO SUL,Ultrapassagem Indevida,Colisão frontal,Com Vítimas Fatais,Amanhecer,Decrescente,Céu Claro,Simples,Reta;Aclive,Não,8,1,3,2,1,1,5,4,-27.741282,-49.843479,SPRF-SC,DEL05-SC,UOP01-DEL05-SC,2024
589137.0,2024-03-23,sábado,02:00:00,SC,282,16.4,PALHOCA,Acessar a via sem observar a presença dos outros veículos,Colisão transversal,Com Vítimas Feridas,Plena Noite,Crescente,Nublado,Simples,Reta,Sim,5,0,1,0,3,2,1,4,-27.658611,-48.681847,SPRF-SC,DEL01-SC,UOP02-DEL01-SC,2024
589307.0,2024-03-23,sábado,19:20:00,SC,282,18.0,PALHOCA,Ingestão de álcool pelo condutor,Colisão traseira,Sem Vítimas,Plena Noite,Decrescente,Céu Claro,Simples,Reta,Não,2,0,0,0,2,0,0,2,-27.672798,-48.694286,SPRF-SC,DEL01-SC,UOP02-DEL01-SC,2024
589607.0,2024-03-25,segunda-feira,07:40:00,SC,282,580.0,PINHALZINHO,Reação tardia ou ineficiente do condutor,Colisão transversal,Com Vítimas Feridas,Pleno dia,Crescente,Céu Claro,Simples,Rotatória,Sim,3,0,0,1,1,1,1,3,-26.832148,-52.994308,SPRF-SC,DEL07-SC,UOP02-DEL07-SC,2024
589834.0,2024-03-26,terça-feira,10:10:00,SC,480,123.0,CHAPECO,Reação tardia ou ineficiente do condutor,Tombamento,Com Vítimas Feridas,Pleno dia,Crescente,Céu Claro,Simples,Interseção de Vias;Curva,Não,2,0,1,0,0,1,1,2,-26.99739704,-52.64201951,SPRF-SC,DEL07-SC,UOP01-DEL07-SC,2024
589874.0,2024-03-26,terça-feira,11:30:00,SC,282,351.0,CAMPOS NOVOS,Entrada inopinada do pedestre,Eventos atípicos,Com Vítimas Feridas,Pleno dia,Decrescente,Céu Claro,Simples,Rotatória,Não,3,0,1,0,1,1,1,3,-27.361374,-51.301975,SPRF-SC,DEL07-SC,UOP06-DEL07-SC,2024
590008.0,2024-03-27,quarta-feira,06:30:00,SC,282,22.6,SANTO AMARO DA IMPERATRIZ,Reação tardia ou ineficiente do condutor,Colisão com objeto,Com Vítimas Feridas,Amanhecer,Decrescente,Céu Claro,Simples,Reta,Sim,4,0,1,0,2,1,1,4,-27.688507,-48.72739,SPRF-SC,DEL01-SC,UOP02-DEL01-SC,2024
590025.0,2024-02-01,quinta-feira,17:35:00,SC,282,156.3,BOM RETIRO,Reação tardia ou ineficiente do condutor,Colisão traseira,Com Vítimas Feridas,Anoitecer,Decrescente,Céu Claro,Simples,Declive;Reta,Não,2,0,1,0,1,0,1,2,-27.746881,-49.715881,SPRF-SC,DEL05-SC,UOP01-DEL05-SC,2024
590216.0,2024-03-28,quinta-feira,05:50:00,SC,282,376.4,HERVAL DOESTE,Suicídio (presumido),Atropelamento de Pedestre,Com Vítimas Fatais,Amanhecer,Crescente,Céu Claro,Simples,Declive;Reta,Não,3,1,0,0,1,1,0,3,-27.2230317,-51.458607,SPRF-SC,DEL07-SC,UOP05-DEL07-SC,2024
590244.0,2024-03-28,quinta-feira,08:10:00,SC,282,572.7,NOVA ERECHIM,Acessar a via sem observar a presença dos outros veículos,Colisão frontal,Com Vítimas Feridas,Pleno dia,Decrescente,Céu Claro,Simples,Reta;Interseção de Vias,Sim,2,0,0,1,1,0,1,2,-26.879332,-52.949421,SPRF-SC,DEL07-SC,UOP02-DEL07-SC,2024
590474.0,2024-03-29,sexta-feira,03:45:00,SC,282,220.4,LAGES,Ingestão de álcool pelo condutor,Colisão traseira,Com Vítimas Feridas,Plena Noite,Crescente,Nublado,Simples,Curva,Sim,4,0,0,1,1,2,1,4,-27.794014,-50.33363,SPRF-SC,DEL05-SC,UOP01-DEL05-SC,2024
590674.0,2024-03-30,sábado,08:30:00,SC,282,528.4,XAXIM,Mal súbito do condutor,Saída de leito carroçável,Com Vítimas Feridas,Pleno dia,Crescente,Céu Claro,Simples,Reta;Aclive,Não,4,0,2,0,0,2,2,3,-26.978798,-52.588566,SPRF-SC,DEL07-SC,UOP01-DEL07-SC,2024
591463.0,2024-04-02,terça-feira,20:30:00,SC,282,4.5,SAO JOSE,Reação tardia ou ineficiente do condutor,Colisão com objeto,Com Vítimas Feridas,Plena Noite,Crescente,Céu Claro,Múltipla,Declive;Reta,Sim,3,0,1,0,2,0,1,2,-27.592646,-48.604034,SPRF-SC,DEL01-SC,UOP01-DEL01-SC,2024
591507.0,2024-04-03,quarta-feira,01:30:00,SC,282,591.9,SAUDADES,Ultrapassagem Indevida,Saída de leito carroçável,Com Vítimas Feridas,Plena Noite,Decrescente,Céu Claro,Simples,Aclive;Curva,Não,1,0,1,0,0,0,1,1,-26.826925,-53.082031,SPRF-SC,DEL07-SC,UOP02-DEL07-SC,2024
591801.0,2024-04-04,quinta-feira,16:55:00,SC,282,207.3,SAO JOSE,Trafegar com motocicleta (ou similar) entre as faixas,Colisão lateral mesmo sentido,Com Vítimas Fatais,Pleno dia,Crescente,Céu Claro,Múltipla,Curva;Aclive,Sim,3,1,0,0,1,1,0,3,-27.6016948,-48.6269563,SPRF-SC,DEL05-SC,UOP01-DEL05-SC,2024
592021.0,2024-04-05,sexta-feira,19:50:00,SC,282,535.9,CHAPECO,Ingestão de álcool pelo condutor,Colisão transversal,Sem Vítimas,Plena Noite,Decrescente,Céu Claro,Simples,Interseção de Vias,Não,3,0,0,0,2,1,0,3,-27.00090509,-52.65087247,SPRF-SC,DEL07-SC,UOP01-DEL07-SC,2024
592396.0,2024-04-07,domingo,07:05:00,SC,282,537.7,CHAPECO,Velocidade Incompatível,Saída de leito carroçável,Com Vítimas Feridas,Pleno dia,Crescente,Chuva,Simples,Aclive;Curva,Não,3,0,3,0,0,0,3,1,-26.99983,-52.667747,SPRF-SC,DEL07-SC,UOP01-DEL07-SC,2024
592503.0,2024-04-07,domingo,11:55:00,SC,282,421.0,VARGEM BONITA,Reação tardia ou ineficiente do condutor,Colisão traseira,Com Vítimas Feridas,Pleno dia,Crescente,Chuva,Simples,Declive;Curva,Não,4,0,2,0,1,1,2,3,-27.006414,-51.737789,SPRF-SC,DEL07-SC,UOP05-DEL07-SC,2024
592505.0,2024-04-07,domingo,13:21:00,SC,282,387.2,JOACABA,Velocidade Incompatível,Colisão frontal,Com Vítimas Fatais,Pleno dia,Decrescente,Chuva,Simples,Reta,Sim,3,2,1,0,0,0,1,2,-27.18336178,-51.51990294,SPRF-SC,DEL07-SC,UOP05-DEL07-SC,2024
592660.0,2024-04-08,segunda-feira,14:00:00,SC,282,24.5,SANTO AMARO DA IMPERATRIZ,Transitar no Acostamento,Colisão transversal,Com Vítimas Feridas,Pleno dia,Crescente,Céu Claro,Simples,Curva,Não,2,0,0,1,1,0,1,2,-27.68268,-48.744614,SPRF-SC,DEL01-SC,UOP03-DEL01-SC,2024
593142.0,2024-04-10,quarta-feira,16:00:00,SC,282,211.1,LAGES,Reação tardia ou ineficiente do condutor,Colisão traseira,Com Vítimas Feridas,Pleno dia,Crescente,Céu Claro,Dupla,Aclive;Em Obras;Reta,Não,5,0,2,0,2,1,2,3,-27.780222,-50.241741,SPRF-SC,DEL05-SC,UOP01-DEL05-SC,2024
593446.0,2024-04-12,sexta-feira,11:05:00,SC,282,123.5,CHAPECO,Acessar a via sem observar a presença dos outros veículos,Colisão transversal,Com Vítimas Feridas,Pleno dia,Crescente,Céu Claro,Simples,Interseção de Vias,Sim,4,0,2,0,2,0,2,2,-26.99987267,-52.64639854,SPRF-SC,DEL05-SC,UOP01-DEL05-SC,2024
593931.0,2024-04-14,domingo,12:15:00,SC,282,104.0,ALFREDO WAGNER,Acessar a via sem observar a presença dos outros veículos,Colisão lateral mesmo sentido,Com Vítimas Feridas,Pleno dia,Decrescente,Nublado,Simples,Aclive;Reta,Sim,3,0,2,0,1,0,2,2,-27.696043,-49.334038,SPRF-SC,DEL01-SC,UOP03-DEL01-SC,2024
595000.0,2024-04-19,sexta-feira,14:10:00,SC,282,211.1,LAGES,Ausência de reação do condutor,Colisão traseira,Com Vítimas Feridas,Pleno dia,Crescente,Sol,Simples,Reta;Aclive;Em Obras,Não,11,0,5,0,4,2,5,7,-27.780222,-50.241741,SPRF-SC,DEL05-SC,UOP01-DEL05-SC,2024
595020.0,2024-02-15,quinta-feira,18:50:00,SC,282,51.8,AGUAS MORNAS,Transitar na contramão,Colisão transversal,Com Vítimas Feridas,Anoitecer,Decrescente,Garoa/Chuvisco,Simples,Curva,Não,3,0,0,1,1,1,1,3,-27.703712,-48.959267,SPRF-SC,DEL01-SC,UOP03-DEL01-SC,2024
595174.0,2024-04-12,sexta-feira,07:30:00,SC,282,71.9,RANCHO QUEIMADO,Chuva,Tombamento,Com Vítimas Feridas,Pleno dia,Decrescente,Chuva,Simples,Curva,Não,2,0,0,1,0,1,1,2,-27.689093,-49.097748,SPRF-SC,DEL01-SC,UOP03-DEL01-SC,2024
595193.0,2024-04-20,sábado,11:15:00,SC,282,179.2,BOCAINA DO SUL,Transitar no Acostamento,Colisão traseira,Com Vítimas Feridas,Pleno dia,Crescente,Céu Claro,Simples,Reta,Não,4,0,1,2,0,1,3,3,-27.740141,-49.930519,SPRF-SC,DEL05-SC,UOP01-DEL05-SC,2024
595483.0,2024-04-21,domingo,15:30:00,SC,282,437.1,IRANI,Desrespeitar a preferência no cruzamento,Colisão transversal,Com Vítimas Feridas,Pleno dia,Decrescente,Céu Claro,Simples,Interseção de Vias,Não,3,0,1,1,0,3,2,5,-26.963764,-51.854839,SPRF-SC,DEL07-SC,UOP04-DEL07-SC,2024
595716.0,2024-04-22,segunda-feira,12:50:00,SC,282,491.7,FAXINAL DOS GUEDES,Ausência de reação do condutor,Saída de leito carroçável,Sem Vítimas,Pleno dia,Decrescente,Nublado,Simples,Aclive;Reta,Não,2,0,0,0,1,1,0,2,-26.872433,-52.291599,SPRF-SC,DEL07-SC,UOP01-DEL07-SC,2024
595858.0,2024-04-23,terça-feira,10:45:00,SC,282,455.0,PONTE SERRADA,Acostamento em desnível,Tombamento,Com Vítimas Feridas,Pleno dia,Decrescente,Chuva,Simples,Curva;Declive,Não,2,0,1,0,0,1,1,2,-26.888617,-51.99427,SPRF-SC,DEL07-SC,UOP04-DEL07-SC,2024
596199.0,2024-04-25,quinta-feira,04:30:00,SC,282,324.9,CAMPOS NOVOS,Retorno proibido,Colisão transversal,Com Vítimas Feridas,Plena Noite,Decrescente,Céu Claro,Simples,Reta,Não,6,0,1,0,4,3,1,7,-27.387329,-51.055897,SPRF-SC,DEL07-SC,UOP06-DEL07-SC,2024
596384.0,2024-04-26,sexta-feira,02:00:00,SC,282,639.8,DESCANSO,Transitar na contramão,Colisão frontal,Sem Vítimas,Plena Noite,Decrescente,Céu Claro,Simples,Reta,Não,3,0,0,0,1,2,0,3,-26.793066,-53.451859,SPRF-SC,DEL07-SC,UOP03-DEL07-SC,2024
596526.0,2024-04-26,sexta-feira,16:40:00,SC,282,24.8,SANTO AMARO DA IMPERATRIZ,Reação tardia ou ineficiente do condutor,Colisão traseira,Com Vítimas Feridas,Pleno dia,Decrescente,Nublado,Simples,Aclive;Viaduto;Reta,Sim,2,0,1,0,1,0,1,2,-27.68268,-48.744614,SPRF-SC,DEL01-SC,UOP03-DEL01-SC,2024
596641.0,2024-04-27,sábado,02:00:00,SC,282,459.0,PONTE SERRADA,Acessar a via sem observar a presença dos outros veículos,Colisão transversal,Com Vítimas Feridas,Plena Noite,Crescente,Céu Claro,Simples,Reta,Sim,6,0,1,0,3,2,1,3,-26.863695,-52.024818,SPRF-SC,DEL07-SC,UOP04-DEL07-SC,2024
596753.0,2024-04-27,sábado,13:00:00,SC,282,222.0,LAGES,Transitar na contramão,Colisão lateral sentido oposto,Com Vítimas Feridas,Pleno dia,Decrescente,Céu Claro,Simples,Curva;Declive,Não,3,0,1,0,1,3,1,5,-27.797739,-50.353409,SPRF-SC,DEL05-SC,UOP01-DEL05-SC,2024
597283.0,2024-04-23,terça-feira,17:20:00,SC,282,472.8,PONTE SERRADA,Transitar na contramão,Colisão frontal,Com Vítimas Feridas,Anoitecer,Crescente,Chuva,Simples,Reta;Declive,Não,6,0,1,1,3,2,2,7,-26.854208,-52.107345,SPRF-SC,DEL07-SC,UOP01-DEL07-SC,2024
597373.0,2024-04-30,terça-feira,08:10:00,SC,282,4.4,FLORIANOPOLIS,Ausência de reação do condutor,Colisão lateral mesmo sentido,Com Vítimas Feridas,Pleno dia,Decrescente,Céu Claro,Múltipla,Reta,Sim,2,0,1,0,1,0,1,2,-27.592646,-48.604034,SPRF-SC,DEL01-SC,UOP01-DEL01-SC,2024
597403.0,2024-04-07,domingo,01:50:00,SC,282,615.0,MARAVILHA,Condutor Dormindo,Colisão frontal,Com Vítimas Feridas,Plena Noite,Crescente,Céu Claro,Simples,Curva,Não,4,0,1,0,2,1,1,3,-26.774349,-53.271767,SPRF-SC,DEL07-SC,UOP02-DEL07-SC,2024
597406.0,2024-04-30,terça-feira,07:15:00,SC,282,585.4,PINHALZINHO,Manobra de mudança de faixa,Colisão lateral sentido oposto,Com Vítimas Feridas,Pleno dia,Crescente,Céu Claro,Simples,Curva,Não,3,0,2,0,1,0,2,2,-26.830591,-53.025528,SPRF-SC,DEL07-SC,UOP02-DEL07-SC,2024
597923.0,2024-05-02,quinta-feira,17:15:00,SC,282,359.0,ERVAL VELHO,Transitar na contramão,Colisão lateral sentido oposto,Sem Vítimas,Pleno dia,Crescente,Chuva,Simples,Reta;Ponte,Não,2,0,0,0,1,1,0,2,-27.324184,-51.36026,SPRF-SC,DEL07-SC,UOP05-DEL07-SC,2024
598036.0,2024-05-03,sexta-feira,17:30:00,SC,282,18.3,PALHOCA,Trafegar com motocicleta (ou similar) entre as faixas,Colisão transversal,Com Vítimas Feridas,Pleno dia,Decrescente,Céu Claro,Simples,Reta,Sim,2,0,0,1,1,0,1,2,-27.672798,-48.694286,SPRF-SC,DEL01-SC,UOP02-DEL01-SC,2024
598702.0,2024-05-06,segunda-feira,15:58:00,SC,282,340.0,CAMPOS NOVOS,Reação tardia ou ineficiente do condutor,Colisão lateral sentido oposto,Com Vítimas Feridas,Pleno dia,Decrescente,Céu Claro,Simples,Reta;Declive,Sim,4,0,2,0,1,1,2,4,-27.388266,-51.203793,SPRF-SC,DEL07-SC,UOP06-DEL07-SC,2024
598739.0,2024-05-06,segunda-feira,17:10:00,SC,480,129.6,CHAPECO,Demais falhas mecânicas ou elétricas,Saída de leito carroçável,Sem Vítimas,Pleno dia,Decrescente,Céu Claro,Múltipla,Curva;Declive,Sim,2,0,0,0,0,2,0,2,-27.0521431,-52.63541031,SPRF-SC,DEL07-SC,UOP01-DEL07-SC,2024
598838.0,2024-05-07,terça-feira,10:30:00,SC,282,446.2,PONTE SERRADA,Manobra de mudança de faixa,Colisão lateral mesmo sentido,Com Vítimas Feridas,Pleno dia,Decrescente,Sol,Simples,Curva,Não,5,0,1,0,3,2,1,6,-26.91319225,-51.90525055,SPRF-SC,DEL07-SC,UOP04-DEL07-SC,2024
598917.0,2024-05-07,terça-feira,18:25:00,SC,282,504.9,XANXERE,Desrespeitar a preferência no cruzamento,Colisão transversal,Com Vítimas Feridas,Amanhecer,Decrescente,Céu Claro,Simples,Reta,Sim,2,0,1,0,1,0,1,2,-26.884279,-52.408466,SPRF-SC,DEL07-SC,UOP01-DEL07-SC,2024
599038.0,2024-05-08,quarta-feira,10:14:00,SC,282,322.6,CAMPOS NOVOS,Transitar na contramão,Colisão frontal,Com Vítimas Fatais,Pleno dia,Decrescente,Céu Claro,Simples,Curva;Declive,Não,4,2,0,1,0,1,1,3,-27.39437,-51.049665,SPRF-SC,DEL07-SC,UOP06-DEL07-SC,2024
599053.0,2024-05-08,quarta-feira,09:35:00,SC,282,481.8,VARGEAO,Ultrapassagem Indevida,Queda de ocupante de veículo,Com Vítimas Feridas,Pleno dia,Decrescente,Céu Claro,Simples,Reta,Não,3,0,1,0,1,1,1,3,-26.865356,-52.209568,SPRF-SC,DEL07-SC,UOP01-DEL07-SC,2024
599162.0,2024-05-08,quarta-feira,18:40:00,SC,282,633.0,DESCANSO,Chuva,Saída de leito carroçável,Com Vítimas Feridas,Plena Noite,Decrescente,Chuva,Simples,Curva;Declive,Não,1,0,0,1,0,0,1,1,-26.824224,-53.412407,SPRF-SC,DEL07-SC,UOP03-DEL07-SC,2024
599699.0,2024-05-11,sábado,07:50:00,SC,282,500.2,XANXERE,Conversão proibida,Colisão lateral mesmo sentido,Sem Vítimas,Pleno dia,Crescente,Nublado,Dupla,Interseção de Vias;Reta,Sim,2,0,0,0,2,0,0,2,-26.881372,-52.37252,SPRF-SC,DEL07-SC,UOP01-DEL07-SC,2024
600130.0,2024-05-12,domingo,21:50:00,SC,282,267.4,SAO JOSE DO CERRITO,Velocidade Incompatível,Colisão traseira,Com Vítimas Feridas,Plena Noite,Decrescente,Garoa/Chuvisco,Simples,Reta,Não,2,0,1,0,1,0,1,2,-27.62302053,-50.65692902,SPRF-SC,DEL05-SC,UOP02-DEL05-SC,2024
600613.0,2024-05-14,terça-feira,22:05:00,SC,282,480.8,VARGEAO,Reação tardia ou ineficiente do condutor,Colisão lateral mesmo sentido,Com Vítimas Feridas,Plena Noite,Crescente,Nublado,Simples,Reta,Não,4,0,1,0,2,2,1,5,-26.86869,-52.201077,SPRF-SC,DEL07-SC,UOP01-DEL07-SC,2024
600693.0,2024-05-15,quarta-feira,14:45:00,SC,282,24.5,SANTO AMARO DA IMPERATRIZ,Pedestre cruzava a pista fora da faixa,Atropelamento de Pedestre,Com Vítimas Fatais,Pleno dia,Crescente,Céu Claro,Simples,Viaduto;Aclive;Reta,Sim,3,1,0,0,1,1,0,2,-27.678693,-48.750013,SPRF-SC,DEL01-SC,UOP03-DEL01-SC,2024
601097.0,2024-05-17,sexta-feira,10:30:00,SC,282,612.0,MARAVILHA,Chuva,Colisão frontal,Com Vítimas Feridas,Pleno dia,Crescente,Chuva,Simples,Curva,Não,2,0,0,1,1,0,1,2,-26.763353,-53.25167656,SPRF-SC,DEL07-SC,UOP02-DEL07-SC,2024
601105.0,2024-05-17,sexta-feira,14:10:00,SC,282,468.4,PONTE SERRADA,Ausência de reação do condutor,Colisão com objeto,Com Vítimas Feridas,Pleno dia,Decrescente,Chuva,Simples,Reta;Interseção de Vias,Não,3,0,3,0,0,0,3,2,-26.85438876,-52.08444357,SPRF-SC,DEL07-SC,UOP04-DEL07-SC,2024
602430.0,2024-05-23,quinta-feira,14:10:00,SC,480,124.7,CHAPECO,Manobra de mudança de faixa,Colisão lateral mesmo sentido,Sem Vítimas,Pleno dia,Crescente,Chuva,Dupla,Reta,Não,3,0,0,0,3,0,0,3,-27.00359519,-52.64391044,SPRF-SC,DEL07-SC,UOP01-DEL07-SC,2024
602555.0,2024-05-24,sexta-feira,08:00:00,SC,282,1.0,FLORIANOPOLIS,Trafegar com motocicleta (ou similar) entre as faixas,Tombamento,Com Vítimas Feridas,Pleno dia,Decrescente,Nublado,Múltipla,Declive,Sim,2,0,0,1,1,0,1,2,-27.602955,-48.580509,SPRF-SC,DEL01-SC,UOP01-DEL01-SC,2024
602618.0,2024-05-24,sexta-feira,11:10:00,SC,480,126.8,CHAPECO,Condutor deixou de manter distância do veículo da frente,Colisão traseira,Com Vítimas Feridas,Pleno dia,Crescente,Garoa/Chuvisco,Múltipla,Reta,Não,4,0,1,0,2,1,1,4,-27.020083,-52.636024,SPRF-SC,DEL07-SC,UOP01-DEL07-SC,2024
602622.0,2024-05-24,sexta-feira,10:15:00,SC,282,495.0,XANXERE,Condutor deixou de manter distância do veículo da frente,Colisão frontal,Com Vítimas Feridas,Pleno dia,Decrescente,Chuva,Simples,Curva,Não,5,0,1,0,3,1,1,4,-26.872722,-52.320417,SPRF-SC,DEL07-SC,UOP01-DEL07-SC,2024
602767.0,2024-05-24,sexta-feira,19:50:00,SC,282,40.5,AGUAS MORNAS,Conversão proibida,Colisão lateral sentido oposto,Sem Vítimas,Plena Noite,Crescente,Céu Claro,Simples,Reta,Não,3,0,0,0,1,2,0,3,-27.716148,-48.869583,SPRF-SC,DEL01-SC,UOP03-DEL01-SC,2024
602920.0,2024-05-25,sábado,16:10:00,SC,282,216.5,LAGES,Desrespeitar a preferência no cruzamento,Colisão transversal,Sem Vítimas,Pleno dia,Decrescente,Nublado,Simples,Interseção de Vias;Rotatória,Sim,2,0,0,0,2,0,0,2,-27.797529,-50.291862,SPRF-SC,DEL05-SC,UOP01-DEL05-SC,2024
603544.0,2024-05-28,terça-feira,07:48:00,SC,282,520.7,XAXIM,Carga excessiva e/ou mal acondicionada,Derramamento de carga,Sem Vítimas,Pleno dia,Decrescente,Nublado,Simples,Rotatória,Sim,2,0,0,0,1,1,0,2,-26.950415,-52.526096,SPRF-SC,DEL07-SC,UOP01-DEL07-SC,2024
603910.0,2024-05-29,quarta-feira,17:35:00,SC,282,89.4,ALFREDO WAGNER,Velocidade Incompatível,Colisão lateral sentido oposto,Com Vítimas Fatais,Anoitecer,Crescente,Céu Claro,Simples,Curva,Não,5,2,0,0,2,4,0,7,-27.6800568,-49.2190195,SPRF-SC,DEL01-SC,UOP03-DEL01-SC,2024
604040.0,2024-05-30,quinta-feira,14:25:00,SC,282,644.1,SAO MIGUEL DO OESTE,Acessar a via sem observar a presença dos outros veículos,Colisão transversal,Com Vítimas Feridas,Pleno dia,Decrescente,Céu Claro,Simples,Declive;Reta,Não,2,0,0,1,1,0,1,2,-26.76771159,-53.4814775,SPRF-SC,DEL07-SC,UOP03-DEL07-SC,2024
604253.0,2024-05-31,sexta-feira,11:05:00,SC,282,429.1,VARGEM BONITA,Transitar na contramão,Colisão frontal,Com Vítimas Fatais,Pleno dia,Crescente,Céu Claro,Simples,Aclive;Reta,Não,3,1,1,0,0,2,1,4,-26.977345,-51.782223,SPRF-SC,DEL07-SC,UOP05-DEL07-SC,2024