id,data_inversa,dia_semana,horario,uf,br,km,municipio,causa_acidente,tipo_acidente,classificacao_acidente,fase_dia,sentido_via,condicao_metereologica,tipo_pista,tracado_via,uso_solo,pessoas,mortos,feridos_leves,feridos_graves,ilesos,ignorados,feridos,veiculos,latitude,longitude,regional,delegacia,uop,ano_arquivo
604272.0,2024-05-31,sexta-feira,16:45:00,SC,282,3.0,FLORIANOPOLIS,Trafegar com motocicleta (ou similar) entre as faixas,Colisão lateral mesmo sentido,Com Vítimas Feridas,Pleno dia,Crescente,Céu Claro,Múltipla,Reta,Sim,2,0,0,1,1,0,1,2,-27.600384,-48.599705,SPRF-SC,DEL01-SC,UOP01-DEL01-SC,2024
604541.0,2024-06-01,sábado,20:20:00,SC,282,627.5,IRACEMINHA,Demais falhas na via,Colisão lateral sentido oposto,Sem Vítimas,Plena Noite,Crescente,Céu Claro,Dupla,Curva;Aclive,Não,3,0,0,0,2,1,0,3,-26.811321,-53.362316,SPRF-SC,DEL07-SC,UOP02-DEL07-SC,2024
604979.0,2024-06-03,segunda-feira,12:45:00,SC,282,58.0,RANCHO QUEIMADO,Acessar a via sem observar a presença dos outros veículos,Colisão transversal,Com Vítimas Feridas,Pleno dia,Decrescente,Céu Claro,Simples,Interseção de Vias;Declive,Sim,10,0,8,1,1,0,9,2,-27.683594,-49.005539,SPRF-SC,DEL01-SC,UOP03-DEL01-SC,2024
605067.0,2024-06-03,segunda-feira,23:00:00,SC,282,415.0,CATANDUVAS,Ingestão de álcool pelo condutor,Colisão traseira,Com Vítimas Feridas,Plena Noite,Crescente,Céu Claro,Simples,Aclive;Reta,Não,2,0,1,0,1,0,1,2,-27.048531,-51.703181,SPRF-SC,DEL07-SC,UOP05-DEL07-SC,2024
605218.0,2024-06-04,terça-feira,18:15:00,SC,282,68.7,RANCHO QUEIMADO,Demais falhas mecânicas ou elétricas,Saída de leito carroçável,Com Vítimas Feridas,Plena Noite,Decrescente,Céu Claro,Simples,Declive;Curva,Não,1,0,1,0,0,0,1,1,-27.692406,-49.075939,SPRF-SC,DEL01-SC,UOP03-DEL01-SC,2024
605910.0,2024-06-08,sábado,06:00:00,SC,282,17.4,PALHOCA,Acessar a via sem observar a presença dos outros veículos,Colisão transversal,Com Vítimas Feridas,Plena Noite,Decrescente,Céu Claro,Simples,Interseção de Vias,Não,3,0,0,1,2,0,1,3,-27.665707,-48.688065,SPRF-SC,DEL01-SC,UOP02-DEL01-SC,2024
606063.0,2024-06-08,sábado,16:25:00,SC,282,332.5,CAMPOS NOVOS,Condutor usando celular,Colisão lateral sentido oposto,Sem Vítimas,Pleno dia,Decrescente,Céu Claro,Simples,Reta,Não,3,0,0,0,1,2,0,3,-27.390564,-51.125843,SPRF-SC,DEL07-SC,UOP06-DEL07-SC,2024
606414.0,2024-06-09,domingo,20:00:00,SC,282,539.6,CHAPECO,Velocidade Incompatível,Tombamento,Com Vítimas Feridas,Pleno dia,Crescente,Céu Claro,Simples,Curva,Não,1,0,1,0,0,0,1,1,-26.99134246,-52.68614704,SPRF-SC,DEL07-SC,UOP01-DEL07-SC,2024
606493.0,2024-06-10,segunda-feira,08:50:00,SC,282,535.1,CHAPECO,Desrespeitar a preferência no cruzamento,Colisão transversal,Com Vítimas Feridas,Pleno dia,Decrescente,Céu Claro,Dupla,Aclive;Interseção de Vias,Sim,3,0,3,0,0,0,3,2,-26.99973884,-52.64651656,SPRF-SC,DEL07-SC,UOP01-DEL07-SC,2024
606576.0,2024-06-10,segunda-feira,16:25:00,SC,282,516.0,XAXIM,Frear bruscamente,Engavetamento,Sem Vítimas,Pleno dia,Decrescente,Céu Claro,Simples,Rotatória,Não,10,0,0,0,9,1,0,4,-26.930862,-52.499157,SPRF-SC,DEL07-SC,UOP01-DEL07-SC,2024
606710.0,2024-04-20,sábado,11:05:00,SC,282,515.3,XAXIM,Ultrapassagem Indevida,Colisão lateral mesmo sentido,Com Vítimas Fatais,Pleno dia,Crescente,Sol,Simples,Reta,Não,5,1,1,1,2,0,2,5,-26.9238,-52.49686,SPRF-SC,DEL07-SC,UOP01-DEL07-SC,2024
606846.0,2024-06-11,terça-feira,19:15:00,SC,282,459.1,PONTE SERRADA,Velocidade Incompatível,Saída de leito carroçável,Com Vítimas Feridas,Plena Noite,Crescente,Céu Claro,Simples,Reta,Não,1,0,1,0,0,0,1,1,-26.863695,-52.024818,SPRF-SC,DEL07-SC,UOP04-DEL07-SC,2024
607204.0,2024-06-13,quinta-feira,14:45:00,SC,282,82.2,ALFREDO WAGNER,Reação tardia ou ineficiente do condutor,Colisão traseira,Com Vítimas Feridas,Pleno dia,Decrescente,Céu Claro,Simples,Curva;Aclive,Não,4,0,1,0,3,0,1,3,-27.662027,-49.178356,SPRF-SC,DEL01-SC,UOP03-DEL01-SC,2024
607330.0,2024-06-14,sexta-feira,01:00:00,SC,282,477.9,VARGEAO,Ingestão de álcool pelo condutor,Tombamento,Sem Vítimas,Pleno dia,Decrescente,Céu Claro,Simples,Curva,Não,2,0,0,0,1,1,0,2,-26.88257511,-52.16845618,SPRF-SC,DEL07-SC,UOP01-DEL07-SC,2024
608177.0,2024-05-18,sábado,14:20:00,SC,282,393.0,JOACABA,Ingestão de álcool pelo condutor,Colisão lateral mesmo sentido,Com Vítimas Feridas,Pleno dia,Decrescente,Garoa/Chuvisco,Simples,Curva;Aclive,Não,6,0,1,0,5,0,1,2,-27.160221,-51.573895,SPRF-SC,DEL07-SC,UOP05-DEL07-SC,2024
608436.0,2024-06-18,terça-feira,18:30:00,SC,480,125.4,CHAPECO,Manobra de mudança de faixa,Colisão lateral mesmo sentido,Com Vítimas Feridas,Plena Noite,Crescente,Nublado,Dupla,Reta,Sim,3,0,1,0,1,1,1,3,-27.01164515,-52.63953123,SPRF-SC,DEL07-SC,UOP01-DEL07-SC,2024
608867.0,2024-06-20,quinta-feira,18:30:00,SC,282,538.0,CHAPECO,Chuva,Colisão frontal,Com Vítimas Feridas,Plena Noite,Crescente,Chuva,Simples,Aclive;Curva,Não,3,0,1,1,1,0,2,2,-27.00047589,-52.67019007,SPRF-SC,DEL07-SC,UOP01-DEL07-SC,2024
608972.0,2024-06-21,sexta-feira,11:50:00,SC,282,459.0,PONTE SERRADA,Reação tardia ou ineficiente do condutor,Colisão traseira,Com Vítimas Feridas,Pleno dia,Crescente,Céu Claro,Simples,Reta;Declive,Sim,3,0,1,0,1,2,1,4,-26.880604,-52.013371,SPRF-SC,DEL07-SC,UOP04-DEL07-SC,2024
609199.0,2024-06-22,sábado,04:40:00,SC,282,478.9,VARGEAO,Transitar na contramão,Colisão frontal,Com Vítimas Fatais,Plena Noite,Crescente,Nublado,Simples,Curva,Não,2,1,0,0,1,0,0,2,-26.8831971,-52.1778083,SPRF-SC,DEL07-SC,UOP01-DEL07-SC,2024
609300.0,2024-06-22,sábado,15:30:00,SC,282,221.0,LAGES,Transitar na contramão,Colisão lateral sentido oposto,Com Vítimas Feridas,Pleno dia,Decrescente,Céu Claro,Simples,Declive;Reta,Não,4,0,1,0,2,1,1,3,-27.79694515,-50.34697294,SPRF-SC,DEL05-SC,UOP01-DEL05-SC,2024
609626.0,2024-06-24,segunda-feira,00:30:00,SC,282,591.4,SAUDADES,Ingestão de álcool pelo condutor,Colisão frontal,Com Vítimas Feridas,Plena Noite,Crescente,Nublado,Simples,Curva,Não,3,0,0,2,1,0,2,2,-26.82564097,-53.08676362,SPRF-SC,DEL07-SC,UOP02-DEL07-SC,2024
609738.0,2024-06-04,terça-feira,04:15:00,SC,282,100.3,ALFREDO WAGNER,Ausência de reação do condutor,Saída de leito carroçável,Sem Vítimas,Plena Noite,Decrescente,Céu Claro,Simples,Curva,Não,2,0,0,0,1,2,0,3,-27.698915,-49.297039,SPRF-SC,DEL01-SC,UOP03-DEL01-SC,2024
609880.0,2024-03-17,domingo,08:50:00,SC,282,446.0,PONTE SERRADA,Reação tardia ou ineficiente do condutor,Colisão lateral sentido oposto,Com Vítimas Feridas,Pleno dia,Crescente,Chuva,Dupla,Reta,Não,6,0,2,0,3,1,2,3,-26.880604,-52.013371,SPRF-SC,DEL07-SC,UOP04-DEL07-SC,2024
609991.0,2024-06-25,terça-feira,18:05:00,SC,282,21.0,SANTO AMARO DA IMPERATRIZ,Acessar a via sem observar a presença dos outros veículos,Colisão transversal,Com Vítimas Feridas,Plena Noite,Decrescente,Chuva,Simples,Reta,Sim,2,0,1,0,1,0,1,2,-27.68907,-48.717541,SPRF-SC,DEL01-SC,UOP02-DEL01-SC,2024
610065.0,2024-06-25,terça-feira,23:10:00,SC,282,644.0,SAO MIGUEL DO OESTE,Transitar na contramão,Colisão frontal,Com Vítimas Feridas,Plena Noite,Decrescente,Nevoeiro/Neblina,Simples,Curva;Declive,Não,4,0,1,1,1,1,2,3,-26.769157,-53.479385,SPRF-SC,DEL07-SC,UOP03-DEL07-SC,2024
610202.0,2024-06-26,quarta-feira,16:00:00,SC,480,130.0,CHAPECO,Reação tardia ou ineficiente do condutor,Saída de leito carroçável,Com Vítimas Feridas,Pleno dia,Crescente,Céu Claro,Simples,Reta,Sim,2,0,1,0,0,1,1,2,-27.05534298,-52.63652069,SPRF-SC,DEL07-SC,UOP01-DEL07-SC,2024
610210.0,2024-06-26,quarta-feira,14:55:00,SC,282,458.3,PONTE SERRADA,Desrespeitar a preferência no cruzamento,Colisão transversal,Com Vítimas Feridas,Pleno dia,Decrescente,Garoa/Chuvisco,Simples,Retorno Regulamentado;Reta;Interseção de Vias,Sim,5,0,2,0,2,1,2,3,-26.86647589,-52.02280012,SPRF-SC,DEL07-SC,UOP04-DEL07-SC,2024
610265.0,2024-06-26,quarta-feira,22:05:00,SC,282,552.9,NOVA ITABERABA,Reação tardia ou ineficiente do condutor,Saída de leito carroçável,Sem Vítimas,Plena Noite,Decrescente,Nublado,Simples,Declive;Reta,Não,1,0,0,0,0,1,0,1,-26.94337156,-52.78483272,SPRF-SC,DEL07-SC,UOP01-DEL07-SC,2024
610474.0,2024-06-27,quinta-feira,19:30:00,SC,282,45.4,AGUAS MORNAS,Problema com o freio,Colisão lateral sentido oposto,Sem Vítimas,Plena Noite,Decrescente,Céu Claro,Simples,Curva;Declive,Não,3,0,0,0,2,1,0,3,-27.719851,-48.916126,SPRF-SC,DEL01-SC,UOP03-DEL01-SC,2024
611258.0,2024-04-16,terça-feira,03:00:00,SC,282,529.4,CORDILHEIRA ALTA,Velocidade Incompatível,Colisão transversal,Com Vítimas Feridas,Plena Noite,Crescente,Garoa/Chuvisco,Simples,Declive;Curva,Não,2,0,1,0,1,0,1,2,-26.982185,-52.59734,SPRF-SC,DEL07-SC,UOP01-DEL07-SC,2024
611531.0,2024-07-02,terça-feira,15:30:00,SC,282,223.0,LAGES,Desrespeitar a preferência no cruzamento,Colisão transversal,Com Vítimas Feridas,Pleno dia,Crescente,Céu Claro,Simples,Rotatória,Sim,4,0,1,0,2,1,1,3,-27.79979235,-50.36360264,SPRF-SC,DEL05-SC,UOP01-DEL05-SC,2024
611814.0,2024-07-03,quarta-feira,17:00:00,SC,282,449.0,PONTE SERRADA,Reação tardia ou ineficiente do condutor,Colisão com objeto,Com Vítimas Feridas,Anoitecer,Crescente,Céu Claro,Dupla,Curva,Não,3,0,1,0,1,1,1,3,-26.919342,-51.944427,SPRF-SC,DEL07-SC,UOP04-DEL07-SC,2024
612139.0,2024-06-07,sexta-feira,11:30:00,SC,480,125.1,CHAPECO,Reação tardia ou ineficiente do condutor,Colisão transversal,Com Vítimas Feridas,Pleno dia,Crescente,Céu Claro,Simples,Reta;Viaduto,Sim,2,0,0,1,1,0,1,2,-27.01533884,-52.63820171,SPRF-SC,DEL07-SC,UOP01-DEL07-SC,2024
612251.0,2024-07-05,sexta-feira,18:25:00,SC,282,391.0,JOACABA,Demais falhas mecânicas ou elétricas,Incêndio,Sem Vítimas,Plena Noite,Decrescente,Céu Claro,Simples,Reta,Não,2,0,0,0,2,0,0,1,-27.170649,-51.559193,SPRF-SC,DEL07-SC,UOP05-DEL07-SC,2024
612599.0,2024-07-06,sábado,17:20:00,SC,282,526.0,XAXIM,Reação tardia ou ineficiente do condutor,Tombamento,Com Vítimas Feridas,Anoitecer,Decrescente,Chuva,Simples,Curva,Não,2,0,1,0,0,2,1,3,-26.969427,-52.57497,SPRF-SC,DEL07-SC,UOP01-DEL07-SC,2024
612896.0,2024-07-07,domingo,14:55:00,SC,282,497.9,XANXERE,Ingestão de álcool pelo condutor,Colisão frontal,Com Vítimas Fatais,Pleno dia,Crescente,Chuva,Simples,Aclive;Curva,Não,5,1,3,0,0,1,3,4,-26.879157,-52.347801,SPRF-SC,DEL07-SC,UOP01-DEL07-SC,2024
612922.0,2024-07-08,segunda-feira,02:49:00,SC,282,17.0,PALHOCA,Condutor Dormindo,Colisão traseira,Com Vítimas Feridas,Plena Noite,Crescente,Nublado,Simples,Reta,Sim,3,0,1,0,1,1,1,3,-27.665707,-48.688065,SPRF-SC,DEL01-SC,UOP02-DEL01-SC,2024
613049.0,2024-07-07,domingo,18:10:00,SC,282,124.8,BOM RETIRO,Ingestão de álcool pelo condutor,Colisão transversal,Com Vítimas Feridas,Plena Noite,Crescente,Chuva,Simples,Reta,Não,3,0,2,0,1,0,2,2,-27.805086,-49.450378,SPRF-SC,DEL05-SC,UOP01-DEL05-SC,2024
613329.0,2024-07-09,terça-feira,19:55:00,SC,282,0.4,FLORIANOPOLIS,Demais falhas mecânicas ou elétricas,Colisão com objeto,Sem Vítimas,Plena Noite,Decrescente,Chuva,Múltipla,Reta;Declive,Sim,4,0,0,0,3,1,0,3,-27.59845,-48.571995,SPRF-SC,DEL01-SC,UOP01-DEL01-SC,2024
613931.0,2024-07-12,sexta-feira,11:10:00,SC,282,452.0,PONTE SERRADA,Ultrapassagem Indevida,Colisão lateral sentido oposto,Com Vítimas Feridas,Pleno dia,Decrescente,Nublado,Dupla,Reta,Não,15,0,1,0,13,1,1,5,-26.90612,-51.970417,SPRF-SC,DEL07-SC,UOP04-DEL07-SC,2024
614095.0,2024-07-13,sábado,05:30:00,SC,282,573.3,NOVA ERECHIM,Ausência de reação do condutor,Colisão frontal,Com Vítimas Fatais,Plena Noite,Crescente,Nevoeiro/Neblina,Simples,Curva,Não,4,1,0,2,1,0,2,2,-26.872942,-52.956654,SPRF-SC,DEL07-SC,UOP02-DEL07-SC,2024
614240.0,2024-07-13,sábado,17:50:00,SC,282,615.3,MARAVILHA,Transitar na contramão,Colisão lateral sentido oposto,Com Vítimas Feridas,Plena Noite,Decrescente,Chuva,Simples,Curva,Não,5,0,1,0,3,2,1,5,-26.77624468,-53.27540159,SPRF-SC,DEL07-SC,UOP02-DEL07-SC,2024
614449.0,2024-07-14,domingo,16:40:00,SC,282,433.9,VARGEM BONITA,Neblina,Colisão transversal,Com Vítimas Feridas,Pleno dia,Decrescente,Nevoeiro/Neblina,Simples,Reta,Não,6,0,4,0,1,2,4,4,-26.97752,-51.823841,SPRF-SC,DEL07-SC,UOP04-DEL07-SC,2024
614578.0,2024-07-15,segunda-feira,02:25:00,SC,480,126.0,CHAPECO,Reação tardia ou ineficiente do condutor,Saída de leito carroçável,Sem Vítimas,Plena Noite,Decrescente,Nevoeiro/Neblina,Dupla,Reta,Sim,2,0,0,0,1,1,0,2,-27.020083,-52.636024,SPRF-SC,DEL07-SC,UOP01-DEL07-SC,2024
614597.0,2024-07-15,segunda-feira,07:45:00,SC,282,141.1,BOM RETIRO,Condutor Dormindo,Colisão lateral sentido oposto,Com Vítimas Feridas,Pleno dia,Crescente,Nublado,Simples,Reta,Não,2,0,1,0,1,0,1,2,-27.8130783,-49.5977354,SPRF-SC,DEL05-SC,UOP01-DEL05-SC,2024
615491.0,2024-07-19,sexta-feira,15:45:00,SC,282,503.6,XANXERE,Demais falhas mecânicas ou elétricas,Colisão com objeto,Com Vítimas Feridas,Pleno dia,Crescente,Sol,Dupla,Reta;Declive,Sim,1,0,1,0,0,0,1,1,-26.88492,-52.399788,SPRF-SC,DEL07-SC,UOP01-DEL07-SC,2024
615521.0,2024-07-19,sexta-feira,15:15:00,SC,282,625.1,IRACEMINHA,Ultrapassagem Indevida,Colisão lateral mesmo sentido,Com Vítimas Feridas,Pleno dia,Decrescente,Céu Claro,Simples,Aclive;Reta,Não,6,0,3,1,0,3,4,6,-26.800232,-53.351334,SPRF-SC,DEL07-SC,UOP02-DEL07-SC,2024
615588.0,2024-07-19,sexta-feira,21:00:00,SC,282,516.0,XAXIM,Ingestão de álcool pelo condutor,Colisão lateral mesmo sentido,Sem Vítimas,Plena Noite,Crescente,Céu Claro,Simples,Aclive;Curva,Não,3,0,0,0,2,1,0,3,-26.92941359,-52.49955112,SPRF-SC,DEL07-SC,UOP01-DEL07-SC,2024
615746.0,2024-07-20,sábado,17:00:00,SC,480,129.0,CHAPECO,Ausência de sinalização,Colisão lateral mesmo sentido,Com Vítimas Feridas,Pleno dia,Crescente,Céu Claro,Simples,Reta;Interseção de Vias;Em Obras,Sim,3,0,0,1,1,2,1,4,-27.04656607,-52.63577131,SPRF-SC,DEL07-SC,UOP01-DEL07-SC,2024
615796.0,2024-07-20,sábado,18:40:00,SC,282,604.5,MARAVILHA,Ingestão de álcool pelo condutor,Colisão transversal,Com Vítimas Feridas,Plena Noite,Crescente,Nublado,Simples,Declive;Reta,Sim,2,0,0,1,1,0,1,2,-26.795523,-53.192974,SPRF-SC,DEL07-SC,UOP02-DEL07-SC,2024
616130.0,2024-06-02,domingo,06:40:00,SC,282,610.5,MARAVILHA,Transitar na contramão,Colisão frontal,Com Vítimas Fatais,Pleno dia,Decrescente,Céu Claro,Simples,Reta;Aclive,Não,5,1,0,0,2,4,0,7,-26.75509,-53.23556,SPRF-SC,DEL07-SC,UOP02-DEL07-SC,2024
616199.0,2024-07-22,segunda-feira,14:30:00,SC,282,231.3,LAGES,Desrespeitar a preferência no cruzamento,Colisão transversal,Com Vítimas Feridas,Pleno dia,Decrescente,Céu Claro,Simples,Reta,Não,5,0,2,0,2,1,2,3,-27.787624,-50.435722,SPRF-SC,DEL05-SC,UOP02-DEL05-SC,2024
616204.0,2024-01-11,quinta-feira,14:40:00,SC,282,19.4,PALHOCA,Retorno proibido,Colisão transversal,Com Vítimas Feridas,Pleno dia,Decrescente,Garoa/Chuvisco,Simples,Reta,Não,4,0,2,0,1,1,2,3,-27.678635,-48.70192,SPRF-SC,DEL01-SC,UOP02-DEL01-SC,2024
616464.0,2024-07-23,terça-feira,21:00:00,SC,282,112.0,ALFREDO WAGNER,Ingestão de álcool pelo condutor,Colisão frontal,Com Vítimas Feridas,Plena Noite,Decrescente,Céu Claro,Simples,Aclive,Não,2,0,0,1,1,0,1,2,-27.734867,-49.376289,SPRF-SC,DEL01-SC,UOP03-DEL01-SC,2024
616479.0,2024-07-24,quarta-feira,01:55:00,SC,282,218.9,LAGES,Suicídio (presumido),Atropelamento de Pedestre,Com Vítimas Fatais,Plena Noite,Crescente,Céu Claro,Múltipla,Aclive;Reta;Viaduto,Sim,3,1,0,0,1,1,0,3,-27.79760951,-50.31116009,SPRF-SC,DEL05-SC,UOP01-DEL05-SC,2024
616653.0,2024-07-24,quarta-feira,16:30:00,SC,282,514.1,XAXIM,Transitar no Acostamento,Queda de ocupante de veículo,Com Vítimas Feridas,Pleno dia,Decrescente,Céu Claro,Simples,Declive;Reta,Não,2,0,1,0,0,1,1,2,-26.916084,-52.49052,SPRF-SC,DEL07-SC,UOP01-DEL07-SC,2024
616670.0,2024-07-24,quarta-feira,15:30:00,SC,282,506.0,XANXERE,Ausência de sinalização,Colisão lateral mesmo sentido,Com Vítimas Feridas,Pleno dia,Crescente,Céu Claro,Simples,Reta;Aclive,Não,2,0,1,0,1,0,1,2,-26.88604788,-52.43869901,SPRF-SC,DEL07-SC,UOP01-DEL07-SC,2024
617146.0,2024-07-27,sábado,04:20:00,SC,282,580.0,PINHALZINHO,Ingestão de álcool pelo condutor,Colisão traseira,Com Vítimas Feridas,Plena Noite,Crescente,Céu Claro,Múltipla,Reta,Sim,8,0,3,0,4,1,3,4,-26.832148,-52.994308,SPRF-SC,DEL07-SC,UOP02-DEL07-SC,2024
617435.0,2024-07-28,domingo,10:30:00,SC,282,457.3,PONTE SERRADA,Transtornos Mentais (exceto suicidio),Colisão traseira,Com Vítimas Feridas,Pleno dia,Crescente,Nublado,Simples,Declive;Reta,Não,4,0,1,0,2,4,1,7,-26.880604,-52.013371,SPRF-SC,DEL07-SC,UOP04-DEL07-SC,2024
617577.0,2024-07-28,domingo,20:10:00,SC,282,400.9,JOACABA,Ultrapassagem Indevida,Saída de leito carroçável,Com Vítimas Feridas,Plena Noite,Decrescente,Chuva,Simples,Declive;Curva,Não,2,0,1,0,0,1,1,2,-27.132223,-51.627563,SPRF-SC,DEL07-SC,UOP05-DEL07-SC,2024
617902.0,2024-07-30,terça-feira,14:00:00,SC,282,488.2,FAXINAL DOS GUEDES,Reação tardia ou ineficiente do condutor,Tombamento,Com Vítimas Feridas,Pleno dia,Decrescente,Sol,Simples,Rotatória,Não,2,0,1,0,0,1,1,2,-26.863047,-52.270107,SPRF-SC,DEL07-SC,UOP01-DEL07-SC,2024
617942.0,2024-07-30,terça-feira,18:20:00,SC,282,328.0,CAMPOS NOVOS,Condutor deixou de manter distância do veículo da frente,Colisão traseira,Com Vítimas Feridas,Plena Noite,Decrescente,Céu Claro,Simples,Reta,Não,6,0,1,0,4,1,1,3,-27.37558,-51.088852,SPRF-SC,DEL07-SC,UOP06-DEL07-SC,2024
618254.0,2024-08-01,quinta-feira,12:20:00,SC,282,637.5,DESCANSO,Reação tardia ou ineficiente do condutor,Colisão traseira,Sem Vítimas,Pleno dia,Decrescente,Céu Claro,Simples,Reta,Não,2,0,0,0,2,0,0,2,-26.800833,-53.448235,SPRF-SC,DEL07-SC,UOP03-DEL07-SC,2024
618291.0,2024-08-01,quinta-feira,14:05:00,SC,282,86.3,ALFREDO WAGNER,Velocidade Incompatível,Colisão frontal,Com Vítimas Fatais,Pleno dia,Decrescente,Céu Claro,Simples,Curva,Não,4,1,0,0,3,0,0,2,-27.6642202,-49.2008223,SPRF-SC,DEL01-SC,UOP03-DEL01-SC,2024
618622.0,2024-08-02,sexta-feira,09:00:00,SC,282,322.6,CAMPOS NOVOS,Reação tardia ou ineficiente do condutor,Tombamento,Sem Vítimas,Pleno dia,Decrescente,Céu Claro,Simples,Rotatória,Não,2,0,0,0,1,1,0,2,-27.37465625,-51.06676168,SPRF-SC,DEL07-SC,UOP06-DEL07-SC,2024
619215.0,2024-08-05,segunda-feira,07:40:00,SC,282,23.8,SANTO AMARO DA IMPERATRIZ,Desrespeitar a preferência no cruzamento,Colisão transversal,Com Vítimas Feridas,Pleno dia,Crescente,Céu Claro,Simples,Reta,Sim,8,0,0,1,7,0,1,3,-27.68452951,-48.74358058,SPRF-SC,DEL01-SC,UOP03-DEL01-SC,2024
619352.0,2024-08-05,segunda-feira,19:12:00,SC,282,602.1,CUNHA PORA,Acesso irregular,Colisão transversal,Com Vítimas Feridas,Plena Noite,Decrescente,Garoa/Chuvisco,Simples,Em Obras;Interseção de Vias,Não,5,0,3,0,2,0,3,2,-26.806049,-53.178757,SPRF-SC,DEL07-SC,UOP02-DEL07-SC,2024
619482.0,2024-08-06,terça-feira,14:45:00,SC,282,27.5,SANTO AMARO DA IMPERATRIZ,Ingestão de álcool pelo condutor,Saída de leito carroçável,Com Vítimas Feridas,Pleno dia,Decrescente,Nublado,Simples,Reta,Sim,2,0,1,0,0,1,1,2,-27.673981,-48.769676,SPRF-SC,DEL01-SC,UOP03-DEL01-SC,2024
619589.0,2024-08-07,quarta-feira,03:30:00,SC,282,378.0,HERVAL DOESTE,Reação tardia ou ineficiente do condutor,Colisão com objeto,Sem Vítimas,Plena Noite,Crescente,Céu Claro,Simples,Rotatória,Sim,1,0,0,0,1,0,0,1,-27.214546,-51.47958,SPRF-SC,DEL07-SC,UOP05-DEL07-SC,2024
619803.0,2024-08-08,quinta-feira,06:10:00,SC,282,37.2,AGUAS MORNAS,Velocidade Incompatível,Tombamento,Com Vítimas Feridas,Amanhecer,Decrescente,Nevoeiro/Neblina,Simples,Declive;Curva,Não,2,0,1,0,0,2,1,3,-27.707325,-48.842983,SPRF-SC,DEL01-SC,UOP03-DEL01-SC,2024
619804.0,2024-08-08,quinta-feira,06:00:00,SC,282,90.4,ALFREDO WAGNER,Transitar na contramão,Tombamento,Com Vítimas Fatais,Amanhecer,Crescente,Céu Claro,Simples,Reta,Não,6,1,1,1,0,3,2,4,-27.6871154,-49.2261268,SPRF-SC,DEL01-SC,UOP03-DEL01-SC,2024
619881.0,2024-08-08,quinta-feira,15:40:00,SC,282,507.5,XANXERE,Problema com o freio,Colisão lateral mesmo sentido,Sem Vítimas,Pleno dia,Decrescente,Nublado,Simples,Curva,Não,2,0,0,0,2,0,0,2,-26.886171,-52.43911,SPRF-SC,DEL07-SC,UOP01-DEL07-SC,2024
620734.0,2024-08-12,segunda-feira,04:20:00,SC,282,351.0,CAMPOS NOVOS,Transitar na contramão,Colisão frontal,Com Vítimas Feridas,Plena Noite,Crescente,Céu Claro,Simples,Reta,Não,4,0,0,1,1,2,1,4,-27.361374,-51.301975,SPRF-SC,DEL07-SC,UOP06-DEL07-SC,2024
620878.0,2024-07-20,sábado,01:55:00,SC,282,342.0,CAMPOS NOVOS,Condutor Dormindo,Colisão frontal,Com Vítimas Feridas,Plena Noite,Decrescente,Céu Claro,Simples,Reta,Sim,2,0,1,0,1,0,1,2,-27.390287,-51.223286,SPRF-SC,DEL07-SC,UOP06-DEL07-SC,2024
620997.0,2024-08-10,sábado,04:00:00,SC,282,104.0,ALFREDO WAGNER,Reação tardia ou ineficiente do condutor,Colisão frontal,Sem Vítimas,Plena Noite,Crescente,Céu Claro,Simples,Curva,Não,2,0,0,0,2,0,0,2,-27.696043,-49.334038,SPRF-SC,DEL01-SC,UOP03-DEL01-SC,2024
621074.0,2024-08-13,terça-feira,20:55:00,SC,282,513.0,XANXERE,Ultrapassagem Indevida,Colisão lateral mesmo sentido,Sem Vítimas,Plena Noite,Decrescente,Céu Claro,Simples,Aclive;Curva,Não,4,0,0,0,3,2,0,5,-26.914485,-52.478322,SPRF-SC,DEL07-SC,UOP01-DEL07-SC,2024
621245.0,2024-08-14,quarta-feira,19:10:00,SC,282,23.4,SANTO AMARO DA IMPERATRIZ,Condutor deixou de manter distância do veículo da frente,Colisão lateral sentido oposto,Com Vítimas Feridas,Plena Noite,Crescente,Céu Claro,Simples,Reta,Sim,2,0,0,1,1,0,1,2,-27.687958,-48.736794,SPRF-SC,DEL01-SC,UOP02-DEL01-SC,2024
621366.0,2024-08-15,quinta-feira,11:30:00,SC,282,548.6,CHAPECO,Acessar a via sem observar a presença dos outros veículos,Colisão transversal,Com Vítimas Feridas,Pleno dia,Crescente,Céu Claro,Simples,Reta,Não,3,0,1,0,2,0,1,3,-26.968346,-52.753883,SPRF-SC,DEL07-SC,UOP01-DEL07-SC,2024
621470.0,2024-08-14,quarta-feira,22:30:00,SC,282,434.0,VARGEM BONITA,Ausência de reação do condutor,Saída de leito carroçável,Sem Vítimas,Plena Noite,Crescente,Céu Claro,Simples,Curva,Não,2,0,0,0,0,2,0,2,-26.972441,-51.831917,SPRF-SC,DEL07-SC,UOP04-DEL07-SC,2024
621507.0,2024-08-16,sexta-feira,07:20:00,SC,282,529.6,CORDILHEIRA ALTA,Manobra de mudança de faixa,Colisão traseira,Sem Vítimas,Pleno dia,Crescente,Céu Claro,Simples,Curva,Não,20,0,0,0,20,0,0,2,-26.982185,-52.59734,SPRF-SC,DEL07-SC,UOP01-DEL07-SC,2024