id,data_inversa,dia_semana,horario,uf,br,km,municipio,causa_acidente,tipo_acidente,classificacao_acidente,fase_dia,sentido_via,condicao_metereologica,tipo_pista,tracado_via,uso_solo,pessoas,mortos,feridos_leves,feridos_graves,ilesos,ignorados,feridos,veiculos,latitude,longitude,regional,delegacia,uop,ano_arquivo
621557.0,2024-08-16,sexta-feira,11:50:00,SC,282,364.9,ERVAL VELHO,Reação tardia ou ineficiente do condutor,Colisão traseira,Com Vítimas Feridas,Pleno dia,Decrescente,Céu Claro,Simples,Aclive;Curva,Não,4,0,1,0,2,2,1,4,-27.297198,-51.399118,SPRF-SC,DEL07-SC,UOP05-DEL07-SC,2024
621578.0,2024-01-16,terça-feira,11:50:00,SC,282,447.6,PONTE SERRADA,Ultrapassagem Indevida,Colisão frontal,Com Vítimas Fatais,Pleno dia,Decrescente,Céu Claro,Simples,Reta,Não,4,2,0,0,1,1,0,3,-26.9098174,-51.9144984,SPRF-SC,DEL07-SC,UOP04-DEL07-SC,2024
622210.0,2024-08-18,domingo,23:25:00,SC,282,385.2,JOACABA,Condutor Dormindo,Colisão traseira,Com Vítimas Feridas,Plena Noite,Crescente,Céu Claro,Simples,Aclive;Curva,Não,2,0,1,0,1,0,1,2,-27.194431,-51.515869,SPRF-SC,DEL07-SC,UOP05-DEL07-SC,2024
622354.0,2024-08-19,segunda-feira,15:30:00,SC,282,539.7,CHAPECO,Carga excessiva e/ou mal acondicionada,Incêndio,Sem Vítimas,Pleno dia,Crescente,Céu Claro,Simples,Curva,Não,1,0,0,0,1,0,0,1,-26.991587,-52.685516,SPRF-SC,DEL07-SC,UOP01-DEL07-SC,2024
622586.0,2024-08-20,terça-feira,15:00:00,SC,282,366.5,ERVAL VELHO,Ultrapassagem Indevida,Colisão frontal,Com Vítimas Feridas,Pleno dia,Decrescente,Nublado,Simples,Reta;Declive,Não,5,0,2,2,1,0,4,3,-27.295325,-51.404048,SPRF-SC,DEL07-SC,UOP05-DEL07-SC,2024
622625.0,2024-08-21,quarta-feira,05:45:00,SC,282,246.5,SAO JOSE DO CERRITO,Velocidade Incompatível,Saída de leito carroçável,Com Vítimas Feridas,Amanhecer,Crescente,Nublado,Simples,Declive;Curva,Não,2,0,0,1,0,3,1,4,-27.727213,-50.529724,SPRF-SC,DEL05-SC,UOP02-DEL05-SC,2024
622710.0,2024-08-21,quarta-feira,15:50:00,SC,282,535.0,CHAPECO,Desrespeitar a preferência no cruzamento,Colisão lateral mesmo sentido,Com Vítimas Feridas,Pleno dia,Decrescente,Céu Claro,Dupla,Interseção de Vias;Reta,Não,5,0,1,0,3,1,1,3,-26.99949985,-52.64598012,SPRF-SC,DEL07-SC,UOP01-DEL07-SC,2024
622821.0,2024-08-22,quinta-feira,07:00:00,SC,282,401.9,JOACABA,Transitar na contramão,Colisão lateral sentido oposto,Sem Vítimas,Pleno dia,Decrescente,Céu Claro,Simples,Reta,Não,3,0,0,0,1,2,0,3,-27.123957,-51.630913,SPRF-SC,DEL07-SC,UOP05-DEL07-SC,2024
622904.0,2024-08-22,quinta-feira,17:30:00,SC,282,15.7,PALHOCA,Condutor deixou de manter distância do veículo da frente,Colisão lateral mesmo sentido,Com Vítimas Feridas,Anoitecer,Crescente,Nublado,Simples,Reta,Não,2,0,0,1,1,0,1,2,-27.651848,-48.676048,SPRF-SC,DEL01-SC,UOP02-DEL01-SC,2024
622917.0,2024-08-22,quinta-feira,18:00:00,SC,282,0.7,FLORIANOPOLIS,Ausência de reação do condutor,Colisão traseira,Com Vítimas Feridas,Plena Noite,Crescente,Nublado,Múltipla,Declive,Sim,4,0,3,0,1,0,3,3,-27.59845,-48.571995,SPRF-SC,DEL01-SC,UOP01-DEL01-SC,2024
623213.0,2024-08-23,sexta-feira,22:35:00,SC,282,544.5,CHAPECO,Ingestão de álcool pelo condutor,Colisão lateral sentido oposto,Com Vítimas Feridas,Plena Noite,Crescente,Nublado,Simples,Curva,Não,3,0,1,0,1,1,1,3,-26.992517,-52.724781,SPRF-SC,DEL07-SC,UOP01-DEL07-SC,2024
623290.0,2024-08-24,sábado,06:45:00,SC,282,197.7,LAGES,Transitar na contramão,Colisão frontal,Com Vítimas Fatais,Amanhecer,Decrescente,Garoa/Chuvisco,Simples,Reta,Não,5,2,0,0,1,2,0,4,-27.75424,-50.1112514,SPRF-SC,DEL05-SC,UOP01-DEL05-SC,2024
623588.0,2024-08-11,domingo,15:00:00,SC,282,425.0,VARGEM BONITA,Ausência de reação do condutor,Tombamento,Sem Vítimas,Pleno dia,Crescente,Sol,Simples,Curva;Declive,Não,2,0,0,0,1,1,0,2,-26.980412,-51.756256,SPRF-SC,DEL07-SC,UOP05-DEL07-SC,2024
624164.0,2024-08-28,quarta-feira,15:40:00,SC,282,118.0,BOM RETIRO,Demais falhas mecânicas ou elétricas,Colisão com objeto,Com Vítimas Feridas,Pleno dia,Decrescente,Céu Claro,Simples,Curva,Não,3,0,2,0,1,0,2,2,-27.777065,-49.411317,SPRF-SC,DEL05-SC,UOP01-DEL05-SC,2024
624341.0,2024-08-29,quinta-feira,12:00:00,SC,282,589.0,SAUDADES,Transitar na contramão,Colisão lateral mesmo sentido,Com Vítimas Feridas,Pleno dia,Decrescente,Céu Claro,Simples,Reta,Não,4,0,1,1,1,1,2,3,-26.82596,-53.062588,SPRF-SC,DEL07-SC,UOP02-DEL07-SC,2024
625301.0,2024-09-02,segunda-feira,13:35:00,SC,282,644.8,SAO MIGUEL DO OESTE,Ausência de reação do condutor,Colisão traseira,Com Vítimas Feridas,Pleno dia,Crescente,Sol,Simples,Curva;Aclive,Não,2,0,1,0,1,0,1,2,-26.76492403,-53.48627329,SPRF-SC,DEL07-SC,UOP03-DEL07-SC,2024
625368.0,2024-09-02,segunda-feira,17:00:00,SC,282,580.7,PINHALZINHO,Acessar a via sem observar a presença dos outros veículos,Colisão transversal,Com Vítimas Feridas,Pleno dia,Crescente,Sol,Simples,Reta,Sim,2,0,0,1,1,0,1,2,-26.832148,-52.994308,SPRF-SC,DEL07-SC,UOP02-DEL07-SC,2024
625533.0,2024-09-03,terça-feira,13:45:00,SC,282,585.8,PINHALZINHO,Reação tardia ou ineficiente do condutor,Engavetamento,Com Vítimas Feridas,Pleno dia,Crescente,Céu Claro,Simples,Curva;Em Obras,Não,6,0,2,0,3,1,2,4,-26.830591,-53.025528,SPRF-SC,DEL07-SC,UOP02-DEL07-SC,2024
625617.0,2024-09-03,terça-feira,21:30:00,SC,282,390.5,JOACABA,Condutor deixou de manter distância do veículo da frente,Colisão traseira,Sem Vítimas,Plena Noite,Crescente,Céu Claro,Simples,Reta;Declive,Sim,4,0,0,0,1,4,0,5,-27.175066,-51.550556,SPRF-SC,DEL07-SC,UOP05-DEL07-SC,2024
625621.0,2024-09-04,quarta-feira,01:25:00,SC,282,173.7,BOCAINA DO SUL,Transitar na contramão,Colisão frontal,Com Vítimas Fatais,Plena Noite,Decrescente,Nublado,Simples,Reta,Não,2,1,0,0,1,0,0,2,-27.74197959,-49.87929225,SPRF-SC,DEL05-SC,UOP01-DEL05-SC,2024
625684.0,2024-09-04,quarta-feira,10:20:00,SC,282,478.2,VARGEAO,Transitar na contramão,Colisão frontal,Com Vítimas Feridas,Pleno dia,Decrescente,Sol,Simples,Reta,Sim,2,0,0,1,1,0,1,2,-26.875297,-52.157038,SPRF-SC,DEL07-SC,UOP01-DEL07-SC,2024
625826.0,2024-09-05,quinta-feira,06:00:00,SC,282,16.3,PALHOCA,Acessar a via sem observar a presença dos outros veículos,Colisão transversal,Com Vítimas Feridas,Pleno dia,Decrescente,Chuva,Simples,Reta,Sim,2,0,1,0,1,0,1,2,-27.658611,-48.681847,SPRF-SC,DEL01-SC,UOP02-DEL01-SC,2024
625828.0,2024-09-04,quarta-feira,23:53:00,SC,282,393.0,JOACABA,Chuva,Saída de leito carroçável,Sem Vítimas,Plena Noite,Crescente,Garoa/Chuvisco,Simples,Reta;Declive,Não,1,0,0,0,1,0,0,1,-27.161442,-51.571239,SPRF-SC,DEL07-SC,UOP05-DEL07-SC,2024
626202.0,2024-09-06,sexta-feira,15:40:00,SC,282,455.0,PONTE SERRADA,Ultrapassagem Indevida,Colisão lateral mesmo sentido,Com Vítimas Feridas,Pleno dia,Crescente,Céu Claro,Simples,Curva;Declive,Não,5,0,0,1,2,2,1,3,-26.888617,-51.99427,SPRF-SC,DEL07-SC,UOP04-DEL07-SC,2024
626283.0,2024-09-06,sexta-feira,23:00:00,SC,282,492.8,FAXINAL DOS GUEDES,Ultrapassagem Indevida,Colisão lateral mesmo sentido,Com Vítimas Feridas,Plena Noite,Decrescente,Céu Claro,Simples,Reta,Não,4,0,2,0,1,1,2,3,-26.871534,-52.300915,SPRF-SC,DEL07-SC,UOP01-DEL07-SC,2024
627012.0,2024-09-09,segunda-feira,19:00:00,SC,282,276.2,SAO JOSE DO CERRITO,Ingestão de álcool pelo condutor,Colisão frontal,Com Vítimas Feridas,Plena Noite,Decrescente,Céu Claro,Simples,Reta,Não,3,0,0,1,1,1,1,3,-27.602106,-50.727554,SPRF-SC,DEL05-SC,UOP02-DEL05-SC,2024
627034.0,2024-09-09,segunda-feira,19:20:00,SC,282,34.0,AGUAS MORNAS,Condutor deixou de manter distância do veículo da frente,Colisão lateral sentido oposto,Com Vítimas Feridas,Plena Noite,Decrescente,Céu Claro,Simples,Reta,Sim,2,0,1,0,0,1,1,2,-27.704247,-48.817547,SPRF-SC,DEL01-SC,UOP03-DEL01-SC,2024
627050.0,2024-09-10,terça-feira,02:35:00,SC,282,331.0,CAMPOS NOVOS,Suicídio (presumido),Colisão frontal,Com Vítimas Fatais,Plena Noite,Crescente,Céu Claro,Simples,Reta,Não,4,1,0,0,1,2,0,3,-27.387941,-51.116081,SPRF-SC,DEL07-SC,UOP06-DEL07-SC,2024
627197.0,2024-09-10,terça-feira,12:00:00,SC,282,528.0,CORDILHEIRA ALTA,Carga excessiva e/ou mal acondicionada,Tombamento,Com Vítimas Feridas,Pleno dia,Crescente,Céu Claro,Simples,Curva;Declive,Não,4,0,2,0,1,1,2,4,-26.978798,-52.588566,SPRF-SC,DEL07-SC,UOP01-DEL07-SC,2024
627487.0,2024-07-26,sexta-feira,17:10:00,SC,282,16.0,PALHOCA,Manobra de mudança de faixa,Colisão lateral mesmo sentido,Com Vítimas Feridas,Pleno dia,Crescente,Céu Claro,Simples,Reta,Sim,3,0,1,0,0,2,1,3,-27.658611,-48.681847,SPRF-SC,DEL01-SC,UOP02-DEL01-SC,2024
627530.0,2024-09-07,sábado,05:00:00,SC,282,476.5,VARGEAO,Acessar a via sem observar a presença dos outros veículos,Colisão transversal,Com Vítimas Feridas,Plena Noite,Crescente,Céu Claro,Simples,Reta,Sim,6,0,3,0,2,1,3,3,-26.8832891,-52.1719032,SPRF-SC,DEL07-SC,UOP01-DEL07-SC,2024
627866.0,2024-09-13,sexta-feira,20:50:00,SC,282,411.0,CATANDUVAS,Velocidade Incompatível,Colisão frontal,Com Vítimas Feridas,Plena Noite,Decrescente,Chuva,Simples,Curva;Aclive,Não,3,0,1,0,1,1,1,3,-27.059202,-51.680046,SPRF-SC,DEL07-SC,UOP05-DEL07-SC,2024
627867.0,2024-09-13,sexta-feira,17:10:00,SC,282,90.6,ALFREDO WAGNER,Velocidade Incompatível,Colisão frontal,Com Vítimas Fatais,Anoitecer,Decrescente,Chuva,Simples,Curva,Não,6,3,0,0,1,2,0,4,-27.68748467,-49.22674524,SPRF-SC,DEL01-SC,UOP03-DEL01-SC,2024
627875.0,2024-09-13,sexta-feira,19:20:00,SC,282,486.2,FAXINAL DOS GUEDES,Ausência de reação do condutor,Queda de ocupante de veículo,Com Vítimas Fatais,Plena Noite,Decrescente,Chuva,Simples,Reta,Não,3,1,0,0,2,0,0,3,-26.857626,-52.244191,SPRF-SC,DEL07-SC,UOP01-DEL07-SC,2024
628535.0,2024-09-16,segunda-feira,12:00:00,SC,282,337.0,CAMPOS NOVOS,Transitar na contramão,Colisão lateral sentido oposto,Com Vítimas Feridas,Pleno dia,Crescente,Céu Claro,Simples,Reta,Não,3,0,1,0,1,1,1,3,-27.392527,-51.175514,SPRF-SC,DEL07-SC,UOP06-DEL07-SC,2024
629143.0,2024-09-19,quinta-feira,13:20:00,SC,282,519.9,XAXIM,Condutor deixou de manter distância do veículo da frente,Colisão traseira,Com Vítimas Feridas,Pleno dia,Decrescente,Garoa/Chuvisco,Simples,Curva,Não,2,0,1,0,1,0,1,2,-26.95099403,-52.52408981,SPRF-SC,DEL07-SC,UOP01-DEL07-SC,2024
629438.0,2024-09-20,sexta-feira,17:00:00,SC,282,339.4,CAMPOS NOVOS,Ausência de reação do condutor,Colisão traseira,Com Vítimas Feridas,Pleno dia,Crescente,Nublado,Simples,Interseção de Vias;Reta,Não,2,0,1,0,1,0,1,2,-27.392731,-51.195118,SPRF-SC,DEL07-SC,UOP06-DEL07-SC,2024
630262.0,2024-09-24,terça-feira,11:40:00,SC,282,501.3,XANXERE,Acessar a via sem observar a presença dos outros veículos,Colisão transversal,Com Vítimas Feridas,Pleno dia,Decrescente,Céu Claro,Dupla,Rotatória;Aclive,Sim,4,0,2,0,1,1,2,3,-26.882715,-52.381729,SPRF-SC,DEL07-SC,UOP01-DEL07-SC,2024
630512.0,2024-09-25,quarta-feira,17:50:00,SC,282,524.0,XAXIM,Reação tardia ou ineficiente do condutor,Tombamento,Sem Vítimas,Pleno dia,Decrescente,Céu Claro,Simples,Curva;Aclive,Não,2,0,0,0,1,3,0,4,-26.96601465,-52.55626375,SPRF-SC,DEL07-SC,UOP01-DEL07-SC,2024
630709.0,2024-09-26,quinta-feira,18:00:00,SC,282,345.0,CAMPOS NOVOS,Acessar a via sem observar a presença dos outros veículos,Colisão transversal,Sem Vítimas,Anoitecer,Crescente,Céu Claro,Simples,Interseção de Vias,Não,3,0,0,0,2,1,0,3,-27.374619,-51.247044,SPRF-SC,DEL07-SC,UOP06-DEL07-SC,2024
630913.0,2024-09-27,sexta-feira,15:30:00,SC,282,337.7,CAMPOS NOVOS,Condutor Dormindo,Colisão frontal,Com Vítimas Feridas,Pleno dia,Crescente,Céu Claro,Simples,Curva,Não,6,0,3,0,2,1,3,3,-27.392826,-51.17464,SPRF-SC,DEL07-SC,UOP06-DEL07-SC,2024
631542.0,2024-09-30,segunda-feira,05:50:00,SC,282,584.0,PINHALZINHO,Ultrapassagem Indevida,Colisão lateral mesmo sentido,Com Vítimas Feridas,Amanhecer,Decrescente,Céu Claro,Simples,Declive,Sim,2,0,1,0,1,0,1,2,-26.831865,-53.016579,SPRF-SC,DEL07-SC,UOP02-DEL07-SC,2024
631574.0,2024-09-30,segunda-feira,08:15:00,SC,282,508.5,XANXERE,Manobra de mudança de faixa,Colisão lateral mesmo sentido,Com Vítimas Feridas,Pleno dia,Crescente,Céu Claro,Simples,Reta,Não,2,0,1,0,1,0,1,2,-26.887014,-52.448372,SPRF-SC,DEL07-SC,UOP01-DEL07-SC,2024
631636.0,2024-09-30,segunda-feira,14:30:00,SC,282,53.2,AGUAS MORNAS,Ultrapassagem Indevida,Saída de leito carroçável,Com Vítimas Feridas,Pleno dia,Decrescente,Céu Claro,Simples,Reta,Não,4,0,1,0,3,0,1,2,-27.691511,-48.970215,SPRF-SC,DEL01-SC,UOP03-DEL01-SC,2024
631780.0,2024-10-01,terça-feira,07:30:00,SC,282,3.7,FLORIANOPOLIS,Condutor deixou de manter distância do veículo da frente,Colisão traseira,Com Vítimas Feridas,Pleno dia,Decrescente,Céu Claro,Múltipla,Reta,Sim,4,0,2,0,1,1,2,3,-27.600384,-48.599705,SPRF-SC,DEL01-SC,UOP01-DEL01-SC,2024
631909.0,2024-10-01,terça-feira,16:05:00,SC,282,340.0,CAMPOS NOVOS,Acessar a via sem observar a presença dos outros veículos,Colisão transversal,Com Vítimas Feridas,Pleno dia,Decrescente,Sol,Simples,Interseção de Vias,Sim,2,0,0,1,1,0,1,2,-27.388266,-51.203793,SPRF-SC,DEL07-SC,UOP06-DEL07-SC,2024
631917.0,2024-10-01,terça-feira,19:08:00,SC,282,419.2,VARGEM BONITA,Manobra de mudança de faixa,Colisão lateral mesmo sentido,Sem Vítimas,Plena Noite,Decrescente,Céu Claro,Simples,Aclive,Não,4,0,0,0,2,2,0,3,-27.037748,-51.718472,SPRF-SC,DEL07-SC,UOP05-DEL07-SC,2024
632225.0,2024-10-03,quinta-feira,07:43:00,SC,282,524.9,XAXIM,Conversão proibida,Colisão frontal,Sem Vítimas,Pleno dia,Decrescente,Céu Claro,Simples,Curva,Não,5,0,0,0,4,2,0,6,-26.96378376,-52.55933404,SPRF-SC,DEL07-SC,UOP01-DEL07-SC,2024
632906.0,2024-10-05,sábado,21:30:00,SC,282,338.0,CAMPOS NOVOS,Ausência de reação do condutor,Colisão frontal,Com Vítimas Feridas,Plena Noite,Decrescente,Nublado,Simples,Curva,Sim,3,0,0,1,1,1,1,3,-27.394457,-51.185211,SPRF-SC,DEL07-SC,UOP06-DEL07-SC,2024
633199.0,2024-10-04,sexta-feira,06:30:00,SC,282,177.0,BOCAINA DO SUL,Demais falhas mecânicas ou elétricas,Tombamento,Com Vítimas Feridas,Pleno dia,Crescente,Céu Claro,Simples,Curva;Declive,Não,2,0,1,0,1,0,1,2,-27.739725,-49.911453,SPRF-SC,DEL05-SC,UOP01-DEL05-SC,2024
633285.0,2024-09-18,quarta-feira,05:50:00,SC,282,381.2,HERVAL DOESTE,Reação tardia ou ineficiente do condutor,Colisão traseira,Com Vítimas Feridas,Amanhecer,Decrescente,Nublado,Simples,Reta;Aclive,Não,2,0,1,0,1,0,1,2,-27.204979,-51.501442,SPRF-SC,DEL07-SC,UOP05-DEL07-SC,2024
633335.0,2024-10-07,segunda-feira,18:45:00,SC,282,58.0,IRANI,Desrespeitar a preferência no cruzamento,Colisão transversal,Com Vítimas Feridas,Plena Noite,Crescente,Céu Claro,Simples,Rotatória,Não,4,0,2,0,1,1,2,3,-26.96948856,-51.85471773,SPRF-SC,DEL01-SC,UOP03-DEL01-SC,2024
633727.0,2024-10-09,quarta-feira,10:00:00,SC,282,384.5,JOACABA,Chuva,Saída de leito carroçável,Com Vítimas Feridas,Pleno dia,Decrescente,Chuva,Simples,Declive;Curva,Não,1,0,0,1,0,0,1,1,-27.20396037,-51.51472628,SPRF-SC,DEL07-SC,UOP05-DEL07-SC,2024
634205.0,2024-10-11,sexta-feira,17:45:00,SC,282,30.7,SANTO AMARO DA IMPERATRIZ,Avarias e/ou desgaste excessivo no pneu,Colisão frontal,Com Vítimas Feridas,Plena Noite,Crescente,Chuva,Simples,Curva;Declive,Não,3,0,0,1,1,1,1,3,-27.68859776,-48.79281521,SPRF-SC,DEL01-SC,UOP03-DEL01-SC,2024
634323.0,2024-10-12,sábado,00:30:00,SC,282,82.9,ALFREDO WAGNER,Transitar na contramão,Colisão frontal,Com Vítimas Fatais,Plena Noite,Decrescente,Nublado,Simples,Curva;Aclive,Não,8,1,0,0,5,3,0,4,-27.66549149,-49.17610824,SPRF-SC,DEL01-SC,UOP03-DEL01-SC,2024
634914.0,2024-10-14,segunda-feira,15:50:00,SC,282,40.8,AGUAS MORNAS,Acesso irregular,Colisão traseira,Com Vítimas Feridas,Pleno dia,Crescente,Nublado,Simples,Reta,Sim,3,0,1,1,1,0,2,2,-27.716148,-48.869583,SPRF-SC,DEL01-SC,UOP03-DEL01-SC,2024
635059.0,2024-10-15,terça-feira,10:45:00,SC,480,129.0,CHAPECO,Desrespeitar a preferência no cruzamento,Colisão transversal,Com Vítimas Feridas,Pleno dia,Crescente,Nublado,Simples,Interseção de Vias,Sim,3,0,1,0,2,0,1,2,-27.04265612,-52.63560053,SPRF-SC,DEL07-SC,UOP01-DEL07-SC,2024
635086.0,2024-10-15,terça-feira,05:41:00,SC,282,67.0,RANCHO QUEIMADO,Acessar a via sem observar a presença dos outros veículos,Colisão lateral sentido oposto,Com Vítimas Feridas,Amanhecer,Crescente,Chuva,Simples,Reta,Não,4,0,0,1,1,3,1,5,-27.695963,-49.0695,SPRF-SC,DEL01-SC,UOP03-DEL01-SC,2024
635207.0,2024-10-15,terça-feira,07:55:00,SC,282,501.3,XANXERE,Desrespeitar a preferência no cruzamento,Colisão transversal,Com Vítimas Feridas,Pleno dia,Decrescente,Nublado,Dupla,Interseção de Vias,Sim,3,0,1,0,1,1,1,3,-26.882715,-52.381729,SPRF-SC,DEL07-SC,UOP01-DEL07-SC,2024
635335.0,2024-05-19,domingo,21:45:00,SC,282,571.4,PINHALZINHO,Suicídio (presumido),Colisão frontal,Com Vítimas Fatais,Plena Noite,Decrescente,Chuva,Simples,Curva,Não,4,1,1,1,1,0,2,2,-26.8910952,-52.931977,SPRF-SC,DEL07-SC,UOP02-DEL07-SC,2024
635631.0,2024-10-18,sexta-feira,05:15:00,SC,282,540.5,CHAPECO,Condutor deixou de manter distância do veículo da frente,Colisão traseira,Com Vítimas Feridas,Plena Noite,Decrescente,Céu Claro,Simples,Reta,Não,9,0,6,0,3,0,6,2,-26.994461,-52.690178,SPRF-SC,DEL07-SC,UOP01-DEL07-SC,2024
635726.0,2024-10-18,sexta-feira,15:00:00,SC,282,2.0,FLORIANOPOLIS,Acessar a via sem observar a presença dos outros veículos,Colisão transversal,Com Vítimas Feridas,Pleno dia,Crescente,Nublado,Dupla,Interseção de Vias,Não,2,0,1,0,1,0,1,2,-27.603289,-48.590416,SPRF-SC,DEL01-SC,UOP01-DEL01-SC,2024
635736.0,2024-10-18,sexta-feira,15:10:00,SC,282,569.5,NOVA ERECHIM,Transitar na contramão,Colisão lateral sentido oposto,Sem Vítimas,Pleno dia,Crescente,Céu Claro,Simples,Curva,Não,4,0,0,0,4,0,0,2,-26.8980333,-52.9167472,SPRF-SC,DEL07-SC,UOP02-DEL07-SC,2024
636169.0,2024-10-20,domingo,11:10:00,SC,282,255.0,SAO JOSE DO CERRITO,Acessar a via sem observar a presença dos outros veículos,Colisão transversal,Com Vítimas Feridas,Pleno dia,Decrescente,Céu Claro,Simples,Rotatória;Retorno Regulamentado,Não,2,0,1,0,1,0,1,2,-27.67445174,-50.57406485,SPRF-SC,DEL05-SC,UOP02-DEL05-SC,2024
636324.0,2024-10-20,domingo,20:25:00,SC,282,437.0,IRANI,Desrespeitar a preferência no cruzamento,Colisão transversal,Com Vítimas Feridas,Plena Noite,Decrescente,Céu Claro,Simples,Interseção de Vias,Sim,2,0,1,0,1,0,1,2,-26.96955938,-51.85468554,SPRF-SC,DEL07-SC,UOP04-DEL07-SC,2024
636452.0,2024-10-21,segunda-feira,12:00:00,SC,282,450.4,PONTE SERRADA,Condutor deixou de manter distância do veículo da frente,Colisão traseira,Com Vítimas Feridas,Pleno dia,Decrescente,Céu Claro,Simples,Declive;Reta,Não,4,0,3,0,0,1,3,2,-26.919556,-51.954494,SPRF-SC,DEL07-SC,UOP04-DEL07-SC,2024
636543.0,2024-10-09,quarta-feira,15:45:00,SC,282,486.6,FAXINAL DOS GUEDES,Ultrapassagem Indevida,Colisão lateral sentido oposto,Com Vítimas Feridas,Pleno dia,Crescente,Garoa/Chuvisco,Simples,Reta,Não,7,0,2,0,4,1,2,5,-26.855415,-52.25423,SPRF-SC,DEL07-SC,UOP01-DEL07-SC,2024
637055.0,2024-10-24,quinta-feira,08:15:00,SC,282,343.9,CAMPOS NOVOS,Desrespeitar a preferência no cruzamento,Colisão transversal,Com Vítimas Feridas,Pleno dia,Crescente,Céu Claro,Simples,Reta,Sim,4,0,2,0,2,0,2,2,-27.387402,-51.232861,SPRF-SC,DEL07-SC,UOP06-DEL07-SC,2024
637183.0,2024-10-24,quinta-feira,14:00:00,SC,282,402.0,JOACABA,Transitar na contramão,Colisão lateral sentido oposto,Com Vítimas Feridas,Pleno dia,Decrescente,Nublado,Simples,Curva,Não,3,0,1,0,1,1,1,3,-27.115656,-51.631065,SPRF-SC,DEL07-SC,UOP05-DEL07-SC,2024
637277.0,2024-10-25,sexta-feira,09:00:00,SC,282,134.0,BOM RETIRO,Acessar a via sem observar a presença dos outros veículos,Colisão lateral mesmo sentido,Com Vítimas Feridas,Pleno dia,Decrescente,Céu Claro,Simples,Reta,Não,2,0,1,0,1,0,1,2,-27.813074,-49.540077,SPRF-SC,DEL05-SC,UOP01-DEL05-SC,2024
637341.0,2024-10-25,sexta-feira,15:00:00,SC,282,73.1,RANCHO QUEIMADO,Velocidade Incompatível,Colisão frontal,Com Vítimas Fatais,Pleno dia,Crescente,Sol,Simples,Reta,Não,4,1,0,0,1,3,0,5,-27.682188,-49.11416,SPRF-SC,DEL01-SC,UOP03-DEL01-SC,2024
637431.0,2024-10-25,sexta-feira,22:05:00,SC,282,561.9,NOVA ERECHIM,Problema com o freio,Incêndio,Sem Vítimas,Plena Noite,Crescente,Céu Claro,Simples,Reta;Aclive,Não,2,0,0,0,1,1,0,2,-26.92094111,-52.85992384,SPRF-SC,DEL07-SC,UOP02-DEL07-SC,2024
637590.0,2024-10-26,sábado,09:00:00,SC,282,455.0,PONTE SERRADA,Mal súbito do condutor,Saída de leito carroçável,Com Vítimas Feridas,Pleno dia,Crescente,Céu Claro,Simples,Reta,Não,1,0,1,0,0,0,1,1,-26.888617,-51.99427,SPRF-SC,DEL07-SC,UOP04-DEL07-SC,2024
638397.0,2024-10-30,quarta-feira,09:20:00,SC,282,449.8,PONTE SERRADA,Ultrapassagem Indevida,Colisão frontal,Com Vítimas Fatais,Pleno dia,Crescente,Céu Claro,Simples,Reta,Não,3,1,1,0,0,1,1,3,-26.91958,-51.9340519,SPRF-SC,DEL07-SC,UOP04-DEL07-SC,2024
638732.0,2024-10-31,quinta-feira,23:05:00,SC,282,527.3,XAXIM,Ingestão de álcool pelo condutor,Colisão frontal,Com Vítimas Feridas,Plena Noite,Decrescente,Céu Claro,Simples,Curva;Aclive,Não,4,0,1,0,2,2,1,4,-26.97382681,-52.58457363,SPRF-SC,DEL07-SC,UOP01-DEL07-SC,2024
639044.0,2024-11-02,sábado,11:50:00,SC,282,407.6,CATANDUVAS,Reação tardia ou ineficiente do condutor,Saída de leito carroçável,Com Vítimas Feridas,Pleno dia,Crescente,Garoa/Chuvisco,Simples,Reta,Não,3,0,2,0,1,0,2,1,-27.083517,-51.662014,SPRF-SC,DEL07-SC,UOP05-DEL07-SC,2024
639168.0,2024-11-02,sábado,22:50:00,SC,282,407.8,CATANDUVAS,Reação tardia ou ineficiente do condutor,Saída de leito carroçável,Com Vítimas Feridas,Pleno dia,Crescente,Chuva,Simples,Curva;Declive,Não,3,0,2,1,0,0,3,1,-27.083517,-51.662014,SPRF-SC,DEL07-SC,UOP05-DEL07-SC,2024
639308.0,2024-11-03,domingo,09:55:00,SC,282,451.9,PONTE SERRADA,Carga excessiva e/ou mal acondicionada,Colisão lateral sentido oposto,Com Vítimas Feridas,Pleno dia,Crescente,Nublado,Simples,Reta,Não,3,0,0,1,1,1,1,3,-26.912806,-51.962536,SPRF-SC,DEL07-SC,UOP04-DEL07-SC,2024
639959.0,2024-11-06,quarta-feira,15:50:00,SC,282,16.0,PALHOCA,Conversão proibida,Colisão lateral mesmo sentido,Com Vítimas Feridas,Pleno dia,Crescente,Nublado,Simples,Reta,Não,3,0,1,0,2,0,1,3,-27.658611,-48.681847,SPRF-SC,DEL01-SC,UOP02-DEL01-SC,2024