id,data_inversa,dia_semana,horario,uf,br,km,municipio,causa_acidente,tipo_acidente,classificacao_acidente,fase_dia,sentido_via,condicao_metereologica,tipo_pista,tracado_via,uso_solo,pessoas,mortos,feridos_leves,feridos_graves,ilesos,ignorados,feridos,veiculos,latitude,longitude,regional,delegacia,uop,ano_arquivo
640064.0,2024-11-07,quinta-feira,05:25:00,SC,282,87.8,ALFREDO WAGNER,Acumulo de óleo sobre o pavimento,Colisão frontal,Com Vítimas Feridas,Plena Noite,Decrescente,Chuva,Simples,Reta;Aclive,Não,5,0,4,0,1,0,4,2,-27.664766,-49.20578,SPRF-SC,DEL01-SC,UOP03-DEL01-SC,2024
640180.0,2024-11-07,quinta-feira,15:10:00,SC,282,116.8,BOM RETIRO,Reação tardia ou ineficiente do condutor,Colisão traseira,Sem Vítimas,Pleno dia,Crescente,Céu Claro,Simples,Reta,Não,6,0,0,0,3,3,0,4,-27.762548,-49.39983,SPRF-SC,DEL01-SC,UOP03-DEL01-SC,2024
640341.0,2024-11-08,sexta-feira,07:00:00,SC,282,59.0,RANCHO QUEIMADO,Demais falhas mecânicas ou elétricas,Incêndio,Sem Vítimas,Pleno dia,Crescente,Nublado,Simples,Reta;Aclive,Não,1,0,0,0,1,0,0,1,-27.677965,-49.011559,SPRF-SC,DEL01-SC,UOP03-DEL01-SC,2024
640378.0,2024-11-08,sexta-feira,09:39:00,SC,480,129.2,CHAPECO,Ultrapassagem Indevida,Colisão frontal,Com Vítimas Feridas,Pleno dia,Crescente,Céu Claro,Simples,Declive;Reta;Interseção de Vias,Sim,2,0,2,0,0,0,2,2,-27.04797237,-52.63565361,SPRF-SC,DEL07-SC,UOP01-DEL07-SC,2024
640493.0,2024-11-08,sexta-feira,17:35:00,SC,480,127.0,CHAPECO,Velocidade Incompatível,Colisão lateral mesmo sentido,Com Vítimas Feridas,Pleno dia,Crescente,Céu Claro,Simples,Reta,Sim,3,0,1,0,1,1,1,3,-27.02885905,-52.63380035,SPRF-SC,DEL07-SC,UOP01-DEL07-SC,2024
641105.0,2024-11-06,quarta-feira,05:25:00,SC,282,574.5,PINHALZINHO,Condutor deixou de manter distância do veículo da frente,Colisão traseira,Com Vítimas Feridas,Amanhecer,Crescente,Céu Claro,Simples,Interseção de Vias,Não,2,0,1,0,1,0,1,2,-26.867399,-52.965149,SPRF-SC,DEL07-SC,UOP02-DEL07-SC,2024
641468.0,2024-11-13,quarta-feira,06:30:00,SC,282,1.0,FLORIANOPOLIS,Manobra de mudança de faixa,Colisão traseira,Com Vítimas Fatais,Pleno dia,Crescente,Sol,Múltipla,Reta,Sim,4,1,1,0,1,1,1,4,-27.6020104,-48.57936502,SPRF-SC,DEL01-SC,UOP01-DEL01-SC,2024
642073.0,2024-11-15,sexta-feira,16:20:00,SC,282,599.8,SAUDADES,Demais falhas na via,Colisão lateral mesmo sentido,Com Vítimas Feridas,Pleno dia,Crescente,Céu Claro,Simples,Reta,Não,4,0,3,0,1,0,3,2,-26.820206,-53.155052,SPRF-SC,DEL07-SC,UOP02-DEL07-SC,2024
642694.0,2024-11-18,segunda-feira,11:48:00,SC,282,66.6,RANCHO QUEIMADO,Ultrapassagem Indevida,Colisão frontal,Com Vítimas Feridas,Pleno dia,Decrescente,Céu Claro,Simples,Reta;Declive,Não,6,0,4,0,1,2,4,5,-27.699602,-49.062912,SPRF-SC,DEL01-SC,UOP03-DEL01-SC,2024
643281.0,2024-11-21,quinta-feira,14:00:00,SC,480,130.0,CHAPECO,Acessar a via sem observar a presença dos outros veículos,Colisão transversal,Com Vítimas Feridas,Pleno dia,Decrescente,Chuva,Simples,Interseção de Vias,Sim,3,0,1,0,2,0,1,2,-27.05534298,-52.63652069,SPRF-SC,DEL07-SC,UOP01-DEL07-SC,2024
643460.0,2024-11-22,sexta-feira,11:30:00,SC,282,83.1,ALFREDO WAGNER,Pista Escorregadia,Colisão frontal,Com Vítimas Fatais,Pleno dia,Crescente,Chuva,Simples,Curva,Não,3,1,1,0,0,1,1,3,-27.666153,-49.175022,SPRF-SC,DEL01-SC,UOP03-DEL01-SC,2024
643537.0,2024-11-22,sexta-feira,17:30:00,SC,282,48.0,AGUAS MORNAS,Velocidade Incompatível,Colisão frontal,Com Vítimas Feridas,Pleno dia,Decrescente,Chuva,Simples,Curva;Aclive,Não,2,0,0,1,1,0,1,2,-27.714352,-48.938072,SPRF-SC,DEL01-SC,UOP03-DEL01-SC,2024
643648.0,2024-11-23,sábado,06:40:00,SC,282,52.5,RANCHO QUEIMADO,Pista Escorregadia,Colisão lateral sentido oposto,Com Vítimas Feridas,Pleno dia,Crescente,Nublado,Simples,Reta,Não,7,0,4,0,3,0,4,4,-27.696936,-48.964138,SPRF-SC,DEL01-SC,UOP03-DEL01-SC,2024
643670.0,2024-11-23,sábado,08:30:00,SC,282,396.7,JOACABA,Acessar a via sem observar a presença dos outros veículos,Colisão transversal,Com Vítimas Feridas,Pleno dia,Decrescente,Sol,Simples,Reta;Retorno Regulamentado,Não,4,0,1,0,3,0,1,2,-27.155375,-51.601593,SPRF-SC,DEL07-SC,UOP05-DEL07-SC,2024
643739.0,2024-10-22,terça-feira,19:00:00,SC,282,42.5,AGUAS MORNAS,Acessar a via sem observar a presença dos outros veículos,Colisão transversal,Com Vítimas Feridas,Plena Noite,Crescente,Nublado,Simples,Interseção de Vias,Não,2,0,0,1,1,0,1,2,-27.72077,-48.887478,SPRF-SC,DEL01-SC,UOP03-DEL01-SC,2024
643981.0,2024-11-24,domingo,12:35:00,SC,282,548.4,CHAPECO,Ultrapassagem Indevida,Colisão lateral mesmo sentido,Com Vítimas Feridas,Pleno dia,Decrescente,Céu Claro,Simples,Reta,Não,3,0,1,0,1,1,1,3,-26.968346,-52.753883,SPRF-SC,DEL07-SC,UOP01-DEL07-SC,2024
644063.0,2024-11-24,domingo,16:50:00,SC,282,380.3,HERVAL DOESTE,Reação tardia ou ineficiente do condutor,Saída de leito carroçável,Com Vítimas Feridas,Pleno dia,Decrescente,Céu Claro,Simples,Reta,Não,2,0,1,0,0,1,1,2,-27.213797,-51.499413,SPRF-SC,DEL07-SC,UOP05-DEL07-SC,2024
644068.0,2024-11-24,domingo,23:45:00,SC,282,483.8,FAXINAL DOS GUEDES,Ingestão de álcool pelo condutor,Colisão lateral mesmo sentido,Sem Vítimas,Plena Noite,Crescente,Nublado,Simples,Reta,Não,3,0,0,0,2,1,0,3,-26.861937,-52.227974,SPRF-SC,DEL07-SC,UOP01-DEL07-SC,2024
644661.0,2024-11-27,quarta-feira,18:25:00,SC,282,36.6,AGUAS MORNAS,Velocidade Incompatível,Colisão frontal,Com Vítimas Fatais,Anoitecer,Decrescente,Chuva,Simples,Curva;Declive,Não,3,1,0,0,1,2,0,4,-27.70619152,-48.83972704,SPRF-SC,DEL01-SC,UOP03-DEL01-SC,2024
644890.0,2024-11-28,quinta-feira,22:54:00,SC,282,17.4,PALHOCA,Desrespeitar a preferência no cruzamento,Colisão transversal,Com Vítimas Fatais,Plena Noite,Decrescente,Nublado,Simples,Interseção de Vias,Sim,4,2,0,1,1,0,1,3,-27.6691484,-48.6911058,SPRF-SC,DEL01-SC,UOP02-DEL01-SC,2024
644902.0,2024-11-28,quinta-feira,21:38:00,SC,282,341.5,CAMPOS NOVOS,Ingestão de álcool pelo condutor,Colisão frontal,Com Vítimas Feridas,Plena Noite,Decrescente,Céu Claro,Simples,Reta,Sim,3,0,1,1,1,0,2,2,-27.389957,-51.213387,SPRF-SC,DEL07-SC,UOP06-DEL07-SC,2024
644940.0,2024-11-29,sexta-feira,06:40:00,SC,282,593.2,SAUDADES,Acessar a via sem observar a presença dos outros veículos,Colisão lateral mesmo sentido,Sem Vítimas,Pleno dia,Decrescente,Sol,Simples,Curva,Não,17,0,0,0,15,3,0,5,-26.826199,-53.10162,SPRF-SC,DEL07-SC,UOP02-DEL07-SC,2024
645637.0,2024-12-02,segunda-feira,03:40:00,SC,282,380.8,JOACABA,Ausência de reação do condutor,Saída de leito carroçável,Com Vítimas Feridas,Plena Noite,Crescente,Chuva,Dupla,Declive;Reta,Não,2,0,1,0,0,1,1,2,-27.213797,-51.499413,SPRF-SC,DEL07-SC,UOP05-DEL07-SC,2024
645767.0,2024-12-02,segunda-feira,15:15:00,SC,282,443.1,PONTE SERRADA,Manobra de mudança de faixa,Colisão traseira,Com Vítimas Feridas,Pleno dia,Crescente,Nublado,Simples,Curva,Não,4,0,0,1,2,1,1,3,-26.922215,-51.880138,SPRF-SC,DEL07-SC,UOP04-DEL07-SC,2024
646070.0,2024-12-04,quarta-feira,08:30:00,SC,282,1.0,FLORIANOPOLIS,Trafegar com motocicleta (ou similar) entre as faixas,Colisão lateral mesmo sentido,Com Vítimas Feridas,Pleno dia,Decrescente,Nublado,Múltipla,Reta,Sim,3,0,0,1,1,1,1,3,-27.602955,-48.580509,SPRF-SC,DEL01-SC,UOP01-DEL01-SC,2024
646348.0,2024-12-05,quinta-feira,16:45:00,SC,282,583.0,PINHALZINHO,Manobra de mudança de faixa,Colisão lateral mesmo sentido,Com Vítimas Feridas,Pleno dia,Crescente,Céu Claro,Simples,Aclive;Reta,Não,3,0,1,1,1,0,2,2,-26.828905,-53.009552,SPRF-SC,DEL07-SC,UOP02-DEL07-SC,2024
646490.0,2024-12-06,sexta-feira,10:30:00,SC,282,464.0,PONTE SERRADA,Reação tardia ou ineficiente do condutor,Colisão traseira,Com Vítimas Feridas,Pleno dia,Crescente,Nublado,Dupla,Reta,Sim,3,0,2,0,1,0,2,2,-26.852072,-52.068142,SPRF-SC,DEL07-SC,UOP04-DEL07-SC,2024
646503.0,2024-12-06,sexta-feira,15:00:00,SC,282,18.8,PALHOCA,Ausência de reação do condutor,Colisão traseira,Com Vítimas Feridas,Pleno dia,Crescente,Céu Claro,Simples,Reta;Declive;Viaduto,Não,3,0,1,1,1,0,2,2,-27.672798,-48.694286,SPRF-SC,DEL01-SC,UOP02-DEL01-SC,2024
646511.0,2024-12-06,sexta-feira,13:50:00,SC,282,600.5,CUNHA PORA,Condutor deixou de manter distância do veículo da frente,Colisão traseira,Com Vítimas Feridas,Pleno dia,Decrescente,Nublado,Simples,Em Obras;Reta;Declive,Não,6,0,3,0,1,2,3,4,-26.81078077,-53.16793799,SPRF-SC,DEL07-SC,UOP02-DEL07-SC,2024
646730.0,2024-12-07,sábado,00:30:00,SC,282,593.0,SAUDADES,Velocidade Incompatível,Saída de leito carroçável,Sem Vítimas,Plena Noite,Crescente,Nublado,Simples,Curva;Declive,Não,1,0,0,0,1,0,0,1,-26.826199,-53.10162,SPRF-SC,DEL07-SC,UOP02-DEL07-SC,2024
646744.0,2024-12-07,sábado,08:00:00,SC,282,515.1,XAXIM,Velocidade Incompatível,Colisão traseira,Com Vítimas Feridas,Pleno dia,Crescente,Chuva,Simples,Reta,Não,4,0,1,1,1,1,2,3,-26.939375,-52.500057,SPRF-SC,DEL07-SC,UOP01-DEL07-SC,2024
646756.0,2024-12-07,sábado,06:00:00,SC,282,303.9,VARGEM,Ingestão de álcool pelo condutor,Colisão frontal,Com Vítimas Feridas,Pleno dia,Crescente,Chuva,Simples,Curva,Não,2,0,0,2,0,0,2,2,-27.49983051,-50.92947364,SPRF-SC,DEL07-SC,UOP06-DEL07-SC,2024
647014.0,2024-11-12,terça-feira,21:00:00,SC,282,6.0,SAO JOSE,Problema com o freio,Colisão lateral mesmo sentido,Com Vítimas Feridas,Plena Noite,Decrescente,Nublado,Dupla,Curva,Sim,3,0,2,0,1,0,2,2,-27.591936,-48.618244,SPRF-SC,DEL01-SC,UOP01-DEL01-SC,2024
647543.0,2024-12-10,terça-feira,17:38:00,SC,282,57.0,RANCHO QUEIMADO,Reação tardia ou ineficiente do condutor,Colisão lateral sentido oposto,Com Vítimas Feridas,Pleno dia,Crescente,Chuva,Simples,Curva,Não,3,0,1,0,1,2,1,4,-27.688864,-48.998455,SPRF-SC,DEL01-SC,UOP03-DEL01-SC,2024
647602.0,2024-12-10,terça-feira,22:20:00,SC,282,501.3,XANXERE,Mal súbito do condutor,Saída de leito carroçável,Sem Vítimas,Plena Noite,Decrescente,Céu Claro,Dupla,Rotatória,Sim,2,0,0,0,1,1,0,2,-26.88262208,-52.38160014,SPRF-SC,DEL07-SC,UOP01-DEL07-SC,2024
648128.0,2024-12-13,sexta-feira,05:27:00,SC,282,546.5,CHAPECO,Condutor Dormindo,Colisão frontal,Com Vítimas Feridas,Pleno dia,Decrescente,Céu Claro,Simples,Curva,Não,4,0,1,0,1,2,1,4,-26.9785528,-52.737225,SPRF-SC,DEL07-SC,UOP01-DEL07-SC,2024
648247.0,2024-12-13,sexta-feira,19:30:00,SC,282,489.2,FAXINAL DOS GUEDES,Ingestão de álcool pelo condutor,Colisão lateral sentido oposto,Sem Vítimas,Plena Noite,Decrescente,Chuva,Simples,Reta,Sim,2,0,0,0,2,0,0,2,-26.870375,-52.274731,SPRF-SC,DEL07-SC,UOP01-DEL07-SC,2024
648396.0,2024-12-14,sábado,08:20:00,SC,282,508.4,XANXERE,Reação tardia ou ineficiente do condutor,Colisão traseira,Sem Vítimas,Pleno dia,Crescente,Nublado,Simples,Aclive;Reta,Não,3,0,0,0,2,1,0,3,-26.88716747,-52.44868755,SPRF-SC,DEL07-SC,UOP01-DEL07-SC,2024
648401.0,2024-12-13,sexta-feira,16:30:00,SC,282,530.8,CORDILHEIRA ALTA,Reação tardia ou ineficiente do condutor,Saída de leito carroçável,Sem Vítimas,Pleno dia,Crescente,Chuva,Simples,Curva;Declive,Não,2,0,0,0,2,0,0,1,-26.98663541,-52.60967966,SPRF-SC,DEL07-SC,UOP01-DEL07-SC,2024
648402.0,2024-12-14,sábado,11:00:00,SC,282,78.6,RANCHO QUEIMADO,Reação tardia ou ineficiente do condutor,Colisão frontal,Com Vítimas Feridas,Pleno dia,Decrescente,Chuva,Simples,Reta,Não,3,0,1,0,1,1,1,3,-27.675831,-49.148048,SPRF-SC,DEL01-SC,UOP03-DEL01-SC,2024
648891.0,2024-12-16,segunda-feira,07:50:00,SC,282,22.0,SANTO AMARO DA IMPERATRIZ,Desrespeitar a preferência no cruzamento,Colisão transversal,Com Vítimas Feridas,Pleno dia,Decrescente,Céu Claro,Simples,Ponte;Interseção de Vias,Sim,2,0,2,0,0,0,2,2,-27.688507,-48.72739,SPRF-SC,DEL01-SC,UOP02-DEL01-SC,2024
649182.0,2024-12-17,terça-feira,14:30:00,SC,282,16.5,PALHOCA,Demais Fenômenos da natureza,Derramamento de carga,Com Vítimas Feridas,Pleno dia,Decrescente,Céu Claro,Simples,Reta,Sim,2,0,0,1,1,0,1,2,-27.658611,-48.681847,SPRF-SC,DEL01-SC,UOP02-DEL01-SC,2024
649251.0,2024-12-17,terça-feira,18:50:00,SC,282,598.9,CUNHA PORA,Reação tardia ou ineficiente do condutor,Colisão lateral sentido oposto,Com Vítimas Feridas,Anoitecer,Crescente,Nublado,Simples,Reta;Aclive,Não,5,0,2,0,2,1,2,4,-26.82111047,-53.15393686,SPRF-SC,DEL07-SC,UOP02-DEL07-SC,2024
649332.0,2024-12-18,quarta-feira,06:50:00,SC,282,153.0,BOM RETIRO,Ausência de reação do condutor,Saída de leito carroçável,Com Vítimas Fatais,Pleno dia,Crescente,Nublado,Simples,Reta;Declive,Não,2,1,1,0,0,0,1,1,-27.755646,-49.6893314,SPRF-SC,DEL05-SC,UOP01-DEL05-SC,2024
649365.0,2024-12-18,quarta-feira,10:10:00,SC,282,415.0,CATANDUVAS,Transitar na contramão,Colisão frontal,Com Vítimas Feridas,Pleno dia,Decrescente,Céu Claro,Simples,Curva;Declive,Não,4,0,1,0,2,1,1,3,-27.04487,-51.707005,SPRF-SC,DEL07-SC,UOP05-DEL07-SC,2024
649533.0,2024-12-19,quinta-feira,08:00:00,SC,282,389.6,JOACABA,Ausência de reação do condutor,Colisão traseira,Com Vítimas Feridas,Pleno dia,Decrescente,Céu Claro,Simples,Reta,Não,6,0,2,0,4,0,2,2,-27.178604,-51.541367,SPRF-SC,DEL07-SC,UOP05-DEL07-SC,2024
649657.0,2024-12-19,quinta-feira,16:00:00,SC,282,396.0,JOACABA,Acumulo de água sobre o pavimento,Colisão lateral sentido oposto,Com Vítimas Feridas,Pleno dia,Crescente,Chuva,Simples,Reta,Não,4,0,1,0,2,1,1,3,-27.155375,-51.601593,SPRF-SC,DEL07-SC,UOP05-DEL07-SC,2024
649733.0,2024-12-19,quinta-feira,23:50:00,SC,282,129.1,BOM RETIRO,Transitar na contramão,Colisão frontal,Com Vítimas Fatais,Plena Noite,Crescente,Garoa/Chuvisco,Simples,Aclive;Curva,Não,2,1,0,0,1,0,0,2,-27.79969745,-49.49804306,SPRF-SC,DEL05-SC,UOP01-DEL05-SC,2024
649835.0,2024-12-20,sexta-feira,13:45:00,SC,282,2.5,FLORIANOPOLIS,Condutor deixou de manter distância do veículo da frente,Colisão traseira,Com Vítimas Feridas,Pleno dia,Crescente,Céu Claro,Múltipla,Reta,Sim,3,0,1,0,2,0,1,2,-27.603289,-48.590416,SPRF-SC,DEL01-SC,UOP01-DEL01-SC,2024
650149.0,2024-10-22,terça-feira,15:02:00,SC,282,35.1,AGUAS MORNAS,Transitar na contramão,Colisão frontal,Com Vítimas Fatais,Pleno dia,Crescente,Céu Claro,Simples,Declive;Curva,Não,2,1,1,0,0,0,1,2,-27.7011771,-48.8286376,SPRF-SC,DEL01-SC,UOP03-DEL01-SC,2024
650923.0,2024-12-24,terça-feira,02:00:00,SC,282,203.7,LAGES,Transitar na contramão,Colisão frontal,Com Vítimas Fatais,Plena Noite,Crescente,Garoa/Chuvisco,Simples,Declive;Reta,Não,3,1,0,0,1,1,0,3,-27.7682972,-50.1700339,SPRF-SC,DEL05-SC,UOP01-DEL05-SC,2024
650944.0,2024-12-24,terça-feira,05:45:00,SC,282,68.4,RANCHO QUEIMADO,Reação tardia ou ineficiente do condutor,Tombamento,Com Vítimas Fatais,Pleno dia,Decrescente,Chuva,Simples,Curva;Declive,Não,1,1,0,0,0,0,0,1,-27.6934391,-49.0806728,SPRF-SC,DEL01-SC,UOP03-DEL01-SC,2024
651277.0,2024-12-25,quarta-feira,17:45:00,SC,282,602.0,MARAVILHA,Ingestão de álcool pelo condutor,Colisão traseira,Sem Vítimas,Pleno dia,Crescente,Sol,Simples,Reta;Interseção de Vias;Em Obras,Não,2,0,0,0,2,0,0,2,-26.806049,-53.178757,SPRF-SC,DEL07-SC,UOP02-DEL07-SC,2024
651383.0,2024-12-26,quinta-feira,09:20:00,SC,282,456.0,PONTE SERRADA,Condutor usando celular,Saída de leito carroçável,Com Vítimas Feridas,Pleno dia,Crescente,Céu Claro,Dupla,Reta,Não,2,0,1,0,0,1,1,2,-26.885752,-52.004669,SPRF-SC,DEL07-SC,UOP04-DEL07-SC,2024
651659.0,2024-12-27,sexta-feira,08:00:00,SC,282,425.0,VARGEM BONITA,Reação tardia ou ineficiente do condutor,Saída de leito carroçável,Com Vítimas Feridas,Pleno dia,Crescente,Céu Claro,Simples,Declive;Reta,Não,2,0,1,0,0,1,1,2,-26.980412,-51.756256,SPRF-SC,DEL07-SC,UOP05-DEL07-SC,2024
651983.0,2024-12-29,domingo,02:10:00,SC,282,48.0,AGUAS MORNAS,Reação tardia ou ineficiente do condutor,Tombamento,Com Vítimas Feridas,Plena Noite,Decrescente,Céu Claro,Simples,Curva;Declive,Não,2,0,1,0,1,0,1,1,-27.714352,-48.938072,SPRF-SC,DEL01-SC,UOP03-DEL01-SC,2024
652068.0,2024-12-29,domingo,17:30:00,SC,282,54.4,AGUAS MORNAS,Velocidade Incompatível,Colisão frontal,Com Vítimas Fatais,Anoitecer,Crescente,Chuva,Simples,Aclive;Curva,Não,7,1,0,3,2,1,3,3,-27.6878609,-48.9779582,SPRF-SC,DEL01-SC,UOP03-DEL01-SC,2024
652426.0,2024-12-31,terça-feira,17:20:00,SC,282,548.5,CHAPECO,Reação tardia ou ineficiente do condutor,Colisão traseira,Com Vítimas Feridas,Pleno dia,Crescente,Céu Claro,Simples,Reta,Sim,2,0,0,1,1,0,1,2,-26.968346,-52.753883,SPRF-SC,DEL07-SC,UOP01-DEL07-SC,2024
654809.0,2024-12-21,sábado,05:30:00,SC,282,149.9,BOM RETIRO,Transitar na contramão,Colisão frontal,Com Vítimas Fatais,Amanhecer,Crescente,Nevoeiro/Neblina,Simples,Curva,Não,16,2,3,0,9,2,3,6,-27.7710722,-49.6636508,SPRF-SC,DEL05-SC,UOP01-DEL05-SC,2024
656623.0,2024-10-18,sexta-feira,14:45:00,SC,282,598.4,CUNHA PORA,Ultrapassagem Indevida,Colisão frontal,Com Vítimas Fatais,Pleno dia,Decrescente,Nublado,Simples,Curva,Não,6,1,2,0,3,0,2,5,-26.8232463,-53.1514235,SPRF-SC,DEL07-SC,UOP02-DEL07-SC,2024
659818.0,2024-07-02,terça-feira,16:40:00,SC,282,127.3,BOM RETIRO,Transitar na contramão,Colisão lateral sentido oposto,Com Vítimas Feridas,Pleno dia,Crescente,Céu Claro,Simples,Reta;Declive,Sim,3,0,2,0,0,1,2,3,-27.80070344,-49.47916031,SPRF-SC,DEL05-SC,UOP01-DEL05-SC,2024
621699.0,2024-08-17,sábado,05:30:00,SC,480,126.2,CHAPECO,Ausência de reação do condutor,Colisão traseira,Com Vítimas Feridas,Amanhecer,Decrescente,Nublado,Dupla,Reta;Aclive,Sim,2,0,1,0,0,1,1,2,-27.020083,-52.636024,SPRF-SC,DEL07-SC,UOP01-DEL07-SC,2024
577265.0,2024-01-26,sexta-feira,18:10:00,SC,282,341.8,CAMPOS NOVOS,Condutor deixou de manter distância do veículo da frente,Engavetamento,Com Vítimas Feridas,Anoitecer,Crescente,Chuva,Simples,Reta,Sim,8,0,0,1,5,2,1,4,-27.389957,-51.213387,SPRF-SC,DEL07-SC,UOP06-DEL07-SC,2024
586593.0,2024-03-11,segunda-feira,15:30:00,SC,282,21.0,PALHOCA,Condutor deixou de manter distância do veículo da frente,Engavetamento,Com Vítimas Feridas,Pleno dia,Decrescente,Céu Claro,Simples,Reta,Não,6,0,0,1,4,1,1,5,-27.68907,-48.717541,SPRF-SC,DEL01-SC,UOP02-DEL01-SC,2024
595779.0,2024-04-22,segunda-feira,21:20:00,SC,282,491.7,FAXINAL DOS GUEDES,Condutor deixou de manter distância do veículo da frente,Colisão traseira,Sem Vítimas,Plena Noite,Crescente,Chuva,Simples,Reta,Não,4,0,0,0,3,1,0,4,-26.872433,-52.291599,SPRF-SC,DEL07-SC,UOP01-DEL07-SC,2024
619684.0,2024-08-07,quarta-feira,15:00:00,SC,282,390.0,JOACABA,Acesso irregular,Colisão traseira,Com Vítimas Feridas,Pleno dia,Crescente,Nublado,Simples,Reta,Sim,3,0,1,0,1,1,1,3,-27.175066,-51.550556,SPRF-SC,DEL07-SC,UOP05-DEL07-SC,2024
622298.0,2024-08-19,segunda-feira,12:05:00,SC,282,653.0,SAO MIGUEL DO OESTE,Conversão proibida,Colisão transversal,Com Vítimas Feridas,Pleno dia,Decrescente,Céu Claro,Simples,Declive;Curva,Sim,5,0,1,0,3,1,1,3,-26.708202,-53.514313,SPRF-SC,DEL07-SC,UOP03-DEL07-SC,2024
628434.0,2024-09-16,segunda-feira,04:15:00,SC,282,440.0,PONTE SERRADA,Estacionar ou parar em local proibido,Colisão traseira,Com Vítimas Feridas,Plena Noite,Decrescente,Garoa/Chuvisco,Simples,Reta,Não,5,0,1,1,1,2,2,4,-26.937757,-51.868366,SPRF-SC,DEL07-SC,UOP04-DEL07-SC,2024
629894.0,2024-09-22,domingo,18:50:00,SC,282,523.0,XAXIM,Condutor deixou de manter distância do veículo da frente,Colisão traseira,Sem Vítimas,Plena Noite,Decrescente,Nublado,Simples,Reta;Aclive,Não,4,0,0,0,3,1,0,3,-26.963129,-52.548851,SPRF-SC,DEL07-SC,UOP01-DEL07-SC,2024
642690.0,2024-11-18,segunda-feira,11:00:00,SC,282,0.4,FLORIANOPOLIS,Condutor deixou de manter distância do veículo da frente,Engavetamento,Com Vítimas Feridas,Pleno dia,Decrescente,Sol,Dupla,Reta,Sim,5,0,1,0,3,1,1,4,-27.59845,-48.571995,SPRF-SC,DEL01-SC,UOP01-DEL01-SC,2024
650585.0,2024-12-22,domingo,18:09:00,SC,282,113.2,ALFREDO WAGNER,Transitar na contramão,Colisão frontal,Com Vítimas Feridas,Pleno dia,Decrescente,Nublado,Simples,Curva;Aclive,Não,8,0,1,2,3,2,3,5,-27.74168344,-49.38536882,SPRF-SC,DEL01-SC,UOP03-DEL01-SC,2024
571875.0,2024-01-01,segunda-feira,09:40:00,SC,282,68.0,RANCHO QUEIMADO,Reação tardia ou ineficiente do condutor,Saída de leito carroçável,Sem Vítimas,Pleno dia,Crescente,Chuva,Simples,Curva;Declive,Não,1,0,0,0,1,0,0,1,-27.692406,-49.075939,SPRF-SC,DEL01-SC,UOP03-DEL01-SC,2024
571888.0,2024-01-01,segunda-feira,10:00:00,SC,282,48.0,AGUAS MORNAS,Acumulo de água sobre o pavimento,Colisão com objeto,Com Vítimas Feridas,Pleno dia,Crescente,Chuva,Simples,Curva,Não,1,0,1,0,0,0,1,1,-27.714352,-48.938072,SPRF-SC,DEL01-SC,UOP03-DEL01-SC,2024
571924.0,2024-01-01,segunda-feira,15:45:00,SC,282,215.0,LAGES,Desrespeitar a preferência no cruzamento,Colisão transversal,Com Vítimas Feridas,Pleno dia,Crescente,Céu Claro,Simples,Rotatória,Sim,2,0,1,0,1,0,1,2,-27.793665,-50.281799,SPRF-SC,DEL05-SC,UOP01-DEL05-SC,2024
571994.0,2024-01-01,segunda-feira,17:15:00,SC,480,129.5,CHAPECO,Ingestão de álcool pelo condutor,Colisão lateral mesmo sentido,Sem Vítimas,Pleno dia,Crescente,Sol,Simples,Interseção de Vias;Viaduto,Sim,3,0,0,0,3,0,0,2,-27.05055035,-52.63536394,SPRF-SC,DEL07-SC,UOP01-DEL07-SC,2024
572043.0,2024-01-02,terça-feira,06:00:00,SC,282,6.0,SAO JOSE,Acumulo de óleo sobre o pavimento,Tombamento,Com Vítimas Feridas,Amanhecer,Crescente,Chuva,Dupla,Curva;Declive;Viaduto,Não,3,0,1,1,1,0,2,3,-27.58485528,-48.61731291,SPRF-SC,DEL01-SC,UOP01-DEL01-SC,2024
572185.0,2024-01-02,terça-feira,08:20:00,SC,282,310.0,VARGEM,Velocidade Incompatível,Colisão frontal,Com Vítimas Feridas,Pleno dia,Decrescente,Céu Claro,Simples,Aclive;Curva,Não,9,0,3,0,6,0,3,2,-27.49235971,-50.97266793,SPRF-SC,DEL07-SC,UOP06-DEL07-SC,2024
572187.0,2024-01-02,terça-feira,14:45:00,SC,282,135.2,BOM RETIRO,Acessar a via sem observar a presença dos outros veículos,Colisão transversal,Com Vítimas Feridas,Pleno dia,Crescente,Chuva,Simples,Curva,Não,4,0,2,0,2,0,2,2,-27.81867689,-49.55057144,SPRF-SC,DEL05-SC,UOP01-DEL05-SC,2024
572191.0,2024-01-02,terça-feira,14:30:00,SC,282,211.5,LAGES,Ausência de reação do condutor,Colisão traseira,Sem Vítimas,Pleno dia,Crescente,Chuva,Simples,Aclive;Reta,Não,3,0,0,0,3,0,0,3,-27.780222,-50.241741,SPRF-SC,DEL05-SC,UOP01-DEL05-SC,2024