id,data_inversa,dia_semana,horario,uf,br,km,municipio,causa_acidente,tipo_acidente,classificacao_acidente,fase_dia,sentido_via,condicao_metereologica,tipo_pista,tracado_via,uso_solo,pessoas,mortos,feridos_leves,feridos_graves,ilesos,ignorados,feridos,veiculos,latitude,longitude,regional,delegacia,uop,ano_arquivo
578999.0,2024-02-04,domingo,16:30:00,SC,282,664.0,PARAISO,Reação tardia ou ineficiente do condutor,Colisão traseira,Com Vítimas Feridas,Pleno dia,Decrescente,Nublado,Simples,Aclive;Curva,Não,3,0,1,0,2,0,1,2,-26.66049934,-53.60315323,SPRF-SC,DEL07-SC,UOP03-DEL07-SC,2024
579059.0,2024-02-04,domingo,21:55:00,SC,282,633.7,DESCANSO,Ausência de reação do condutor,Saída de leito carroçável,Sem Vítimas,Plena Noite,Decrescente,Nublado,Simples,Declive;Curva,Não,1,0,0,0,0,1,0,1,-26.824224,-53.412407,SPRF-SC,DEL07-SC,UOP03-DEL07-SC,2024
579089.0,2024-02-04,domingo,19:40:00,SC,282,614.4,MARAVILHA,Ingestão de álcool pelo condutor,Capotamento,Com Vítimas Feridas,Plena Noite,Crescente,Nublado,Simples,Curva,Não,1,0,0,1,0,0,1,1,-26.76932,-53.264568,SPRF-SC,DEL07-SC,UOP02-DEL07-SC,2024
579132.0,2024-02-05,segunda-feira,08:50:00,SC,282,1.9,FLORIANOPOLIS,Reação tardia ou ineficiente do condutor,Colisão traseira,Com Vítimas Feridas,Pleno dia,Decrescente,Céu Claro,Múltipla,Reta,Sim,2,0,1,0,1,0,1,2,-27.602955,-48.580509,SPRF-SC,DEL01-SC,UOP01-DEL01-SC,2024
579172.0,2024-02-05,segunda-feira,11:26:00,SC,480,131.0,CHAPECO,Condutor deixou de manter distância do veículo da frente,Colisão traseira,Com Vítimas Feridas,Pleno dia,Crescente,Céu Claro,Dupla,Curva;Em Obras;Desvio Temporário,Sim,3,0,1,0,2,0,1,2,-27.06314223,-52.63234636,SPRF-SC,DEL07-SC,UOP01-DEL07-SC,2024
579249.0,2024-02-05,segunda-feira,20:00:00,SC,282,3.4,FLORIANOPOLIS,Manobra de mudança de faixa,Colisão lateral mesmo sentido,Com Vítimas Feridas,Plena Noite,Crescente,Céu Claro,Múltipla,Reta,Sim,4,0,2,0,1,1,2,3,-27.600384,-48.599705,SPRF-SC,DEL01-SC,UOP01-DEL01-SC,2024
579305.0,2024-02-06,terça-feira,07:10:00,SC,282,16.4,PALHOCA,Acesso irregular,Colisão lateral mesmo sentido,Com Vítimas Feridas,Pleno dia,Crescente,Sol,Simples,Reta,Sim,2,0,1,0,1,0,1,2,-27.658611,-48.681847,SPRF-SC,DEL01-SC,UOP02-DEL01-SC,2024
579396.0,2024-02-06,terça-feira,14:40:00,SC,282,605.0,MARAVILHA,Acessar a via sem observar a presença dos outros veículos,Queda de ocupante de veículo,Com Vítimas Feridas,Pleno dia,Decrescente,Céu Claro,Simples,Reta,Sim,3,0,2,0,1,0,2,2,-26.786951,-53.195248,SPRF-SC,DEL07-SC,UOP02-DEL07-SC,2024
579440.0,2024-02-06,terça-feira,17:50:00,SC,282,354.0,CAMPOS NOVOS,Ausência de reação do condutor,Saída de leito carroçável,Com Vítimas Feridas,Pleno dia,Decrescente,Céu Claro,Simples,Curva,Não,1,0,1,0,0,0,1,1,-27.35796,-51.330452,SPRF-SC,DEL07-SC,UOP06-DEL07-SC,2024
579532.0,2024-02-07,quarta-feira,08:45:00,SC,282,17.0,PALHOCA,Acessar a via sem observar a presença dos outros veículos,Colisão transversal,Sem Vítimas,Pleno dia,Crescente,Céu Claro,Simples,Reta,Não,2,0,0,0,2,0,0,2,-27.665707,-48.688065,SPRF-SC,DEL01-SC,UOP02-DEL01-SC,2024
579568.0,2024-02-07,quarta-feira,12:35:00,SC,282,323.2,CAMPOS NOVOS,Mal súbito do condutor,Saída de leito carroçável,Com Vítimas Feridas,Pleno dia,Crescente,Nublado,Simples,Curva,Não,3,0,3,0,0,0,3,1,-27.394375,-51.0495,SPRF-SC,DEL07-SC,UOP06-DEL07-SC,2024
579601.0,2024-02-07,quarta-feira,16:30:00,SC,282,208.2,SAO JOSE,Reação tardia ou ineficiente do condutor,Colisão traseira,Com Vítimas Feridas,Pleno dia,Decrescente,Céu Claro,Múltipla,Reta,Sim,2,0,1,0,1,0,1,2,-27.60483417,-48.63356709,SPRF-SC,DEL05-SC,UOP01-DEL05-SC,2024
579680.0,2024-02-07,quarta-feira,20:20:00,SC,282,225.9,LAGES,Demais falhas mecânicas ou elétricas,Saída de leito carroçável,Com Vítimas Feridas,Plena Noite,Crescente,Nublado,Simples,Reta,Não,1,0,1,0,0,0,1,1,-27.794176,-50.379559,SPRF-SC,DEL05-SC,UOP02-DEL05-SC,2024
579961.0,2024-02-09,sexta-feira,06:15:00,SC,282,155.0,BOM RETIRO,Reação tardia ou ineficiente do condutor,Saída de leito carroçável,Com Vítimas Feridas,Pleno dia,Decrescente,Nublado,Simples,Curva;Declive,Não,4,0,3,0,1,0,3,1,-27.75168,-49.707371,SPRF-SC,DEL05-SC,UOP01-DEL05-SC,2024
580080.0,2024-02-09,sexta-feira,18:30:00,SC,282,2.0,FLORIANOPOLIS,Reação tardia ou ineficiente do condutor,Colisão lateral mesmo sentido,Com Vítimas Feridas,Plena Noite,Crescente,Céu Claro,Múltipla,Reta,Sim,2,0,1,0,1,0,1,2,-27.603289,-48.590416,SPRF-SC,DEL01-SC,UOP01-DEL01-SC,2024
580097.0,2024-02-09,sexta-feira,20:30:00,SC,282,339.0,CAMPOS NOVOS,Velocidade Incompatível,Colisão com objeto,Com Vítimas Feridas,Plena Noite,Decrescente,Céu Claro,Simples,Curva,Não,1,0,1,0,0,0,1,1,-27.392731,-51.195118,SPRF-SC,DEL07-SC,UOP06-DEL07-SC,2024
580101.0,2024-02-09,sexta-feira,15:00:00,SC,282,394.0,JOACABA,Pista Escorregadia,Queda de ocupante de veículo,Com Vítimas Feridas,Pleno dia,Crescente,Sol,Simples,Curva,Não,1,0,1,0,0,0,1,1,-27.16017,-51.58284,SPRF-SC,DEL07-SC,UOP05-DEL07-SC,2024
580185.0,2024-02-10,sábado,05:35:00,SC,282,578.2,PINHALZINHO,Transitar na contramão,Colisão lateral sentido oposto,Com Vítimas Feridas,Amanhecer,Crescente,Céu Claro,Simples,Curva,Sim,1,0,1,0,0,0,1,1,-26.838364,-52.985279,SPRF-SC,DEL07-SC,UOP02-DEL07-SC,2024
580224.0,2024-02-10,sábado,09:10:00,SC,282,20.0,PALHOCA,Velocidade Incompatível,Queda de ocupante de veículo,Com Vítimas Feridas,Pleno dia,Crescente,Sol,Simples,Reta;Declive,Não,1,0,1,0,0,0,1,1,-27.68503868,-48.71166229,SPRF-SC,DEL01-SC,UOP02-DEL01-SC,2024
580254.0,2024-02-10,sábado,10:00:00,SC,282,234.0,LAGES,Demais falhas mecânicas ou elétricas,Saída de leito carroçável,Com Vítimas Feridas,Pleno dia,Crescente,Nublado,Simples,Reta,Não,5,0,4,0,1,0,4,1,-27.78341816,-50.46284437,SPRF-SC,DEL05-SC,UOP02-DEL05-SC,2024
580346.0,2024-02-10,sábado,17:25:00,SC,282,527.9,CORDILHEIRA ALTA,Reação tardia ou ineficiente do condutor,Tombamento,Com Vítimas Feridas,Pleno dia,Decrescente,Nublado,Simples,Curva,Não,2,0,0,2,0,0,2,1,-26.977688,-52.588146,SPRF-SC,DEL07-SC,UOP01-DEL07-SC,2024
580360.0,2024-02-10,sábado,19:02:00,SC,282,22.5,SANTO AMARO DA IMPERATRIZ,Trafegar com motocicleta (ou similar) entre as faixas,Colisão frontal,Com Vítimas Feridas,Anoitecer,Crescente,Nublado,Simples,Curva,Sim,3,0,0,3,0,0,3,2,-27.688507,-48.72739,SPRF-SC,DEL01-SC,UOP02-DEL01-SC,2024
580391.0,2024-02-10,sábado,22:20:00,SC,282,52.0,AGUAS MORNAS,Ausência de reação do condutor,Saída de leito carroçável,Com Vítimas Feridas,Plena Noite,Crescente,Nublado,Simples,Curva,Não,1,0,1,0,0,0,1,1,-27.708536,-48.952251,SPRF-SC,DEL01-SC,UOP03-DEL01-SC,2024
580549.0,2024-02-11,domingo,16:15:00,SC,282,18.0,PALHOCA,Trafegar com motocicleta (ou similar) entre as faixas,Colisão lateral sentido oposto,Com Vítimas Feridas,Pleno dia,Crescente,Céu Claro,Simples,Em Obras;Curva,Sim,2,0,0,1,1,0,1,2,-27.672798,-48.694286,SPRF-SC,DEL01-SC,UOP02-DEL01-SC,2024
580571.0,2024-02-11,domingo,15:25:00,SC,282,354.5,CAMPOS NOVOS,Ingestão de álcool pelo condutor,Colisão frontal,Com Vítimas Feridas,Pleno dia,Crescente,Céu Claro,Simples,Declive;Reta,Não,3,0,1,0,1,1,1,2,-27.35796,-51.330452,SPRF-SC,DEL07-SC,UOP06-DEL07-SC,2024
580612.0,2024-02-11,domingo,19:50:00,SC,282,668.0,SAO MIGUEL DO OESTE,Reação tardia ou ineficiente do condutor,Queda de ocupante de veículo,Com Vítimas Feridas,Plena Noite,Crescente,Céu Claro,Simples,Reta,Não,1,0,1,0,0,0,1,1,-26.641872,-53.625648,SPRF-SC,DEL07-SC,UOP03-DEL07-SC,2024
580622.0,2024-02-11,domingo,21:15:00,SC,282,264.3,SAO JOSE DO CERRITO,Animais na Pista,Atropelamento de Animal,Com Vítimas Feridas,Plena Noite,Decrescente,Céu Claro,Simples,Reta,Não,6,0,1,0,4,1,1,2,-27.627396,-50.623634,SPRF-SC,DEL05-SC,UOP02-DEL05-SC,2024
580630.0,2024-02-11,domingo,19:00:00,SC,282,547.0,CHAPECO,Ultrapassagem Indevida,Colisão frontal,Com Vítimas Feridas,Anoitecer,Decrescente,Céu Claro,Simples,Reta,Não,2,0,0,2,0,0,2,2,-26.973904,-52.745403,SPRF-SC,DEL07-SC,UOP01-DEL07-SC,2024
580735.0,2024-02-12,segunda-feira,08:45:00,SC,282,133.5,BOM RETIRO,Demais falhas mecânicas ou elétricas,Queda de ocupante de veículo,Com Vítimas Feridas,Pleno dia,Decrescente,Céu Claro,Simples,Reta,Não,2,0,2,0,0,0,2,1,-27.807491,-49.532272,SPRF-SC,DEL05-SC,UOP01-DEL05-SC,2024
580760.0,2024-02-12,segunda-feira,11:40:00,SC,282,304.0,VARGEM,Condutor Dormindo,Colisão frontal,Com Vítimas Feridas,Pleno dia,Crescente,Sol,Simples,Aclive;Reta,Não,2,0,2,0,0,0,2,2,-27.49730858,-50.93467712,SPRF-SC,DEL07-SC,UOP06-DEL07-SC,2024
580821.0,2024-02-12,segunda-feira,17:30:00,SC,282,24.6,SANTO AMARO DA IMPERATRIZ,Desrespeitar a preferência no cruzamento,Colisão lateral sentido oposto,Com Vítimas Feridas,Pleno dia,Decrescente,Céu Claro,Múltipla,Interseção de Vias;Viaduto,Sim,4,0,1,0,3,0,1,2,-27.68268,-48.744614,SPRF-SC,DEL01-SC,UOP03-DEL01-SC,2024
580970.0,2024-02-13,terça-feira,17:40:00,SC,282,501.1,XANXERE,Manobra de mudança de faixa,Tombamento,Com Vítimas Feridas,Pleno dia,Crescente,Nublado,Dupla,Rotatória;Reta,Sim,1,0,1,0,0,0,1,1,-26.88252479,-52.38010168,SPRF-SC,DEL07-SC,UOP01-DEL07-SC,2024
581035.0,2024-02-14,quarta-feira,00:55:00,SC,282,222.6,LAGES,Reação tardia ou ineficiente do condutor,Saída de leito carroçável,Com Vítimas Feridas,Plena Noite,Decrescente,Garoa/Chuvisco,Simples,Curva;Declive,Sim,38,0,37,1,0,0,38,1,-27.800127,-50.362751,SPRF-SC,DEL05-SC,UOP01-DEL05-SC,2024
581051.0,2024-02-14,quarta-feira,05:55:00,SC,282,5.7,SAO JOSE,Reação tardia ou ineficiente do condutor,Tombamento,Com Vítimas Fatais,Amanhecer,Crescente,Chuva,Dupla,Curva;Declive,Sim,10,1,2,3,4,0,5,5,-27.585219,-48.6177929,SPRF-SC,DEL01-SC,UOP01-DEL01-SC,2024
581110.0,2024-02-14,quarta-feira,12:15:00,SC,282,216.0,LAGES,Mal súbito do condutor,Colisão com objeto,Sem Vítimas,Pleno dia,Decrescente,Chuva,Simples,Reta;Aclive;Viaduto,Sim,1,0,0,0,1,0,0,1,-27.797529,-50.291862,SPRF-SC,DEL05-SC,UOP01-DEL05-SC,2024
581281.0,2024-02-15,quinta-feira,10:00:00,SC,282,17.0,PALHOCA,Trafegar com motocicleta (ou similar) entre as faixas,Colisão transversal,Com Vítimas Feridas,Pleno dia,Crescente,Céu Claro,Simples,Reta,Não,2,0,1,0,1,0,1,2,-27.665707,-48.688065,SPRF-SC,DEL01-SC,UOP02-DEL01-SC,2024
581317.0,2024-02-15,quinta-feira,13:30:00,SC,282,115.0,ALFREDO WAGNER,Demais falhas mecânicas ou elétricas,Incêndio,Sem Vítimas,Pleno dia,Crescente,Nublado,Simples,Curva,Não,1,0,0,0,1,0,0,1,-27.755424,-49.39444,SPRF-SC,DEL01-SC,UOP03-DEL01-SC,2024
581322.0,2024-01-14,domingo,18:40:00,SC,282,531.7,CORDILHEIRA ALTA,Condutor usando celular,Colisão lateral sentido oposto,Com Vítimas Feridas,Pleno dia,Crescente,Nublado,Simples,Reta,Não,8,0,0,2,4,2,2,4,-26.995453,-52.612208,SPRF-SC,DEL07-SC,UOP01-DEL07-SC,2024
581496.0,2024-02-16,sexta-feira,11:40:00,SC,282,577.8,PINHALZINHO,Reação tardia ou ineficiente do condutor,Tombamento,Com Vítimas Feridas,Pleno dia,Crescente,Chuva,Simples,Reta,Sim,1,0,1,0,0,0,1,1,-26.85496023,-52.98018873,SPRF-SC,DEL07-SC,UOP02-DEL07-SC,2024
581529.0,2024-02-16,sexta-feira,15:30:00,SC,282,115.8,ALFREDO WAGNER,Velocidade Incompatível,Saída de leito carroçável,Com Vítimas Feridas,Pleno dia,Decrescente,Chuva,Simples,Curva,Não,1,0,1,0,0,0,1,1,-27.755424,-49.39444,SPRF-SC,DEL01-SC,UOP03-DEL01-SC,2024
581587.0,2024-02-16,sexta-feira,22:45:00,SC,282,68.5,RANCHO QUEIMADO,Velocidade Incompatível,Saída de leito carroçável,Com Vítimas Feridas,Plena Noite,Decrescente,Chuva,Simples,Curva;Declive,Não,2,0,2,0,0,0,2,1,-27.692406,-49.075939,SPRF-SC,DEL01-SC,UOP03-DEL01-SC,2024
581635.0,2024-02-17,sábado,06:20:00,SC,282,633.7,DESCANSO,Velocidade Incompatível,Saída de leito carroçável,Com Vítimas Fatais,Amanhecer,Decrescente,Céu Claro,Simples,Declive;Curva,Não,1,1,0,0,0,0,0,1,-26.82646435,-53.42026949,SPRF-SC,DEL07-SC,UOP03-DEL07-SC,2024
581672.0,2024-02-17,sábado,12:00:00,SC,282,4.3,SAO JOSE,Reação tardia ou ineficiente do condutor,Colisão transversal,Com Vítimas Feridas,Pleno dia,Decrescente,Nublado,Dupla,Reta,Sim,2,0,1,0,1,0,1,2,-27.592646,-48.604034,SPRF-SC,DEL01-SC,UOP01-DEL01-SC,2024
581700.0,2024-02-17,sábado,16:05:00,SC,282,609.8,MARAVILHA,Condutor deixou de manter distância do veículo da frente,Colisão traseira,Com Vítimas Feridas,Pleno dia,Crescente,Sol,Simples,Reta,Não,3,0,0,1,2,0,1,2,-26.761354,-53.221897,SPRF-SC,DEL07-SC,UOP02-DEL07-SC,2024
581702.0,2024-02-17,sábado,17:00:00,SC,282,22.2,PALHOCA,Ultrapassagem Indevida,Colisão lateral mesmo sentido,Com Vítimas Feridas,Pleno dia,Crescente,Nublado,Simples,Reta,Sim,3,0,0,2,1,0,2,3,-27.688507,-48.72739,SPRF-SC,DEL01-SC,UOP02-DEL01-SC,2024
581750.0,2024-02-17,sábado,21:45:00,SC,282,207.0,LAGES,Acesso irregular,Saída de leito carroçável,Sem Vítimas,Plena Noite,Crescente,Nublado,Simples,Declive,Não,1,0,0,0,1,0,0,1,-27.773464,-50.202095,SPRF-SC,DEL05-SC,UOP01-DEL05-SC,2024
581892.0,2024-02-18,domingo,09:00:00,SC,282,72.0,RANCHO QUEIMADO,Reação tardia ou ineficiente do condutor,Capotamento,Com Vítimas Feridas,Pleno dia,Crescente,Nublado,Múltipla,Aclive;Curva,Não,2,0,1,0,1,0,1,1,-27.683439,-49.105259,SPRF-SC,DEL01-SC,UOP03-DEL01-SC,2024
581942.0,2024-02-18,domingo,19:45:00,SC,282,526.0,XAXIM,Ingestão de álcool pelo condutor,Saída de leito carroçável,Sem Vítimas,Plena Noite,Decrescente,Céu Claro,Simples,Reta,Não,1,0,0,0,1,0,0,1,-26.965441,-52.566383,SPRF-SC,DEL07-SC,UOP01-DEL07-SC,2024
581981.0,2024-02-07,quarta-feira,09:35:00,SC,282,5.5,SAO JOSE,Reação tardia ou ineficiente do condutor,Colisão lateral mesmo sentido,Sem Vítimas,Pleno dia,Decrescente,Céu Claro,Dupla,Reta,Sim,2,0,0,0,2,0,0,2,-27.588425,-48.612919,SPRF-SC,DEL01-SC,UOP01-DEL01-SC,2024
582232.0,2024-02-20,terça-feira,13:00:00,SC,282,15.8,PALHOCA,Conversão proibida,Colisão lateral mesmo sentido,Com Vítimas Feridas,Pleno dia,Crescente,Céu Claro,Simples,Reta,Sim,3,0,2,0,1,0,2,2,-27.651848,-48.676048,SPRF-SC,DEL01-SC,UOP02-DEL01-SC,2024
582287.0,2024-02-20,terça-feira,18:20:00,SC,282,15.5,PALHOCA,Desrespeitar a preferência no cruzamento,Colisão transversal,Com Vítimas Feridas,Pleno dia,Crescente,Céu Claro,Simples,Interseção de Vias;Em Obras,Sim,2,0,1,0,1,0,1,2,-27.651848,-48.676048,SPRF-SC,DEL01-SC,UOP02-DEL01-SC,2024
582472.0,2024-02-21,quarta-feira,19:30:00,SC,282,19.5,PALHOCA,Acessar a via sem observar a presença dos outros veículos,Colisão transversal,Com Vítimas Feridas,Plena Noite,Decrescente,Nublado,Simples,Reta,Sim,2,0,1,0,1,0,1,2,-27.6823975,-48.70757461,SPRF-SC,DEL01-SC,UOP02-DEL01-SC,2024
582488.0,2024-02-21,quarta-feira,20:50:00,SC,282,17.5,PALHOCA,Desrespeitar a preferência no cruzamento,Colisão transversal,Com Vítimas Feridas,Plena Noite,Decrescente,Céu Claro,Simples,Reta,Sim,2,0,1,0,0,1,1,2,-27.66743275,-48.68956089,SPRF-SC,DEL01-SC,UOP02-DEL01-SC,2024
582545.0,2024-02-22,quinta-feira,08:00:00,SC,282,3.0,FLORIANOPOLIS,Manobra de mudança de faixa,Colisão lateral mesmo sentido,Com Vítimas Feridas,Pleno dia,Decrescente,Céu Claro,Múltipla,Curva,Sim,3,0,0,1,2,0,1,3,-27.600384,-48.599705,SPRF-SC,DEL01-SC,UOP01-DEL01-SC,2024
582670.0,2024-02-22,quinta-feira,16:30:00,SC,282,501.3,XANXERE,Acessar a via sem observar a presença dos outros veículos,Colisão transversal,Com Vítimas Feridas,Pleno dia,Crescente,Sol,Simples,Interseção de Vias,Sim,4,0,1,1,2,0,2,2,-26.88244026,-52.38146067,SPRF-SC,DEL07-SC,UOP01-DEL07-SC,2024
582676.0,2024-02-22,quinta-feira,18:30:00,SC,282,273.5,SAO JOSE DO CERRITO,Pedestre andava na pista,Atropelamento de Pedestre,Com Vítimas Fatais,Anoitecer,Decrescente,Céu Claro,Simples,Reta;Declive,Não,2,1,0,0,1,0,0,2,-27.6140454,-50.7104734,SPRF-SC,DEL05-SC,UOP02-DEL05-SC,2024
582709.0,2024-02-23,sexta-feira,06:30:00,SC,282,5.0,SAO JOSE,Trafegar com motocicleta (ou similar) entre as faixas,Colisão lateral mesmo sentido,Com Vítimas Feridas,Pleno dia,Decrescente,Sol,Dupla,Reta,Sim,4,0,1,0,3,0,1,4,-27.588425,-48.612919,SPRF-SC,DEL01-SC,UOP01-DEL01-SC,2024
582781.0,2024-02-23,sexta-feira,13:05:00,SC,282,6.0,SAO JOSE,Manobra de mudança de faixa,Colisão lateral mesmo sentido,Sem Vítimas,Pleno dia,Crescente,Céu Claro,Dupla,Curva,Não,1,0,0,0,1,0,0,1,-27.591936,-48.618244,SPRF-SC,DEL01-SC,UOP01-DEL01-SC,2024
582892.0,2024-02-23,sexta-feira,22:35:00,SC,282,215.5,LAGES,Ultrapassagem Indevida,Colisão lateral mesmo sentido,Com Vítimas Feridas,Plena Noite,Crescente,Céu Claro,Simples,Interseção de Vias,Sim,2,0,1,0,1,0,1,2,-27.7942877,-50.2844131,SPRF-SC,DEL05-SC,UOP01-DEL05-SC,2024
582927.0,2024-02-24,sábado,05:20:00,SC,282,214.0,LAGES,Transitar na contramão,Colisão frontal,Com Vítimas Feridas,Amanhecer,Crescente,Nublado,Simples,Aclive;Reta;Rotatória,Não,3,0,3,0,0,0,3,3,-27.78937,-50.271915,SPRF-SC,DEL05-SC,UOP01-DEL05-SC,2024
582974.0,2024-02-24,sábado,10:15:00,SC,282,16.4,PALHOCA,Trafegar com motocicleta (ou similar) entre as faixas,Colisão transversal,Com Vítimas Feridas,Pleno dia,Crescente,Céu Claro,Simples,Reta,Não,3,0,1,0,2,0,1,2,-27.658611,-48.681847,SPRF-SC,DEL01-SC,UOP02-DEL01-SC,2024
583035.0,2024-02-24,sábado,06:00:00,SC,480,126.5,CHAPECO,Ingestão de álcool pelo condutor,Saída de leito carroçável,Sem Vítimas,Amanhecer,Decrescente,Céu Claro,Dupla,Reta,Não,1,0,0,0,0,1,0,1,-27.020083,-52.636024,SPRF-SC,DEL07-SC,UOP01-DEL07-SC,2024
583195.0,2024-02-25,domingo,04:35:00,SC,480,125.4,CHAPECO,Ingestão de álcool pelo condutor,Colisão com objeto,Com Vítimas Feridas,Plena Noite,Decrescente,Céu Claro,Dupla,Interseção de Vias;Retorno Regulamentado,Não,1,0,1,0,0,0,1,1,-27.014944,-52.637511,SPRF-SC,DEL07-SC,UOP01-DEL07-SC,2024
583253.0,2024-02-25,domingo,14:45:00,SC,282,404.0,CATANDUVAS,Velocidade Incompatível,Saída de leito carroçável,Com Vítimas Feridas,Pleno dia,Crescente,Chuva,Simples,Curva,Não,1,0,1,0,0,0,1,1,-27.104719,-51.644424,SPRF-SC,DEL07-SC,UOP05-DEL07-SC,2024
583325.0,2024-02-25,domingo,20:15:00,SC,282,40.6,AGUAS MORNAS,Condutor deixou de manter distância do veículo da frente,Engavetamento,Com Vítimas Feridas,Plena Noite,Decrescente,Nublado,Simples,Curva,Não,9,0,0,1,8,0,1,3,-27.716148,-48.869583,SPRF-SC,DEL01-SC,UOP03-DEL01-SC,2024
583341.0,2024-02-25,domingo,18:20:00,SC,282,91.5,ALFREDO WAGNER,Pedestre - Ingestão de álcool/ substâncias psicoativas,Queda de ocupante de veículo,Com Vítimas Feridas,Pleno dia,Crescente,Nublado,Simples,Reta,Sim,1,0,1,0,0,0,1,1,-27.71060937,-49.2670083,SPRF-SC,DEL01-SC,UOP03-DEL01-SC,2024
583415.0,2024-02-26,segunda-feira,09:00:00,SC,282,539.8,CHAPECO,Condutor usando celular,Saída de leito carroçável,Com Vítimas Feridas,Pleno dia,Decrescente,Sol,Simples,Reta,Não,1,0,1,0,0,0,1,1,-26.993254,-52.681767,SPRF-SC,DEL07-SC,UOP01-DEL07-SC,2024
583451.0,2024-02-26,segunda-feira,12:00:00,SC,282,72.1,RANCHO QUEIMADO,Velocidade Incompatível,Saída de leito carroçável,Com Vítimas Feridas,Pleno dia,Crescente,Chuva,Simples,Curva,Sim,3,0,2,1,0,0,3,1,-27.683439,-49.105259,SPRF-SC,DEL01-SC,UOP03-DEL01-SC,2024
583547.0,2024-02-26,segunda-feira,16:25:00,SC,282,555.8,NOVA ITABERABA,Velocidade Incompatível,Saída de leito carroçável,Com Vítimas Feridas,Pleno dia,Crescente,Céu Claro,Simples,Reta,Não,2,0,1,0,1,0,1,1,-26.935896,-52.810684,SPRF-SC,DEL07-SC,UOP01-DEL07-SC,2024
583566.0,2024-02-27,terça-feira,00:50:00,SC,282,4.5,SAO JOSE,Demais falhas mecânicas ou elétricas,Incêndio,Sem Vítimas,Plena Noite,Crescente,Nublado,Múltipla,Declive;Reta,Sim,1,0,0,0,0,1,0,1,-27.592646,-48.604034,SPRF-SC,DEL01-SC,UOP01-DEL01-SC,2024
583619.0,2024-02-04,domingo,02:00:00,SC,282,130.7,BOM RETIRO,Transitar na contramão,Colisão frontal,Com Vítimas Fatais,Plena Noite,Crescente,Céu Claro,Simples,Reta;Aclive,Não,3,3,0,0,0,0,0,2,-27.8069846,-49.5106133,SPRF-SC,DEL05-SC,UOP01-DEL05-SC,2024
583979.0,2024-02-29,quinta-feira,07:00:00,SC,282,3.0,FLORIANOPOLIS,Condutor deixou de manter distância do veículo da frente,Queda de ocupante de veículo,Com Vítimas Feridas,Pleno dia,Decrescente,Céu Claro,Dupla,Reta,Sim,1,0,1,0,0,0,1,1,-27.600384,-48.599705,SPRF-SC,DEL01-SC,UOP01-DEL01-SC,2024
584122.0,2024-02-29,quinta-feira,21:10:00,SC,282,5.7,SAO JOSE,Reação tardia ou ineficiente do condutor,Tombamento,Com Vítimas Feridas,Plena Noite,Crescente,Garoa/Chuvisco,Múltipla,Declive;Curva,Sim,1,0,1,0,0,0,1,1,-27.588425,-48.612919,SPRF-SC,DEL01-SC,UOP01-DEL01-SC,2024
584198.0,2024-03-01,sexta-feira,09:25:00,SC,282,529.1,CORDILHEIRA ALTA,Ausência de reação do condutor,Colisão traseira,Com Vítimas Feridas,Pleno dia,Decrescente,Céu Claro,Simples,Reta;Declive,Não,2,0,1,0,1,0,1,2,-26.982185,-52.59734,SPRF-SC,DEL07-SC,UOP01-DEL07-SC,2024
584247.0,2024-03-01,sexta-feira,13:10:00,SC,282,2.1,FLORIANOPOLIS,Manobra de mudança de faixa,Colisão lateral mesmo sentido,Com Vítimas Feridas,Pleno dia,Crescente,Céu Claro,Múltipla,Reta,Sim,1,0,1,0,0,0,1,1,-27.603289,-48.590416,SPRF-SC,DEL01-SC,UOP01-DEL01-SC,2024
584270.0,2024-01-20,sábado,17:30:00,SC,282,138.0,BOM RETIRO,Acessar a via sem observar a presença dos outros veículos,Colisão transversal,Com Vítimas Feridas,Pleno dia,Crescente,Sol,Simples,Reta,Sim,7,0,6,1,0,0,7,2,-27.825998,-49.575924,SPRF-SC,DEL05-SC,UOP01-DEL05-SC,2024
584395.0,2024-03-02,sábado,06:45:00,SC,282,5.8,SAO JOSE,Reação tardia ou ineficiente do condutor,Colisão com objeto,Com Vítimas Feridas,Pleno dia,Crescente,Céu Claro,Simples,Curva,Não,2,0,2,0,0,0,2,1,-27.588425,-48.612919,SPRF-SC,DEL01-SC,UOP01-DEL01-SC,2024
584432.0,2024-03-02,sábado,09:20:00,SC,282,501.0,XANXERE,Desrespeitar a preferência no cruzamento,Colisão transversal,Com Vítimas Feridas,Pleno dia,Crescente,Céu Claro,Dupla,Rotatória,Sim,6,0,4,0,2,0,4,2,-26.882715,-52.381729,SPRF-SC,DEL07-SC,UOP01-DEL07-SC,2024
584464.0,2024-03-02,sábado,13:15:00,SC,282,20.9,PALHOCA,Ingestão de álcool pelo condutor,Colisão lateral sentido oposto,Com Vítimas Feridas,Pleno dia,Crescente,Céu Claro,Simples,Declive;Reta,Sim,3,0,0,1,2,0,1,3,-27.683958,-48.71006,SPRF-SC,DEL01-SC,UOP02-DEL01-SC,2024