id,data_inversa,dia_semana,horario,uf,br,km,municipio,causa_acidente,tipo_acidente,classificacao_acidente,fase_dia,sentido_via,condicao_metereologica,tipo_pista,tracado_via,uso_solo,pessoas,mortos,feridos_leves,feridos_graves,ilesos,ignorados,feridos,veiculos,latitude,longitude,regional,delegacia,uop,ano_arquivo
601265.0,2024-05-18,sábado,05:50:00,SC,282,363.0,ERVAL VELHO,Ingestão de álcool pelo condutor,Saída de leito carroçável,Sem Vítimas,Pleno dia,Decrescente,Nevoeiro/Neblina,Simples,Reta,Não,1,0,0,0,0,1,0,1,-27.302458,-51.390484,SPRF-SC,DEL07-SC,UOP05-DEL07-SC,2024
601287.0,2024-05-18,sábado,05:00:00,SC,282,2.0,FLORIANOPOLIS,Reação tardia ou ineficiente do condutor,Saída de leito carroçável,Com Vítimas Feridas,Pleno dia,Crescente,Chuva,Múltipla,Reta,Sim,3,0,2,0,0,1,2,2,-27.603289,-48.590416,SPRF-SC,DEL01-SC,UOP01-DEL01-SC,2024
601431.0,2024-05-18,sábado,19:00:00,SC,480,126.0,CHAPECO,Ingestão de álcool pelo condutor,Colisão traseira,Com Vítimas Feridas,Plena Noite,Crescente,Chuva,Dupla,Declive;Reta,Sim,2,0,1,0,0,1,1,2,-27.020083,-52.636024,SPRF-SC,DEL07-SC,UOP01-DEL07-SC,2024
601611.0,2024-05-19,domingo,15:30:00,SC,282,24.0,SANTO AMARO DA IMPERATRIZ,Ingestão de álcool pelo condutor,Colisão traseira,Sem Vítimas,Pleno dia,Decrescente,Garoa/Chuvisco,Simples,Reta;Viaduto,Não,2,0,0,0,2,0,0,2,-27.68268,-48.744614,SPRF-SC,DEL01-SC,UOP03-DEL01-SC,2024
601646.0,2024-05-19,domingo,14:00:00,SC,282,69.7,RANCHO QUEIMADO,Pista Escorregadia,Colisão frontal,Com Vítimas Fatais,Pleno dia,Crescente,Chuva,Simples,Aclive;Curva,Não,4,2,1,0,1,0,1,3,-27.6941128,-49.0894815,SPRF-SC,DEL01-SC,UOP03-DEL01-SC,2024
601651.0,2024-05-19,domingo,18:30:00,SC,282,5.5,SAO JOSE,Reação tardia ou ineficiente do condutor,Colisão traseira,Com Vítimas Feridas,Plena Noite,Decrescente,Chuva,Dupla,Curva;Aclive,Sim,3,0,1,0,2,0,1,2,-27.588425,-48.612919,SPRF-SC,DEL01-SC,UOP01-DEL01-SC,2024
601660.0,2024-05-19,domingo,17:15:00,SC,282,53.0,AGUAS MORNAS,Pista Escorregadia,Colisão traseira,Com Vítimas Feridas,Anoitecer,Decrescente,Chuva,Simples,Curva,Não,2,0,0,1,1,0,1,2,-27.691511,-48.970215,SPRF-SC,DEL01-SC,UOP03-DEL01-SC,2024
601669.0,2024-05-19,domingo,19:30:00,SC,282,600.0,CUNHA PORA,Ingestão de álcool pelo condutor,Queda de ocupante de veículo,Com Vítimas Feridas,Plena Noite,Crescente,Garoa/Chuvisco,Simples,Interseção de Vias,Não,1,0,1,0,0,0,1,1,-26.816374,-53.163918,SPRF-SC,DEL07-SC,UOP02-DEL07-SC,2024
601751.0,2024-05-20,segunda-feira,07:40:00,SC,282,2.9,FLORIANOPOLIS,Reação tardia ou ineficiente do condutor,Colisão traseira,Com Vítimas Feridas,Pleno dia,Crescente,Céu Claro,Múltipla,Reta;Viaduto,Sim,2,0,1,0,1,0,1,2,-27.603289,-48.590416,SPRF-SC,DEL01-SC,UOP01-DEL01-SC,2024
601816.0,2024-04-24,quarta-feira,22:15:00,SC,282,512.0,XANXERE,Reação tardia ou ineficiente do condutor,Saída de leito carroçável,Com Vítimas Feridas,Plena Noite,Decrescente,Céu Claro,Simples,Reta,Não,1,0,1,0,0,0,1,1,-26.916537,-52.49108791,SPRF-SC,DEL07-SC,UOP01-DEL07-SC,2024
601853.0,2024-05-20,segunda-feira,15:40:00,SC,282,520.9,XAXIM,Reação tardia ou ineficiente do condutor,Colisão lateral mesmo sentido,Sem Vítimas,Pleno dia,Decrescente,Céu Claro,Simples,Reta,Sim,2,0,0,0,1,1,0,2,-26.950415,-52.526096,SPRF-SC,DEL07-SC,UOP01-DEL07-SC,2024
601854.0,2024-05-20,segunda-feira,17:20:00,SC,282,6.0,SAO JOSE,Reação tardia ou ineficiente do condutor,Colisão lateral mesmo sentido,Com Vítimas Feridas,Plena Noite,Crescente,Céu Claro,Dupla,Curva,Sim,2,0,1,1,0,0,2,2,-27.58519761,-48.61769915,SPRF-SC,DEL01-SC,UOP01-DEL01-SC,2024
602010.0,2024-05-21,terça-feira,10:00:00,SC,282,255.0,SAO JOSE DO CERRITO,Manobra de mudança de faixa,Colisão lateral mesmo sentido,Com Vítimas Feridas,Pleno dia,Crescente,Céu Claro,Dupla,Reta;Rotatória,Não,2,0,1,0,1,0,1,2,-27.6740935,-50.5738771,SPRF-SC,DEL05-SC,UOP02-DEL05-SC,2024
602041.0,2024-05-21,terça-feira,15:40:00,SC,282,4.5,SAO JOSE,Frear bruscamente,Colisão traseira,Com Vítimas Feridas,Pleno dia,Decrescente,Céu Claro,Múltipla,Reta,Não,2,0,1,0,1,0,1,2,-27.592646,-48.604034,SPRF-SC,DEL01-SC,UOP01-DEL01-SC,2024
602074.0,2024-05-21,terça-feira,18:25:00,SC,282,518.8,XAXIM,Avarias e/ou desgaste excessivo no pneu,Queda de ocupante de veículo,Com Vítimas Feridas,Plena Noite,Decrescente,Céu Claro,Simples,Reta,Não,2,0,2,0,0,0,2,1,-26.944099,-52.508427,SPRF-SC,DEL07-SC,UOP01-DEL07-SC,2024
602446.0,2024-05-23,quinta-feira,14:55:00,SC,282,5.3,SAO JOSE,Ausência de reação do condutor,Colisão traseira,Com Vítimas Feridas,Pleno dia,Crescente,Céu Claro,Simples,Reta,Não,2,0,1,0,1,0,1,2,-27.588425,-48.612919,SPRF-SC,DEL01-SC,UOP01-DEL01-SC,2024
602549.0,2024-05-14,terça-feira,08:45:00,SC,282,4.6,FLORIANOPOLIS,Manobra de mudança de faixa,Colisão lateral mesmo sentido,Com Vítimas Feridas,Pleno dia,Decrescente,Chuva,Múltipla,Aclive,Sim,3,0,0,1,2,0,1,3,-27.592646,-48.604034,SPRF-SC,DEL01-SC,UOP01-DEL01-SC,2024
602619.0,2024-05-24,sexta-feira,10:40:00,SC,282,103.0,ALFREDO WAGNER,Velocidade Incompatível,Saída de leito carroçável,Com Vítimas Feridas,Pleno dia,Crescente,Nublado,Simples,Reta,Não,2,0,1,0,1,0,1,1,-27.694868,-49.324345,SPRF-SC,DEL01-SC,UOP03-DEL01-SC,2024
602634.0,2024-04-26,sexta-feira,21:00:00,SC,282,579.3,PINHALZINHO,Ausência de reação do condutor,Atropelamento de Pedestre,Com Vítimas Feridas,Plena Noite,Crescente,Céu Claro,Simples,Reta,Sim,2,0,0,1,0,1,1,2,-26.835443,-52.990578,SPRF-SC,DEL07-SC,UOP02-DEL07-SC,2024
602697.0,2024-05-24,sexta-feira,16:30:00,SC,282,64.0,RANCHO QUEIMADO,Transitar na contramão,Capotamento,Com Vítimas Feridas,Pleno dia,Decrescente,Céu Claro,Simples,Reta;Declive,Sim,5,0,4,0,0,1,4,3,-27.696323,-49.052456,SPRF-SC,DEL01-SC,UOP03-DEL01-SC,2024
602781.0,2024-05-24,sexta-feira,20:45:00,SC,282,48.0,AGUAS MORNAS,Ultrapassagem Indevida,Colisão frontal,Sem Vítimas,Plena Noite,Crescente,Nublado,Simples,Declive;Curva,Não,2,0,0,0,2,0,0,2,-27.714352,-48.938072,SPRF-SC,DEL01-SC,UOP03-DEL01-SC,2024
602885.0,2024-05-25,sábado,13:15:00,SC,282,0.7,FLORIANOPOLIS,Condutor deixou de manter distância do veículo da frente,Colisão traseira,Com Vítimas Feridas,Pleno dia,Decrescente,Céu Claro,Dupla,Reta,Sim,3,0,2,0,1,0,2,2,-27.59845,-48.571995,SPRF-SC,DEL01-SC,UOP01-DEL01-SC,2024
602975.0,2024-05-25,sábado,20:30:00,SC,282,366.0,ERVAL VELHO,Velocidade Incompatível,Saída de leito carroçável,Sem Vítimas,Plena Noite,Decrescente,Céu Claro,Dupla,Reta,Não,1,0,0,0,0,1,0,1,-27.291018,-51.416611,SPRF-SC,DEL07-SC,UOP05-DEL07-SC,2024
603005.0,2024-05-26,domingo,01:39:00,SC,282,145.7,BOM RETIRO,Animais na Pista,Atropelamento de Animal,Com Vítimas Feridas,Plena Noite,Decrescente,Nevoeiro/Neblina,Simples,Reta,Não,2,0,1,0,1,0,1,1,-27.802912,-49.632038,SPRF-SC,DEL05-SC,UOP01-DEL05-SC,2024
603070.0,2024-05-26,domingo,09:30:00,SC,282,69.7,RANCHO QUEIMADO,Velocidade Incompatível,Saída de leito carroçável,Com Vítimas Feridas,Pleno dia,Decrescente,Nublado,Simples,Curva,Não,1,0,1,0,0,0,1,1,-27.690144,-49.083813,SPRF-SC,DEL01-SC,UOP03-DEL01-SC,2024
603107.0,2024-05-26,domingo,14:20:00,SC,282,217.0,LAGES,Transitar no Acostamento,Colisão traseira,Com Vítimas Feridas,Pleno dia,Crescente,Nublado,Dupla,Reta;Aclive,Sim,2,0,1,0,1,0,1,2,-27.797916,-50.302944,SPRF-SC,DEL05-SC,UOP01-DEL05-SC,2024
603171.0,2024-05-26,domingo,18:00:00,SC,282,573.0,NOVA ERECHIM,Reação tardia ou ineficiente do condutor,Colisão frontal,Com Vítimas Feridas,Plena Noite,Crescente,Garoa/Chuvisco,Simples,Reta,Não,3,0,0,1,1,1,1,3,-26.88120097,-52.94388973,SPRF-SC,DEL07-SC,UOP02-DEL07-SC,2024
603211.0,2024-05-26,domingo,20:15:00,SC,282,532.8,CHAPECO,Ultrapassagem Indevida,Colisão frontal,Com Vítimas Feridas,Plena Noite,Crescente,Garoa/Chuvisco,Simples,Reta,Não,2,0,1,1,0,0,2,2,-26.994461,-52.690178,SPRF-SC,DEL07-SC,UOP01-DEL07-SC,2024
603248.0,2024-05-26,domingo,22:50:00,SC,282,3.0,FLORIANOPOLIS,Reação tardia ou ineficiente do condutor,Colisão lateral mesmo sentido,Sem Vítimas,Plena Noite,Crescente,Chuva,Múltipla,Reta,Sim,2,0,0,0,2,0,0,2,-27.59637215,-48.60057592,SPRF-SC,DEL01-SC,UOP01-DEL01-SC,2024
603287.0,2024-05-27,segunda-feira,07:50:00,SC,282,2.5,FLORIANOPOLIS,Reação tardia ou ineficiente do condutor,Tombamento,Com Vítimas Feridas,Pleno dia,Decrescente,Chuva,Múltipla,Reta,Sim,2,0,1,0,1,0,1,1,-27.603289,-48.590416,SPRF-SC,DEL01-SC,UOP01-DEL01-SC,2024
603356.0,2024-05-27,segunda-feira,11:45:00,SC,480,129.0,CHAPECO,Acumulo de água sobre o pavimento,Saída de leito carroçável,Com Vítimas Feridas,Pleno dia,Crescente,Chuva,Dupla,Curva;Declive,Sim,1,0,0,1,0,0,1,1,-27.04656607,-52.63577131,SPRF-SC,DEL07-SC,UOP01-DEL07-SC,2024
603379.0,2024-05-27,segunda-feira,13:00:00,SC,282,412.0,CATANDUVAS,Reação tardia ou ineficiente do condutor,Saída de leito carroçável,Sem Vítimas,Pleno dia,Crescente,Chuva,Simples,Curva;Declive,Não,1,0,0,0,1,0,0,1,-27.055775,-51.688843,SPRF-SC,DEL07-SC,UOP05-DEL07-SC,2024
603419.0,2024-05-27,segunda-feira,16:10:00,SC,282,600.6,CUNHA PORA,Demais falhas na via,Colisão lateral sentido oposto,Com Vítimas Feridas,Pleno dia,Crescente,Garoa/Chuvisco,Simples,Curva,Não,2,0,1,0,1,0,1,2,-26.816374,-53.163918,SPRF-SC,DEL07-SC,UOP02-DEL07-SC,2024
603532.0,2024-05-28,terça-feira,06:00:00,SC,282,4.8,FLORIANOPOLIS,Condutor deixou de manter distância do veículo da frente,Colisão traseira,Com Vítimas Feridas,Pleno dia,Decrescente,Sol,Dupla,Reta,Sim,7,0,0,1,5,1,1,6,-27.592646,-48.604034,SPRF-SC,DEL01-SC,UOP01-DEL01-SC,2024
603638.0,2024-05-20,segunda-feira,21:15:00,SC,282,69.0,RANCHO QUEIMADO,Demais falhas mecânicas ou elétricas,Incêndio,Sem Vítimas,Plena Noite,Crescente,Céu Claro,Múltipla,Reta;Aclive,Não,1,0,0,0,1,0,0,1,-27.690144,-49.083813,SPRF-SC,DEL01-SC,UOP03-DEL01-SC,2024
603701.0,2024-05-29,quarta-feira,07:50:00,SC,282,4.0,FLORIANOPOLIS,Trafegar com motocicleta (ou similar) entre as faixas,Colisão traseira,Com Vítimas Feridas,Pleno dia,Decrescente,Céu Claro,Múltipla,Reta,Não,3,0,1,0,2,0,1,2,-27.600384,-48.599705,SPRF-SC,DEL01-SC,UOP01-DEL01-SC,2024
603828.0,2024-05-29,quarta-feira,17:50:00,SC,282,144.9,BOM RETIRO,Animais na Pista,Atropelamento de Animal,Com Vítimas Feridas,Pleno dia,Crescente,Céu Claro,Simples,Curva,Não,1,0,1,0,0,0,1,1,-27.806391,-49.622917,SPRF-SC,DEL05-SC,UOP01-DEL05-SC,2024
603831.0,2024-05-29,quarta-feira,18:45:00,SC,282,15.9,PALHOCA,Acessar a via sem observar a presença dos outros veículos,Colisão transversal,Com Vítimas Feridas,Plena Noite,Crescente,Céu Claro,Simples,Rotatória,Sim,2,0,0,1,1,0,1,2,-27.65646681,-48.67973328,SPRF-SC,DEL01-SC,UOP02-DEL01-SC,2024
603840.0,2024-05-29,quarta-feira,18:35:00,SC,282,16.7,PALHOCA,Acessar a via sem observar a presença dos outros veículos,Colisão transversal,Com Vítimas Feridas,Plena Noite,Decrescente,Nublado,Simples,Reta,Sim,3,0,1,0,2,0,1,3,-27.658611,-48.681847,SPRF-SC,DEL01-SC,UOP02-DEL01-SC,2024
603857.0,2024-05-29,quarta-feira,19:00:00,SC,282,2.0,FLORIANOPOLIS,Condutor deixou de manter distância do veículo da frente,Colisão traseira,Com Vítimas Feridas,Plena Noite,Decrescente,Céu Claro,Dupla,Reta,Sim,2,0,1,0,0,1,1,2,-27.603289,-48.590416,SPRF-SC,DEL01-SC,UOP01-DEL01-SC,2024
603920.0,2024-05-30,quinta-feira,01:00:00,SC,282,46.0,AGUAS MORNAS,Mal súbito do condutor,Saída de leito carroçável,Com Vítimas Feridas,Plena Noite,Decrescente,Garoa/Chuvisco,Simples,Curva,Não,2,0,1,0,1,0,1,1,-27.721041,-48.925152,SPRF-SC,DEL01-SC,UOP03-DEL01-SC,2024
603939.0,2024-05-30,quinta-feira,05:25:00,SC,282,508.1,XANXERE,Ultrapassagem Indevida,Colisão lateral sentido oposto,Com Vítimas Feridas,Plena Noite,Decrescente,Céu Claro,Simples,Reta;Declive,Não,3,0,1,1,1,0,2,2,-26.886171,-52.43911,SPRF-SC,DEL07-SC,UOP01-DEL07-SC,2024
603950.0,2024-05-30,quinta-feira,05:10:00,SC,282,207.3,LAGES,Reação tardia ou ineficiente do condutor,Colisão traseira,Com Vítimas Feridas,Amanhecer,Decrescente,Nevoeiro/Neblina,Simples,Rotatória,Não,5,0,1,0,4,0,1,2,-27.773464,-50.202095,SPRF-SC,DEL05-SC,UOP01-DEL05-SC,2024
604024.0,2024-05-30,quinta-feira,10:00:00,SC,282,463.6,PONTE SERRADA,Conversão proibida,Colisão transversal,Com Vítimas Feridas,Pleno dia,Crescente,Céu Claro,Simples,Reta,Não,6,0,0,1,0,5,1,3,-26.855036,-52.059551,SPRF-SC,DEL07-SC,UOP04-DEL07-SC,2024
604170.0,2024-05-31,sexta-feira,01:30:00,SC,282,378.9,HERVAL DOESTE,Neblina,Capotamento,Com Vítimas Feridas,Plena Noite,Crescente,Nevoeiro/Neblina,Simples,Rotatória;Interseção de Vias,Não,4,0,2,0,2,0,2,1,-27.21430632,-51.48537755,SPRF-SC,DEL07-SC,UOP05-DEL07-SC,2024
604291.0,2024-05-31,sexta-feira,17:40:00,SC,282,642.4,SAO MIGUEL DO OESTE,Condutor deixou de manter distância do veículo da frente,Colisão lateral mesmo sentido,Com Vítimas Feridas,Pleno dia,Decrescente,Céu Claro,Simples,Curva,Não,2,0,1,0,0,1,1,2,-26.772327,-53.461613,SPRF-SC,DEL07-SC,UOP03-DEL07-SC,2024
604295.0,2024-05-31,sexta-feira,12:50:00,SC,282,512.8,XANXERE,Velocidade Incompatível,Saída de leito carroçável,Sem Vítimas,Pleno dia,Crescente,Sol,Simples,Reta,Não,1,0,0,0,0,1,0,1,-26.910799,-52.472099,SPRF-SC,DEL07-SC,UOP01-DEL07-SC,2024
604303.0,2024-05-31,sexta-feira,18:35:00,SC,282,537.9,CHAPECO,Ingestão de álcool pelo condutor,Colisão frontal,Com Vítimas Feridas,Plena Noite,Decrescente,Céu Claro,Simples,Aclive,Não,4,0,1,2,1,0,3,3,-26.999498,-52.67198,SPRF-SC,DEL07-SC,UOP01-DEL07-SC,2024
604339.0,2024-05-31,sexta-feira,22:53:00,SC,282,17.2,PALHOCA,Desrespeitar a preferência no cruzamento,Colisão transversal,Com Vítimas Feridas,Plena Noite,Decrescente,Céu Claro,Simples,Interseção de Vias,Não,2,0,0,1,1,0,1,2,-27.665707,-48.688065,SPRF-SC,DEL01-SC,UOP02-DEL01-SC,2024
604477.0,2024-06-01,sábado,17:00:00,SC,282,24.0,SANTO AMARO DA IMPERATRIZ,Ingestão de álcool pelo condutor,Colisão traseira,Com Vítimas Feridas,Anoitecer,Decrescente,Céu Claro,Simples,Reta,Sim,3,0,2,0,1,0,2,2,-27.68268,-48.744614,SPRF-SC,DEL01-SC,UOP03-DEL01-SC,2024
604550.0,2024-06-01,sábado,22:05:00,SC,282,212.2,LAGES,Acessar a via sem observar a presença dos outros veículos,Colisão transversal,Com Vítimas Feridas,Plena Noite,Decrescente,Nublado,Simples,Rotatória;Declive;Interseção de Vias,Não,5,0,3,0,2,0,3,2,-27.782257,-50.251381,SPRF-SC,DEL05-SC,UOP01-DEL05-SC,2024
604704.0,2024-06-02,domingo,14:35:00,SC,282,409.3,CATANDUVAS,Ausência de reação do condutor,Colisão transversal,Com Vítimas Feridas,Pleno dia,Decrescente,Céu Claro,Simples,Rotatória,Sim,5,0,2,0,3,0,2,2,-27.065756,-51.664165,SPRF-SC,DEL07-SC,UOP05-DEL07-SC,2024
604725.0,2024-06-02,domingo,17:30:00,SC,282,2.0,FLORIANOPOLIS,Manobra de mudança de faixa,Colisão lateral mesmo sentido,Com Vítimas Feridas,Anoitecer,Crescente,Céu Claro,Múltipla,Interseção de Vias;Reta,Sim,3,0,2,0,1,0,2,2,-27.603289,-48.590416,SPRF-SC,DEL01-SC,UOP01-DEL01-SC,2024
604810.0,2024-06-02,domingo,19:40:00,SC,282,38.7,AGUAS MORNAS,Trafegar com motocicleta (ou similar) entre as faixas,Colisão traseira,Com Vítimas Fatais,Plena Noite,Crescente,Céu Claro,Simples,Curva,Não,5,1,0,1,2,1,1,4,-27.713422,-48.858032,SPRF-SC,DEL01-SC,UOP03-DEL01-SC,2024
604826.0,2024-06-02,domingo,20:30:00,SC,282,217.5,LAGES,Suicídio (presumido),Atropelamento de Pedestre,Com Vítimas Feridas,Plena Noite,Decrescente,Céu Claro,Simples,Reta;Declive,Sim,3,0,1,0,1,1,1,2,-27.797916,-50.302944,SPRF-SC,DEL05-SC,UOP01-DEL05-SC,2024
604876.0,2024-06-02,domingo,22:30:00,SC,282,412.0,CATANDUVAS,Reação tardia ou ineficiente do condutor,Colisão com objeto,Com Vítimas Feridas,Plena Noite,Decrescente,Céu Claro,Simples,Curva,Não,2,0,1,0,1,0,1,1,-27.055775,-51.688843,SPRF-SC,DEL07-SC,UOP05-DEL07-SC,2024
604929.0,2024-06-01,sábado,05:25:00,SC,282,525.0,XAXIM,Ingestão de substâncias psicoativas pelo condutor,Saída de leito carroçável,Com Vítimas Feridas,Plena Noite,Decrescente,Céu Claro,Simples,Curva,Não,2,0,1,0,1,0,1,1,-26.9507675,-52.5283699,SPRF-SC,DEL07-SC,UOP01-DEL07-SC,2024
605027.0,2024-06-03,segunda-feira,18:00:00,SC,282,501.0,XANXERE,Desrespeitar a preferência no cruzamento,Colisão frontal,Com Vítimas Feridas,Plena Noite,Crescente,Céu Claro,Simples,Interseção de Vias;Reta,Sim,2,0,0,1,1,0,1,2,-26.882715,-52.381729,SPRF-SC,DEL07-SC,UOP01-DEL07-SC,2024
605124.0,2024-05-29,quarta-feira,10:30:00,SC,282,4.0,SAO JOSE,Ausência de reação do condutor,Colisão traseira,Com Vítimas Feridas,Pleno dia,Crescente,Céu Claro,Múltipla,Declive;Reta,Não,3,0,1,0,2,0,1,3,-27.59255928,-48.60392332,SPRF-SC,DEL01-SC,UOP01-DEL01-SC,2024
605209.0,2024-06-04,terça-feira,18:40:00,SC,480,128.9,CHAPECO,Transitar na contramão,Colisão frontal,Com Vítimas Feridas,Plena Noite,Crescente,Céu Claro,Simples,Reta,Sim,2,0,1,0,1,0,1,2,-27.03781899,-52.63432603,SPRF-SC,DEL07-SC,UOP01-DEL07-SC,2024
605268.0,2024-06-05,quarta-feira,07:00:00,SC,282,17.5,PALHOCA,Ultrapassagem Indevida,Colisão transversal,Com Vítimas Feridas,Amanhecer,Decrescente,Céu Claro,Simples,Reta;Retorno Regulamentado,Sim,2,0,0,1,1,0,1,2,-27.665707,-48.688065,SPRF-SC,DEL01-SC,UOP02-DEL01-SC,2024
605352.0,2024-06-05,quarta-feira,16:45:00,SC,282,26.7,SANTO AMARO DA IMPERATRIZ,Acessar a via sem observar a presença dos outros veículos,Colisão transversal,Com Vítimas Feridas,Pleno dia,Crescente,Céu Claro,Simples,Reta,Não,2,0,1,0,1,0,1,2,-27.680267,-48.762482,SPRF-SC,DEL01-SC,UOP03-DEL01-SC,2024
605357.0,2024-06-05,quarta-feira,17:35:00,SC,282,605.0,MARAVILHA,Acessar a via sem observar a presença dos outros veículos,Queda de ocupante de veículo,Com Vítimas Feridas,Pleno dia,Crescente,Sol,Simples,Interseção de Vias,Sim,2,0,1,0,0,1,1,2,-26.786951,-53.195248,SPRF-SC,DEL07-SC,UOP02-DEL07-SC,2024
605392.0,2024-06-05,quarta-feira,19:05:00,SC,282,5.3,SAO JOSE,Manobra de mudança de faixa,Queda de ocupante de veículo,Com Vítimas Feridas,Plena Noite,Crescente,Céu Claro,Dupla,Reta,Não,3,0,1,0,2,0,1,3,-27.588425,-48.612919,SPRF-SC,DEL01-SC,UOP01-DEL01-SC,2024
605457.0,2024-06-06,quinta-feira,04:30:00,SC,282,450.8,PONTE SERRADA,Condutor Dormindo,Saída de leito carroçável,Com Vítimas Feridas,Plena Noite,Crescente,Céu Claro,Simples,Curva;Declive,Não,2,0,1,0,1,0,1,1,-26.91944878,-51.94432497,SPRF-SC,DEL07-SC,UOP04-DEL07-SC,2024
605473.0,2024-04-27,sábado,23:45:00,SC,282,572.2,PINHALZINHO,Manobra de mudança de faixa,Colisão frontal,Com Vítimas Fatais,Plena Noite,Decrescente,Céu Claro,Simples,Curva,Não,3,2,1,0,0,0,1,2,-26.8862443,-52.9359628,SPRF-SC,DEL07-SC,UOP02-DEL07-SC,2024
605530.0,2024-06-06,quinta-feira,14:30:00,SC,282,605.0,MARAVILHA,Acessar a via sem observar a presença dos outros veículos,Colisão transversal,Com Vítimas Feridas,Pleno dia,Crescente,Céu Claro,Simples,Reta;Rotatória,Sim,5,0,2,2,1,0,4,2,-26.786951,-53.195248,SPRF-SC,DEL07-SC,UOP02-DEL07-SC,2024
605531.0,2024-06-06,quinta-feira,14:45:00,SC,282,488.8,FAXINAL DOS GUEDES,Mal súbito do condutor,Saída de leito carroçável,Sem Vítimas,Pleno dia,Crescente,Céu Claro,Simples,Rotatória,Sim,2,0,0,0,2,0,0,2,-26.874599,-52.282806,SPRF-SC,DEL07-SC,UOP01-DEL07-SC,2024
605542.0,2024-06-06,quinta-feira,14:50:00,SC,282,283.9,CAPAO ALTO,Reação tardia ou ineficiente do condutor,Saída de leito carroçável,Com Vítimas Feridas,Pleno dia,Decrescente,Céu Claro,Simples,Reta,Não,1,0,1,0,0,0,1,1,-28.06415598,-50.57357403,SPRF-SC,DEL05-SC,UOP02-DEL05-SC,2024
605577.0,2024-06-06,quinta-feira,18:10:00,SC,282,605.0,MARAVILHA,Desrespeitar a preferência no cruzamento,Colisão transversal,Com Vítimas Feridas,Anoitecer,Crescente,Céu Claro,Simples,Reta;Rotatória,Sim,3,0,2,0,1,0,2,2,-26.78243376,-53.19683075,SPRF-SC,DEL07-SC,UOP02-DEL07-SC,2024
605717.0,2024-06-07,sexta-feira,10:40:00,SC,282,564.0,NOVA ERECHIM,Reação tardia ou ineficiente do condutor,Tombamento,Com Vítimas Feridas,Pleno dia,Decrescente,Nublado,Simples,Rotatória;Reta,Não,1,0,0,1,0,0,1,1,-26.90398858,-52.86806703,SPRF-SC,DEL07-SC,UOP02-DEL07-SC,2024
605821.0,2024-06-07,sexta-feira,18:30:00,SC,282,253.0,SAO JOSE DO CERRITO,Acessar a via sem observar a presença dos outros veículos,Colisão traseira,Com Vítimas Feridas,Plena Noite,Crescente,Céu Claro,Simples,Declive;Ponte;Reta,Não,2,0,1,0,1,0,1,2,-27.684978,-50.565498,SPRF-SC,DEL05-SC,UOP02-DEL05-SC,2024
606057.0,2024-06-08,sábado,16:00:00,SC,282,29.0,SANTO AMARO DA IMPERATRIZ,Reação tardia ou ineficiente do condutor,Saída de leito carroçável,Com Vítimas Feridas,Pleno dia,Decrescente,Céu Claro,Simples,Reta;Declive,Não,1,0,1,0,0,0,1,1,-27.679737,-48.786785,SPRF-SC,DEL01-SC,UOP03-DEL01-SC,2024
606217.0,2024-06-09,domingo,06:10:00,SC,282,523.9,XAXIM,Velocidade Incompatível,Tombamento,Com Vítimas Feridas,Amanhecer,Crescente,Céu Claro,Simples,Curva,Não,1,0,1,0,0,0,1,1,-26.963129,-52.548851,SPRF-SC,DEL07-SC,UOP01-DEL07-SC,2024
606225.0,2024-06-09,domingo,07:50:00,SC,282,521.6,XAXIM,Desrespeitar a preferência no cruzamento,Colisão transversal,Com Vítimas Feridas,Pleno dia,Decrescente,Céu Claro,Simples,Rotatória,Sim,2,0,1,0,1,0,1,2,-26.95301866,-52.53822858,SPRF-SC,DEL07-SC,UOP01-DEL07-SC,2024
606258.0,2024-06-09,domingo,10:30:00,SC,282,35.2,AGUAS MORNAS,Velocidade Incompatível,Saída de leito carroçável,Com Vítimas Feridas,Pleno dia,Crescente,Céu Claro,Simples,Curva,Não,1,0,0,1,0,0,1,1,-27.702084,-48.826664,SPRF-SC,DEL01-SC,UOP03-DEL01-SC,2024
606291.0,2024-06-09,domingo,16:00:00,SC,282,49.2,AGUAS MORNAS,Ultrapassagem Indevida,Saída de leito carroçável,Com Vítimas Feridas,Pleno dia,Decrescente,Céu Claro,Simples,Curva;Declive,Não,3,0,2,0,0,1,2,2,-27.712931,-48.943741,SPRF-SC,DEL01-SC,UOP03-DEL01-SC,2024
606521.0,2024-06-10,segunda-feira,12:20:00,SC,282,3.0,FLORIANOPOLIS,Trafegar com motocicleta (ou similar) entre as faixas,Colisão lateral mesmo sentido,Com Vítimas Feridas,Pleno dia,Crescente,Sol,Dupla,Curva,Sim,3,0,1,0,1,1,1,3,-27.600384,-48.599705,SPRF-SC,DEL01-SC,UOP01-DEL01-SC,2024
606543.0,2024-06-10,segunda-feira,13:45:00,SC,282,1.0,FLORIANOPOLIS,Reação tardia ou ineficiente do condutor,Colisão traseira,Com Vítimas Feridas,Pleno dia,Decrescente,Céu Claro,Múltipla,Reta,Sim,3,0,1,0,2,0,1,2,-27.602955,-48.580509,SPRF-SC,DEL01-SC,UOP01-DEL01-SC,2024