id,data_inversa,dia_semana,horario,uf,br,km,municipio,causa_acidente,tipo_acidente,classificacao_acidente,fase_dia,sentido_via,condicao_metereologica,tipo_pista,tracado_via,uso_solo,pessoas,mortos,feridos_leves,feridos_graves,ilesos,ignorados,feridos,veiculos,latitude,longitude,regional,delegacia,uop,ano_arquivo
606581.0,2024-06-10,segunda-feira,14:40:00,SC,480,125.0,CHAPECO,Ausência de reação do condutor,Engavetamento,Sem Vítimas,Pleno dia,Crescente,Céu Claro,Dupla,Reta,Não,4,0,0,0,4,0,0,3,-27.01164515,-52.63953123,SPRF-SC,DEL07-SC,UOP01-DEL07-SC,2024
606582.0,2024-06-10,segunda-feira,15:00:00,SC,282,69.0,RANCHO QUEIMADO,Ausência de reação do condutor,Saída de leito carroçável,Com Vítimas Feridas,Pleno dia,Decrescente,Céu Claro,Simples,Curva,Não,1,0,1,0,0,0,1,1,-27.690144,-49.083813,SPRF-SC,DEL01-SC,UOP03-DEL01-SC,2024
606636.0,2024-06-10,segunda-feira,20:40:00,SC,282,217.4,LAGES,Ausência de reação do condutor,Colisão com objeto,Com Vítimas Feridas,Plena Noite,Crescente,Nublado,Dupla,Reta,Sim,1,0,1,0,0,0,1,1,-27.797916,-50.302944,SPRF-SC,DEL05-SC,UOP01-DEL05-SC,2024
606919.0,2024-05-27,segunda-feira,17:30:00,SC,282,49.9,AGUAS MORNAS,Pista Escorregadia,Colisão frontal,Com Vítimas Fatais,Anoitecer,Crescente,Chuva,Simples,Declive;Curva,Não,7,1,1,5,0,0,6,3,-27.709133,-48.9503573,SPRF-SC,DEL01-SC,UOP03-DEL01-SC,2024
606969.0,2024-06-12,quarta-feira,12:20:00,SC,282,553.8,NOVA ITABERABA,Acesso irregular,Colisão traseira,Com Vítimas Feridas,Pleno dia,Crescente,Sol,Simples,Reta,Não,2,0,1,0,1,0,1,2,-26.93815,-52.791916,SPRF-SC,DEL07-SC,UOP01-DEL07-SC,2024
607024.0,2024-06-12,quarta-feira,15:40:00,SC,282,407.0,CATANDUVAS,Reação tardia ou ineficiente do condutor,Saída de leito carroçável,Com Vítimas Feridas,Pleno dia,Decrescente,Céu Claro,Simples,Reta;Declive,Não,1,0,1,0,0,0,1,1,-27.083517,-51.662014,SPRF-SC,DEL07-SC,UOP05-DEL07-SC,2024
607032.0,2024-06-12,quarta-feira,15:45:00,SC,282,189.7,BOCAINA DO SUL,Mal súbito do condutor,Saída de leito carroçável,Com Vítimas Feridas,Pleno dia,Crescente,Céu Claro,Simples,Reta,Não,2,0,1,0,0,1,1,2,-27.7374,-50.026859,SPRF-SC,DEL05-SC,UOP01-DEL05-SC,2024
607173.0,2024-06-13,quinta-feira,06:30:00,SC,282,16.3,PALHOCA,Acessar a via sem observar a presença dos outros veículos,Colisão transversal,Com Vítimas Feridas,Pleno dia,Crescente,Céu Claro,Simples,Reta,Sim,2,0,1,0,1,0,1,2,-27.658611,-48.681847,SPRF-SC,DEL01-SC,UOP02-DEL01-SC,2024
607267.0,2024-06-13,quinta-feira,18:00:00,SC,282,535.2,CHAPECO,Ausência de reação do condutor,Colisão transversal,Com Vítimas Feridas,Plena Noite,Crescente,Nublado,Simples,Interseção de Vias,Não,6,0,3,0,3,0,3,2,-26.998245,-52.643768,SPRF-SC,DEL07-SC,UOP01-DEL07-SC,2024
607332.0,2024-06-14,sexta-feira,05:00:00,SC,282,564.0,NOVA ERECHIM,Ausência de reação do condutor,Saída de leito carroçável,Com Vítimas Feridas,Plena Noite,Crescente,Céu Claro,Simples,Reta,Não,1,0,0,1,0,0,1,1,-26.898739,-52.877975,SPRF-SC,DEL07-SC,UOP02-DEL07-SC,2024
607399.0,2024-06-14,sexta-feira,10:40:00,SC,282,22.0,SANTO AMARO DA IMPERATRIZ,Acesso irregular,Colisão frontal,Com Vítimas Feridas,Pleno dia,Crescente,Céu Claro,Simples,Reta,Sim,3,0,2,0,1,0,2,2,-27.688507,-48.72739,SPRF-SC,DEL01-SC,UOP02-DEL01-SC,2024
607434.0,2024-06-14,sexta-feira,10:00:00,SC,282,136.5,BOM RETIRO,Velocidade Incompatível,Colisão com objeto,Com Vítimas Feridas,Pleno dia,Decrescente,Céu Claro,Simples,Rotatória,Não,2,0,2,0,0,0,2,1,-27.8223775,-49.56996918,SPRF-SC,DEL05-SC,UOP01-DEL05-SC,2024
607482.0,2024-06-14,sexta-feira,17:45:00,SC,282,508.1,XANXERE,Reação tardia ou ineficiente do condutor,Engavetamento,Com Vítimas Feridas,Anoitecer,Crescente,Céu Claro,Simples,Curva;Aclive,Não,5,0,2,0,3,0,2,3,-26.887014,-52.448372,SPRF-SC,DEL07-SC,UOP01-DEL07-SC,2024
607494.0,2024-06-14,sexta-feira,18:30:00,SC,282,0.5,FLORIANOPOLIS,Reação tardia ou ineficiente do condutor,Colisão traseira,Com Vítimas Feridas,Plena Noite,Crescente,Céu Claro,Dupla,Aclive,Sim,4,0,0,1,3,0,1,2,-27.59845,-48.571995,SPRF-SC,DEL01-SC,UOP01-DEL01-SC,2024
607500.0,2024-06-14,sexta-feira,17:45:00,SC,282,29.5,SANTO AMARO DA IMPERATRIZ,Conversão proibida,Colisão lateral mesmo sentido,Com Vítimas Feridas,Anoitecer,Decrescente,Céu Claro,Simples,Reta,Não,3,0,2,0,1,0,2,2,-27.679737,-48.786785,SPRF-SC,DEL01-SC,UOP03-DEL01-SC,2024
607626.0,2024-06-15,sábado,09:10:00,SC,282,48.2,AGUAS MORNAS,Acessar a via sem observar a presença dos outros veículos,Colisão transversal,Com Vítimas Feridas,Pleno dia,Crescente,Céu Claro,Simples,Interseção de Vias;Curva;Aclive,Não,6,0,4,0,2,0,4,2,-27.714352,-48.938072,SPRF-SC,DEL01-SC,UOP03-DEL01-SC,2024
607654.0,2024-06-15,sábado,10:45:00,SC,282,440.5,IRANI,Ultrapassagem Indevida,Colisão lateral mesmo sentido,Com Vítimas Feridas,Pleno dia,Crescente,Sol,Simples,Reta,Não,5,0,1,0,4,0,1,2,-26.937757,-51.868366,SPRF-SC,DEL07-SC,UOP04-DEL07-SC,2024
607700.0,2024-06-15,sábado,17:20:00,SC,282,174.8,BOCAINA DO SUL,Ausência de reação do condutor,Saída de leito carroçável,Com Vítimas Feridas,Pleno dia,Crescente,Nublado,Simples,Reta,Não,1,0,1,0,0,0,1,1,-27.74296712,-49.88790751,SPRF-SC,DEL05-SC,UOP01-DEL05-SC,2024
607873.0,2024-06-16,domingo,10:07:00,SC,282,32.1,SANTO AMARO DA IMPERATRIZ,Ultrapassagem Indevida,Colisão lateral sentido oposto,Com Vítimas Feridas,Pleno dia,Decrescente,Nublado,Simples,Reta,Sim,2,0,0,1,1,0,1,2,-27.70116,-48.800175,SPRF-SC,DEL01-SC,UOP03-DEL01-SC,2024
607954.0,2024-06-16,domingo,17:35:00,SC,282,534.5,CORDILHEIRA ALTA,Ingestão de álcool pelo condutor,Colisão com objeto,Sem Vítimas,Anoitecer,Decrescente,Chuva,Simples,Reta,Não,3,0,0,0,3,0,0,1,-26.9963932,-52.63988113,SPRF-SC,DEL07-SC,UOP01-DEL07-SC,2024
608099.0,2024-05-12,domingo,22:50:00,SC,282,573.6,PINHALZINHO,Velocidade Incompatível,Saída de leito carroçável,Com Vítimas Feridas,Plena Noite,Crescente,Chuva,Simples,Curva,Não,1,0,1,0,0,0,1,1,-26.863194,-52.974529,SPRF-SC,DEL07-SC,UOP02-DEL07-SC,2024
608113.0,2024-06-17,segunda-feira,09:20:00,SC,282,100.0,ALFREDO WAGNER,Velocidade Incompatível,Colisão transversal,Com Vítimas Feridas,Pleno dia,Crescente,Chuva,Simples,Curva,Não,3,0,0,3,0,0,3,2,-27.698915,-49.297039,SPRF-SC,DEL01-SC,UOP03-DEL01-SC,2024
608124.0,2024-06-17,segunda-feira,10:20:00,SC,282,115.7,ALFREDO WAGNER,Velocidade Incompatível,Saída de leito carroçável,Com Vítimas Feridas,Pleno dia,Decrescente,Chuva,Simples,Curva,Não,2,0,1,0,1,0,1,1,-27.76029325,-49.39695597,SPRF-SC,DEL01-SC,UOP03-DEL01-SC,2024
608130.0,2024-06-17,segunda-feira,11:15:00,SC,282,623.6,IRACEMINHA,Acumulo de água sobre o pavimento,Colisão transversal,Com Vítimas Feridas,Pleno dia,Decrescente,Chuva,Simples,Reta,Não,2,0,2,0,0,0,2,2,-26.799004,-53.332302,SPRF-SC,DEL07-SC,UOP02-DEL07-SC,2024
608131.0,2024-06-17,segunda-feira,12:15:00,SC,282,17.7,PALHOCA,Ausência de reação do condutor,Engavetamento,Com Vítimas Feridas,Pleno dia,Decrescente,Nublado,Simples,Reta,Sim,4,0,2,0,2,0,2,4,-27.665707,-48.688065,SPRF-SC,DEL01-SC,UOP02-DEL01-SC,2024
608197.0,2024-06-17,segunda-feira,14:55:00,SC,282,413.0,CATANDUVAS,Pista Escorregadia,Saída de leito carroçável,Com Vítimas Feridas,Pleno dia,Decrescente,Garoa/Chuvisco,Simples,Curva,Não,1,0,1,0,0,0,1,1,-27.057882,-51.682818,SPRF-SC,DEL07-SC,UOP05-DEL07-SC,2024
608206.0,2024-06-08,sábado,22:45:00,SC,282,520.2,XAXIM,Ingestão de álcool pelo condutor,Colisão transversal,Sem Vítimas,Plena Noite,Crescente,Céu Claro,Simples,Aclive;Curva,Sim,2,0,0,0,2,0,0,2,-26.950415,-52.526096,SPRF-SC,DEL07-SC,UOP01-DEL07-SC,2024
608246.0,2024-06-17,segunda-feira,20:30:00,SC,282,5.6,SAO JOSE,Velocidade Incompatível,Colisão com objeto,Sem Vítimas,Plena Noite,Decrescente,Garoa/Chuvisco,Dupla,Curva,Sim,1,0,0,0,1,0,0,1,-27.588425,-48.612919,SPRF-SC,DEL01-SC,UOP01-DEL01-SC,2024
608270.0,2024-06-17,segunda-feira,23:40:00,SC,282,69.0,RANCHO QUEIMADO,Velocidade Incompatível,Capotamento,Com Vítimas Feridas,Plena Noite,Decrescente,Chuva,Simples,Curva,Não,2,0,2,0,0,0,2,1,-27.690144,-49.083813,SPRF-SC,DEL01-SC,UOP03-DEL01-SC,2024
608314.0,2024-06-09,domingo,06:30:00,SC,282,593.9,FAXINAL DOS GUEDES,Ultrapassagem Indevida,Colisão lateral mesmo sentido,Sem Vítimas,Amanhecer,Decrescente,Céu Claro,Simples,Reta;Declive,Não,2,0,0,0,1,1,0,2,-26.869873,-52.309698,SPRF-SC,DEL07-SC,UOP02-DEL07-SC,2024
608348.0,2024-05-13,segunda-feira,07:30:00,SC,282,273.4,SAO JOSE DO CERRITO,Transitar na contramão,Colisão frontal,Com Vítimas Feridas,Pleno dia,Decrescente,Chuva,Simples,Reta;Declive,Não,2,0,1,1,0,0,2,2,-27.61421,-50.71346,SPRF-SC,DEL05-SC,UOP02-DEL05-SC,2024
608397.0,2024-06-18,terça-feira,16:45:00,SC,282,3.3,FLORIANOPOLIS,Acessar a via sem observar a presença dos outros veículos,Colisão lateral mesmo sentido,Com Vítimas Feridas,Pleno dia,Crescente,Céu Claro,Múltipla,Reta,Sim,2,0,0,1,1,0,1,2,-27.600384,-48.599705,SPRF-SC,DEL01-SC,UOP01-DEL01-SC,2024
608485.0,2024-06-18,terça-feira,17:30:00,SC,282,1.4,FLORIANOPOLIS,Manobra de mudança de faixa,Colisão lateral mesmo sentido,Com Vítimas Feridas,Anoitecer,Crescente,Céu Claro,Múltipla,Reta,Não,2,0,1,0,1,0,1,2,-27.602955,-48.580509,SPRF-SC,DEL01-SC,UOP01-DEL01-SC,2024
608498.0,2024-05-19,domingo,12:25:00,SC,282,66.0,RANCHO QUEIMADO,Pista Escorregadia,Saída de leito carroçável,Com Vítimas Feridas,Pleno dia,Decrescente,Chuva,Simples,Curva,Não,1,0,1,0,0,0,1,1,-27.699602,-49.062912,SPRF-SC,DEL01-SC,UOP03-DEL01-SC,2024
608629.0,2024-06-19,quarta-feira,18:20:00,SC,282,23.6,SANTO AMARO DA IMPERATRIZ,Acessar a via sem observar a presença dos outros veículos,Colisão transversal,Com Vítimas Feridas,Plena Noite,Crescente,Garoa/Chuvisco,Dupla,Reta;Interseção de Vias,Sim,2,0,1,0,1,0,1,2,-27.687958,-48.736794,SPRF-SC,DEL01-SC,UOP03-DEL01-SC,2024
608748.0,2024-06-20,quinta-feira,11:40:00,SC,282,50.3,AGUAS MORNAS,Pista Escorregadia,Colisão frontal,Com Vítimas Feridas,Pleno dia,Crescente,Chuva,Simples,Curva;Aclive,Não,5,0,1,0,4,0,1,2,-27.708536,-48.952251,SPRF-SC,DEL01-SC,UOP03-DEL01-SC,2024
608789.0,2024-06-20,quinta-feira,11:45:00,SC,282,109.0,ALFREDO WAGNER,Velocidade Incompatível,Saída de leito carroçável,Com Vítimas Feridas,Pleno dia,Decrescente,Garoa/Chuvisco,Simples,Declive;Curva,Não,3,0,0,2,1,0,2,1,-27.719378,-49.3582,SPRF-SC,DEL01-SC,UOP03-DEL01-SC,2024
608793.0,2024-06-20,quinta-feira,16:00:00,SC,282,4.0,FLORIANOPOLIS,Reação tardia ou ineficiente do condutor,Colisão lateral mesmo sentido,Com Vítimas Feridas,Anoitecer,Crescente,Céu Claro,Múltipla,Reta,Sim,2,0,1,0,1,0,1,2,-27.592646,-48.604034,SPRF-SC,DEL01-SC,UOP01-DEL01-SC,2024
608861.0,2024-06-20,quinta-feira,21:00:00,SC,282,258.5,SAO JOSE DO CERRITO,Avarias e/ou desgaste excessivo no pneu,Saída de leito carroçável,Com Vítimas Feridas,Plena Noite,Crescente,Chuva,Simples,Curva,Não,2,0,1,0,1,0,1,1,-27.664351,-50.584618,SPRF-SC,DEL05-SC,UOP02-DEL05-SC,2024
608940.0,2024-06-09,domingo,17:49:00,SC,282,3.2,FLORIANOPOLIS,Manobra de mudança de faixa,Colisão lateral mesmo sentido,Com Vítimas Feridas,Anoitecer,Crescente,Céu Claro,Múltipla,Reta,Sim,3,0,2,0,1,0,2,2,-27.600384,-48.599705,SPRF-SC,DEL01-SC,UOP01-DEL01-SC,2024
609107.0,2024-06-21,sexta-feira,21:00:00,SC,282,1.0,FLORIANOPOLIS,Demais falhas mecânicas ou elétricas,Incêndio,Sem Vítimas,Plena Noite,Crescente,Nublado,Múltipla,Ponte;Curva,Sim,1,0,0,0,0,1,0,1,-27.602955,-48.580509,SPRF-SC,DEL01-SC,UOP01-DEL01-SC,2024
609580.0,2024-06-23,domingo,20:30:00,SC,282,17.2,PALHOCA,Desrespeitar a preferência no cruzamento,Colisão transversal,Com Vítimas Feridas,Plena Noite,Crescente,Céu Claro,Simples,Interseção de Vias;Reta,Não,3,0,0,2,1,0,2,2,-27.665707,-48.688065,SPRF-SC,DEL01-SC,UOP02-DEL01-SC,2024
609659.0,2024-04-10,quarta-feira,07:20:00,SC,282,26.0,SANTO AMARO DA IMPERATRIZ,Avarias e/ou desgaste excessivo no pneu,Queda de ocupante de veículo,Com Vítimas Feridas,Pleno dia,Decrescente,Céu Claro,Simples,Reta,Não,2,0,1,1,0,0,2,1,-27.680267,-48.762482,SPRF-SC,DEL01-SC,UOP03-DEL01-SC,2024
609778.0,2024-06-24,segunda-feira,18:30:00,SC,282,560.2,NOVA ITABERABA,Ingestão de álcool pelo condutor,Colisão traseira,Sem Vítimas,Plena Noite,Decrescente,Céu Claro,Simples,Curva;Aclive,Não,3,0,0,0,3,0,0,2,-26.9257030487,-52.8503608704,SPRF-SC,DEL07-SC,UOP01-DEL07-SC,2024
609929.0,2024-06-25,terça-feira,12:00:00,SC,282,6.0,SAO JOSE,Ausência de reação do condutor,Tombamento,Com Vítimas Feridas,Pleno dia,Decrescente,Céu Claro,Dupla,Viaduto,Sim,1,0,1,0,0,0,1,1,-27.591936,-48.618244,SPRF-SC,DEL01-SC,UOP01-DEL01-SC,2024
610019.0,2024-06-25,terça-feira,19:45:00,SC,282,2.0,FLORIANOPOLIS,Objeto estático sobre o leito carroçável,Colisão com objeto,Com Vítimas Feridas,Plena Noite,Crescente,Chuva,Múltipla,Reta;Aclive,Sim,1,0,1,0,0,0,1,1,-27.603289,-48.590416,SPRF-SC,DEL01-SC,UOP01-DEL01-SC,2024
610262.0,2024-06-26,quarta-feira,21:50:00,SC,282,2.9,FLORIANOPOLIS,Acessar a via sem observar a presença dos outros veículos,Queda de ocupante de veículo,Com Vítimas Feridas,Plena Noite,Decrescente,Céu Claro,Múltipla,Curva,Não,2,0,1,0,1,0,1,2,-27.603289,-48.590416,SPRF-SC,DEL01-SC,UOP01-DEL01-SC,2024
610340.0,2024-06-27,quinta-feira,07:30:00,SC,282,2.0,FLORIANOPOLIS,Manobra de mudança de faixa,Colisão lateral mesmo sentido,Com Vítimas Feridas,Pleno dia,Decrescente,Céu Claro,Dupla,Reta,Sim,2,0,0,1,0,1,1,2,-27.603289,-48.590416,SPRF-SC,DEL01-SC,UOP01-DEL01-SC,2024
610350.0,2024-06-27,quinta-feira,09:40:00,SC,282,5.4,SAO JOSE,Acessar a via sem observar a presença dos outros veículos,Colisão lateral mesmo sentido,Com Vítimas Feridas,Pleno dia,Decrescente,Sol,Dupla,Reta;Viaduto,Sim,2,0,0,1,1,0,1,2,-27.588425,-48.612919,SPRF-SC,DEL01-SC,UOP01-DEL01-SC,2024
610356.0,2024-06-27,quinta-feira,06:50:00,SC,282,609.2,MARAVILHA,Reação tardia ou ineficiente do condutor,Saída de leito carroçável,Sem Vítimas,Amanhecer,Crescente,Céu Claro,Simples,Reta,Não,1,0,0,0,0,1,0,1,-26.761354,-53.221897,SPRF-SC,DEL07-SC,UOP02-DEL07-SC,2024
610616.0,2024-06-28,sexta-feira,15:10:00,SC,282,26.5,SANTO AMARO DA IMPERATRIZ,Desrespeitar a preferência no cruzamento,Colisão transversal,Com Vítimas Feridas,Pleno dia,Decrescente,Nublado,Simples,Retorno Regulamentado;Reta,Não,2,0,1,1,0,0,2,2,-27.680267,-48.762482,SPRF-SC,DEL01-SC,UOP03-DEL01-SC,2024
610887.0,2024-06-29,sábado,15:35:00,SC,282,609.8,MARAVILHA,Transitar na contramão,Colisão frontal,Com Vítimas Fatais,Pleno dia,Decrescente,Sol,Simples,Reta;Aclive,Não,3,1,1,0,0,1,1,3,-26.7563711,-53.230295,SPRF-SC,DEL07-SC,UOP02-DEL07-SC,2024
610951.0,2024-06-30,domingo,00:55:00,SC,282,4.9,SAO JOSE,Velocidade Incompatível,Colisão lateral mesmo sentido,Com Vítimas Feridas,Plena Noite,Decrescente,Nublado,Múltipla,Reta;Declive,Sim,2,0,1,0,1,0,1,1,-27.592646,-48.604034,SPRF-SC,DEL01-SC,UOP01-DEL01-SC,2024
610985.0,2024-06-30,domingo,05:00:00,SC,282,520.6,XAXIM,Ausência de reação do condutor,Colisão traseira,Com Vítimas Feridas,Plena Noite,Decrescente,Céu Claro,Simples,Rotatória,Sim,4,0,2,0,0,2,2,3,-26.950415,-52.526096,SPRF-SC,DEL07-SC,UOP01-DEL07-SC,2024
611101.0,2024-06-30,domingo,17:30:00,SC,282,26.5,SANTO AMARO DA IMPERATRIZ,Acessar a via sem observar a presença dos outros veículos,Colisão transversal,Com Vítimas Feridas,Anoitecer,Decrescente,Céu Claro,Simples,Reta,Não,3,0,1,0,2,0,1,2,-27.680267,-48.762482,SPRF-SC,DEL01-SC,UOP03-DEL01-SC,2024
611216.0,2024-07-01,segunda-feira,01:40:00,SC,282,419.0,VARGEM BONITA,Ingestão de álcool pelo condutor,Saída de leito carroçável,Sem Vítimas,Plena Noite,Crescente,Céu Claro,Simples,Curva,Não,1,0,0,0,1,0,0,1,-27.019398,-51.729195,SPRF-SC,DEL07-SC,UOP05-DEL07-SC,2024
611221.0,2024-07-01,segunda-feira,00:01:00,SC,282,435.2,VARGEM BONITA,Reação tardia ou ineficiente do condutor,Saída de leito carroçável,Com Vítimas Feridas,Plena Noite,Crescente,Nevoeiro/Neblina,Simples,Curva,Não,2,0,2,0,0,0,2,1,-26.9796699,-51.80489302,SPRF-SC,DEL07-SC,UOP04-DEL07-SC,2024
611230.0,2024-07-01,segunda-feira,07:50:00,SC,282,3.8,SAO JOSE,Trafegar com motocicleta (ou similar) entre as faixas,Colisão lateral mesmo sentido,Com Vítimas Feridas,Pleno dia,Decrescente,Céu Claro,Dupla,Reta,Sim,3,0,1,0,2,0,1,2,-27.592646,-48.604034,SPRF-SC,DEL01-SC,UOP01-DEL01-SC,2024
611385.0,2024-07-01,segunda-feira,22:05:00,SC,282,401.0,JOACABA,Ingestão de substâncias psicoativas pelo condutor,Saída de leito carroçável,Com Vítimas Feridas,Plena Noite,Decrescente,Céu Claro,Simples,Reta,Não,1,0,1,0,0,0,1,1,-27.098232,-51.651218,SPRF-SC,DEL07-SC,UOP05-DEL07-SC,2024
611401.0,2024-07-02,terça-feira,00:05:00,SC,282,353.0,CAMPOS NOVOS,Condutor Dormindo,Colisão frontal,Com Vítimas Feridas,Plena Noite,Decrescente,Céu Claro,Simples,Reta,Não,2,0,1,1,0,0,2,2,-27.35926631,-51.32529259,SPRF-SC,DEL07-SC,UOP06-DEL07-SC,2024
611565.0,2024-07-02,terça-feira,19:00:00,SC,282,504.0,XANXERE,Acessar a via sem observar a presença dos outros veículos,Colisão transversal,Com Vítimas Feridas,Plena Noite,Decrescente,Céu Claro,Simples,Reta,Sim,3,0,1,0,2,0,1,2,-26.884279,-52.408466,SPRF-SC,DEL07-SC,UOP01-DEL07-SC,2024
611578.0,2024-06-21,sexta-feira,12:08:00,SC,282,504.5,XANXERE,Ultrapassagem Indevida,Colisão lateral mesmo sentido,Com Vítimas Feridas,Pleno dia,Crescente,Céu Claro,Simples,Interseção de Vias,Sim,2,0,1,0,1,0,1,2,-26.884279,-52.408466,SPRF-SC,DEL07-SC,UOP01-DEL07-SC,2024
611867.0,2024-07-04,quinta-feira,00:30:00,SC,282,228.0,LAGES,Velocidade Incompatível,Saída de leito carroçável,Com Vítimas Feridas,Plena Noite,Crescente,Céu Claro,Simples,Curva,Não,2,0,2,0,0,0,2,1,-27.791557,-50.4077,SPRF-SC,DEL05-SC,UOP02-DEL05-SC,2024
611868.0,2024-07-04,quinta-feira,06:55:00,SC,282,5.0,SAO JOSE,Trafegar com motocicleta (ou similar) entre as faixas,Colisão lateral mesmo sentido,Com Vítimas Feridas,Amanhecer,Decrescente,Nublado,Múltipla,Reta,Sim,2,0,0,1,1,0,1,2,-27.588425,-48.612919,SPRF-SC,DEL01-SC,UOP01-DEL01-SC,2024
611869.0,2024-07-04,quinta-feira,07:15:00,SC,282,16.5,PALHOCA,Acessar a via sem observar a presença dos outros veículos,Colisão lateral mesmo sentido,Com Vítimas Feridas,Pleno dia,Decrescente,Nublado,Simples,Reta,Sim,2,0,1,0,1,0,1,2,-27.658611,-48.681847,SPRF-SC,DEL01-SC,UOP02-DEL01-SC,2024
611923.0,2024-07-04,quinta-feira,10:05:00,SC,480,128.0,CHAPECO,Reação tardia ou ineficiente do condutor,Colisão com objeto,Com Vítimas Feridas,Pleno dia,Decrescente,Céu Claro,Dupla,Declive;Reta,Sim,2,0,1,0,0,1,1,2,-27.03781899,-52.63432603,SPRF-SC,DEL07-SC,UOP01-DEL07-SC,2024
611949.0,2024-07-02,terça-feira,20:30:00,SC,480,130.0,CHAPECO,Reação tardia ou ineficiente do condutor,Saída de leito carroçável,Sem Vítimas,Plena Noite,Decrescente,Céu Claro,Dupla,Reta,Sim,1,0,0,0,0,1,0,1,-27.05534298,-52.63652069,SPRF-SC,DEL07-SC,UOP01-DEL07-SC,2024
611997.0,2024-07-04,quinta-feira,14:00:00,SC,282,100.3,ALFREDO WAGNER,Ausência de reação do condutor,Colisão lateral sentido oposto,Com Vítimas Feridas,Pleno dia,Crescente,Céu Claro,Simples,Curva,Não,2,0,1,0,1,0,1,2,-27.698915,-49.297039,SPRF-SC,DEL01-SC,UOP03-DEL01-SC,2024
612059.0,2024-07-04,quinta-feira,22:40:00,SC,282,45.4,AGUAS MORNAS,Demais falhas mecânicas ou elétricas,Incêndio,Sem Vítimas,Plena Noite,Crescente,Nublado,Simples,Aclive;Reta,Não,1,0,0,0,1,0,0,1,-27.719851,-48.916126,SPRF-SC,DEL01-SC,UOP03-DEL01-SC,2024
612289.0,2024-07-05,sexta-feira,20:15:00,SC,282,522.9,XAXIM,Ausência de reação do condutor,Colisão traseira,Sem Vítimas,Plena Noite,Crescente,Nublado,Simples,Reta,Não,3,0,0,0,3,0,0,2,-26.9623933,-52.54773617,SPRF-SC,DEL07-SC,UOP01-DEL07-SC,2024
612328.0,2024-07-05,sexta-feira,22:50:00,SC,282,387.5,JOACABA,Pista Escorregadia,Tombamento,Com Vítimas Feridas,Plena Noite,Crescente,Garoa/Chuvisco,Simples,Rotatória,Sim,1,0,1,0,0,0,1,1,-27.1798478,-51.52242422,SPRF-SC,DEL07-SC,UOP05-DEL07-SC,2024
612332.0,2024-07-05,sexta-feira,21:10:00,SC,282,282.6,SAO JOSE DO CERRITO,Pista Escorregadia,Saída de leito carroçável,Com Vítimas Feridas,Plena Noite,Crescente,Ignorado,Simples,Curva,Não,3,0,3,0,0,0,3,1,-27.578697,-50.77409,SPRF-SC,DEL05-SC,UOP02-DEL05-SC,2024
612387.0,2024-07-06,sábado,04:00:00,SC,282,411.0,CATANDUVAS,Ausência de reação do condutor,Saída de leito carroçável,Sem Vítimas,Plena Noite,Crescente,Garoa/Chuvisco,Simples,Declive;Reta,Não,1,0,0,0,0,1,0,1,-27.059202,-51.680046,SPRF-SC,DEL07-SC,UOP05-DEL07-SC,2024
612392.0,2024-07-06,sábado,05:50:00,SC,282,51.7,AGUAS MORNAS,Manobra de mudança de faixa,Colisão frontal,Com Vítimas Fatais,Amanhecer,Decrescente,Chuva,Simples,Declive;Curva,Não,2,1,0,0,1,0,0,2,-27.6988318,-48.9635623,SPRF-SC,DEL01-SC,UOP03-DEL01-SC,2024
612410.0,2024-07-06,sábado,07:10:00,SC,282,3.7,FLORIANOPOLIS,Reação tardia ou ineficiente do condutor,Colisão com objeto,Com Vítimas Feridas,Pleno dia,Crescente,Garoa/Chuvisco,Múltipla,Reta,Sim,1,0,1,0,0,0,1,1,-27.600384,-48.599705,SPRF-SC,DEL01-SC,UOP01-DEL01-SC,2024
612424.0,2024-07-06,sábado,06:30:00,SC,282,415.0,CATANDUVAS,Ingestão de álcool pelo condutor,Saída de leito carroçável,Com Vítimas Feridas,Plena Noite,Decrescente,Céu Claro,Simples,Declive;Curva,Não,2,0,1,0,0,1,1,1,-27.039997,-51.708958,SPRF-SC,DEL07-SC,UOP05-DEL07-SC,2024
612486.0,2024-07-06,sábado,12:52:00,SC,282,505.9,XANXERE,Reação tardia ou ineficiente do condutor,Saída de leito carroçável,Com Vítimas Feridas,Pleno dia,Decrescente,Chuva,Dupla,Aclive;Curva,Não,2,0,1,0,1,0,1,1,-26.8862584,-52.42366791,SPRF-SC,DEL07-SC,UOP01-DEL07-SC,2024
612488.0,2024-07-06,sábado,12:00:00,SC,282,574.5,PINHALZINHO,Demais falhas mecânicas ou elétricas,Colisão lateral mesmo sentido,Com Vítimas Feridas,Pleno dia,Crescente,Chuva,Simples,Reta;Aclive,Não,2,0,1,0,1,0,1,2,-26.867399,-52.965149,SPRF-SC,DEL07-SC,UOP02-DEL07-SC,2024
612517.0,2024-07-06,sábado,15:30:00,SC,282,35.0,AGUAS MORNAS,Ingestão de álcool pelo condutor,Saída de leito carroçável,Sem Vítimas,Pleno dia,Crescente,Chuva,Simples,Aclive;Curva,Não,1,0,0,0,1,0,0,1,-27.702084,-48.826664,SPRF-SC,DEL01-SC,UOP03-DEL01-SC,2024