id,data_inversa,dia_semana,horario,uf,br,km,municipio,causa_acidente,tipo_acidente,classificacao_acidente,fase_dia,sentido_via,condicao_metereologica,tipo_pista,tracado_via,uso_solo,pessoas,mortos,feridos_leves,feridos_graves,ilesos,ignorados,feridos,veiculos,latitude,longitude,regional,delegacia,uop,ano_arquivo
612557.0,2024-07-06,sábado,17:28:00,SC,282,375.3,ERVAL VELHO,Reação tardia ou ineficiente do condutor,Saída de leito carroçável,Com Vítimas Feridas,Anoitecer,Decrescente,Chuva,Simples,Reta,Não,2,0,0,1,0,1,1,2,-27.228022,-51.456421,SPRF-SC,DEL07-SC,UOP05-DEL07-SC,2024
612583.0,2024-07-06,sábado,18:25:00,SC,282,52.1,AGUAS MORNAS,Chuva,Colisão frontal,Com Vítimas Feridas,Anoitecer,Crescente,Chuva,Simples,Curva;Aclive,Não,7,0,4,2,1,0,6,3,-27.696936,-48.964138,SPRF-SC,DEL01-SC,UOP03-DEL01-SC,2024
612586.0,2024-07-06,sábado,17:50:00,SC,282,550.0,NOVA ITABERABA,Neblina,Colisão frontal,Com Vítimas Feridas,Anoitecer,Decrescente,Nevoeiro/Neblina,Simples,Reta,Sim,4,0,2,1,1,0,3,2,-26.958057,-52.771416,SPRF-SC,DEL07-SC,UOP01-DEL07-SC,2024
612624.0,2024-07-06,sábado,22:45:00,SC,282,397.5,JOACABA,Acessar a via sem observar a presença dos outros veículos,Colisão transversal,Com Vítimas Feridas,Plena Noite,Crescente,Chuva,Simples,Reta;Interseção de Vias,Não,3,0,0,1,1,1,1,3,-27.1507917,-51.60499334,SPRF-SC,DEL07-SC,UOP05-DEL07-SC,2024
612627.0,2024-07-06,sábado,23:25:00,SC,282,377.5,HERVAL DOESTE,Velocidade Incompatível,Capotamento,Com Vítimas Feridas,Plena Noite,Crescente,Chuva,Simples,Reta,Não,1,0,1,0,0,0,1,1,-27.216974,-51.470055,SPRF-SC,DEL07-SC,UOP05-DEL07-SC,2024
612680.0,2024-07-07,domingo,06:10:00,SC,282,18.3,PALHOCA,Ingestão de álcool pelo condutor,Colisão com objeto,Sem Vítimas,Plena Noite,Crescente,Garoa/Chuvisco,Simples,Reta,Sim,1,0,0,0,1,0,0,1,-27.672798,-48.694286,SPRF-SC,DEL01-SC,UOP02-DEL01-SC,2024
612681.0,2024-07-06,sábado,20:00:00,SC,282,48.2,AGUAS MORNAS,Chuva,Saída de leito carroçável,Sem Vítimas,Plena Noite,Crescente,Chuva,Simples,Aclive;Curva,Não,1,0,0,0,0,1,0,1,-27.714352,-48.938072,SPRF-SC,DEL01-SC,UOP03-DEL01-SC,2024
612704.0,2024-07-07,domingo,07:40:00,SC,282,503.0,XANXERE,Ingestão de álcool pelo condutor,Saída de leito carroçável,Sem Vítimas,Pleno dia,Decrescente,Garoa/Chuvisco,Dupla,Aclive,Sim,1,0,0,0,1,0,0,1,-26.88368144,-52.40207965,SPRF-SC,DEL07-SC,UOP01-DEL07-SC,2024
612720.0,2024-07-07,domingo,05:30:00,SC,480,130.2,CHAPECO,Reação tardia ou ineficiente do condutor,Saída de leito carroçável,Sem Vítimas,Plena Noite,Crescente,Chuva,Dupla,Reta,Sim,1,0,0,0,0,1,0,1,-27.05534298,-52.63652069,SPRF-SC,DEL07-SC,UOP01-DEL07-SC,2024
612749.0,2024-07-07,domingo,13:00:00,SC,282,5.4,FLORIANOPOLIS,Velocidade Incompatível,Saída de leito carroçável,Sem Vítimas,Pleno dia,Decrescente,Chuva,Dupla,Curva,Sim,1,0,0,0,1,0,0,1,-27.588425,-48.612919,SPRF-SC,DEL01-SC,UOP01-DEL01-SC,2024
612769.0,2024-07-07,domingo,13:00:00,SC,282,388.6,JOACABA,Pista Escorregadia,Saída de leito carroçável,Sem Vítimas,Pleno dia,Decrescente,Chuva,Simples,Curva,Sim,1,0,0,0,1,0,0,1,-27.177313,-51.530122,SPRF-SC,DEL07-SC,UOP05-DEL07-SC,2024
612814.0,2024-07-07,domingo,16:35:00,SC,282,212.2,LAGES,Desrespeitar a preferência no cruzamento,Colisão transversal,Sem Vítimas,Pleno dia,Decrescente,Chuva,Simples,Reta,Sim,2,0,0,0,2,0,0,2,-27.78282194,-50.25309563,SPRF-SC,DEL05-SC,UOP01-DEL05-SC,2024
612846.0,2024-06-26,quarta-feira,06:40:00,SC,282,3.5,FLORIANOPOLIS,Condutor deixou de manter distância do veículo da frente,Colisão traseira,Com Vítimas Feridas,Amanhecer,Decrescente,Chuva,Dupla,Reta,Sim,2,0,0,1,0,1,1,2,-27.59661655,-48.60102117,SPRF-SC,DEL01-SC,UOP01-DEL01-SC,2024
612867.0,2024-07-07,domingo,18:10:00,SC,282,309.6,VARGEM,Velocidade Incompatível,Saída de leito carroçável,Com Vítimas Feridas,Plena Noite,Decrescente,Chuva,Simples,Declive;Curva,Não,3,0,2,0,1,0,2,1,-27.49302592,-50.97136974,SPRF-SC,DEL07-SC,UOP06-DEL07-SC,2024
612874.0,2024-07-07,domingo,17:30:00,SC,282,396.0,JOACABA,Demais falhas mecânicas ou elétricas,Incêndio,Sem Vítimas,Anoitecer,Decrescente,Chuva,Simples,Reta,Não,1,0,0,0,1,0,0,1,-27.1504,-51.605823,SPRF-SC,DEL07-SC,UOP05-DEL07-SC,2024
612925.0,2024-07-08,segunda-feira,03:00:00,SC,282,1.7,FLORIANOPOLIS,Reação tardia ou ineficiente do condutor,Colisão com objeto,Com Vítimas Fatais,Plena Noite,Crescente,Chuva,Múltipla,Declive;Curva,Sim,1,1,0,0,0,0,0,1,-27.603016,-48.587868,SPRF-SC,DEL01-SC,UOP01-DEL01-SC,2024
613047.0,2024-07-08,segunda-feira,13:20:00,SC,282,463.0,PONTE SERRADA,Acessar a via sem observar a presença dos outros veículos,Colisão transversal,Com Vítimas Feridas,Pleno dia,Crescente,Nublado,Dupla,Rotatória,Sim,3,0,2,0,1,0,2,2,-26.85609253,-52.0318079,SPRF-SC,DEL07-SC,UOP04-DEL07-SC,2024
613048.0,2024-07-08,segunda-feira,14:00:00,SC,282,46.1,AGUAS MORNAS,Ingestão de álcool pelo condutor,Saída de leito carroçável,Com Vítimas Feridas,Pleno dia,Decrescente,Nublado,Simples,Curva;Declive,Não,2,0,2,0,0,0,2,1,-27.721045,-48.92711,SPRF-SC,DEL01-SC,UOP03-DEL01-SC,2024
613185.0,2024-07-09,terça-feira,06:57:00,SC,480,127.3,CHAPECO,Pedestre cruzava a pista fora da faixa,Atropelamento de Pedestre,Com Vítimas Feridas,Amanhecer,Crescente,Nevoeiro/Neblina,Dupla,Reta,Sim,3,0,0,1,1,1,1,2,-27.03462555,-52.63352394,SPRF-SC,DEL07-SC,UOP01-DEL07-SC,2024
613269.0,2024-07-09,terça-feira,13:12:00,SC,282,533.2,CORDILHEIRA ALTA,Reação tardia ou ineficiente do condutor,Saída de leito carroçável,Sem Vítimas,Pleno dia,Crescente,Nublado,Simples,Declive;Curva,Não,2,0,0,0,2,0,0,2,-26.99488924,-52.62731731,SPRF-SC,DEL07-SC,UOP01-DEL07-SC,2024
613296.0,2024-07-07,domingo,00:12:00,SC,282,556.3,NOVA ITABERABA,Ingestão de álcool pelo condutor,Saída de leito carroçável,Sem Vítimas,Plena Noite,Crescente,Chuva,Simples,Interseção de Vias;Curva,Não,4,0,0,0,4,0,0,1,-26.932056,-52.814853,SPRF-SC,DEL07-SC,UOP01-DEL07-SC,2024
613320.0,2024-07-09,terça-feira,19:15:00,SC,282,16.4,PALHOCA,Desrespeitar a preferência no cruzamento,Colisão transversal,Com Vítimas Feridas,Plena Noite,Decrescente,Chuva,Simples,Reta,Não,3,0,2,0,1,0,2,2,-27.658611,-48.681847,SPRF-SC,DEL01-SC,UOP02-DEL01-SC,2024
613326.0,2024-07-07,domingo,16:50:00,SC,282,551.7,NOVA ITABERABA,Transitar na contramão,Colisão frontal,Com Vítimas Feridas,Anoitecer,Decrescente,Chuva,Simples,Curva;Aclive,Não,5,0,4,0,1,0,4,2,-26.951487,-52.778172,SPRF-SC,DEL07-SC,UOP01-DEL07-SC,2024
613458.0,2024-07-10,quarta-feira,13:15:00,SC,282,16.0,PALHOCA,Reação tardia ou ineficiente do condutor,Colisão transversal,Com Vítimas Feridas,Pleno dia,Decrescente,Céu Claro,Simples,Reta,Sim,2,0,1,0,1,0,1,2,-27.658611,-48.681847,SPRF-SC,DEL01-SC,UOP02-DEL01-SC,2024
613479.0,2024-07-10,quarta-feira,15:20:00,SC,282,17.0,PALHOCA,Acessar a via sem observar a presença dos outros veículos,Colisão transversal,Com Vítimas Feridas,Pleno dia,Crescente,Nublado,Simples,Interseção de Vias;Aclive,Sim,2,0,0,1,1,0,1,2,-27.665707,-48.688065,SPRF-SC,DEL01-SC,UOP02-DEL01-SC,2024
613521.0,2024-07-10,quarta-feira,18:40:00,SC,282,4.9,FLORIANOPOLIS,Manobra de mudança de faixa,Colisão traseira,Com Vítimas Feridas,Plena Noite,Decrescente,Nublado,Dupla,Reta,Sim,2,0,1,0,1,0,1,2,-27.592646,-48.604034,SPRF-SC,DEL01-SC,UOP01-DEL01-SC,2024
613546.0,2024-07-10,quarta-feira,18:25:00,SC,480,127.3,CHAPECO,Condutor deixou de manter distância do veículo da frente,Colisão traseira,Sem Vítimas,Plena Noite,Decrescente,Nublado,Dupla,Reta,Sim,3,0,0,0,3,0,0,2,-27.03302676,-52.63351137,SPRF-SC,DEL07-SC,UOP01-DEL07-SC,2024
613763.0,2024-07-11,quinta-feira,18:50:00,SC,282,2.1,FLORIANOPOLIS,Trafegar com motocicleta (ou similar) entre as faixas,Colisão lateral mesmo sentido,Com Vítimas Feridas,Plena Noite,Crescente,Chuva,Múltipla,Reta,Não,2,0,1,0,1,0,1,2,-27.603289,-48.590416,SPRF-SC,DEL01-SC,UOP01-DEL01-SC,2024
613781.0,2024-07-11,quinta-feira,20:00:00,SC,282,387.0,JOACABA,Ingestão de álcool pelo condutor,Saída de leito carroçável,Sem Vítimas,Plena Noite,Decrescente,Chuva,Simples,Reta,Não,1,0,0,0,0,1,0,1,-27.178274,-51.524025,SPRF-SC,DEL07-SC,UOP05-DEL07-SC,2024
613844.0,2024-07-11,quinta-feira,20:40:00,SC,282,627.0,IRACEMINHA,Velocidade Incompatível,Saída de leito carroçável,Com Vítimas Feridas,Plena Noite,Decrescente,Garoa/Chuvisco,Simples,Curva,Não,2,0,2,0,0,0,2,1,-26.811321,-53.362316,SPRF-SC,DEL07-SC,UOP02-DEL07-SC,2024
613855.0,2024-07-12,sexta-feira,05:30:00,SC,282,412.9,CATANDUVAS,Velocidade Incompatível,Saída de leito carroçável,Com Vítimas Feridas,Plena Noite,Crescente,Nublado,Simples,Declive;Reta,Não,1,0,0,1,0,0,1,1,-27.055775,-51.688843,SPRF-SC,DEL07-SC,UOP05-DEL07-SC,2024
613873.0,2024-07-12,sexta-feira,06:45:00,SC,282,339.7,CAMPOS NOVOS,Ultrapassagem Indevida,Colisão frontal,Com Vítimas Feridas,Pleno dia,Crescente,Nevoeiro/Neblina,Simples,Declive;Reta,Sim,2,0,1,0,1,0,1,2,-27.392731,-51.195118,SPRF-SC,DEL07-SC,UOP06-DEL07-SC,2024
614063.0,2024-07-13,sábado,04:00:00,SC,282,499.1,XANXERE,Ingestão de álcool pelo condutor,Colisão transversal,Sem Vítimas,Plena Noite,Crescente,Nublado,Simples,Rotatória,Não,2,0,0,0,2,0,0,2,-26.880869,-52.363121,SPRF-SC,DEL07-SC,UOP01-DEL07-SC,2024
614083.0,2024-07-12,sexta-feira,18:20:00,SC,282,462.0,PONTE SERRADA,Pedestre - Ingestão de álcool/ substâncias psicoativas,Atropelamento de Pedestre,Com Vítimas Feridas,Plena Noite,Crescente,Céu Claro,Dupla,Reta,Sim,2,0,0,1,1,0,1,2,-26.86663045,-52.0226562,SPRF-SC,DEL07-SC,UOP04-DEL07-SC,2024
614200.0,2024-07-13,sábado,16:30:00,SC,282,111.0,ALFREDO WAGNER,Velocidade Incompatível,Saída de leito carroçável,Com Vítimas Feridas,Pleno dia,Crescente,Chuva,Simples,Curva,Não,4,0,2,0,2,0,2,1,-27.733616,-49.367538,SPRF-SC,DEL01-SC,UOP03-DEL01-SC,2024
614321.0,2024-07-14,domingo,01:50:00,SC,282,462.2,PONTE SERRADA,Ausência de reação do condutor,Colisão lateral sentido oposto,Com Vítimas Feridas,Plena Noite,Crescente,Chuva,Dupla,Aclive;Reta,Sim,3,0,0,1,2,0,1,2,-26.860739,-52.026861,SPRF-SC,DEL07-SC,UOP04-DEL07-SC,2024
614336.0,2024-07-14,domingo,00:50:00,SC,282,522.1,XAXIM,Ingestão de álcool pelo condutor,Saída de leito carroçável,Sem Vítimas,Plena Noite,Decrescente,Garoa/Chuvisco,Simples,Reta,Não,1,0,0,0,0,1,0,1,-26.956238,-52.542637,SPRF-SC,DEL07-SC,UOP01-DEL07-SC,2024
614338.0,2024-07-14,domingo,05:30:00,SC,480,127.0,CHAPECO,Ingestão de álcool pelo condutor,Colisão com objeto,Sem Vítimas,Plena Noite,Crescente,Garoa/Chuvisco,Dupla,Reta,Sim,2,0,0,0,2,0,0,1,-27.02885905,-52.63380035,SPRF-SC,DEL07-SC,UOP01-DEL07-SC,2024
614346.0,2024-07-14,domingo,05:55:00,SC,282,593.4,CUNHA PORA,Reação tardia ou ineficiente do condutor,Saída de leito carroçável,Com Vítimas Feridas,Plena Noite,Crescente,Garoa/Chuvisco,Simples,Curva,Não,3,0,0,1,2,0,1,1,-26.82448921,-53.10559809,SPRF-SC,DEL07-SC,UOP02-DEL07-SC,2024
614357.0,2024-07-14,domingo,08:30:00,SC,282,67.7,RANCHO QUEIMADO,Velocidade Incompatível,Saída de leito carroçável,Com Vítimas Feridas,Pleno dia,Crescente,Chuva,Simples,Declive;Curva,Não,4,0,2,0,2,0,2,1,-27.695963,-49.0695,SPRF-SC,DEL01-SC,UOP03-DEL01-SC,2024
614395.0,2024-04-21,domingo,04:10:00,SC,282,19.2,PALHOCA,Ausência de sinalização,Colisão frontal,Com Vítimas Fatais,Plena Noite,Crescente,Céu Claro,Simples,Retorno Regulamentado;Declive;Viaduto;Reta,Não,6,1,1,4,0,0,5,3,-27.680135,-48.704037,SPRF-SC,DEL01-SC,UOP02-DEL01-SC,2024
614407.0,2024-07-14,domingo,14:20:00,SC,282,402.9,JOACABA,Acumulo de água sobre o pavimento,Saída de leito carroçável,Com Vítimas Feridas,Pleno dia,Crescente,Nevoeiro/Neblina,Simples,Curva,Não,5,0,1,0,4,0,1,1,-27.115656,-51.631065,SPRF-SC,DEL07-SC,UOP05-DEL07-SC,2024
614478.0,2024-07-14,domingo,19:05:00,SC,282,674.3,PARAISO,Acessar a via sem observar a presença dos outros veículos,Colisão transversal,Com Vítimas Feridas,Plena Noite,Decrescente,Ignorado,Simples,Interseção de Vias,Não,3,0,2,0,1,0,2,2,-26.614613,-53.67001,SPRF-SC,DEL07-SC,UOP03-DEL07-SC,2024
614601.0,2024-07-15,segunda-feira,08:30:00,SC,282,662.6,PARAISO,Reação tardia ou ineficiente do condutor,Colisão transversal,Com Vítimas Feridas,Pleno dia,Decrescente,Nevoeiro/Neblina,Simples,Reta,Não,3,0,2,0,1,0,2,2,-26.66989535,-53.59645844,SPRF-SC,DEL07-SC,UOP03-DEL07-SC,2024
614691.0,2024-07-15,segunda-feira,15:49:00,SC,282,344.7,CAMPOS NOVOS,Reação tardia ou ineficiente do condutor,Engavetamento,Com Vítimas Feridas,Pleno dia,Crescente,Céu Claro,Simples,Reta;Em Obras,Sim,5,0,0,1,4,0,1,4,-27.38205669,-51.23920441,SPRF-SC,DEL07-SC,UOP06-DEL07-SC,2024
614710.0,2024-07-15,segunda-feira,18:00:00,SC,282,585.5,PINHALZINHO,Afundamento ou ondulação no pavimento,Queda de ocupante de veículo,Com Vítimas Feridas,Anoitecer,Decrescente,Nublado,Simples,Curva;Em Obras,Não,1,0,0,1,0,0,1,1,-26.830591,-53.025528,SPRF-SC,DEL07-SC,UOP02-DEL07-SC,2024
614891.0,2024-07-16,terça-feira,19:00:00,SC,282,1.0,FLORIANOPOLIS,Trafegar com motocicleta (ou similar) entre as faixas,Colisão lateral mesmo sentido,Com Vítimas Feridas,Plena Noite,Decrescente,Nublado,Múltipla,Curva,Sim,2,0,0,1,1,0,1,2,-27.602955,-48.580509,SPRF-SC,DEL01-SC,UOP01-DEL01-SC,2024
614946.0,2024-07-17,quarta-feira,01:35:00,SC,282,640.9,DESCANSO,Transitar na contramão,Colisão frontal,Com Vítimas Fatais,Plena Noite,Decrescente,Nublado,Simples,Curva,Não,5,1,1,3,0,0,4,2,-26.7794637,-53.460611,SPRF-SC,DEL07-SC,UOP03-DEL07-SC,2024
615129.0,2024-07-17,quarta-feira,22:30:00,SC,282,644.0,SAO MIGUEL DO OESTE,Acessar a via sem observar a presença dos outros veículos,Colisão transversal,Sem Vítimas,Plena Noite,Decrescente,Céu Claro,Simples,Reta,Não,2,0,0,0,2,0,0,2,-26.769157,-53.479385,SPRF-SC,DEL07-SC,UOP03-DEL07-SC,2024
615146.0,2024-07-18,quinta-feira,03:00:00,SC,282,57.0,RANCHO QUEIMADO,Condutor Dormindo,Saída de leito carroçável,Com Vítimas Feridas,Plena Noite,Decrescente,Céu Claro,Simples,Curva,Não,1,0,1,0,0,0,1,1,-27.688864,-48.998455,SPRF-SC,DEL01-SC,UOP03-DEL01-SC,2024
615197.0,2024-07-18,quinta-feira,08:20:00,SC,480,129.9,CHAPECO,Ausência de reação do condutor,Colisão lateral mesmo sentido,Com Vítimas Feridas,Pleno dia,Crescente,Céu Claro,Simples,Reta,Sim,2,0,1,0,1,0,1,2,-27.04656607,-52.63577131,SPRF-SC,DEL07-SC,UOP01-DEL07-SC,2024
615204.0,2024-07-18,quinta-feira,07:15:00,SC,282,54.0,AGUAS MORNAS,Demais Fenômenos da natureza,Incêndio,Sem Vítimas,Pleno dia,Decrescente,Céu Claro,Simples,Reta,Não,1,0,0,0,1,0,0,1,-27.685799,-48.974514,SPRF-SC,DEL01-SC,UOP03-DEL01-SC,2024
615395.0,2024-07-19,sexta-feira,06:00:00,SC,282,354.0,CAMPOS NOVOS,Transitar na contramão,Colisão frontal,Com Vítimas Feridas,Amanhecer,Decrescente,Céu Claro,Simples,Curva,Não,2,0,1,1,0,0,2,2,-27.35796,-51.330452,SPRF-SC,DEL07-SC,UOP06-DEL07-SC,2024
615485.0,2024-07-19,sexta-feira,15:44:00,SC,282,52.6,AGUAS MORNAS,Demais falhas mecânicas ou elétricas,Incêndio,Sem Vítimas,Pleno dia,Crescente,Céu Claro,Simples,Aclive;Curva,Não,1,0,0,0,1,0,0,1,-27.69405141,-48.97024023,SPRF-SC,DEL01-SC,UOP03-DEL01-SC,2024
615731.0,2024-07-20,sábado,15:45:00,SC,282,5.4,SAO JOSE,Ausência de reação do condutor,Tombamento,Com Vítimas Feridas,Pleno dia,Decrescente,Céu Claro,Dupla,Curva,Sim,2,0,2,0,0,0,2,1,-27.588425,-48.612919,SPRF-SC,DEL01-SC,UOP01-DEL01-SC,2024
615840.0,2024-07-21,domingo,01:40:00,SC,282,604.0,MARAVILHA,Ingestão de álcool pelo condutor,Saída de leito carroçável,Com Vítimas Feridas,Plena Noite,Crescente,Nublado,Simples,Aclive,Não,3,0,2,1,0,0,3,1,-26.795523,-53.192974,SPRF-SC,DEL07-SC,UOP02-DEL07-SC,2024
615944.0,2024-07-21,domingo,14:18:00,SC,282,380.0,HERVAL DOESTE,Acessar a via sem observar a presença dos outros veículos,Colisão lateral mesmo sentido,Com Vítimas Feridas,Pleno dia,Decrescente,Céu Claro,Simples,Reta;Rotatória,Sim,5,0,1,0,4,0,1,2,-27.214668,-51.489677,SPRF-SC,DEL07-SC,UOP05-DEL07-SC,2024
615982.0,2024-07-21,domingo,17:45:00,SC,282,501.3,XANXERE,Manobra de mudança de faixa,Colisão lateral mesmo sentido,Com Vítimas Feridas,Pleno dia,Decrescente,Céu Claro,Dupla,Rotatória;Aclive,Sim,2,0,1,0,0,1,1,2,-26.88282304,-52.38149285,SPRF-SC,DEL07-SC,UOP01-DEL07-SC,2024
615988.0,2024-07-21,domingo,18:40:00,SC,282,71.0,RANCHO QUEIMADO,Reação tardia ou ineficiente do condutor,Colisão traseira,Com Vítimas Feridas,Plena Noite,Decrescente,Céu Claro,Simples,Interseção de Vias;Declive;Curva,Não,3,0,1,0,2,0,1,2,-27.689093,-49.097748,SPRF-SC,DEL01-SC,UOP03-DEL01-SC,2024
616059.0,2024-07-21,domingo,19:39:00,SC,282,365.0,ERVAL VELHO,Ausência de reação do condutor,Saída de leito carroçável,Com Vítimas Feridas,Plena Noite,Crescente,Céu Claro,Simples,Declive;Curva,Não,4,0,2,2,0,0,4,1,-27.295467,-51.407909,SPRF-SC,DEL07-SC,UOP05-DEL07-SC,2024
616216.0,2024-07-22,segunda-feira,14:40:00,SC,282,425.0,VARGEM BONITA,Reação tardia ou ineficiente do condutor,Colisão com objeto,Com Vítimas Feridas,Pleno dia,Decrescente,Céu Claro,Simples,Declive;Curva,Não,1,0,0,1,0,0,1,1,-26.980412,-51.756256,SPRF-SC,DEL07-SC,UOP05-DEL07-SC,2024
616290.0,2024-07-22,segunda-feira,21:25:00,SC,282,138.7,BOM RETIRO,Transitar na contramão,Colisão lateral sentido oposto,Com Vítimas Feridas,Plena Noite,Decrescente,Céu Claro,Simples,Reta,Não,2,0,1,0,1,0,1,2,-27.825998,-49.575924,SPRF-SC,DEL05-SC,UOP01-DEL05-SC,2024
616383.0,2024-07-23,terça-feira,14:00:00,SC,282,673.6,PARAISO,Desrespeitar a preferência no cruzamento,Colisão transversal,Com Vítimas Feridas,Pleno dia,Decrescente,Céu Claro,Simples,Interseção de Vias;Reta;Rotatória;Declive,Sim,2,0,1,0,1,0,1,2,-26.61393935,-53.67350221,SPRF-SC,DEL07-SC,UOP03-DEL07-SC,2024
616507.0,2024-07-24,quarta-feira,07:00:00,SC,282,16.4,PALHOCA,Acessar a via sem observar a presença dos outros veículos,Colisão transversal,Com Vítimas Feridas,Pleno dia,Crescente,Céu Claro,Simples,Reta,Sim,2,0,1,0,1,0,1,2,-27.658611,-48.681847,SPRF-SC,DEL01-SC,UOP02-DEL01-SC,2024
616546.0,2024-07-24,quarta-feira,09:45:00,SC,282,336.4,CAMPOS NOVOS,Acumulo de areia ou detritos sobre o pavimento,Saída de leito carroçável,Com Vítimas Feridas,Pleno dia,Decrescente,Céu Claro,Simples,Curva,Não,1,0,0,1,0,0,1,1,-27.392557,-51.165817,SPRF-SC,DEL07-SC,UOP06-DEL07-SC,2024
616640.0,2024-07-24,quarta-feira,18:30:00,SC,282,560.5,NOVA ITABERABA,Transitar na contramão,Colisão frontal,Com Vítimas Feridas,Anoitecer,Crescente,Céu Claro,Simples,Declive;Reta,Não,2,0,0,1,1,0,1,2,-26.92610389,-52.84898579,SPRF-SC,DEL07-SC,UOP01-DEL07-SC,2024
616655.0,2024-07-24,quarta-feira,18:00:00,SC,282,535.0,CHAPECO,Acessar a via sem observar a presença dos outros veículos,Colisão transversal,Com Vítimas Feridas,Anoitecer,Decrescente,Céu Claro,Simples,Reta,Não,2,0,1,0,1,0,1,2,-26.998245,-52.643768,SPRF-SC,DEL07-SC,UOP01-DEL07-SC,2024
616821.0,2024-07-25,quinta-feira,08:00:00,SC,282,88.4,ALFREDO WAGNER,Reação tardia ou ineficiente do condutor,Saída de leito carroçável,Com Vítimas Feridas,Pleno dia,Crescente,Céu Claro,Simples,Reta,Não,1,0,1,0,0,0,1,1,-27.67198,-49.208591,SPRF-SC,DEL01-SC,UOP03-DEL01-SC,2024
616845.0,2024-07-25,quinta-feira,18:40:00,SC,480,124.0,CHAPECO,Condutor deixou de manter distância do veículo da frente,Colisão traseira,Sem Vítimas,Anoitecer,Decrescente,Céu Claro,Dupla,Aclive;Reta,Sim,4,0,0,0,4,0,0,2,-27.00359519,-52.64391044,SPRF-SC,DEL07-SC,UOP01-DEL07-SC,2024
616866.0,2024-07-25,quinta-feira,16:40:00,SC,282,630.0,DESCANSO,Acessar a via sem observar a presença dos outros veículos,Colisão transversal,Com Vítimas Feridas,Pleno dia,Crescente,Céu Claro,Simples,Reta,Não,3,0,1,0,2,0,1,2,-26.822149,-53.384697,SPRF-SC,DEL07-SC,UOP03-DEL07-SC,2024
616869.0,2024-07-25,quinta-feira,19:40:00,SC,282,1.9,FLORIANOPOLIS,Trafegar com motocicleta (ou similar) entre as faixas,Colisão lateral mesmo sentido,Com Vítimas Feridas,Plena Noite,Crescente,Céu Claro,Dupla,Reta,Sim,2,0,1,0,1,0,1,2,-27.602955,-48.580509,SPRF-SC,DEL01-SC,UOP01-DEL01-SC,2024
617058.0,2024-07-26,sexta-feira,18:20:00,SC,282,19.8,PALHOCA,Frear bruscamente,Colisão traseira,Com Vítimas Feridas,Plena Noite,Decrescente,Céu Claro,Simples,Reta,Sim,4,0,3,0,0,1,3,3,-27.678635,-48.70192,SPRF-SC,DEL01-SC,UOP02-DEL01-SC,2024
617104.0,2024-07-26,sexta-feira,18:15:00,SC,282,463.0,PONTE SERRADA,Desrespeitar a preferência no cruzamento,Colisão transversal,Com Vítimas Feridas,Pleno dia,Crescente,Céu Claro,Simples,Rotatória,Sim,2,0,1,1,0,0,2,2,-26.855036,-52.059551,SPRF-SC,DEL07-SC,UOP04-DEL07-SC,2024
617210.0,2024-07-27,sábado,12:15:00,SC,282,17.5,PALHOCA,Reação tardia ou ineficiente do condutor,Colisão traseira,Sem Vítimas,Pleno dia,Crescente,Sol,Simples,Reta,Sim,2,0,0,0,2,0,0,2,-27.665707,-48.688065,SPRF-SC,DEL01-SC,UOP02-DEL01-SC,2024
617236.0,2024-07-27,sábado,14:10:00,SC,282,406.0,CATANDUVAS,Ingestão de álcool pelo condutor,Colisão transversal,Sem Vítimas,Pleno dia,Decrescente,Nublado,Simples,Interseção de Vias;Rotatória,Não,2,0,0,0,2,0,0,2,-27.09764263,-51.65273666,SPRF-SC,DEL07-SC,UOP05-DEL07-SC,2024
617272.0,2024-07-27,sábado,19:20:00,SC,282,24.4,SANTO AMARO DA IMPERATRIZ,Reação tardia ou ineficiente do condutor,Colisão traseira,Sem Vítimas,Plena Noite,Decrescente,Céu Claro,Simples,Reta,Não,2,0,0,0,2,0,0,2,-27.68268,-48.744614,SPRF-SC,DEL01-SC,UOP03-DEL01-SC,2024
617297.0,2024-07-27,sábado,19:15:00,SC,282,512.3,XANXERE,Velocidade Incompatível,Saída de leito carroçável,Sem Vítimas,Plena Noite,Decrescente,Chuva,Simples,Aclive;Reta,Não,1,0,0,0,1,0,0,1,-26.91411066,-52.47658253,SPRF-SC,DEL07-SC,UOP01-DEL07-SC,2024
617351.0,2024-07-28,domingo,00:40:00,SC,282,149.9,BOM RETIRO,Transitar na contramão,Colisão frontal,Com Vítimas Feridas,Plena Noite,Crescente,Nevoeiro/Neblina,Simples,Reta,Não,4,0,2,0,2,0,2,2,-27.775295,-49.655903,SPRF-SC,DEL05-SC,UOP01-DEL05-SC,2024
617397.0,2024-07-28,domingo,07:50:00,SC,282,3.0,FLORIANOPOLIS,Manobra de mudança de faixa,Colisão traseira,Com Vítimas Feridas,Pleno dia,Crescente,Sol,Múltipla,Reta,Sim,2,0,1,0,1,0,1,2,-27.600384,-48.599705,SPRF-SC,DEL01-SC,UOP01-DEL01-SC,2024