id,data_inversa,dia_semana,horario,uf,br,km,municipio,causa_acidente,tipo_acidente,classificacao_acidente,fase_dia,sentido_via,condicao_metereologica,tipo_pista,tracado_via,uso_solo,pessoas,mortos,feridos_leves,feridos_graves,ilesos,ignorados,feridos,veiculos,latitude,longitude,regional,delegacia,uop,ano_arquivo
617406.0,2024-07-28,domingo,07:50:00,SC,282,525.0,XAXIM,Reação tardia ou ineficiente do condutor,Saída de leito carroçável,Sem Vítimas,Pleno dia,Decrescente,Garoa/Chuvisco,Simples,Curva,Não,1,0,0,0,0,1,0,1,-26.965441,-52.566383,SPRF-SC,DEL07-SC,UOP01-DEL07-SC,2024
617469.0,2024-07-28,domingo,15:30:00,SC,282,26.8,SANTO AMARO DA IMPERATRIZ,Acessar a via sem observar a presença dos outros veículos,Colisão transversal,Com Vítimas Feridas,Pleno dia,Crescente,Céu Claro,Simples,Reta,Não,3,0,1,0,2,0,1,2,-27.67566916,-48.76780987,SPRF-SC,DEL01-SC,UOP03-DEL01-SC,2024
617488.0,2024-07-28,domingo,17:30:00,SC,282,208.0,SAO JOSE,Ingestão de álcool pelo condutor,Colisão traseira,Sem Vítimas,Anoitecer,Crescente,Nublado,Dupla,Reta;Interseção de Vias;Retorno Regulamentado,Sim,4,0,0,0,4,0,0,2,-27.60587717,-48.63521397,SPRF-SC,DEL05-SC,UOP01-DEL05-SC,2024
617520.0,2024-07-28,domingo,18:50:00,SC,282,220.0,LAGES,Ingestão de álcool pelo condutor,Colisão traseira,Sem Vítimas,Plena Noite,Crescente,Nublado,Simples,Rotatória,Não,4,0,0,0,4,0,0,2,-27.794014,-50.33363,SPRF-SC,DEL05-SC,UOP01-DEL05-SC,2024
617522.0,2024-07-28,domingo,17:30:00,SC,282,57.4,RANCHO QUEIMADO,Conversão proibida,Colisão lateral mesmo sentido,Sem Vítimas,Anoitecer,Decrescente,Chuva,Simples,Reta,Não,2,0,0,0,1,1,0,2,-27.68505249,-49.0010324593,SPRF-SC,DEL01-SC,UOP03-DEL01-SC,2024
617603.0,2024-07-25,quinta-feira,17:00:00,SC,480,123.5,CHAPECO,Condutor deixou de manter distância do veículo da frente,Engavetamento,Com Vítimas Feridas,Pleno dia,Decrescente,Céu Claro,Dupla,Reta,Sim,7,0,3,0,4,0,3,3,-26.99739704,-52.64201951,SPRF-SC,DEL07-SC,UOP01-DEL07-SC,2024
617638.0,2024-07-29,segunda-feira,06:30:00,SC,282,177.0,BOCAINA DO SUL,Reação tardia ou ineficiente do condutor,Capotamento,Com Vítimas Feridas,Amanhecer,Decrescente,Nublado,Simples,Curva,Não,2,0,2,0,0,0,2,1,-27.739725,-49.911453,SPRF-SC,DEL05-SC,UOP01-DEL05-SC,2024
617641.0,2024-05-18,sábado,21:50:00,SC,282,278.1,SAO JOSE DO CERRITO,Condutor Dormindo,Colisão frontal,Com Vítimas Fatais,Plena Noite,Crescente,Garoa/Chuvisco,Simples,Curva,Sim,2,1,0,1,0,0,1,2,-27.587807,-50.735706,SPRF-SC,DEL05-SC,UOP02-DEL05-SC,2024
617671.0,2024-07-14,domingo,05:30:00,SC,480,128.0,CHAPECO,Condutor deixou de manter distância do veículo da frente,Colisão lateral mesmo sentido,Sem Vítimas,Plena Noite,Crescente,Céu Claro,Dupla,Reta,Não,2,0,0,0,2,0,0,2,-27.03781899,-52.63432603,SPRF-SC,DEL07-SC,UOP01-DEL07-SC,2024
617816.0,2024-07-30,terça-feira,06:40:00,SC,282,4.0,SAO JOSE,Manobra de mudança de faixa,Colisão lateral mesmo sentido,Com Vítimas Feridas,Pleno dia,Decrescente,Céu Claro,Múltipla,Viaduto;Reta,Sim,2,0,1,0,1,0,1,2,-27.592646,-48.604034,SPRF-SC,DEL01-SC,UOP01-DEL01-SC,2024
617932.0,2024-07-30,terça-feira,18:00:00,SC,480,126.1,CHAPECO,Sinalização mal posicionada,Colisão traseira,Com Vítimas Feridas,Plena Noite,Crescente,Nublado,Dupla,Em Obras;Reta,Não,2,0,1,0,1,0,1,2,-27.020083,-52.636024,SPRF-SC,DEL07-SC,UOP01-DEL07-SC,2024
618070.0,2024-07-31,quarta-feira,11:05:00,SC,282,537.0,CHAPECO,Reação tardia ou ineficiente do condutor,Tombamento,Com Vítimas Feridas,Pleno dia,Decrescente,Céu Claro,Simples,Reta,Não,1,0,1,0,0,0,1,1,-26.999933,-52.663895,SPRF-SC,DEL07-SC,UOP01-DEL07-SC,2024
618160.0,2024-07-31,quarta-feira,22:15:00,SC,282,19.7,PALHOCA,Reação tardia ou ineficiente do condutor,Colisão traseira,Com Vítimas Feridas,Plena Noite,Decrescente,Nublado,Simples,Reta,Sim,3,0,2,0,1,0,2,2,-27.678635,-48.70192,SPRF-SC,DEL01-SC,UOP02-DEL01-SC,2024
618186.0,2024-08-01,quinta-feira,04:30:00,SC,282,30.2,SANTO AMARO DA IMPERATRIZ,Velocidade Incompatível,Saída de leito carroçável,Sem Vítimas,Plena Noite,Decrescente,Chuva,Simples,Aclive,Não,1,0,0,0,0,1,0,1,-27.687376,-48.79071,SPRF-SC,DEL01-SC,UOP03-DEL01-SC,2024
618234.0,2024-08-01,quinta-feira,10:50:00,SC,282,22.2,SANTO AMARO DA IMPERATRIZ,Acessar a via sem observar a presença dos outros veículos,Colisão transversal,Com Vítimas Feridas,Pleno dia,Decrescente,Nublado,Simples,Reta,Sim,2,0,0,1,1,0,1,2,-27.688507,-48.72739,SPRF-SC,DEL01-SC,UOP02-DEL01-SC,2024
618401.0,2024-08-02,sexta-feira,06:20:00,SC,282,4.0,SAO JOSE,Condutor deixou de manter distância do veículo da frente,Colisão traseira,Com Vítimas Feridas,Amanhecer,Decrescente,Nublado,Múltipla,Reta,Não,2,0,1,0,1,0,1,2,-27.592646,-48.604034,SPRF-SC,DEL01-SC,UOP01-DEL01-SC,2024
618436.0,2024-08-02,sexta-feira,08:05:00,SC,282,2.4,FLORIANOPOLIS,Condutor deixou de manter distância do veículo da frente,Colisão traseira,Com Vítimas Feridas,Pleno dia,Decrescente,Céu Claro,Múltipla,Reta,Sim,3,0,2,0,1,0,2,3,-27.603289,-48.590416,SPRF-SC,DEL01-SC,UOP01-DEL01-SC,2024
618490.0,2024-08-02,sexta-feira,13:31:00,SC,282,1.5,FLORIANOPOLIS,Condutor deixou de manter distância do veículo da frente,Colisão traseira,Com Vítimas Feridas,Pleno dia,Crescente,Céu Claro,Múltipla,Reta,Sim,2,0,1,0,1,0,1,2,-27.602955,-48.580509,SPRF-SC,DEL01-SC,UOP01-DEL01-SC,2024
618523.0,2024-08-02,sexta-feira,16:10:00,SC,282,16.0,PALHOCA,Acessar a via sem observar a presença dos outros veículos,Colisão transversal,Com Vítimas Feridas,Pleno dia,Crescente,Nublado,Simples,Reta,Sim,4,0,1,1,0,2,2,3,-27.658611,-48.681847,SPRF-SC,DEL01-SC,UOP02-DEL01-SC,2024
618544.0,2024-08-02,sexta-feira,17:00:00,SC,282,1.0,FLORIANOPOLIS,Condutor deixou de manter distância do veículo da frente,Colisão traseira,Com Vítimas Feridas,Pleno dia,Crescente,Céu Claro,Dupla,Reta,Sim,2,0,1,0,1,0,1,2,-27.602955,-48.580509,SPRF-SC,DEL01-SC,UOP01-DEL01-SC,2024
618724.0,2024-08-03,sábado,09:45:00,SC,282,19.0,PALHOCA,Acessar a via sem observar a presença dos outros veículos,Colisão transversal,Com Vítimas Feridas,Pleno dia,Crescente,Céu Claro,Simples,Reta,Sim,2,0,1,0,1,0,1,2,-27.68234999,-48.70747805,SPRF-SC,DEL01-SC,UOP02-DEL01-SC,2024
618737.0,2024-08-03,sábado,11:30:00,SC,282,215.5,LAGES,Acessar a via sem observar a presença dos outros veículos,Colisão transversal,Com Vítimas Feridas,Pleno dia,Crescente,Céu Claro,Simples,Rotatória,Sim,2,0,1,0,1,0,1,2,-27.793665,-50.281799,SPRF-SC,DEL05-SC,UOP01-DEL05-SC,2024
619172.0,2024-08-05,segunda-feira,03:30:00,SC,282,0.2,FLORIANOPOLIS,Ingestão de álcool pelo condutor,Saída de leito carroçável,Sem Vítimas,Plena Noite,Crescente,Nublado,Dupla,Declive;Curva,Sim,1,0,0,0,1,0,0,1,-27.59845,-48.571995,SPRF-SC,DEL01-SC,UOP01-DEL01-SC,2024
619184.0,2024-08-05,segunda-feira,06:20:00,SC,282,17.4,PALHOCA,Conversão proibida,Colisão transversal,Com Vítimas Feridas,Amanhecer,Crescente,Céu Claro,Simples,Reta,Não,3,0,1,0,2,0,1,2,-27.665707,-48.688065,SPRF-SC,DEL01-SC,UOP02-DEL01-SC,2024
619389.0,2024-08-06,terça-feira,07:10:00,SC,282,43.9,AGUAS MORNAS,Ausência de reação do condutor,Saída de leito carroçável,Com Vítimas Feridas,Pleno dia,Crescente,Céu Claro,Simples,Curva,Não,2,0,1,1,0,0,2,1,-27.719458,-48.897526,SPRF-SC,DEL01-SC,UOP03-DEL01-SC,2024
619429.0,2024-07-26,sexta-feira,06:20:00,SC,480,130.0,CHAPECO,Reação tardia ou ineficiente do condutor,Tombamento,Com Vítimas Feridas,Amanhecer,Decrescente,Nublado,Dupla,Em Obras;Desvio Temporário,Sim,1,0,1,0,0,0,1,1,-27.05692824,-52.6360774,SPRF-SC,DEL07-SC,UOP01-DEL07-SC,2024
619570.0,2024-08-07,quarta-feira,01:50:00,SC,282,0.8,FLORIANOPOLIS,Ausência de reação do condutor,Colisão traseira,Com Vítimas Feridas,Plena Noite,Crescente,Céu Claro,Dupla,Reta,Sim,2,0,1,0,1,0,1,2,-27.59845,-48.571995,SPRF-SC,DEL01-SC,UOP01-DEL01-SC,2024
619578.0,2024-08-06,terça-feira,20:45:00,SC,282,596.0,CUNHA PORA,Falta de elemento de contenção que evite a saída do leito carroçável,Saída de leito carroçável,Com Vítimas Feridas,Plena Noite,Decrescente,Céu Claro,Simples,Em Obras;Reta,Não,1,0,1,0,0,0,1,1,-26.82922,-53.138004,SPRF-SC,DEL07-SC,UOP02-DEL07-SC,2024
619582.0,2024-08-07,quarta-feira,06:50:00,SC,282,3.4,FLORIANOPOLIS,Reação tardia ou ineficiente do condutor,Colisão traseira,Com Vítimas Feridas,Pleno dia,Decrescente,Nublado,Múltipla,Reta,Sim,2,0,1,0,1,0,1,2,-27.600384,-48.599705,SPRF-SC,DEL01-SC,UOP01-DEL01-SC,2024
619639.0,2024-06-07,sexta-feira,12:20:00,SC,282,541.5,CHAPECO,Ausência de reação do condutor,Tombamento,Com Vítimas Fatais,Pleno dia,Decrescente,Céu Claro,Dupla,Interseção de Vias;Curva;Retorno Regulamentado,Não,1,1,0,0,0,0,0,1,-26.997654,-52.701756,SPRF-SC,DEL07-SC,UOP01-DEL07-SC,2024
619755.0,2024-08-07,quarta-feira,21:25:00,SC,282,211.6,LAGES,Ingestão de álcool pelo condutor,Saída de leito carroçável,Com Vítimas Feridas,Plena Noite,Decrescente,Garoa/Chuvisco,Simples,Reta,Não,1,0,1,0,0,0,1,1,-27.780222,-50.241741,SPRF-SC,DEL05-SC,UOP01-DEL05-SC,2024
619782.0,2024-08-08,quinta-feira,03:30:00,SC,282,571.6,NOVA ERECHIM,Ausência de reação do condutor,Tombamento,Sem Vítimas,Plena Noite,Crescente,Nevoeiro/Neblina,Simples,Reta,Não,1,0,0,0,0,1,0,1,-26.883053,-52.939816,SPRF-SC,DEL07-SC,UOP02-DEL07-SC,2024
619964.0,2024-08-08,quinta-feira,22:10:00,SC,282,6.0,SAO JOSE,Reação tardia ou ineficiente do condutor,Tombamento,Com Vítimas Feridas,Plena Noite,Crescente,Chuva,Dupla,Curva;Declive,Sim,2,0,1,1,0,0,2,1,-27.591936,-48.618244,SPRF-SC,DEL01-SC,UOP01-DEL01-SC,2024
619995.0,2024-08-09,sexta-feira,00:10:00,SC,282,279.2,HERVAL DOESTE,Ausência de sinalização,Saída de leito carroçável,Sem Vítimas,Plena Noite,Crescente,Nublado,Simples,Rotatória,Não,1,0,0,0,0,1,0,1,-27.21446527,-51.48563731,SPRF-SC,DEL05-SC,UOP02-DEL05-SC,2024
620030.0,2024-08-05,segunda-feira,10:00:00,SC,282,522.0,XAXIM,Reação tardia ou ineficiente do condutor,Saída de leito carroçável,Com Vítimas Feridas,Pleno dia,Crescente,Céu Claro,Simples,Aclive,Não,1,0,1,0,0,0,1,1,-26.956238,-52.542637,SPRF-SC,DEL07-SC,UOP01-DEL07-SC,2024
620099.0,2024-08-09,sexta-feira,15:30:00,SC,282,2.0,FLORIANOPOLIS,Trafegar com motocicleta (ou similar) entre as faixas,Colisão lateral mesmo sentido,Com Vítimas Feridas,Pleno dia,Crescente,Céu Claro,Múltipla,Reta,Não,2,0,1,0,1,0,1,2,-27.603289,-48.590416,SPRF-SC,DEL01-SC,UOP01-DEL01-SC,2024
620236.0,2024-08-10,sábado,03:00:00,SC,282,357.0,CAMPOS NOVOS,Velocidade Incompatível,Saída de leito carroçável,Com Vítimas Feridas,Plena Noite,Decrescente,Céu Claro,Simples,Curva,Não,2,0,1,0,1,0,1,1,-27.335176,-51.346149,SPRF-SC,DEL07-SC,UOP05-DEL07-SC,2024
620313.0,2024-08-10,sábado,11:10:00,SC,282,16.0,PALHOCA,Condutor deixou de manter distância do veículo da frente,Engavetamento,Com Vítimas Feridas,Pleno dia,Crescente,Céu Claro,Simples,Reta,Não,4,0,1,2,1,0,3,3,-27.658611,-48.681847,SPRF-SC,DEL01-SC,UOP02-DEL01-SC,2024
620388.0,2024-08-10,sábado,17:12:00,SC,282,3.5,FLORIANOPOLIS,Velocidade Incompatível,Colisão transversal,Com Vítimas Feridas,Anoitecer,Crescente,Céu Claro,Dupla,Reta,Sim,4,0,3,0,1,0,3,3,-27.600384,-48.599705,SPRF-SC,DEL01-SC,UOP01-DEL01-SC,2024
620436.0,2024-08-10,sábado,17:25:00,SC,282,212.1,LAGES,Ingestão de álcool pelo condutor,Colisão traseira,Com Vítimas Feridas,Pleno dia,Decrescente,Céu Claro,Simples,Declive;Em Obras;Reta,Sim,6,0,4,0,2,0,4,4,-27.78327756,-50.25468349,SPRF-SC,DEL05-SC,UOP01-DEL05-SC,2024
620531.0,2024-08-11,domingo,10:50:00,SC,282,1.0,FLORIANOPOLIS,Reação tardia ou ineficiente do condutor,Colisão transversal,Com Vítimas Feridas,Pleno dia,Crescente,Sol,Múltipla,Reta,Não,3,0,2,0,1,0,2,2,-27.602955,-48.580509,SPRF-SC,DEL01-SC,UOP01-DEL01-SC,2024
620532.0,2024-08-11,domingo,09:05:00,SC,282,1.5,FLORIANOPOLIS,Ausência de reação do condutor,Colisão transversal,Com Vítimas Feridas,Pleno dia,Crescente,Céu Claro,Múltipla,Reta,Sim,7,0,4,0,3,0,4,3,-27.602955,-48.580509,SPRF-SC,DEL01-SC,UOP01-DEL01-SC,2024
620639.0,2024-08-11,domingo,19:00:00,SC,282,108.5,ALFREDO WAGNER,Demais falhas na via,Capotamento,Sem Vítimas,Plena Noite,Decrescente,Ignorado,Simples,Curva,Não,1,0,0,0,0,1,0,1,-27.710777,-49.356228,SPRF-SC,DEL01-SC,UOP03-DEL01-SC,2024
620717.0,2024-08-12,segunda-feira,07:20:00,SC,282,4.0,SAO JOSE,Trafegar com motocicleta (ou similar) entre as faixas,Colisão lateral mesmo sentido,Com Vítimas Feridas,Pleno dia,Decrescente,Céu Claro,Múltipla,Reta,Não,2,0,1,0,1,0,1,2,-27.592646,-48.604034,SPRF-SC,DEL01-SC,UOP01-DEL01-SC,2024
620735.0,2024-08-12,segunda-feira,08:50:00,SC,282,4.7,SAO JOSE,Ausência de reação do condutor,Colisão traseira,Com Vítimas Feridas,Pleno dia,Decrescente,Céu Claro,Múltipla,Reta,Sim,3,0,1,0,2,0,1,2,-27.600384,-48.599705,SPRF-SC,DEL01-SC,UOP01-DEL01-SC,2024
620879.0,2024-08-12,segunda-feira,18:35:00,SC,282,27.0,SANTO AMARO DA IMPERATRIZ,Transitar na contramão,Colisão frontal,Com Vítimas Feridas,Plena Noite,Crescente,Céu Claro,Simples,Reta,Sim,3,0,0,2,0,1,2,3,-27.673981,-48.769676,SPRF-SC,DEL01-SC,UOP03-DEL01-SC,2024
620938.0,2024-08-13,terça-feira,09:00:00,SC,282,3.0,FLORIANOPOLIS,Trafegar com motocicleta (ou similar) entre as faixas,Colisão traseira,Com Vítimas Feridas,Pleno dia,Decrescente,Céu Claro,Múltipla,Reta,Não,2,0,1,0,1,0,1,2,-27.600384,-48.599705,SPRF-SC,DEL01-SC,UOP01-DEL01-SC,2024
620999.0,2024-07-04,quinta-feira,11:30:00,SC,282,387.3,JOACABA,Reação tardia ou ineficiente do condutor,Colisão lateral mesmo sentido,Com Vítimas Feridas,Pleno dia,Crescente,Garoa/Chuvisco,Simples,Reta,Não,2,0,0,1,1,0,1,2,-27.178274,-51.524025,SPRF-SC,DEL07-SC,UOP05-DEL07-SC,2024
621022.0,2024-08-13,terça-feira,17:08:00,SC,282,19.9,PALHOCA,Acessar a via sem observar a presença dos outros veículos,Colisão transversal,Com Vítimas Feridas,Pleno dia,Decrescente,Céu Claro,Simples,Reta,Sim,2,0,1,0,1,0,1,2,-27.678635,-48.70192,SPRF-SC,DEL01-SC,UOP02-DEL01-SC,2024
621023.0,2024-08-13,terça-feira,15:50:00,SC,282,522.7,XAXIM,Velocidade Incompatível,Saída de leito carroçável,Com Vítimas Feridas,Pleno dia,Decrescente,Céu Claro,Simples,Rotatória;Declive;Reta,Sim,1,0,1,0,0,0,1,1,-26.95990414,-52.54566014,SPRF-SC,DEL07-SC,UOP01-DEL07-SC,2024
621082.0,2024-08-13,terça-feira,22:45:00,SC,282,583.0,PINHALZINHO,Ingestão de álcool pelo condutor,Colisão com objeto,Sem Vítimas,Plena Noite,Crescente,Céu Claro,Simples,Reta,Não,1,0,0,0,1,0,0,1,-26.828905,-53.009552,SPRF-SC,DEL07-SC,UOP02-DEL07-SC,2024
621133.0,2024-08-14,quarta-feira,06:20:00,SC,282,412.4,CATANDUVAS,Acumulo de areia ou detritos sobre o pavimento,Saída de leito carroçável,Com Vítimas Feridas,Amanhecer,Decrescente,Céu Claro,Simples,Curva,Não,1,0,1,0,0,0,1,1,-27.055775,-51.688843,SPRF-SC,DEL07-SC,UOP05-DEL07-SC,2024
621178.0,2024-08-14,quarta-feira,13:00:00,SC,282,4.8,SAO JOSE,Trafegar com motocicleta (ou similar) entre as faixas,Colisão com objeto,Com Vítimas Feridas,Pleno dia,Decrescente,Céu Claro,Dupla,Declive,Sim,2,0,1,0,1,0,1,1,-27.592646,-48.604034,SPRF-SC,DEL01-SC,UOP01-DEL01-SC,2024
621379.0,2024-08-15,quinta-feira,15:00:00,SC,282,58.1,RANCHO QUEIMADO,Acessar a via sem observar a presença dos outros veículos,Colisão transversal,Com Vítimas Feridas,Pleno dia,Crescente,Sol,Simples,Aclive;Interseção de Vias,Não,2,0,1,0,1,0,1,2,-27.683594,-49.005539,SPRF-SC,DEL01-SC,UOP03-DEL01-SC,2024
621444.0,2024-06-13,quinta-feira,05:00:00,SC,282,305.8,VARGEM,Condutor Dormindo,Colisão frontal,Com Vítimas Fatais,Plena Noite,Decrescente,Nevoeiro/Neblina,Simples,Declive;Reta,Não,7,2,5,0,0,0,5,2,-27.4953795,-50.9616411,SPRF-SC,DEL07-SC,UOP06-DEL07-SC,2024
621455.0,2024-08-15,quinta-feira,22:10:00,SC,282,17.0,PALHOCA,Acessar a via sem observar a presença dos outros veículos,Colisão transversal,Com Vítimas Feridas,Plena Noite,Decrescente,Céu Claro,Simples,Reta,Sim,2,0,1,0,1,0,1,2,-27.665707,-48.688065,SPRF-SC,DEL01-SC,UOP02-DEL01-SC,2024
621746.0,2024-08-17,sábado,05:30:00,SC,282,616.0,IRACEMINHA,Ingestão de álcool pelo condutor,Saída de leito carroçável,Com Vítimas Feridas,Amanhecer,Decrescente,Céu Claro,Simples,Curva,Não,1,0,0,1,0,0,1,1,-26.781301,-53.27676,SPRF-SC,DEL07-SC,UOP02-DEL07-SC,2024
621774.0,2024-08-17,sábado,10:00:00,SC,282,346.0,CAMPOS NOVOS,Transitar na contramão,Colisão frontal,Com Vítimas Feridas,Pleno dia,Crescente,Céu Claro,Simples,Reta,Não,3,0,2,1,0,0,3,2,-27.365206,-51.263924,SPRF-SC,DEL07-SC,UOP06-DEL07-SC,2024
621911.0,2024-08-17,sábado,19:45:00,SC,282,328.6,CAMPOS NOVOS,Ingestão de álcool pelo condutor,Saída de leito carroçável,Com Vítimas Feridas,Plena Noite,Crescente,Céu Claro,Simples,Reta,Não,1,0,1,0,0,0,1,1,-27.37558,-51.088852,SPRF-SC,DEL07-SC,UOP06-DEL07-SC,2024
621970.0,2024-08-18,domingo,03:20:00,SC,282,642.8,SAO MIGUEL DO OESTE,Ausência de reação do condutor,Saída de leito carroçável,Com Vítimas Feridas,Plena Noite,Crescente,Céu Claro,Simples,Declive;Reta,Não,1,0,0,1,0,0,1,1,-26.76900476,-53.46987963,SPRF-SC,DEL07-SC,UOP03-DEL07-SC,2024
622109.0,2024-08-18,domingo,18:20:00,SC,282,606.0,MARAVILHA,Acessar a via sem observar a presença dos outros veículos,Colisão transversal,Com Vítimas Feridas,Anoitecer,Crescente,Céu Claro,Simples,Reta,Não,2,0,1,0,1,0,1,2,-26.778643,-53.198692,SPRF-SC,DEL07-SC,UOP02-DEL07-SC,2024
622186.0,2024-08-18,domingo,21:15:00,SC,282,106.0,ALFREDO WAGNER,Ingestão de álcool pelo condutor,Colisão frontal,Com Vítimas Feridas,Plena Noite,Crescente,Céu Claro,Simples,Curva,Não,2,0,1,0,1,0,1,2,-27.697609,-49.344734,SPRF-SC,DEL01-SC,UOP03-DEL01-SC,2024
622356.0,2024-08-19,segunda-feira,17:10:00,SC,282,5.0,SAO JOSE,Reação tardia ou ineficiente do condutor,Colisão lateral mesmo sentido,Com Vítimas Feridas,Pleno dia,Crescente,Céu Claro,Múltipla,Reta,Sim,2,0,1,0,1,0,1,2,-27.588425,-48.612919,SPRF-SC,DEL01-SC,UOP01-DEL01-SC,2024
622357.0,2024-07-03,quarta-feira,07:20:00,SC,282,2.5,FLORIANOPOLIS,Condutor deixou de manter distância do veículo da frente,Colisão traseira,Com Vítimas Feridas,Pleno dia,Decrescente,Céu Claro,Múltipla,Reta,Sim,2,0,1,0,1,0,1,2,-27.603289,-48.590416,SPRF-SC,DEL01-SC,UOP01-DEL01-SC,2024
622378.0,2024-08-19,segunda-feira,19:20:00,SC,282,0.4,FLORIANOPOLIS,Manobra de mudança de faixa,Colisão lateral mesmo sentido,Com Vítimas Feridas,Plena Noite,Crescente,Céu Claro,Múltipla,Declive,Sim,3,0,2,0,1,0,2,2,-27.59845,-48.571995,SPRF-SC,DEL01-SC,UOP01-DEL01-SC,2024
622453.0,2024-08-20,terça-feira,07:45:00,SC,282,380.0,HERVAL DOESTE,Acumulo de água sobre o pavimento,Saída de leito carroçável,Com Vítimas Feridas,Pleno dia,Decrescente,Garoa/Chuvisco,Simples,Curva;Aclive,Não,1,0,1,0,0,0,1,1,-27.214459,-51.498839,SPRF-SC,DEL07-SC,UOP05-DEL07-SC,2024
622528.0,2024-08-09,sexta-feira,09:40:00,SC,282,70.0,RANCHO QUEIMADO,Curva acentuada,Queda de ocupante de veículo,Com Vítimas Feridas,Pleno dia,Crescente,Céu Claro,Simples,Reta,Não,1,0,1,0,0,0,1,1,-27.692705,-49.091351,SPRF-SC,DEL01-SC,UOP03-DEL01-SC,2024
622911.0,2024-08-22,quinta-feira,17:50:00,SC,282,19.5,PALHOCA,Conversão proibida,Colisão lateral mesmo sentido,Com Vítimas Feridas,Plena Noite,Crescente,Céu Claro,Simples,Reta,Sim,2,0,1,0,1,0,1,2,-27.678635,-48.70192,SPRF-SC,DEL01-SC,UOP02-DEL01-SC,2024
623015.0,2024-08-23,sexta-feira,08:00:00,SC,282,1.6,FLORIANOPOLIS,Reação tardia ou ineficiente do condutor,Colisão lateral mesmo sentido,Com Vítimas Feridas,Pleno dia,Decrescente,Nublado,Dupla,Reta,Sim,3,0,1,0,1,1,1,2,-27.602955,-48.580509,SPRF-SC,DEL01-SC,UOP01-DEL01-SC,2024
623018.0,2024-08-15,quinta-feira,17:20:00,SC,282,0.8,FLORIANOPOLIS,Ausência de reação do condutor,Colisão traseira,Com Vítimas Feridas,Anoitecer,Crescente,Céu Claro,Múltipla,Aclive;Reta,Sim,3,0,1,0,2,0,1,3,-27.602955,-48.580509,SPRF-SC,DEL01-SC,UOP01-DEL01-SC,2024
623155.0,2024-08-23,sexta-feira,13:00:00,SC,282,587.7,PINHALZINHO,Chuva,Saída de leito carroçável,Sem Vítimas,Pleno dia,Crescente,Chuva,Simples,Reta;Declive,Não,2,0,0,0,0,2,0,2,-26.830677,-53.04443,SPRF-SC,DEL07-SC,UOP02-DEL07-SC,2024
623249.0,2024-08-24,sábado,04:10:00,SC,282,407.8,CATANDUVAS,Ausência de reação do condutor,Saída de leito carroçável,Com Vítimas Feridas,Plena Noite,Decrescente,Garoa/Chuvisco,Simples,Curva,Não,1,0,1,0,0,0,1,1,-27.083517,-51.662014,SPRF-SC,DEL07-SC,UOP05-DEL07-SC,2024
623338.0,2024-08-24,sábado,08:00:00,SC,282,415.8,CATANDUVAS,Ausência de reação do condutor,Saída de leito carroçável,Com Vítimas Feridas,Pleno dia,Crescente,Nublado,Simples,Curva,Não,1,0,1,0,0,0,1,1,-27.039997,-51.708958,SPRF-SC,DEL07-SC,UOP05-DEL07-SC,2024
623438.0,2024-08-24,sábado,10:15:00,SC,282,307.7,VARGEM,Reação tardia ou ineficiente do condutor,Colisão com objeto,Com Vítimas Feridas,Pleno dia,Crescente,Chuva,Simples,Declive;Curva,Não,2,0,1,0,1,0,1,1,-27.495266,-50.962605,SPRF-SC,DEL07-SC,UOP06-DEL07-SC,2024
623448.0,2024-08-24,sábado,21:55:00,SC,282,362.0,ERVAL VELHO,Ingestão de álcool pelo condutor,Saída de leito carroçável,Com Vítimas Feridas,Plena Noite,Crescente,Céu Claro,Simples,Reta;Aclive,Não,2,0,1,0,1,0,1,1,-27.305356,-51.380561,SPRF-SC,DEL07-SC,UOP05-DEL07-SC,2024
623451.0,2024-08-24,sábado,17:40:00,SC,282,137.3,BOM RETIRO,Velocidade Incompatível,Saída de leito carroçável,Com Vítimas Feridas,Plena Noite,Decrescente,Garoa/Chuvisco,Simples,Rotatória,Não,5,0,4,0,1,0,4,1,-27.82268113,-49.56938982,SPRF-SC,DEL05-SC,UOP01-DEL05-SC,2024
623520.0,2024-08-25,domingo,10:20:00,SC,282,45.0,AGUAS MORNAS,Demais falhas mecânicas ou elétricas,Tombamento,Com Vítimas Feridas,Pleno dia,Decrescente,Céu Claro,Simples,Reta;Declive,Não,1,0,1,0,0,0,1,1,-27.719851,-48.916126,SPRF-SC,DEL01-SC,UOP03-DEL01-SC,2024
623571.0,2024-08-25,domingo,15:00:00,SC,282,110.0,ALFREDO WAGNER,Velocidade Incompatível,Saída de leito carroçável,Sem Vítimas,Pleno dia,Decrescente,Céu Claro,Simples,Curva;Declive,Não,1,0,0,0,1,0,0,1,-27.727324,-49.360542,SPRF-SC,DEL01-SC,UOP03-DEL01-SC,2024
623643.0,2024-08-25,domingo,21:00:00,SC,282,586.7,PINHALZINHO,Velocidade Incompatível,Saída de leito carroçável,Sem Vítimas,Plena Noite,Decrescente,Nublado,Simples,Curva,Não,1,0,0,0,0,1,0,1,-26.832605,-53.03474,SPRF-SC,DEL07-SC,UOP02-DEL07-SC,2024