id,data_inversa,dia_semana,horario,uf,br,km,municipio,causa_acidente,tipo_acidente,classificacao_acidente,fase_dia,sentido_via,condicao_metereologica,tipo_pista,tracado_via,uso_solo,pessoas,mortos,feridos_leves,feridos_graves,ilesos,ignorados,feridos,veiculos,latitude,longitude,regional,delegacia,uop,ano_arquivo
623774.0,2024-08-17,sábado,21:50:00,SC,282,508.1,XANXERE,Acessar a via sem observar a presença dos outros veículos,Colisão transversal,Com Vítimas Feridas,Plena Noite,Decrescente,Céu Claro,Simples,Curva,Sim,6,0,1,1,2,2,2,3,-26.887014,-52.448372,SPRF-SC,DEL07-SC,UOP01-DEL07-SC,2024
623798.0,2024-08-26,segunda-feira,14:15:00,SC,282,215.4,LAGES,Ausência de reação do condutor,Colisão traseira,Sem Vítimas,Pleno dia,Decrescente,Céu Claro,Simples,Rotatória,Sim,2,0,0,0,2,0,0,2,-27.79495207,-50.28459549,SPRF-SC,DEL05-SC,UOP01-DEL05-SC,2024
623930.0,2024-08-27,terça-feira,08:00:00,SC,282,2.4,FLORIANOPOLIS,Reação tardia ou ineficiente do condutor,Colisão lateral mesmo sentido,Sem Vítimas,Pleno dia,Decrescente,Céu Claro,Múltipla,Reta,Sim,2,0,0,0,2,0,0,2,-27.603289,-48.590416,SPRF-SC,DEL01-SC,UOP01-DEL01-SC,2024
623983.0,2024-08-27,terça-feira,15:45:00,SC,282,23.3,SANTO AMARO DA IMPERATRIZ,Entrada inopinada do pedestre,Queda de ocupante de veículo,Com Vítimas Feridas,Pleno dia,Crescente,Céu Claro,Simples,Reta,Sim,1,0,1,0,0,0,1,1,-27.687958,-48.736794,SPRF-SC,DEL01-SC,UOP02-DEL01-SC,2024
623991.0,2024-06-23,domingo,17:23:00,SC,282,32.0,SANTO AMARO DA IMPERATRIZ,Conversão proibida,Colisão traseira,Com Vítimas Feridas,Anoitecer,Decrescente,Céu Claro,Simples,Reta,Sim,7,0,1,1,5,0,2,3,-27.70116,-48.800175,SPRF-SC,DEL01-SC,UOP03-DEL01-SC,2024
623994.0,2024-08-27,terça-feira,16:40:00,SC,282,17.0,PALHOCA,Reação tardia ou ineficiente do condutor,Tombamento,Com Vítimas Feridas,Pleno dia,Crescente,Céu Claro,Simples,Reta,Sim,1,0,1,0,0,0,1,1,-27.665707,-48.688065,SPRF-SC,DEL01-SC,UOP02-DEL01-SC,2024
624061.0,2024-08-27,terça-feira,18:10:00,SC,282,246.1,LAGES,Acessar a via sem observar a presença dos outros veículos,Colisão transversal,Com Vítimas Feridas,Anoitecer,Decrescente,Céu Claro,Simples,Reta,Sim,2,0,1,0,1,0,1,2,-27.727213,-50.529724,SPRF-SC,DEL05-SC,UOP02-DEL05-SC,2024
624140.0,2024-08-24,sábado,06:40:00,SC,282,1.0,FLORIANOPOLIS,Sinalização mal posicionada,Colisão traseira,Com Vítimas Feridas,Pleno dia,Decrescente,Céu Claro,Dupla,Reta,Não,2,0,1,0,1,0,1,2,-27.602955,-48.580509,SPRF-SC,DEL01-SC,UOP01-DEL01-SC,2024
624318.0,2024-08-29,quinta-feira,11:55:00,SC,282,1.0,FLORIANOPOLIS,Condutor deixou de manter distância do veículo da frente,Engavetamento,Com Vítimas Feridas,Pleno dia,Decrescente,Sol,Múltipla,Reta,Sim,3,0,1,0,2,0,1,3,-27.602955,-48.580509,SPRF-SC,DEL01-SC,UOP01-DEL01-SC,2024
624373.0,2024-08-29,quinta-feira,17:35:00,SC,282,18.2,PALHOCA,Acessar a via sem observar a presença dos outros veículos,Colisão transversal,Com Vítimas Feridas,Anoitecer,Crescente,Céu Claro,Simples,Reta,Sim,3,0,0,1,1,1,1,3,-27.672798,-48.694286,SPRF-SC,DEL01-SC,UOP02-DEL01-SC,2024
624455.0,2024-08-30,sexta-feira,00:15:00,SC,282,503.9,XANXERE,Velocidade Incompatível,Colisão com objeto,Com Vítimas Feridas,Plena Noite,Decrescente,Céu Claro,Dupla,Reta;Declive,Sim,2,0,2,0,0,0,2,1,-26.884248,-52.408395,SPRF-SC,DEL07-SC,UOP01-DEL07-SC,2024
624471.0,2024-08-30,sexta-feira,06:15:00,SC,282,17.6,PALHOCA,Acessar a via sem observar a presença dos outros veículos,Colisão transversal,Com Vítimas Feridas,Amanhecer,Decrescente,Céu Claro,Simples,Reta;Retorno Regulamentado,Sim,3,0,2,0,1,0,2,2,-27.665707,-48.688065,SPRF-SC,DEL01-SC,UOP02-DEL01-SC,2024
624492.0,2024-08-30,sexta-feira,08:00:00,SC,282,5.1,SAO JOSE,Manobra de mudança de faixa,Colisão lateral mesmo sentido,Com Vítimas Feridas,Pleno dia,Decrescente,Céu Claro,Dupla,Reta,Sim,3,0,1,0,2,0,1,3,-27.588425,-48.612919,SPRF-SC,DEL01-SC,UOP01-DEL01-SC,2024
624512.0,2024-08-30,sexta-feira,08:10:00,SC,480,124.6,CHAPECO,Acesso irregular,Colisão traseira,Com Vítimas Feridas,Pleno dia,Decrescente,Céu Claro,Simples,Aclive;Interseção de Vias;Reta,Não,3,0,2,0,1,0,2,2,-27.00359519,-52.64391044,SPRF-SC,DEL07-SC,UOP01-DEL07-SC,2024
624588.0,2024-08-30,sexta-feira,17:00:00,SC,282,17.0,PALHOCA,Trafegar com motocicleta (ou similar) entre as faixas,Colisão transversal,Com Vítimas Feridas,Pleno dia,Decrescente,Céu Claro,Dupla,Reta,Sim,2,0,1,0,1,0,1,2,-27.665707,-48.688065,SPRF-SC,DEL01-SC,UOP02-DEL01-SC,2024
624672.0,2024-08-30,sexta-feira,21:40:00,SC,282,20.5,PALHOCA,Condutor deixou de manter distância do veículo da frente,Colisão traseira,Com Vítimas Feridas,Plena Noite,Crescente,Nublado,Simples,Interseção de Vias;Reta,Não,2,0,1,0,1,0,1,2,-27.683958,-48.71006,SPRF-SC,DEL01-SC,UOP02-DEL01-SC,2024
624733.0,2024-08-30,sexta-feira,21:00:00,SC,282,433.1,VARGEM BONITA,Reação tardia ou ineficiente do condutor,Colisão traseira,Com Vítimas Feridas,Plena Noite,Decrescente,Céu Claro,Simples,Reta;Aclive,Não,5,0,2,0,2,1,2,2,-26.980513,-51.817208,SPRF-SC,DEL07-SC,UOP05-DEL07-SC,2024
625045.0,2024-08-29,quinta-feira,12:30:00,SC,282,575.5,PINHALZINHO,Reação tardia ou ineficiente do condutor,Saída de leito carroçável,Com Vítimas Feridas,Pleno dia,Crescente,Sol,Simples,Em Obras;Reta;Declive,Não,1,0,0,1,0,0,1,1,-26.863194,-52.974529,SPRF-SC,DEL07-SC,UOP02-DEL07-SC,2024
625125.0,2024-09-01,domingo,18:30:00,SC,282,20.6,PALHOCA,Transitar na contramão,Colisão frontal,Com Vítimas Feridas,Plena Noite,Decrescente,Céu Claro,Simples,Curva;Aclive,Não,2,0,0,1,0,1,1,2,-27.683958,-48.71006,SPRF-SC,DEL01-SC,UOP02-DEL01-SC,2024
625238.0,2024-09-02,segunda-feira,08:30:00,SC,282,3.8,FLORIANOPOLIS,Condutor deixou de manter distância do veículo da frente,Tombamento,Com Vítimas Feridas,Pleno dia,Decrescente,Céu Claro,Múltipla,Reta,Sim,1,0,1,0,0,0,1,1,-27.600384,-48.599705,SPRF-SC,DEL01-SC,UOP01-DEL01-SC,2024
625354.0,2024-08-05,segunda-feira,08:00:00,SC,282,91.4,ALFREDO WAGNER,Acessar a via sem observar a presença dos outros veículos,Colisão transversal,Com Vítimas Feridas,Pleno dia,Crescente,Céu Claro,Simples,Reta,Não,2,0,0,1,1,0,1,2,-27.690374,-49.229061,SPRF-SC,DEL01-SC,UOP03-DEL01-SC,2024
625380.0,2024-09-02,segunda-feira,20:10:00,SC,282,6.0,SAO JOSE,Reação tardia ou ineficiente do condutor,Colisão com objeto,Com Vítimas Feridas,Plena Noite,Crescente,Céu Claro,Dupla,Viaduto;Curva,Sim,1,0,1,0,0,0,1,1,-27.58644509,-48.61671209,SPRF-SC,DEL01-SC,UOP01-DEL01-SC,2024
625420.0,2024-09-03,terça-feira,00:05:00,SC,282,4.7,SAO JOSE,Ingestão de álcool pelo condutor,Atropelamento de Pedestre,Com Vítimas Feridas,Plena Noite,Decrescente,Céu Claro,Múltipla,Reta,Sim,2,0,0,1,1,0,1,2,-27.592646,-48.604034,SPRF-SC,DEL01-SC,UOP01-DEL01-SC,2024
625469.0,2024-08-06,terça-feira,19:00:00,SC,282,18.0,PALHOCA,Afundamento ou ondulação no pavimento,Tombamento,Com Vítimas Feridas,Plena Noite,Crescente,Céu Claro,Simples,Reta;Em Obras,Não,1,0,0,1,0,0,1,1,-27.672798,-48.694286,SPRF-SC,DEL01-SC,UOP02-DEL01-SC,2024
625544.0,2024-09-03,terça-feira,17:10:00,SC,480,125.0,CHAPECO,Condutor deixou de manter distância do veículo da frente,Colisão traseira,Com Vítimas Feridas,Pleno dia,Decrescente,Sol,Dupla,Reta,Sim,2,0,1,0,1,0,1,2,-27.01164515,-52.63953123,SPRF-SC,DEL07-SC,UOP01-DEL07-SC,2024
625574.0,2024-09-03,terça-feira,16:40:00,SC,282,463.0,PONTE SERRADA,Desrespeitar a preferência no cruzamento,Colisão transversal,Com Vítimas Feridas,Pleno dia,Crescente,Céu Claro,Simples,Rotatória,Não,3,0,2,0,1,0,2,2,-26.855036,-52.059551,SPRF-SC,DEL07-SC,UOP04-DEL07-SC,2024
625647.0,2024-09-04,quarta-feira,08:00:00,SC,282,2.2,FLORIANOPOLIS,Ausência de reação do condutor,Tombamento,Sem Vítimas,Pleno dia,Decrescente,Céu Claro,Múltipla,Reta,Sim,1,0,0,0,0,1,0,1,-27.603289,-48.590416,SPRF-SC,DEL01-SC,UOP01-DEL01-SC,2024
625713.0,2024-09-04,quarta-feira,09:35:00,SC,282,530.3,CORDILHEIRA ALTA,Ausência de reação do condutor,Saída de leito carroçável,Com Vítimas Feridas,Pleno dia,Decrescente,Céu Claro,Simples,Aclive,Sim,1,0,1,0,0,0,1,1,-26.990747,-52.609776,SPRF-SC,DEL07-SC,UOP01-DEL07-SC,2024
625747.0,2024-09-04,quarta-feira,18:30:00,SC,282,0.6,FLORIANOPOLIS,Reação tardia ou ineficiente do condutor,Colisão traseira,Com Vítimas Feridas,Plena Noite,Decrescente,Céu Claro,Múltipla,Reta,Sim,3,0,1,0,2,0,1,2,-27.59845,-48.571995,SPRF-SC,DEL01-SC,UOP01-DEL01-SC,2024
625792.0,2024-09-04,quarta-feira,20:20:00,SC,282,581.9,PINHALZINHO,Ultrapassagem Indevida,Colisão frontal,Com Vítimas Feridas,Plena Noite,Crescente,Chuva,Dupla,Reta,Não,2,0,2,0,0,0,2,2,-26.828749,-52.997929,SPRF-SC,DEL07-SC,UOP02-DEL07-SC,2024
625831.0,2024-09-05,quinta-feira,06:30:00,SC,282,0.1,FLORIANOPOLIS,Manobra de mudança de faixa,Colisão lateral mesmo sentido,Com Vítimas Feridas,Pleno dia,Decrescente,Garoa/Chuvisco,Múltipla,Reta,Sim,2,0,1,0,1,0,1,2,-27.59845,-48.571995,SPRF-SC,DEL01-SC,UOP01-DEL01-SC,2024
626020.0,2024-09-05,quinta-feira,19:10:00,SC,282,486.6,FAXINAL DOS GUEDES,Acessar a via sem observar a presença dos outros veículos,Colisão lateral mesmo sentido,Com Vítimas Feridas,Plena Noite,Decrescente,Céu Claro,Simples,Reta,Não,2,0,1,0,1,0,1,2,-26.855415,-52.25423,SPRF-SC,DEL07-SC,UOP01-DEL07-SC,2024
626199.0,2024-09-06,sexta-feira,18:20:00,SC,282,3.6,FLORIANOPOLIS,Manobra de mudança de faixa,Colisão lateral mesmo sentido,Com Vítimas Feridas,Plena Noite,Crescente,Nublado,Dupla,Reta,Sim,5,0,0,1,4,0,1,2,-27.600384,-48.599705,SPRF-SC,DEL01-SC,UOP01-DEL01-SC,2024
626211.0,2024-08-18,domingo,08:00:00,SC,282,67.6,RANCHO QUEIMADO,Velocidade Incompatível,Saída de leito carroçável,Com Vítimas Feridas,Amanhecer,Crescente,Céu Claro,Simples,Declive;Curva,Não,1,0,1,0,0,0,1,1,-27.695963,-49.0695,SPRF-SC,DEL01-SC,UOP03-DEL01-SC,2024
626221.0,2024-09-06,sexta-feira,16:20:00,SC,282,628.0,IRACEMINHA,Condutor Dormindo,Saída de leito carroçável,Com Vítimas Feridas,Pleno dia,Decrescente,Sol,Simples,Curva,Não,1,0,1,0,0,0,1,1,-26.818754,-53.365486,SPRF-SC,DEL07-SC,UOP02-DEL07-SC,2024
626236.0,2024-09-06,sexta-feira,19:00:00,SC,282,30.5,SANTO AMARO DA IMPERATRIZ,Reação tardia ou ineficiente do condutor,Colisão traseira,Com Vítimas Feridas,Plena Noite,Crescente,Ignorado,Simples,Reta,Não,2,0,1,0,1,0,1,2,-27.679737,-48.786785,SPRF-SC,DEL01-SC,UOP03-DEL01-SC,2024
626309.0,2024-09-07,sábado,02:45:00,SC,282,516.0,XAXIM,Ingestão de álcool pelo condutor,Saída de leito carroçável,Com Vítimas Feridas,Plena Noite,Decrescente,Céu Claro,Simples,Curva,Não,1,0,1,0,0,0,1,1,-26.9290778,-52.4993333,SPRF-SC,DEL07-SC,UOP01-DEL07-SC,2024
626357.0,2024-08-30,sexta-feira,18:50:00,SC,282,490.5,FAXINAL DOS GUEDES,Transitar na contramão,Colisão lateral sentido oposto,Com Vítimas Feridas,Plena Noite,Decrescente,Céu Claro,Simples,Curva,Não,2,0,1,0,1,0,1,2,-26.874599,-52.282806,SPRF-SC,DEL07-SC,UOP01-DEL07-SC,2024
626392.0,2024-09-07,sábado,11:20:00,SC,282,18.1,PALHOCA,Transitar na contramão,Colisão frontal,Com Vítimas Feridas,Pleno dia,Decrescente,Nublado,Simples,Reta,Sim,3,0,0,2,0,1,2,3,-27.672798,-48.694286,SPRF-SC,DEL01-SC,UOP02-DEL01-SC,2024
626513.0,2024-09-07,sábado,21:15:00,SC,282,28.9,SANTO AMARO DA IMPERATRIZ,Ingestão de álcool pelo condutor,Saída de leito carroçável,Com Vítimas Feridas,Plena Noite,Decrescente,Céu Claro,Simples,Reta,Não,1,0,1,0,0,0,1,1,-27.67478,-48.778904,SPRF-SC,DEL01-SC,UOP03-DEL01-SC,2024
626552.0,2024-09-07,sábado,21:20:00,SC,282,115.5,ALFREDO WAGNER,Reação tardia ou ineficiente do condutor,Saída de leito carroçável,Com Vítimas Feridas,Plena Noite,Decrescente,Nublado,Simples,Curva,Não,3,0,2,1,0,0,3,1,-27.755424,-49.39444,SPRF-SC,DEL01-SC,UOP03-DEL01-SC,2024
626560.0,2024-09-08,domingo,00:30:00,SC,282,555.0,NOVA ITABERABA,Reação tardia ou ineficiente do condutor,Saída de leito carroçável,Sem Vítimas,Plena Noite,Crescente,Nublado,Simples,Reta;Em Obras,Não,1,0,0,0,0,1,0,1,-26.935896,-52.810684,SPRF-SC,DEL07-SC,UOP01-DEL07-SC,2024
626584.0,2024-09-08,domingo,04:50:00,SC,282,506.0,XANXERE,Ausência de reação do condutor,Saída de leito carroçável,Sem Vítimas,Plena Noite,Decrescente,Céu Claro,Dupla,Reta,Não,1,0,0,0,0,1,0,1,-26.885712,-52.42907,SPRF-SC,DEL07-SC,UOP01-DEL07-SC,2024
626730.0,2024-09-08,domingo,18:30:00,SC,282,58.2,RANCHO QUEIMADO,Acessar a via sem observar a presença dos outros veículos,Colisão transversal,Com Vítimas Feridas,Plena Noite,Decrescente,Céu Claro,Simples,Curva;Interseção de Vias,Não,4,0,1,2,1,0,3,2,-27.683594,-49.005539,SPRF-SC,DEL01-SC,UOP03-DEL01-SC,2024
626795.0,2024-09-08,domingo,18:35:00,SC,282,600.2,CUNHA PORA,Ingestão de álcool pelo condutor,Saída de leito carroçável,Sem Vítimas,Anoitecer,Decrescente,Céu Claro,Simples,Curva,Não,1,0,0,0,0,1,0,1,-26.816374,-53.163918,SPRF-SC,DEL07-SC,UOP02-DEL07-SC,2024
626924.0,2024-09-09,segunda-feira,13:45:00,SC,282,2.0,FLORIANOPOLIS,Reação tardia ou ineficiente do condutor,Colisão traseira,Com Vítimas Feridas,Pleno dia,Decrescente,Nublado,Dupla,Reta,Não,2,0,1,0,1,0,1,2,-27.603289,-48.590416,SPRF-SC,DEL01-SC,UOP01-DEL01-SC,2024
626941.0,2024-08-16,sexta-feira,10:30:00,SC,282,31.4,SANTO AMARO DA IMPERATRIZ,Ausência de reação do condutor,Tombamento,Com Vítimas Fatais,Pleno dia,Decrescente,Céu Claro,Simples,Reta,Não,1,1,0,0,0,0,0,1,-27.6990679,-48.7963204,SPRF-SC,DEL01-SC,UOP03-DEL01-SC,2024
627351.0,2024-09-11,quarta-feira,16:00:00,SC,282,582.0,MARAVILHA,Ausência de reação do condutor,Colisão lateral sentido oposto,Com Vítimas Feridas,Pleno dia,Decrescente,Céu Claro,Simples,Reta,Não,2,0,1,0,1,0,1,1,-26.76441871,-53.21803093,SPRF-SC,DEL07-SC,UOP02-DEL07-SC,2024
627367.0,2024-09-11,quarta-feira,17:50:00,SC,282,22.7,SANTO AMARO DA IMPERATRIZ,Acessar a via sem observar a presença dos outros veículos,Colisão transversal,Com Vítimas Feridas,Plena Noite,Decrescente,Nublado,Simples,Interseção de Vias;Reta;Ponte,Sim,2,0,0,1,1,0,1,2,-27.688507,-48.72739,SPRF-SC,DEL01-SC,UOP02-DEL01-SC,2024
627392.0,2024-09-11,quarta-feira,19:00:00,SC,282,209.0,LAGES,Pedestre andava na pista,Atropelamento de Pedestre,Com Vítimas Feridas,Plena Noite,Crescente,Céu Claro,Simples,Em Obras;Declive;Reta,Não,2,0,1,0,1,0,1,2,-27.776926,-50.221893,SPRF-SC,DEL05-SC,UOP01-DEL05-SC,2024
627468.0,2024-09-12,quinta-feira,08:00:00,SC,282,3.0,FLORIANOPOLIS,Reação tardia ou ineficiente do condutor,Colisão lateral mesmo sentido,Com Vítimas Feridas,Pleno dia,Decrescente,Nublado,Dupla,Curva,Sim,4,0,2,0,2,0,2,3,-27.600384,-48.599705,SPRF-SC,DEL01-SC,UOP01-DEL01-SC,2024
627708.0,2024-07-07,domingo,15:00:00,SC,282,210.4,LAGES,Animais na Pista,Colisão frontal,Com Vítimas Fatais,Pleno dia,Crescente,Chuva,Simples,Reta;Declive,Não,7,2,0,4,0,1,4,3,-27.7792769,-50.235691,SPRF-SC,DEL05-SC,UOP01-DEL05-SC,2024
627737.0,2024-09-13,sexta-feira,12:30:00,SC,282,54.0,RANCHO QUEIMADO,Velocidade Incompatível,Colisão com objeto,Com Vítimas Feridas,Pleno dia,Decrescente,Chuva,Simples,Curva,Não,2,0,2,0,0,0,2,1,-27.685799,-48.974514,SPRF-SC,DEL01-SC,UOP03-DEL01-SC,2024
627743.0,2024-09-13,sexta-feira,13:00:00,SC,282,3.0,FLORIANOPOLIS,Demais falhas mecânicas ou elétricas,Tombamento,Com Vítimas Feridas,Pleno dia,Decrescente,Chuva,Múltipla,Reta,Não,2,0,2,0,0,0,2,1,-27.600384,-48.599705,SPRF-SC,DEL01-SC,UOP01-DEL01-SC,2024
627792.0,2024-09-13,sexta-feira,17:00:00,SC,282,16.0,PALHOCA,Reação tardia ou ineficiente do condutor,Tombamento,Com Vítimas Feridas,Pleno dia,Decrescente,Nublado,Simples,Curva;Em Obras,Sim,1,0,0,1,0,0,1,1,-27.658611,-48.681847,SPRF-SC,DEL01-SC,UOP02-DEL01-SC,2024
627874.0,2024-09-13,sexta-feira,19:00:00,SC,480,127.0,CHAPECO,Chuva,Queda de ocupante de veículo,Com Vítimas Feridas,Plena Noite,Decrescente,Garoa/Chuvisco,Dupla,Reta,Sim,2,0,2,0,0,0,2,1,-27.02885905,-52.63380035,SPRF-SC,DEL07-SC,UOP01-DEL07-SC,2024
627918.0,2024-09-14,sábado,06:30:00,SC,282,5.0,SAO JOSE,Pista Escorregadia,Tombamento,Com Vítimas Feridas,Amanhecer,Crescente,Nublado,Dupla,Curva,Sim,1,0,0,1,0,0,1,1,-27.588425,-48.612919,SPRF-SC,DEL01-SC,UOP01-DEL01-SC,2024
627991.0,2024-09-14,sábado,12:00:00,SC,282,446.0,PONTE SERRADA,Ausência de reação do condutor,Saída de leito carroçável,Com Vítimas Feridas,Pleno dia,Decrescente,Nublado,Simples,Reta,Não,3,0,3,0,0,0,3,1,-26.910217,-51.914951,SPRF-SC,DEL07-SC,UOP04-DEL07-SC,2024
628156.0,2024-09-15,domingo,01:05:00,SC,282,342.4,CAMPOS NOVOS,Ingestão de álcool pelo condutor,Colisão com objeto,Com Vítimas Feridas,Amanhecer,Crescente,Céu Claro,Simples,Curva,Não,1,0,1,0,0,0,1,1,-27.39023036,-51.2234652,SPRF-SC,DEL07-SC,UOP06-DEL07-SC,2024
628226.0,2024-08-22,quinta-feira,19:30:00,SC,282,3.5,FLORIANOPOLIS,Reação tardia ou ineficiente do condutor,Tombamento,Com Vítimas Feridas,Plena Noite,Crescente,Céu Claro,Dupla,Reta,Sim,1,0,1,0,0,0,1,1,-27.600384,-48.599705,SPRF-SC,DEL01-SC,UOP01-DEL01-SC,2024
628265.0,2024-09-15,domingo,14:40:00,SC,282,49.1,AGUAS MORNAS,Velocidade Incompatível,Saída de leito carroçável,Com Vítimas Feridas,Pleno dia,Crescente,Chuva,Simples,Curva,Não,3,0,0,2,1,0,2,1,-27.712931,-48.943741,SPRF-SC,DEL01-SC,UOP03-DEL01-SC,2024
628295.0,2024-09-15,domingo,16:40:00,SC,282,48.8,AGUAS MORNAS,Reação tardia ou ineficiente do condutor,Colisão lateral sentido oposto,Com Vítimas Feridas,Anoitecer,Crescente,Chuva,Simples,Curva;Declive,Não,5,0,3,1,1,0,4,2,-27.714352,-48.938072,SPRF-SC,DEL01-SC,UOP03-DEL01-SC,2024
628352.0,2024-09-15,domingo,19:45:00,SC,282,415.5,CATANDUVAS,Ingestão de álcool pelo condutor,Saída de leito carroçável,Sem Vítimas,Plena Noite,Decrescente,Chuva,Simples,Curva;Declive,Não,1,0,0,0,1,0,0,1,-27.039997,-51.708958,SPRF-SC,DEL07-SC,UOP05-DEL07-SC,2024
628428.0,2024-09-16,segunda-feira,00:55:00,SC,282,562.0,NOVA ERECHIM,Ingestão de álcool pelo condutor,Capotamento,Sem Vítimas,Plena Noite,Crescente,Céu Claro,Simples,Curva;Rotatória,Não,1,0,0,0,0,1,0,1,-26.911108,-52.865475,SPRF-SC,DEL07-SC,UOP02-DEL07-SC,2024
628438.0,2024-09-16,segunda-feira,06:00:00,SC,282,6.0,SAO JOSE,Reação tardia ou ineficiente do condutor,Colisão com objeto,Com Vítimas Feridas,Pleno dia,Decrescente,Céu Claro,Dupla,Curva,Sim,1,0,1,0,0,0,1,1,-27.584996,-48.617836,SPRF-SC,DEL01-SC,UOP01-DEL01-SC,2024
628450.0,2024-09-16,segunda-feira,06:30:00,SC,282,54.5,AGUAS MORNAS,Velocidade Incompatível,Saída de leito carroçável,Com Vítimas Feridas,Amanhecer,Crescente,Chuva,Simples,Curva,Não,3,0,3,0,0,0,3,1,-27.685799,-48.974514,SPRF-SC,DEL01-SC,UOP03-DEL01-SC,2024
628587.0,2024-09-16,segunda-feira,18:00:00,SC,282,0.7,FLORIANOPOLIS,Trafegar com motocicleta (ou similar) entre as faixas,Colisão lateral mesmo sentido,Com Vítimas Feridas,Plena Noite,Crescente,Nublado,Múltipla,Reta;Aclive,Sim,4,0,2,0,2,0,2,3,-27.59845,-48.571995,SPRF-SC,DEL01-SC,UOP01-DEL01-SC,2024
628607.0,2024-09-16,segunda-feira,19:10:00,SC,282,604.6,MARAVILHA,Acesso irregular,Colisão transversal,Com Vítimas Feridas,Plena Noite,Crescente,Céu Claro,Simples,Reta,Sim,5,0,3,0,2,0,3,2,-26.795523,-53.192974,SPRF-SC,DEL07-SC,UOP02-DEL07-SC,2024
628687.0,2024-09-13,sexta-feira,12:18:00,SC,282,56.2,RANCHO QUEIMADO,Pista Escorregadia,Saída de leito carroçável,Com Vítimas Feridas,Pleno dia,Crescente,Chuva,Simples,Curva;Declive,Não,1,0,1,0,0,0,1,1,-27.69031076,-48.99229222,SPRF-SC,DEL01-SC,UOP03-DEL01-SC,2024
628731.0,2024-09-17,terça-feira,13:30:00,SC,282,570.0,NOVA ERECHIM,Manobra de mudança de faixa,Colisão lateral mesmo sentido,Sem Vítimas,Pleno dia,Crescente,Céu Claro,Simples,Reta,Não,6,0,0,0,6,0,0,1,-26.89006,-52.93306,SPRF-SC,DEL07-SC,UOP02-DEL07-SC,2024
629010.0,2024-09-18,quarta-feira,21:15:00,SC,282,16.0,PALHOCA,Área urbana sem a presença de local apropriado para a travessia de pedestres,Atropelamento de Pedestre,Com Vítimas Feridas,Plena Noite,Crescente,Céu Claro,Simples,Reta,Sim,2,0,1,0,1,0,1,2,-27.658611,-48.681847,SPRF-SC,DEL01-SC,UOP02-DEL01-SC,2024
629091.0,2024-09-19,quinta-feira,07:20:00,SC,282,41.2,AGUAS MORNAS,Demais falhas na via,Colisão lateral mesmo sentido,Com Vítimas Feridas,Pleno dia,Crescente,Garoa/Chuvisco,Simples,Reta,Sim,2,0,2,0,0,0,2,2,-27.715973,-48.878979,SPRF-SC,DEL01-SC,UOP03-DEL01-SC,2024
629138.0,2024-09-19,quinta-feira,13:30:00,SC,282,605.8,MARAVILHA,Acessar a via sem observar a presença dos outros veículos,Colisão transversal,Com Vítimas Feridas,Pleno dia,Crescente,Céu Claro,Simples,Rotatória;Reta;Interseção de Vias,Não,3,0,2,0,1,0,2,2,-26.786951,-53.195248,SPRF-SC,DEL07-SC,UOP02-DEL07-SC,2024
629146.0,2024-09-19,quinta-feira,11:45:00,SC,282,54.5,RANCHO QUEIMADO,Reação tardia ou ineficiente do condutor,Colisão frontal,Com Vítimas Feridas,Pleno dia,Crescente,Chuva,Simples,Curva;Declive,Não,4,0,0,2,2,0,2,2,-27.685799,-48.974514,SPRF-SC,DEL01-SC,UOP03-DEL01-SC,2024
629149.0,2024-09-19,quinta-feira,14:23:00,SC,282,5.1,SAO JOSE,Trafegar com motocicleta (ou similar) entre as faixas,Colisão traseira,Com Vítimas Feridas,Pleno dia,Crescente,Nublado,Múltipla,Reta,Sim,3,0,1,0,2,0,1,2,-27.588425,-48.612919,SPRF-SC,DEL01-SC,UOP01-DEL01-SC,2024
629201.0,2024-09-19,quinta-feira,12:50:00,SC,282,195.0,LAGES,Acessar a via sem observar a presença dos outros veículos,Colisão lateral mesmo sentido,Com Vítimas Feridas,Pleno dia,Decrescente,Garoa/Chuvisco,Simples,Reta,Não,3,0,2,0,1,0,2,2,-27.746756,-50.084789,SPRF-SC,DEL05-SC,UOP01-DEL05-SC,2024
629210.0,2024-09-19,quinta-feira,11:40:00,SC,282,120.0,BOM RETIRO,Falta de elemento de contenção que evite a saída do leito carroçável,Saída de leito carroçável,Com Vítimas Feridas,Pleno dia,Decrescente,Nublado,Simples,Curva,Não,2,0,1,0,1,0,1,1,-27.792959,-49.415504,SPRF-SC,DEL05-SC,UOP01-DEL05-SC,2024
629424.0,2024-09-20,sexta-feira,17:10:00,SC,282,49.0,AGUAS MORNAS,Pista Escorregadia,Saída de leito carroçável,Com Vítimas Feridas,Anoitecer,Crescente,Chuva,Simples,Curva;Aclive,Não,2,0,2,0,0,0,2,1,-27.712931,-48.943741,SPRF-SC,DEL01-SC,UOP03-DEL01-SC,2024
629453.0,2024-09-20,sexta-feira,20:00:00,SC,282,4.3,FLORIANOPOLIS,Ausência de reação do condutor,Colisão traseira,Com Vítimas Feridas,Plena Noite,Crescente,Céu Claro,Múltipla,Reta,Sim,2,0,1,0,0,1,1,2,-27.592646,-48.604034,SPRF-SC,DEL01-SC,UOP01-DEL01-SC,2024