id,data_inversa,dia_semana,horario,uf,br,km,municipio,causa_acidente,tipo_acidente,classificacao_acidente,fase_dia,sentido_via,condicao_metereologica,tipo_pista,tracado_via,uso_solo,pessoas,mortos,feridos_leves,feridos_graves,ilesos,ignorados,feridos,veiculos,latitude,longitude,regional,delegacia,uop,ano_arquivo
629498.0,2024-09-20,sexta-feira,23:45:00,SC,282,4.0,FLORIANOPOLIS,Manobra de mudança de faixa,Saída de leito carroçável,Com Vítimas Feridas,Pleno dia,Crescente,Nublado,Simples,Reta,Sim,3,0,1,1,0,1,2,2,-27.592646,-48.604034,SPRF-SC,DEL01-SC,UOP01-DEL01-SC,2024
629630.0,2024-09-21,sábado,17:10:00,SC,282,584.4,PINHALZINHO,Velocidade Incompatível,Saída de leito carroçável,Com Vítimas Feridas,Pleno dia,Decrescente,Sol,Simples,Curva,Não,2,0,2,0,0,0,2,1,-26.831865,-53.016579,SPRF-SC,DEL07-SC,UOP02-DEL07-SC,2024
629639.0,2024-09-21,sábado,18:30:00,SC,282,3.0,SAO JOSE,Ultrapassagem Indevida,Colisão lateral mesmo sentido,Com Vítimas Feridas,Plena Noite,Crescente,Céu Claro,Dupla,Curva,Sim,2,0,1,0,1,0,1,2,-27.592646,-48.604034,SPRF-SC,DEL01-SC,UOP01-DEL01-SC,2024
629731.0,2024-09-22,domingo,00:07:00,SC,282,584.0,SAUDADES,Velocidade Incompatível,Capotamento,Sem Vítimas,Plena Noite,Decrescente,Céu Claro,Simples,Em Obras;Aclive;Curva,Não,1,0,0,0,1,0,0,1,-26.831865,-53.016579,SPRF-SC,DEL07-SC,UOP02-DEL07-SC,2024
629764.0,2024-09-22,domingo,06:00:00,SC,282,5.0,SAO JOSE,Ausência de reação do condutor,Colisão com objeto,Com Vítimas Feridas,Amanhecer,Crescente,Céu Claro,Múltipla,Viaduto;Declive;Curva,Sim,2,0,1,0,0,1,1,2,-27.588425,-48.612919,SPRF-SC,DEL01-SC,UOP01-DEL01-SC,2024
629772.0,2024-09-22,domingo,02:35:00,SC,480,127.4,CHAPECO,Velocidade Incompatível,Saída de leito carroçável,Com Vítimas Feridas,Plena Noite,Decrescente,Céu Claro,Dupla,Curva,Sim,2,0,1,1,0,0,2,1,-27.02885905,-52.63380035,SPRF-SC,DEL07-SC,UOP01-DEL07-SC,2024
629827.0,2024-09-22,domingo,12:30:00,SC,282,3.4,FLORIANOPOLIS,Objeto estático sobre o leito carroçável,Colisão traseira,Com Vítimas Feridas,Pleno dia,Crescente,Céu Claro,Múltipla,Reta,Sim,4,0,1,0,3,0,1,2,-27.60278053,-48.59353781,SPRF-SC,DEL01-SC,UOP01-DEL01-SC,2024
629884.0,2024-09-22,domingo,17:00:00,SC,480,127.2,CHAPECO,Reação tardia ou ineficiente do condutor,Colisão com objeto,Sem Vítimas,Pleno dia,Crescente,Céu Claro,Simples,Reta,Sim,2,0,0,0,2,0,0,1,-27.031517,-52.633895,SPRF-SC,DEL07-SC,UOP01-DEL07-SC,2024
629925.0,2024-09-22,domingo,18:00:00,SC,282,617.8,IRACEMINHA,Ausência de reação do condutor,Colisão traseira,Com Vítimas Feridas,Pleno dia,Decrescente,Céu Claro,Simples,Reta,Sim,3,0,1,0,2,0,1,2,-26.782682,-53.285789,SPRF-SC,DEL07-SC,UOP02-DEL07-SC,2024
629955.0,2024-09-22,domingo,22:15:00,SC,282,6.0,SAO JOSE,Ausência de reação do condutor,Colisão com objeto,Com Vítimas Feridas,Plena Noite,Crescente,Céu Claro,Múltipla,Curva;Declive,Não,1,0,1,0,0,0,1,1,-27.58313237,-48.61532885,SPRF-SC,DEL01-SC,UOP01-DEL01-SC,2024
630027.0,2024-09-23,segunda-feira,06:15:00,SC,282,162.7,BOM RETIRO,Condutor Dormindo,Saída de leito carroçável,Com Vítimas Feridas,Pleno dia,Decrescente,Céu Claro,Simples,Reta,Não,1,0,1,0,0,0,1,1,-27.729252,-49.77306,SPRF-SC,DEL05-SC,UOP01-DEL05-SC,2024
630120.0,2024-09-23,segunda-feira,17:40:00,SC,282,73.0,SAO MIGUEL DO OESTE,Animais na Pista,Atropelamento de Animal,Com Vítimas Feridas,Anoitecer,Crescente,Céu Claro,Simples,Interseção de Vias,Não,1,0,1,0,0,0,1,1,-26.70733745,-53.51410389,SPRF-SC,DEL01-SC,UOP03-DEL01-SC,2024
630148.0,2024-09-23,segunda-feira,20:00:00,SC,282,190.3,LAGES,Falta de elemento de contenção que evite a saída do leito carroçável,Saída de leito carroçável,Com Vítimas Feridas,Plena Noite,Decrescente,Nublado,Simples,Curva,Não,2,0,1,0,1,0,1,1,-27.73688034,-50.03986001,SPRF-SC,DEL05-SC,UOP01-DEL05-SC,2024
630341.0,2024-09-24,terça-feira,13:20:00,SC,282,27.7,SANTO AMARO DA IMPERATRIZ,Acessar a via sem observar a presença dos outros veículos,Colisão lateral mesmo sentido,Com Vítimas Feridas,Pleno dia,Crescente,Sol,Simples,Reta,Sim,2,0,0,1,1,0,1,2,-27.67478,-48.778904,SPRF-SC,DEL01-SC,UOP03-DEL01-SC,2024
630383.0,2024-09-25,quarta-feira,07:50:00,SC,282,15.8,PALHOCA,Conversão proibida,Colisão lateral mesmo sentido,Com Vítimas Feridas,Pleno dia,Crescente,Nublado,Simples,Reta,Sim,2,0,1,0,1,0,1,2,-27.651848,-48.676048,SPRF-SC,DEL01-SC,UOP02-DEL01-SC,2024
630454.0,2024-09-25,quarta-feira,07:18:00,SC,282,32.6,SANTO AMARO DA IMPERATRIZ,Ausência de reação do condutor,Colisão com objeto,Com Vítimas Feridas,Pleno dia,Crescente,Céu Claro,Simples,Rotatória,Sim,1,0,1,0,0,0,1,1,-27.70420628,-48.80513912,SPRF-SC,DEL01-SC,UOP03-DEL01-SC,2024
630504.0,2024-09-25,quarta-feira,18:38:00,SC,282,23.5,SANTO AMARO DA IMPERATRIZ,Ausência de reação do condutor,Colisão traseira,Com Vítimas Feridas,Plena Noite,Decrescente,Nublado,Simples,Reta,Sim,2,0,0,1,1,0,1,2,-27.687958,-48.736794,SPRF-SC,DEL01-SC,UOP03-DEL01-SC,2024
630559.0,2024-09-25,quarta-feira,23:40:00,SC,282,675.3,PARAISO,Avarias e/ou desgaste excessivo no pneu,Tombamento,Com Vítimas Feridas,Plena Noite,Crescente,Céu Claro,Simples,Reta,Não,2,0,2,0,0,0,2,1,-26.6110521,-53.68924141,SPRF-SC,DEL07-SC,UOP03-DEL07-SC,2024
630758.0,2024-09-27,sexta-feira,00:15:00,SC,282,2.0,FLORIANOPOLIS,Chuva,Colisão lateral mesmo sentido,Com Vítimas Feridas,Plena Noite,Decrescente,Garoa/Chuvisco,Múltipla,Curva,Sim,6,0,1,0,5,0,1,3,-27.603289,-48.590416,SPRF-SC,DEL01-SC,UOP01-DEL01-SC,2024
630857.0,2024-09-27,sexta-feira,09:30:00,SC,282,2.0,FLORIANOPOLIS,Reação tardia ou ineficiente do condutor,Colisão traseira,Sem Vítimas,Pleno dia,Decrescente,Céu Claro,Múltipla,Reta,Não,2,0,0,0,2,0,0,2,-27.603289,-48.590416,SPRF-SC,DEL01-SC,UOP01-DEL01-SC,2024
630978.0,2024-09-27,sexta-feira,21:30:00,SC,282,522.1,XAXIM,Ingestão de álcool pelo condutor,Colisão lateral mesmo sentido,Sem Vítimas,Plena Noite,Crescente,Céu Claro,Simples,Curva,Sim,5,0,0,0,4,1,0,3,-26.956238,-52.542637,SPRF-SC,DEL07-SC,UOP01-DEL07-SC,2024
631046.0,2024-09-28,sábado,00:10:00,SC,282,535.7,CHAPECO,Ausência de reação do condutor,Saída de leito carroçável,Com Vítimas Feridas,Plena Noite,Crescente,Céu Claro,Simples,Rotatória,Não,4,0,1,0,3,0,1,1,-27.0007139,-52.65094757,SPRF-SC,DEL07-SC,UOP01-DEL07-SC,2024
631182.0,2024-09-28,sábado,15:35:00,SC,282,217.3,LAGES,Entrada inopinada do pedestre,Colisão transversal,Com Vítimas Feridas,Pleno dia,Crescente,Céu Claro,Simples,Reta;Interseção de Vias,Sim,2,0,1,1,0,0,2,2,-27.797916,-50.302944,SPRF-SC,DEL05-SC,UOP01-DEL05-SC,2024
631191.0,2024-09-28,sábado,17:45:00,SC,282,22.0,SANTO AMARO DA IMPERATRIZ,Ausência de reação do condutor,Atropelamento de Pedestre,Com Vítimas Feridas,Pleno dia,Crescente,Céu Claro,Simples,Reta,Sim,4,0,1,0,3,0,1,2,-27.688507,-48.72739,SPRF-SC,DEL01-SC,UOP02-DEL01-SC,2024
631203.0,2024-09-28,sábado,17:30:00,SC,282,131.0,BOM RETIRO,Acessar a via sem observar a presença dos outros veículos,Colisão transversal,Com Vítimas Feridas,Anoitecer,Crescente,Sol,Simples,Reta,Não,3,0,0,1,1,1,1,3,-27.808748,-49.513229,SPRF-SC,DEL05-SC,UOP01-DEL05-SC,2024
631229.0,2024-09-28,sábado,18:55:00,SC,282,406.5,CATANDUVAS,Acessar a via sem observar a presença dos outros veículos,Colisão transversal,Com Vítimas Feridas,Plena Noite,Crescente,Céu Claro,Simples,Reta,Não,4,0,1,0,3,0,1,2,-27.09466264,-51.65707111,SPRF-SC,DEL07-SC,UOP05-DEL07-SC,2024
631230.0,2024-09-28,sábado,19:00:00,SC,282,575.0,PINHALZINHO,Afundamento ou ondulação no pavimento,Queda de ocupante de veículo,Com Vítimas Feridas,Plena Noite,Crescente,Céu Claro,Simples,Reta;Em Obras,Sim,1,0,1,0,0,0,1,1,-26.863194,-52.974529,SPRF-SC,DEL07-SC,UOP02-DEL07-SC,2024
631316.0,2024-09-29,domingo,03:10:00,SC,282,39.8,AGUAS MORNAS,Ingestão de álcool pelo condutor,Colisão frontal,Com Vítimas Fatais,Plena Noite,Decrescente,Nublado,Simples,Reta,Sim,3,1,0,1,1,0,1,2,-27.7160592,-48.8694792,SPRF-SC,DEL01-SC,UOP03-DEL01-SC,2024
631431.0,2024-09-29,domingo,14:30:00,SC,282,259.4,SAO JOSE DO CERRITO,Acessar a via sem observar a presença dos outros veículos,Colisão transversal,Sem Vítimas,Pleno dia,Decrescente,Sol,Simples,Reta,Sim,2,0,0,0,2,0,0,2,-27.653334,-50.59449,SPRF-SC,DEL05-SC,UOP02-DEL05-SC,2024
631483.0,2024-09-29,domingo,16:35:00,SC,282,590.1,SAUDADES,Retorno proibido,Colisão transversal,Com Vítimas Feridas,Pleno dia,Crescente,Céu Claro,Simples,Aclive;Reta,Não,3,0,0,1,2,0,1,2,-26.825788,-53.072556,SPRF-SC,DEL07-SC,UOP02-DEL07-SC,2024
631533.0,2024-09-30,segunda-feira,06:25:00,SC,282,410.0,CATANDUVAS,Desrespeitar a preferência no cruzamento,Colisão transversal,Com Vítimas Feridas,Pleno dia,Decrescente,Céu Claro,Simples,Retorno Regulamentado;Rotatória,Sim,6,0,3,0,3,0,3,2,-27.06711972,-51.66332066,SPRF-SC,DEL07-SC,UOP05-DEL07-SC,2024
631549.0,2024-09-30,segunda-feira,05:55:00,SC,282,576.8,PINHALZINHO,Acesso irregular,Colisão transversal,Com Vítimas Feridas,Pleno dia,Crescente,Céu Claro,Simples,Reta;Em Obras,Sim,2,0,0,1,1,0,1,2,-26.856054,-52.98011,SPRF-SC,DEL07-SC,UOP02-DEL07-SC,2024
631593.0,2024-09-22,domingo,12:26:00,SC,282,212.2,LAGES,Acesso irregular,Colisão traseira,Com Vítimas Feridas,Pleno dia,Decrescente,Céu Claro,Simples,Reta,Não,9,0,1,0,8,0,1,3,-27.782257,-50.251381,SPRF-SC,DEL05-SC,UOP01-DEL05-SC,2024
632085.0,2024-10-02,quarta-feira,16:10:00,SC,282,49.7,AGUAS MORNAS,Velocidade Incompatível,Colisão com objeto,Sem Vítimas,Pleno dia,Crescente,Chuva,Simples,Aclive;Curva,Não,1,0,0,0,1,0,0,1,-27.712931,-48.943741,SPRF-SC,DEL01-SC,UOP03-DEL01-SC,2024
632091.0,2024-10-02,quarta-feira,11:40:00,SC,282,266.5,SAO JOSE DO CERRITO,Chuva,Saída de leito carroçável,Com Vítimas Feridas,Pleno dia,Crescente,Céu Claro,Simples,Curva;Aclive,Não,1,0,1,0,0,0,1,1,-27.62508998,-50.6538946,SPRF-SC,DEL05-SC,UOP02-DEL05-SC,2024
632239.0,2024-10-03,quinta-feira,10:30:00,SC,282,0.0,FLORIANOPOLIS,Reação tardia ou ineficiente do condutor,Colisão traseira,Com Vítimas Feridas,Pleno dia,Decrescente,Céu Claro,Múltipla,Reta,Sim,2,0,1,0,1,0,1,2,-27.59845,-48.571995,SPRF-SC,DEL01-SC,UOP01-DEL01-SC,2024
632319.0,2024-10-03,quinta-feira,17:55:00,SC,282,3.0,FLORIANOPOLIS,Velocidade Incompatível,Colisão lateral mesmo sentido,Com Vítimas Feridas,Pleno dia,Crescente,Céu Claro,Múltipla,Reta,Sim,3,0,1,0,0,2,1,3,-27.600384,-48.599705,SPRF-SC,DEL01-SC,UOP01-DEL01-SC,2024
632408.0,2024-10-04,sexta-feira,07:00:00,SC,282,3.5,FLORIANOPOLIS,Trafegar com motocicleta (ou similar) entre as faixas,Colisão traseira,Com Vítimas Feridas,Pleno dia,Decrescente,Nublado,Múltipla,Reta,Sim,2,0,1,0,1,0,1,2,-27.600384,-48.599705,SPRF-SC,DEL01-SC,UOP01-DEL01-SC,2024
632418.0,2024-10-04,sexta-feira,08:20:00,SC,282,460.0,PONTE SERRADA,Acessar a via sem observar a presença dos outros veículos,Colisão transversal,Sem Vítimas,Pleno dia,Decrescente,Céu Claro,Simples,Reta,Sim,2,0,0,0,2,0,0,2,-26.88288046,-52.0119381,SPRF-SC,DEL07-SC,UOP04-DEL07-SC,2024
632432.0,2024-10-04,sexta-feira,06:30:00,SC,282,457.9,PONTE SERRADA,Condutor Dormindo,Colisão com objeto,Com Vítimas Feridas,Pleno dia,Crescente,Céu Claro,Simples,Curva,Não,1,0,0,1,0,0,1,1,-26.880604,-52.013371,SPRF-SC,DEL07-SC,UOP04-DEL07-SC,2024
632519.0,2024-10-04,sexta-feira,16:00:00,SC,282,495.7,XANXERE,Acessar a via sem observar a presença dos outros veículos,Colisão frontal,Com Vítimas Feridas,Pleno dia,Decrescente,Céu Claro,Simples,Reta,Não,5,0,2,1,2,0,3,3,-26.875349,-52.327076,SPRF-SC,DEL07-SC,UOP01-DEL07-SC,2024
632566.0,2024-10-04,sexta-feira,17:50:00,SC,282,324.9,CAMPOS NOVOS,Velocidade Incompatível,Saída de leito carroçável,Com Vítimas Feridas,Pleno dia,Decrescente,Céu Claro,Simples,Reta,Não,5,0,0,4,0,1,4,2,-27.387329,-51.055897,SPRF-SC,DEL07-SC,UOP06-DEL07-SC,2024
632628.0,2024-10-04,sexta-feira,21:50:00,SC,282,467.6,PONTE SERRADA,Ultrapassagem Indevida,Colisão frontal,Com Vítimas Feridas,Plena Noite,Crescente,Céu Claro,Simples,Aclive;Reta,Não,2,0,2,0,0,0,2,2,-26.854425,-52.096107,SPRF-SC,DEL07-SC,UOP04-DEL07-SC,2024
632699.0,2024-10-05,sábado,06:24:00,SC,282,440.0,IRANI,Acostamento em desnível,Saída de leito carroçável,Com Vítimas Feridas,Amanhecer,Decrescente,Ignorado,Simples,Declive;Reta,Não,3,0,3,0,0,0,3,1,-26.93687724,-51.8691963,SPRF-SC,DEL07-SC,UOP04-DEL07-SC,2024
632706.0,2024-08-22,quinta-feira,08:07:00,SC,282,23.5,SANTO AMARO DA IMPERATRIZ,Condutor deixou de manter distância do veículo da frente,Engavetamento,Com Vítimas Feridas,Pleno dia,Crescente,Céu Claro,Simples,Reta,Sim,3,0,1,0,2,0,1,3,-27.687958,-48.736794,SPRF-SC,DEL01-SC,UOP03-DEL01-SC,2024
632777.0,2024-10-05,sábado,15:05:00,SC,282,345.8,CAMPOS NOVOS,Reação tardia ou ineficiente do condutor,Colisão frontal,Com Vítimas Fatais,Pleno dia,Crescente,Céu Claro,Simples,Reta;Aclive,Não,5,2,0,3,0,0,3,2,-27.374619,-51.247044,SPRF-SC,DEL07-SC,UOP06-DEL07-SC,2024
632940.0,2024-10-06,domingo,07:05:00,SC,282,236.4,LAGES,Velocidade Incompatível,Saída de leito carroçável,Sem Vítimas,Pleno dia,Crescente,Chuva,Simples,Curva,Não,1,0,0,0,0,1,0,1,-27.78836514,-50.4859972,SPRF-SC,DEL05-SC,UOP02-DEL05-SC,2024
632978.0,2024-08-31,sábado,06:40:00,SC,282,5.2,SAO JOSE,Pedestre cruzava a pista fora da faixa,Atropelamento de Pedestre,Com Vítimas Feridas,Pleno dia,Crescente,Céu Claro,Múltipla,Curva;Aclive,Sim,6,0,0,1,5,0,1,2,-27.588425,-48.612919,SPRF-SC,DEL01-SC,UOP01-DEL01-SC,2024
632979.0,2024-10-06,domingo,12:00:00,SC,282,599.8,CUNHA PORA,Velocidade Incompatível,Saída de leito carroçável,Com Vítimas Feridas,Pleno dia,Decrescente,Chuva,Simples,Em Obras,Não,3,0,1,0,2,0,1,1,-26.820206,-53.155052,SPRF-SC,DEL07-SC,UOP02-DEL07-SC,2024
632988.0,2024-10-06,domingo,13:20:00,SC,282,16.0,PALHOCA,Acessar a via sem observar a presença dos outros veículos,Colisão transversal,Com Vítimas Feridas,Pleno dia,Crescente,Céu Claro,Simples,Interseção de Vias;Reta,Sim,2,0,0,1,1,0,1,2,-27.658611,-48.681847,SPRF-SC,DEL01-SC,UOP02-DEL01-SC,2024
632998.0,2024-10-06,domingo,14:00:00,SC,282,219.7,LAGES,Reação tardia ou ineficiente do condutor,Colisão com objeto,Com Vítimas Feridas,Pleno dia,Decrescente,Céu Claro,Simples,Curva,Não,1,0,1,0,0,0,1,1,-27.795521,-50.323608,SPRF-SC,DEL05-SC,UOP01-DEL05-SC,2024
633029.0,2024-10-06,domingo,16:30:00,SC,282,329.0,CAMPOS NOVOS,Manobra de mudança de faixa,Colisão traseira,Com Vítimas Feridas,Pleno dia,Crescente,Céu Claro,Simples,Reta,Não,3,0,2,0,1,0,2,2,-27.380089,-51.097698,SPRF-SC,DEL07-SC,UOP06-DEL07-SC,2024
633045.0,2024-10-06,domingo,12:30:00,SC,282,177.6,BOCAINA DO SUL,Reação tardia ou ineficiente do condutor,Colisão frontal,Com Vítimas Fatais,Pleno dia,Crescente,Céu Claro,Simples,Curva;Declive,Não,7,1,0,5,0,1,5,3,-27.742429,-49.917318,SPRF-SC,DEL05-SC,UOP01-DEL05-SC,2024
633145.0,2024-10-06,domingo,22:00:00,SC,282,366.9,ERVAL VELHO,Manobra de mudança de faixa,Colisão frontal,Com Vítimas Fatais,Plena Noite,Decrescente,Céu Claro,Simples,Reta;Aclive,Não,6,1,5,0,0,0,5,2,-27.291018,-51.416611,SPRF-SC,DEL07-SC,UOP05-DEL07-SC,2024
633152.0,2024-10-07,segunda-feira,01:20:00,SC,282,503.8,XANXERE,Reação tardia ou ineficiente do condutor,Saída de leito carroçável,Com Vítimas Feridas,Plena Noite,Decrescente,Céu Claro,Dupla,Curva,Sim,3,0,1,0,2,0,1,1,-26.882417,-52.404139,SPRF-SC,DEL07-SC,UOP01-DEL07-SC,2024
633202.0,2024-10-07,segunda-feira,07:25:00,SC,282,176.6,BOCAINA DO SUL,Condutor deixou de manter distância do veículo da frente,Colisão traseira,Com Vítimas Feridas,Pleno dia,Crescente,Céu Claro,Simples,Reta;Aclive,Não,6,0,1,0,5,0,1,3,-27.74011,-49.901859,SPRF-SC,DEL05-SC,UOP01-DEL05-SC,2024
633238.0,2024-10-07,segunda-feira,10:20:00,SC,282,437.7,IRANI,Desrespeitar a preferência no cruzamento,Colisão transversal,Com Vítimas Feridas,Pleno dia,Decrescente,Nublado,Simples,Reta,Não,3,0,1,0,2,0,1,2,-26.963764,-51.854839,SPRF-SC,DEL07-SC,UOP04-DEL07-SC,2024
633358.0,2024-10-07,segunda-feira,23:00:00,SC,282,99.0,ALFREDO WAGNER,Chuva,Saída de leito carroçável,Com Vítimas Feridas,Plena Noite,Crescente,Chuva,Simples,Curva,Não,2,0,2,0,0,0,2,1,-27.700373,-49.287563,SPRF-SC,DEL01-SC,UOP03-DEL01-SC,2024
633387.0,2024-10-08,terça-feira,06:40:00,SC,282,1.7,FLORIANOPOLIS,Reação tardia ou ineficiente do condutor,Tombamento,Com Vítimas Feridas,Pleno dia,Decrescente,Nublado,Múltipla,Reta,Sim,1,0,1,0,0,0,1,1,-27.602955,-48.580509,SPRF-SC,DEL01-SC,UOP01-DEL01-SC,2024
633481.0,2024-10-08,terça-feira,15:30:00,SC,282,5.0,SAO JOSE,Condutor deixou de manter distância do veículo da frente,Colisão traseira,Com Vítimas Feridas,Pleno dia,Crescente,Nublado,Dupla,Reta,Sim,2,0,1,0,1,0,1,2,-27.588425,-48.612919,SPRF-SC,DEL01-SC,UOP01-DEL01-SC,2024
633500.0,2024-10-08,terça-feira,16:25:00,SC,282,17.3,PALHOCA,Desrespeitar a preferência no cruzamento,Colisão transversal,Com Vítimas Feridas,Pleno dia,Crescente,Chuva,Simples,Interseção de Vias;Reta;Retorno Regulamentado,Sim,2,0,1,0,1,0,1,2,-27.665707,-48.688065,SPRF-SC,DEL01-SC,UOP02-DEL01-SC,2024
633504.0,2024-10-08,terça-feira,16:15:00,SC,282,54.0,RANCHO QUEIMADO,Acumulo de óleo sobre o pavimento,Saída de leito carroçável,Com Vítimas Feridas,Pleno dia,Crescente,Chuva,Simples,Aclive;Curva,Não,3,0,1,0,2,0,1,1,-27.685799,-48.974514,SPRF-SC,DEL01-SC,UOP03-DEL01-SC,2024
633572.0,2024-10-09,quarta-feira,00:20:00,SC,282,5.4,SAO JOSE,Pista Escorregadia,Tombamento,Com Vítimas Feridas,Plena Noite,Crescente,Garoa/Chuvisco,Dupla,Curva,Sim,1,0,1,0,0,0,1,1,-27.588425,-48.612919,SPRF-SC,DEL01-SC,UOP01-DEL01-SC,2024
633676.0,2024-10-09,quarta-feira,13:40:00,SC,282,581.0,PINHALZINHO,Chuva,Saída de leito carroçável,Com Vítimas Feridas,Pleno dia,Crescente,Chuva,Simples,Curva,Não,2,0,1,0,1,0,1,1,-26.828749,-52.997929,SPRF-SC,DEL07-SC,UOP02-DEL07-SC,2024
633733.0,2024-10-09,quarta-feira,19:00:00,SC,282,17.0,PALHOCA,Transitar na contramão,Colisão frontal,Com Vítimas Feridas,Plena Noite,Decrescente,Chuva,Simples,Reta,Não,2,0,0,1,1,0,1,2,-27.665707,-48.688065,SPRF-SC,DEL01-SC,UOP02-DEL01-SC,2024
633880.0,2024-10-10,quinta-feira,13:10:00,SC,282,70.0,RANCHO QUEIMADO,Velocidade Incompatível,Saída de leito carroçável,Com Vítimas Feridas,Pleno dia,Decrescente,Chuva,Simples,Declive;Curva,Não,1,0,1,0,0,0,1,1,-27.692705,-49.091351,SPRF-SC,DEL01-SC,UOP03-DEL01-SC,2024
633905.0,2024-10-10,quinta-feira,10:30:00,SC,282,421.5,VARGEM BONITA,Retorno proibido,Colisão transversal,Com Vítimas Feridas,Pleno dia,Decrescente,Nublado,Simples,Curva,Não,3,0,2,1,0,0,3,2,-27.01073171,-51.73573494,SPRF-SC,DEL07-SC,UOP05-DEL07-SC,2024
634113.0,2024-10-11,sexta-feira,11:30:00,SC,282,5.0,SAO JOSE,Velocidade Incompatível,Saída de leito carroçável,Sem Vítimas,Pleno dia,Crescente,Garoa/Chuvisco,Dupla,Curva,Não,2,0,0,0,0,2,0,1,-27.588425,-48.612919,SPRF-SC,DEL01-SC,UOP01-DEL01-SC,2024
634130.0,2024-10-11,sexta-feira,09:43:00,SC,282,373.1,ERVAL VELHO,Ingestão de álcool pelo condutor,Colisão lateral sentido oposto,Com Vítimas Feridas,Pleno dia,Crescente,Nublado,Simples,Aclive;Reta,Não,3,0,2,0,1,0,2,2,-27.24722806,-51.44863129,SPRF-SC,DEL07-SC,UOP05-DEL07-SC,2024
634176.0,2024-10-11,sexta-feira,17:10:00,SC,282,19.0,PALHOCA,Trafegar com motocicleta (ou similar) entre as faixas,Colisão traseira,Com Vítimas Feridas,Pleno dia,Crescente,Garoa/Chuvisco,Simples,Reta;Viaduto,Não,2,0,1,0,1,0,1,2,-27.678635,-48.70192,SPRF-SC,DEL01-SC,UOP02-DEL01-SC,2024
634186.0,2024-10-11,sexta-feira,15:35:00,SC,282,488.0,FAXINAL DOS GUEDES,Acessar a via sem observar a presença dos outros veículos,Tombamento,Com Vítimas Feridas,Pleno dia,Crescente,Garoa/Chuvisco,Simples,Curva,Sim,1,0,1,0,0,0,1,1,-26.863047,-52.270107,SPRF-SC,DEL07-SC,UOP01-DEL07-SC,2024
634232.0,2024-10-11,sexta-feira,19:50:00,SC,282,497.5,XANXERE,Acessar a via sem observar a presença dos outros veículos,Colisão transversal,Com Vítimas Feridas,Plena Noite,Decrescente,Chuva,Simples,Aclive,Não,3,0,3,0,0,0,3,2,-26.88033497,-52.34364152,SPRF-SC,DEL07-SC,UOP01-DEL07-SC,2024
634244.0,2024-10-11,sexta-feira,20:40:00,SC,282,0.3,FLORIANOPOLIS,Manobra de mudança de faixa,Colisão lateral mesmo sentido,Com Vítimas Feridas,Plena Noite,Crescente,Chuva,Múltipla,Aclive,Sim,2,0,1,0,1,0,1,2,-27.59845,-48.571995,SPRF-SC,DEL01-SC,UOP01-DEL01-SC,2024
634301.0,2024-10-12,sábado,02:00:00,SC,282,582.0,PINHALZINHO,Ingestão de álcool pelo condutor,Colisão frontal,Com Vítimas Feridas,Plena Noite,Decrescente,Garoa/Chuvisco,Simples,Reta,Sim,5,0,1,0,3,1,1,3,-26.826683,-53.002621,SPRF-SC,DEL07-SC,UOP02-DEL07-SC,2024
634304.0,2024-10-12,sábado,03:20:00,SC,282,580.0,PINHALZINHO,Ingestão de álcool pelo condutor,Saída de leito carroçável,Sem Vítimas,Plena Noite,Crescente,Garoa/Chuvisco,Simples,Rotatória,Sim,1,0,0,0,1,0,0,1,-26.832148,-52.994308,SPRF-SC,DEL07-SC,UOP02-DEL07-SC,2024
634311.0,2024-10-11,sexta-feira,16:15:00,SC,282,72.0,RANCHO QUEIMADO,Ausência de reação do condutor,Saída de leito carroçável,Com Vítimas Feridas,Pleno dia,Decrescente,Garoa/Chuvisco,Simples,Declive;Curva,Sim,5,0,5,0,0,0,5,1,-27.683439,-49.105259,SPRF-SC,DEL01-SC,UOP03-DEL01-SC,2024
634314.0,2024-10-11,sexta-feira,20:30:00,SC,282,31.4,SANTO AMARO DA IMPERATRIZ,Frear bruscamente,Queda de ocupante de veículo,Com Vítimas Feridas,Plena Noite,Decrescente,Garoa/Chuvisco,Simples,Reta,Sim,2,0,2,0,0,0,2,1,-27.695198,-48.793308,SPRF-SC,DEL01-SC,UOP03-DEL01-SC,2024
634329.0,2024-10-12,sábado,05:00:00,SC,480,128.0,CHAPECO,Transitar na contramão,Colisão frontal,Com Vítimas Feridas,Plena Noite,Decrescente,Céu Claro,Simples,Reta,Não,6,0,3,0,3,0,3,2,-27.03781899,-52.63432603,SPRF-SC,DEL07-SC,UOP01-DEL07-SC,2024
634355.0,2024-09-30,segunda-feira,17:30:00,SC,282,3.0,FLORIANOPOLIS,Reação tardia ou ineficiente do condutor,Colisão lateral mesmo sentido,Com Vítimas Feridas,Pleno dia,Crescente,Ignorado,Múltipla,Reta,Sim,2,0,1,0,1,0,1,2,-27.60086768,-48.59903097,SPRF-SC,DEL01-SC,UOP01-DEL01-SC,2024