id,data_inversa,dia_semana,horario,uf,br,km,municipio,causa_acidente,tipo_acidente,classificacao_acidente,fase_dia,sentido_via,condicao_metereologica,tipo_pista,tracado_via,uso_solo,pessoas,mortos,feridos_leves,feridos_graves,ilesos,ignorados,feridos,veiculos,latitude,longitude,regional,delegacia,uop,ano_arquivo
634375.0,2024-10-12,sábado,08:35:00,SC,282,258.0,SAO JOSE DO CERRITO,Reação tardia ou ineficiente do condutor,Colisão lateral mesmo sentido,Sem Vítimas,Pleno dia,Crescente,Céu Claro,Simples,Curva,Não,6,0,0,0,6,0,0,2,-27.659687,-50.591881,SPRF-SC,DEL05-SC,UOP02-DEL05-SC,2024
634503.0,2024-10-12,sábado,21:20:00,SC,282,6.0,SAO JOSE,Velocidade Incompatível,Colisão com objeto,Com Vítimas Feridas,Plena Noite,Decrescente,Céu Claro,Simples,Curva,Sim,1,0,0,1,0,0,1,1,-27.591936,-48.618244,SPRF-SC,DEL01-SC,UOP01-DEL01-SC,2024
634592.0,2024-10-13,domingo,11:10:00,SC,282,18.0,PALHOCA,Retorno proibido,Colisão transversal,Com Vítimas Feridas,Pleno dia,Decrescente,Céu Claro,Simples,Reta,Não,3,0,1,2,0,0,3,2,-27.672798,-48.694286,SPRF-SC,DEL01-SC,UOP02-DEL01-SC,2024
634658.0,2024-10-13,domingo,17:45:00,SC,282,19.0,PALHOCA,Acessar a via sem observar a presença dos outros veículos,Colisão transversal,Com Vítimas Feridas,Pleno dia,Crescente,Céu Claro,Simples,Interseção de Vias;Reta,Não,2,0,2,0,0,0,2,2,-27.678635,-48.70192,SPRF-SC,DEL01-SC,UOP02-DEL01-SC,2024
634677.0,2024-10-13,domingo,17:50:00,SC,282,23.5,SANTO AMARO DA IMPERATRIZ,Acessar a via sem observar a presença dos outros veículos,Colisão transversal,Com Vítimas Feridas,Anoitecer,Crescente,Céu Claro,Simples,Interseção de Vias,Não,5,0,2,0,1,2,2,3,-27.687958,-48.736794,SPRF-SC,DEL01-SC,UOP03-DEL01-SC,2024
634738.0,2024-10-13,domingo,20:00:00,SC,282,574.0,PINHALZINHO,Ingestão de álcool pelo condutor,Saída de leito carroçável,Com Vítimas Feridas,Plena Noite,Crescente,Céu Claro,Simples,Aclive;Reta,Não,3,0,0,2,1,0,2,1,-26.867399,-52.965149,SPRF-SC,DEL07-SC,UOP02-DEL07-SC,2024
634787.0,2024-10-14,segunda-feira,03:00:00,SC,282,69.1,RANCHO QUEIMADO,Demais falhas mecânicas ou elétricas,Incêndio,Sem Vítimas,Plena Noite,Crescente,Céu Claro,Simples,Reta,Não,1,0,0,0,1,0,0,1,-27.690144,-49.083813,SPRF-SC,DEL01-SC,UOP03-DEL01-SC,2024
634870.0,2024-10-14,segunda-feira,13:00:00,SC,282,524.6,XAXIM,Ingestão de álcool pelo condutor,Colisão transversal,Com Vítimas Feridas,Pleno dia,Crescente,Sol,Simples,Reta,Não,6,0,6,0,0,0,6,2,-26.965002,-52.557384,SPRF-SC,DEL07-SC,UOP01-DEL07-SC,2024
635007.0,2024-10-15,terça-feira,07:15:00,SC,282,5.0,SAO JOSE,Trafegar com motocicleta (ou similar) entre as faixas,Colisão traseira,Com Vítimas Feridas,Pleno dia,Decrescente,Céu Claro,Múltipla,Reta,Sim,2,0,1,0,1,0,1,2,-27.588425,-48.612919,SPRF-SC,DEL01-SC,UOP01-DEL01-SC,2024
635145.0,2024-10-15,terça-feira,16:30:00,SC,480,126.6,CHAPECO,Acumulo de água sobre o pavimento,Saída de leito carroçável,Com Vítimas Feridas,Pleno dia,Crescente,Chuva,Simples,Declive;Interseção de Vias,Não,2,0,0,2,0,0,2,1,-27.02440917,-52.63502598,SPRF-SC,DEL07-SC,UOP01-DEL07-SC,2024
635296.0,2024-10-16,quarta-feira,13:30:00,SC,282,4.5,FLORIANOPOLIS,Condutor deixou de manter distância do veículo da frente,Engavetamento,Com Vítimas Feridas,Pleno dia,Decrescente,Céu Claro,Múltipla,Reta,Sim,7,0,2,0,5,0,2,4,-27.59048639,-48.60865474,SPRF-SC,DEL01-SC,UOP01-DEL01-SC,2024
635370.0,2024-10-16,quarta-feira,18:30:00,SC,282,19.0,PALHOCA,Acessar a via sem observar a presença dos outros veículos,Colisão transversal,Com Vítimas Feridas,Plena Noite,Decrescente,Céu Claro,Simples,Reta,Não,2,0,0,1,1,0,1,2,-27.678635,-48.70192,SPRF-SC,DEL01-SC,UOP02-DEL01-SC,2024
635391.0,2024-10-17,quinta-feira,00:30:00,SC,282,18.7,PALHOCA,Ingestão de álcool pelo condutor,Colisão traseira,Com Vítimas Feridas,Plena Noite,Crescente,Céu Claro,Dupla,Viaduto;Aclive,Não,2,0,1,0,1,0,1,2,-27.672798,-48.694286,SPRF-SC,DEL01-SC,UOP02-DEL01-SC,2024
635410.0,2024-10-17,quinta-feira,06:45:00,SC,282,27.6,SANTO AMARO DA IMPERATRIZ,Acesso irregular,Colisão traseira,Com Vítimas Feridas,Pleno dia,Crescente,Céu Claro,Simples,Reta,Não,2,0,1,0,1,0,1,2,-27.67410019,-48.77734959,SPRF-SC,DEL01-SC,UOP03-DEL01-SC,2024
635451.0,2024-10-13,domingo,17:50:00,SC,282,586.0,PINHALZINHO,Velocidade Incompatível,Saída de leito carroçável,Com Vítimas Feridas,Anoitecer,Decrescente,Chuva,Simples,Curva,Não,2,0,2,0,0,0,2,1,-26.832605,-53.03474,SPRF-SC,DEL07-SC,UOP02-DEL07-SC,2024
635483.0,2024-10-17,quinta-feira,13:30:00,SC,282,18.5,PALHOCA,Acessar a via sem observar a presença dos outros veículos,Colisão transversal,Com Vítimas Feridas,Pleno dia,Crescente,Céu Claro,Simples,Interseção de Vias,Não,2,0,0,1,1,0,1,2,-27.672798,-48.694286,SPRF-SC,DEL01-SC,UOP02-DEL01-SC,2024
635502.0,2024-10-17,quinta-feira,15:00:00,SC,282,533.4,CORDILHEIRA ALTA,Ausência de reação do condutor,Colisão traseira,Com Vítimas Feridas,Pleno dia,Crescente,Céu Claro,Simples,Reta,Não,2,0,1,0,1,0,1,2,-26.995323,-52.625305,SPRF-SC,DEL07-SC,UOP01-DEL07-SC,2024
635624.0,2024-10-17,quinta-feira,17:15:00,SC,282,58.0,RANCHO QUEIMADO,Pista Escorregadia,Tombamento,Com Vítimas Feridas,Pleno dia,Crescente,Nevoeiro/Neblina,Simples,Curva,Sim,1,0,1,0,0,0,1,1,-27.683594,-49.005539,SPRF-SC,DEL01-SC,UOP03-DEL01-SC,2024
635670.0,2024-10-10,quinta-feira,15:00:00,SC,282,586.7,PINHALZINHO,Condutor deixou de manter distância do veículo da frente,Colisão traseira,Com Vítimas Feridas,Pleno dia,Decrescente,Nublado,Simples,Reta,Não,3,0,1,0,2,0,1,2,-26.832605,-53.03474,SPRF-SC,DEL07-SC,UOP02-DEL07-SC,2024
635760.0,2024-10-18,sexta-feira,16:00:00,SC,282,114.0,ALFREDO WAGNER,Velocidade Incompatível,Saída de leito carroçável,Com Vítimas Feridas,Pleno dia,Crescente,Nublado,Simples,Curva,Não,1,0,0,1,0,0,1,1,-27.748552,-49.388176,SPRF-SC,DEL01-SC,UOP03-DEL01-SC,2024
635811.0,2024-10-19,sábado,02:30:00,SC,282,516.3,XAXIM,Ingestão de álcool pelo condutor,Capotamento,Com Vítimas Feridas,Plena Noite,Decrescente,Chuva,Simples,Curva;Declive,Não,1,0,1,0,0,0,1,1,-26.930862,-52.499157,SPRF-SC,DEL07-SC,UOP01-DEL07-SC,2024
635832.0,2024-10-18,sexta-feira,19:25:00,SC,282,1.9,FLORIANOPOLIS,Reação tardia ou ineficiente do condutor,Colisão traseira,Com Vítimas Feridas,Plena Noite,Crescente,Nublado,Múltipla,Reta,Sim,3,0,1,0,2,0,1,2,-27.602955,-48.580509,SPRF-SC,DEL01-SC,UOP01-DEL01-SC,2024
635888.0,2024-10-19,sábado,09:20:00,SC,282,5.4,SAO JOSE,Frear bruscamente,Queda de ocupante de veículo,Com Vítimas Feridas,Pleno dia,Crescente,Garoa/Chuvisco,Dupla,Curva,Sim,1,0,1,0,0,0,1,1,-27.588425,-48.612919,SPRF-SC,DEL01-SC,UOP01-DEL01-SC,2024
635943.0,2024-10-19,sábado,13:30:00,SC,282,1.9,FLORIANOPOLIS,Ausência de reação do condutor,Colisão lateral mesmo sentido,Com Vítimas Feridas,Pleno dia,Decrescente,Céu Claro,Simples,Reta,Sim,2,0,1,0,0,1,1,2,-27.602955,-48.580509,SPRF-SC,DEL01-SC,UOP01-DEL01-SC,2024
635995.0,2024-10-19,sábado,18:10:00,SC,282,3.8,FLORIANOPOLIS,Manobra de mudança de faixa,Colisão traseira,Com Vítimas Feridas,Plena Noite,Crescente,Céu Claro,Múltipla,Interseção de Vias,Sim,4,0,2,0,1,1,2,3,-27.600384,-48.599705,SPRF-SC,DEL01-SC,UOP01-DEL01-SC,2024
636115.0,2024-10-20,domingo,07:40:00,SC,480,126.0,CHAPECO,Reação tardia ou ineficiente do condutor,Colisão traseira,Com Vítimas Feridas,Pleno dia,Decrescente,Céu Claro,Dupla,Aclive;Reta,Não,2,0,1,0,1,0,1,2,-27.023202,-52.635072,SPRF-SC,DEL07-SC,UOP01-DEL07-SC,2024
636118.0,2024-10-20,domingo,02:00:00,SC,282,572.0,PINHALZINHO,Ausência de reação do condutor,Saída de leito carroçável,Com Vítimas Feridas,Plena Noite,Decrescente,Céu Claro,Simples,Reta,Não,2,0,0,1,1,0,1,1,-26.879332,-52.949421,SPRF-SC,DEL07-SC,UOP02-DEL07-SC,2024
636201.0,2024-10-20,domingo,15:15:00,SC,282,46.5,AGUAS MORNAS,Condutor deixou de manter distância do veículo da frente,Colisão traseira,Com Vítimas Feridas,Pleno dia,Decrescente,Céu Claro,Simples,Reta;Declive,Não,2,0,1,0,1,0,1,2,-27.721041,-48.925152,SPRF-SC,DEL01-SC,UOP03-DEL01-SC,2024
636239.0,2024-10-20,domingo,16:20:00,SC,282,68.7,RANCHO QUEIMADO,Condutor Dormindo,Saída de leito carroçável,Com Vítimas Feridas,Pleno dia,Crescente,Nublado,Simples,Aclive;Reta,Não,2,0,1,0,1,0,1,1,-27.692406,-49.075939,SPRF-SC,DEL01-SC,UOP03-DEL01-SC,2024
636308.0,2024-10-20,domingo,20:20:00,SC,282,504.9,XANXERE,Desrespeitar a preferência no cruzamento,Colisão frontal,Com Vítimas Feridas,Plena Noite,Crescente,Nublado,Simples,Interseção de Vias;Reta;Viaduto,Sim,6,0,2,1,3,0,3,2,-26.88534649,-52.41447866,SPRF-SC,DEL07-SC,UOP01-DEL07-SC,2024
636415.0,2024-10-21,segunda-feira,09:20:00,SC,282,67.6,RANCHO QUEIMADO,Acumulo de água sobre o pavimento,Saída de leito carroçável,Com Vítimas Feridas,Pleno dia,Crescente,Chuva,Simples,Curva,Não,1,0,1,0,0,0,1,1,-27.695963,-49.0695,SPRF-SC,DEL01-SC,UOP03-DEL01-SC,2024
636467.0,2024-10-21,segunda-feira,14:20:00,SC,282,520.1,XAXIM,Manobra de mudança de faixa,Colisão lateral mesmo sentido,Com Vítimas Feridas,Pleno dia,Crescente,Céu Claro,Simples,Curva,Não,5,0,1,1,2,1,2,4,-26.950415,-52.526096,SPRF-SC,DEL07-SC,UOP01-DEL07-SC,2024
636526.0,2024-10-21,segunda-feira,19:50:00,SC,282,577.2,PINHALZINHO,Animais na Pista,Atropelamento de Animal,Com Vítimas Feridas,Plena Noite,Crescente,Céu Claro,Simples,Curva,Sim,1,0,1,0,0,0,1,1,-26.85963164,-52.9792271,SPRF-SC,DEL07-SC,UOP02-DEL07-SC,2024
636559.0,2024-10-21,segunda-feira,23:00:00,SC,480,127.6,CHAPECO,Participar de racha,Atropelamento de Pedestre,Com Vítimas Fatais,Plena Noite,Crescente,Céu Claro,Múltipla,Reta,Sim,2,1,0,1,0,0,1,2,-27.034028,-52.63378,SPRF-SC,DEL07-SC,UOP01-DEL07-SC,2024
636577.0,2024-10-22,terça-feira,04:30:00,SC,282,46.8,AGUAS MORNAS,Reação tardia ou ineficiente do condutor,Colisão lateral sentido oposto,Com Vítimas Feridas,Plena Noite,Decrescente,Garoa/Chuvisco,Simples,Reta;Aclive,Não,2,0,1,0,1,0,1,2,-27.721041,-48.925152,SPRF-SC,DEL01-SC,UOP03-DEL01-SC,2024
636876.0,2024-10-23,quarta-feira,13:45:00,SC,282,5.8,SAO JOSE,Manobra de mudança de faixa,Colisão lateral mesmo sentido,Com Vítimas Feridas,Pleno dia,Decrescente,Céu Claro,Múltipla,Reta,Sim,3,0,1,0,2,0,1,2,-27.588425,-48.612919,SPRF-SC,DEL01-SC,UOP01-DEL01-SC,2024
636889.0,2024-08-27,terça-feira,13:30:00,SC,282,15.6,PALHOCA,Reação tardia ou ineficiente do condutor,Colisão lateral sentido oposto,Com Vítimas Feridas,Pleno dia,Decrescente,Céu Claro,Simples,Reta,Sim,2,0,0,1,1,0,1,2,-27.651848,-48.676048,SPRF-SC,DEL01-SC,UOP02-DEL01-SC,2024
636984.0,2024-10-24,quinta-feira,01:45:00,SC,282,5.7,FLORIANOPOLIS,Velocidade Incompatível,Tombamento,Com Vítimas Feridas,Plena Noite,Decrescente,Céu Claro,Múltipla,Reta,Sim,1,0,1,0,0,0,1,1,-27.588425,-48.612919,SPRF-SC,DEL01-SC,UOP01-DEL01-SC,2024
637182.0,2024-10-24,quinta-feira,20:00:00,SC,282,231.0,LAGES,Ausência de reação do condutor,Tombamento,Sem Vítimas,Plena Noite,Decrescente,Chuva,Simples,Reta,Não,1,0,0,0,0,1,0,1,-27.787624,-50.435722,SPRF-SC,DEL05-SC,UOP02-DEL05-SC,2024
637279.0,2024-10-25,sexta-feira,13:10:00,SC,282,505.5,XANXERE,Ausência de reação do condutor,Colisão frontal,Com Vítimas Feridas,Pleno dia,Decrescente,Céu Claro,Simples,Reta;Aclive,Sim,3,0,2,0,1,0,2,2,-26.88637323,-52.42275596,SPRF-SC,DEL07-SC,UOP01-DEL07-SC,2024
637300.0,2024-10-20,domingo,01:30:00,SC,480,128.8,CHAPECO,Ingestão de álcool pelo condutor,Saída de leito carroçável,Sem Vítimas,Plena Noite,Decrescente,Céu Claro,Dupla,Curva;Aclive,Sim,1,0,0,0,1,0,0,1,-27.04345259,-52.63593256,SPRF-SC,DEL07-SC,UOP01-DEL07-SC,2024
637334.0,2024-10-25,sexta-feira,15:50:00,SC,282,16.5,PALHOCA,Conversão proibida,Colisão lateral mesmo sentido,Com Vítimas Feridas,Pleno dia,Crescente,Céu Claro,Simples,Reta,Sim,2,0,1,0,1,0,1,2,-27.658611,-48.681847,SPRF-SC,DEL01-SC,UOP02-DEL01-SC,2024
637373.0,2024-10-25,sexta-feira,18:30:00,SC,282,18.0,PALHOCA,Acessar a via sem observar a presença dos outros veículos,Colisão transversal,Com Vítimas Feridas,Anoitecer,Crescente,Céu Claro,Simples,Interseção de Vias,Sim,2,0,1,0,1,0,1,2,-27.672798,-48.694286,SPRF-SC,DEL01-SC,UOP02-DEL01-SC,2024
637378.0,2024-10-25,sexta-feira,16:30:00,SC,282,502.6,XANXERE,Acessar a via sem observar a presença dos outros veículos,Colisão transversal,Com Vítimas Feridas,Pleno dia,Decrescente,Céu Claro,Simples,Interseção de Vias,Sim,2,0,1,0,1,0,1,2,-26.88544503,-52.39347696,SPRF-SC,DEL07-SC,UOP01-DEL07-SC,2024
637483.0,2024-10-26,sábado,07:05:00,SC,282,23.0,SANTO AMARO DA IMPERATRIZ,Condutor deixou de manter distância do veículo da frente,Colisão traseira,Com Vítimas Feridas,Pleno dia,Decrescente,Céu Claro,Simples,Reta,Não,2,0,1,0,1,0,1,2,-27.687958,-48.736794,SPRF-SC,DEL01-SC,UOP02-DEL01-SC,2024
637656.0,2024-10-26,sábado,19:40:00,SC,282,652.7,SAO MIGUEL DO OESTE,Ausência de reação do condutor,Atropelamento de Pedestre,Com Vítimas Feridas,Plena Noite,Decrescente,Céu Claro,Simples,Curva,Sim,2,0,0,1,1,0,1,2,-26.716505,-53.516796,SPRF-SC,DEL07-SC,UOP03-DEL07-SC,2024
637682.0,2024-10-27,domingo,03:10:00,SC,282,605.0,MARAVILHA,Ingestão de álcool pelo condutor,Saída de leito carroçável,Sem Vítimas,Plena Noite,Crescente,Céu Claro,Simples,Reta;Rotatória;Interseção de Vias,Sim,1,0,0,0,1,0,0,1,-26.786951,-53.195248,SPRF-SC,DEL07-SC,UOP02-DEL07-SC,2024
637753.0,2024-10-27,domingo,03:00:00,SC,282,372.0,ERVAL VELHO,Ingestão de álcool pelo condutor,Saída de leito carroçável,Sem Vítimas,Plena Noite,Crescente,Céu Claro,Simples,Aclive;Reta,Não,1,0,0,0,0,1,0,1,-27.257843,-51.443795,SPRF-SC,DEL07-SC,UOP05-DEL07-SC,2024
637978.0,2024-10-28,segunda-feira,11:50:00,SC,282,17.0,PALHOCA,Acesso irregular,Colisão transversal,Com Vítimas Feridas,Pleno dia,Decrescente,Céu Claro,Simples,Reta,Sim,2,0,1,0,1,0,1,2,-27.665707,-48.688065,SPRF-SC,DEL01-SC,UOP02-DEL01-SC,2024
638051.0,2024-10-28,segunda-feira,18:30:00,SC,282,606.6,MARAVILHA,Acessar a via sem observar a presença dos outros veículos,Colisão transversal,Com Vítimas Feridas,Pleno dia,Crescente,Sol,Simples,Interseção de Vias,Sim,4,0,1,0,3,0,1,2,-26.772648,-53.2062,SPRF-SC,DEL07-SC,UOP02-DEL07-SC,2024
638198.0,2024-10-29,terça-feira,11:10:00,SC,480,129.6,CHAPECO,Manobra de mudança de faixa,Colisão lateral mesmo sentido,Com Vítimas Feridas,Pleno dia,Decrescente,Céu Claro,Dupla,Curva;Declive,Sim,2,0,1,0,1,0,1,2,-27.04656607,-52.63577131,SPRF-SC,DEL07-SC,UOP01-DEL07-SC,2024
638471.0,2024-10-30,quarta-feira,17:45:00,SC,282,549.9,CHAPECO,Velocidade Incompatível,Colisão frontal,Com Vítimas Feridas,Pleno dia,Decrescente,Céu Claro,Simples,Curva,Não,3,0,2,0,1,0,2,2,-26.961639,-52.763805,SPRF-SC,DEL07-SC,UOP01-DEL07-SC,2024
638487.0,2024-10-30,quarta-feira,21:28:00,SC,282,534.5,CORDILHEIRA ALTA,Ultrapassagem Indevida,Colisão lateral sentido oposto,Com Vítimas Feridas,Plena Noite,Crescente,Nublado,Simples,Reta,Não,2,0,1,0,1,0,1,2,-26.99627542,-52.63973057,SPRF-SC,DEL07-SC,UOP01-DEL07-SC,2024
638520.0,2024-10-31,quinta-feira,05:20:00,SC,282,589.7,PINHALZINHO,Transitar na contramão,Colisão lateral sentido oposto,Com Vítimas Feridas,Amanhecer,Crescente,Céu Claro,Simples,Declive;Reta,Não,2,0,0,1,1,0,1,2,-26.82596,-53.062588,SPRF-SC,DEL07-SC,UOP02-DEL07-SC,2024
638632.0,2024-10-31,quinta-feira,17:55:00,SC,282,2.4,FLORIANOPOLIS,Ausência de reação do condutor,Colisão traseira,Sem Vítimas,Pleno dia,Crescente,Céu Claro,Dupla,Reta,Sim,2,0,0,0,2,0,0,2,-27.603289,-48.590416,SPRF-SC,DEL01-SC,UOP01-DEL01-SC,2024
638683.0,2024-10-31,quinta-feira,19:10:00,SC,282,242.6,SAO JOSE DO CERRITO,Animais na Pista,Atropelamento de Animal,Sem Vítimas,Plena Noite,Crescente,Céu Claro,Simples,Reta;Declive,Não,1,0,0,0,1,0,0,1,-27.74229532,-50.51110268,SPRF-SC,DEL05-SC,UOP02-DEL05-SC,2024
638691.0,2024-10-31,quinta-feira,22:10:00,SC,282,17.9,PALHOCA,Reação tardia ou ineficiente do condutor,Colisão traseira,Com Vítimas Feridas,Plena Noite,Decrescente,Nublado,Simples,Reta,Sim,2,0,1,0,1,0,1,2,-27.665707,-48.688065,SPRF-SC,DEL01-SC,UOP02-DEL01-SC,2024
638741.0,2024-11-01,sexta-feira,07:15:00,SC,282,3.7,FLORIANOPOLIS,Reação tardia ou ineficiente do condutor,Queda de ocupante de veículo,Com Vítimas Feridas,Pleno dia,Decrescente,Garoa/Chuvisco,Múltipla,Reta,Sim,1,0,0,1,0,0,1,1,-27.600384,-48.599705,SPRF-SC,DEL01-SC,UOP01-DEL01-SC,2024
638756.0,2024-11-01,sexta-feira,07:45:00,SC,282,510.9,XANXERE,Ingestão de substâncias psicoativas pelo condutor,Colisão frontal,Com Vítimas Feridas,Pleno dia,Crescente,Sol,Simples,Reta,Não,3,0,3,0,0,0,3,2,-26.897114,-52.463585,SPRF-SC,DEL07-SC,UOP01-DEL07-SC,2024
638796.0,2024-11-01,sexta-feira,13:45:00,SC,282,3.0,FLORIANOPOLIS,Trafegar com motocicleta (ou similar) entre as faixas,Colisão lateral mesmo sentido,Sem Vítimas,Pleno dia,Decrescente,Céu Claro,Múltipla,Reta,Sim,3,0,0,0,3,0,0,3,-27.600384,-48.599705,SPRF-SC,DEL01-SC,UOP01-DEL01-SC,2024
638822.0,2024-11-01,sexta-feira,13:15:00,SC,282,558.0,NOVA ITABERABA,Acessar a via sem observar a presença dos outros veículos,Colisão transversal,Sem Vítimas,Pleno dia,Decrescente,Céu Claro,Simples,Curva,Não,2,0,0,0,2,0,0,2,-26.93273,-52.838913,SPRF-SC,DEL07-SC,UOP01-DEL07-SC,2024
638835.0,2024-11-01,sexta-feira,17:30:00,SC,282,48.0,AGUAS MORNAS,Demais falhas mecânicas ou elétricas,Incêndio,Sem Vítimas,Anoitecer,Crescente,Céu Claro,Dupla,Curva,Não,1,0,0,0,1,0,0,1,-27.721771,-48.934837,SPRF-SC,DEL01-SC,UOP03-DEL01-SC,2024
638856.0,2024-10-12,sábado,19:05:00,SC,282,34.5,AGUAS MORNAS,Acessar a via sem observar a presença dos outros veículos,Colisão frontal,Com Vítimas Feridas,Plena Noite,Decrescente,Céu Claro,Simples,Reta,Não,3,0,2,0,1,0,2,2,-27.70438958,-48.81719112,SPRF-SC,DEL01-SC,UOP03-DEL01-SC,2024
638914.0,2024-11-01,sexta-feira,22:40:00,SC,282,129.0,BOM RETIRO,Acessar a via sem observar a presença dos outros veículos,Colisão frontal,Com Vítimas Feridas,Plena Noite,Crescente,Céu Claro,Simples,Curva,Não,6,0,1,0,5,0,1,2,-27.800129,-49.496468,SPRF-SC,DEL05-SC,UOP01-DEL05-SC,2024
638993.0,2024-11-02,sábado,04:55:00,SC,480,129.6,CHAPECO,Reação tardia ou ineficiente do condutor,Colisão com objeto,Sem Vítimas,Amanhecer,Crescente,Garoa/Chuvisco,Simples,Reta,Sim,1,0,0,0,1,0,0,1,-27.04656607,-52.63577131,SPRF-SC,DEL07-SC,UOP01-DEL07-SC,2024
639022.0,2024-11-02,sábado,09:25:00,SC,282,400.0,JOACABA,Chuva,Saída de leito carroçável,Com Vítimas Feridas,Pleno dia,Crescente,Chuva,Simples,Curva,Não,4,0,2,0,2,0,2,1,-27.132223,-51.627563,SPRF-SC,DEL07-SC,UOP05-DEL07-SC,2024
639126.0,2024-11-02,sábado,20:15:00,SC,282,5.9,SAO JOSE,Trafegar com motocicleta (ou similar) entre as faixas,Colisão lateral mesmo sentido,Com Vítimas Feridas,Plena Noite,Crescente,Chuva,Dupla,Viaduto;Reta,Sim,4,0,2,0,2,0,2,3,-27.588425,-48.612919,SPRF-SC,DEL01-SC,UOP01-DEL01-SC,2024
639138.0,2024-11-02,sábado,21:00:00,SC,282,0.1,FLORIANOPOLIS,Entrada inopinada do pedestre,Atropelamento de Pedestre,Com Vítimas Feridas,Plena Noite,Crescente,Chuva,Simples,Reta,Sim,2,0,1,0,1,0,1,2,-27.59845,-48.571995,SPRF-SC,DEL01-SC,UOP01-DEL01-SC,2024
639211.0,2024-11-03,domingo,06:15:00,SC,282,222.4,LAGES,Falta de elemento de contenção que evite a saída do leito carroçável,Saída de leito carroçável,Com Vítimas Feridas,Pleno dia,Crescente,Chuva,Simples,Curva;Aclive,Não,3,0,2,1,0,0,3,1,-27.797739,-50.353409,SPRF-SC,DEL05-SC,UOP01-DEL05-SC,2024
639257.0,2024-11-03,domingo,13:15:00,SC,282,44.0,AGUAS MORNAS,Velocidade Incompatível,Capotamento,Com Vítimas Feridas,Pleno dia,Crescente,Chuva,Simples,Curva;Aclive,Não,1,0,1,0,0,0,1,1,-27.722137,-48.90694,SPRF-SC,DEL01-SC,UOP03-DEL01-SC,2024
639259.0,2024-11-03,domingo,13:10:00,SC,282,19.9,PALHOCA,Condutor deixou de manter distância do veículo da frente,Colisão traseira,Sem Vítimas,Pleno dia,Decrescente,Garoa/Chuvisco,Simples,Reta,Sim,2,0,0,0,2,0,0,2,-27.678635,-48.70192,SPRF-SC,DEL01-SC,UOP02-DEL01-SC,2024
639287.0,2024-11-03,domingo,15:45:00,SC,282,74.0,RANCHO QUEIMADO,Velocidade Incompatível,Saída de leito carroçável,Com Vítimas Feridas,Pleno dia,Decrescente,Chuva,Simples,Curva,Não,2,0,1,0,1,0,1,1,-27.688168,-49.120075,SPRF-SC,DEL01-SC,UOP03-DEL01-SC,2024
639443.0,2024-11-04,segunda-feira,05:10:00,SC,282,462.5,PONTE SERRADA,Desrespeitar a preferência no cruzamento,Colisão transversal,Com Vítimas Feridas,Amanhecer,Crescente,Céu Claro,Simples,Reta,Sim,3,0,1,1,1,0,2,2,-26.857594,-52.050583,SPRF-SC,DEL07-SC,UOP04-DEL07-SC,2024
639521.0,2024-11-04,segunda-feira,13:30:00,SC,282,5.0,FLORIANOPOLIS,Condutor deixou de manter distância do veículo da frente,Engavetamento,Com Vítimas Feridas,Pleno dia,Crescente,Nublado,Múltipla,Reta,Sim,4,0,0,1,3,0,1,4,-27.588425,-48.612919,SPRF-SC,DEL01-SC,UOP01-DEL01-SC,2024
639534.0,2024-11-04,segunda-feira,14:00:00,SC,282,45.0,AGUAS MORNAS,Pista Escorregadia,Saída de leito carroçável,Com Vítimas Feridas,Pleno dia,Crescente,Chuva,Simples,Curva;Aclive,Não,2,0,1,0,1,0,1,1,-27.719851,-48.916126,SPRF-SC,DEL01-SC,UOP03-DEL01-SC,2024
639713.0,2024-11-05,terça-feira,10:30:00,SC,282,4.0,SAO JOSE,Reação tardia ou ineficiente do condutor,Queda de ocupante de veículo,Com Vítimas Feridas,Pleno dia,Decrescente,Céu Claro,Dupla,Reta,Sim,2,0,2,0,0,0,2,1,-27.592646,-48.604034,SPRF-SC,DEL01-SC,UOP01-DEL01-SC,2024
639754.0,2024-11-05,terça-feira,15:30:00,SC,282,48.0,AGUAS MORNAS,Reação tardia ou ineficiente do condutor,Colisão traseira,Sem Vítimas,Pleno dia,Crescente,Garoa/Chuvisco,Dupla,Curva,Não,2,0,0,0,2,0,0,2,-27.714352,-48.938072,SPRF-SC,DEL01-SC,UOP03-DEL01-SC,2024
639756.0,2024-11-05,terça-feira,12:45:00,SC,282,415.9,CATANDUVAS,Reação tardia ou ineficiente do condutor,Saída de leito carroçável,Com Vítimas Feridas,Pleno dia,Crescente,Céu Claro,Simples,Curva;Aclive,Não,2,0,2,0,0,0,2,1,-27.039997,-51.708958,SPRF-SC,DEL07-SC,UOP05-DEL07-SC,2024
639844.0,2024-11-06,quarta-feira,00:01:00,SC,282,180.0,BOCAINA DO SUL,Ingestão de álcool pelo condutor,Saída de leito carroçável,Sem Vítimas,Plena Noite,Decrescente,Chuva,Simples,Curva,Não,1,0,0,0,1,0,0,1,-27.742239,-49.939873,SPRF-SC,DEL05-SC,UOP01-DEL05-SC,2024