id,data_inversa,dia_semana,horario,uf,br,km,municipio,causa_acidente,tipo_acidente,classificacao_acidente,fase_dia,sentido_via,condicao_metereologica,tipo_pista,tracado_via,uso_solo,pessoas,mortos,feridos_leves,feridos_graves,ilesos,ignorados,feridos,veiculos,latitude,longitude,regional,delegacia,uop,ano_arquivo
639882.0,2024-11-06,quarta-feira,07:45:00,SC,480,125.3,CHAPECO,Condutor deixou de manter distância do veículo da frente,Colisão traseira,Com Vítimas Feridas,Pleno dia,Crescente,Sol,Dupla,Reta,Não,2,0,1,0,1,0,1,2,-27.01164515,-52.63953123,SPRF-SC,DEL07-SC,UOP01-DEL07-SC,2024
639924.0,2024-11-05,terça-feira,18:30:00,SC,282,577.0,PINHALZINHO,Acessar a via sem observar a presença dos outros veículos,Colisão transversal,Com Vítimas Feridas,Anoitecer,Decrescente,Céu Claro,Simples,Reta,Sim,2,0,0,1,1,0,1,2,-26.84559193,-52.98103094,SPRF-SC,DEL07-SC,UOP02-DEL07-SC,2024
639939.0,2024-11-06,quarta-feira,13:20:00,SC,282,4.5,FLORIANOPOLIS,Acessar a via sem observar a presença dos outros veículos,Colisão transversal,Com Vítimas Feridas,Pleno dia,Crescente,Nublado,Dupla,Interseção de Vias,Sim,3,0,1,0,2,0,1,2,-27.592646,-48.604034,SPRF-SC,DEL01-SC,UOP01-DEL01-SC,2024
639999.0,2024-11-06,quarta-feira,19:00:00,SC,282,0.9,FLORIANOPOLIS,Manobra de mudança de faixa,Colisão lateral mesmo sentido,Com Vítimas Feridas,Plena Noite,Crescente,Chuva,Múltipla,Reta,Sim,4,0,2,0,2,0,2,3,-27.59845,-48.571995,SPRF-SC,DEL01-SC,UOP01-DEL01-SC,2024
640086.0,2024-11-07,quinta-feira,08:00:00,SC,282,21.0,PALHOCA,Reação tardia ou ineficiente do condutor,Colisão traseira,Com Vítimas Feridas,Pleno dia,Crescente,Chuva,Simples,Reta,Sim,2,0,1,0,1,0,1,2,-27.68907,-48.717541,SPRF-SC,DEL01-SC,UOP02-DEL01-SC,2024
640104.0,2024-11-07,quinta-feira,09:25:00,SC,282,502.0,XANXERE,Sinalização mal posicionada,Colisão transversal,Sem Vítimas,Pleno dia,Decrescente,Nublado,Simples,Reta;Interseção de Vias,Sim,3,0,0,0,3,0,0,2,-26.884584,-52.390911,SPRF-SC,DEL07-SC,UOP01-DEL07-SC,2024
640151.0,2024-11-07,quinta-feira,13:10:00,SC,282,30.2,SANTO AMARO DA IMPERATRIZ,Velocidade Incompatível,Saída de leito carroçável,Com Vítimas Feridas,Pleno dia,Crescente,Garoa/Chuvisco,Simples,Aclive;Curva,Não,2,0,1,0,1,0,1,1,-27.687376,-48.79071,SPRF-SC,DEL01-SC,UOP03-DEL01-SC,2024
640159.0,2024-11-07,quinta-feira,15:00:00,SC,282,397.5,JOACABA,Acessar a via sem observar a presença dos outros veículos,Colisão transversal,Com Vítimas Feridas,Pleno dia,Crescente,Nublado,Simples,Interseção de Vias,Não,5,0,5,0,0,0,5,2,-27.15077261,-51.60496116,SPRF-SC,DEL07-SC,UOP05-DEL07-SC,2024
640192.0,2024-11-07,quinta-feira,15:55:00,SC,282,639.9,DESCANSO,Neblina,Queda de ocupante de veículo,Com Vítimas Feridas,Pleno dia,Decrescente,Nevoeiro/Neblina,Simples,Reta,Não,1,0,1,0,0,0,1,1,-26.793066,-53.451859,SPRF-SC,DEL07-SC,UOP03-DEL07-SC,2024
640229.0,2024-11-07,quinta-feira,08:15:00,SC,282,17.8,SANTO AMARO DA IMPERATRIZ,Acesso irregular,Colisão transversal,Com Vítimas Feridas,Pleno dia,Decrescente,Garoa/Chuvisco,Simples,Reta,Sim,2,0,1,0,1,0,1,2,-27.665707,-48.688065,SPRF-SC,DEL01-SC,UOP02-DEL01-SC,2024
640284.0,2024-11-08,sexta-feira,05:30:00,SC,282,2.8,FLORIANOPOLIS,Reação tardia ou ineficiente do condutor,Colisão lateral mesmo sentido,Sem Vítimas,Pleno dia,Crescente,Céu Claro,Múltipla,Reta,Sim,2,0,0,0,1,1,0,2,-27.603289,-48.590416,SPRF-SC,DEL01-SC,UOP01-DEL01-SC,2024
640285.0,2024-11-08,sexta-feira,06:30:00,SC,282,577.5,PINHALZINHO,Condutor deixou de manter distância do veículo da frente,Colisão traseira,Com Vítimas Feridas,Pleno dia,Decrescente,Nublado,Simples,Reta,Sim,2,0,1,0,0,1,1,2,-26.84676,-52.980644,SPRF-SC,DEL07-SC,UOP02-DEL07-SC,2024
640361.0,2024-11-08,sexta-feira,12:20:00,SC,282,15.5,PALHOCA,Acessar a via sem observar a presença dos outros veículos,Colisão transversal,Com Vítimas Feridas,Pleno dia,Crescente,Nublado,Simples,Interseção de Vias;Rotatória;Reta;Em Obras,Sim,3,0,0,1,2,0,1,2,-27.651848,-48.676048,SPRF-SC,DEL01-SC,UOP02-DEL01-SC,2024
640534.0,2024-11-08,sexta-feira,23:30:00,SC,282,453.5,PONTE SERRADA,Reação tardia ou ineficiente do condutor,Saída de leito carroçável,Com Vítimas Feridas,Plena Noite,Crescente,Céu Claro,Dupla,Curva,Não,2,0,1,0,1,0,1,1,-26.89823,-51.976665,SPRF-SC,DEL07-SC,UOP04-DEL07-SC,2024
640542.0,2024-11-09,sábado,03:00:00,SC,282,5.6,SAO JOSE,Condutor Dormindo,Colisão com objeto,Sem Vítimas,Plena Noite,Crescente,Céu Claro,Múltipla,Curva;Declive,Sim,1,0,0,0,1,0,0,1,-27.588425,-48.612919,SPRF-SC,DEL01-SC,UOP01-DEL01-SC,2024
640565.0,2024-11-09,sábado,05:15:00,SC,282,597.7,CUNHA PORA,Ingestão de álcool pelo condutor,Saída de leito carroçável,Com Vítimas Feridas,Amanhecer,Crescente,Céu Claro,Simples,Reta,Não,2,0,0,2,0,0,2,1,-26.82646,-53.1458,SPRF-SC,DEL07-SC,UOP02-DEL07-SC,2024
640661.0,2024-11-09,sábado,17:00:00,SC,282,480.2,VARGEAO,Ingestão de álcool pelo condutor,Saída de leito carroçável,Com Vítimas Feridas,Pleno dia,Crescente,Sol,Simples,Rotatória,Não,1,0,1,0,0,0,1,1,-26.86869,-52.201077,SPRF-SC,DEL07-SC,UOP01-DEL07-SC,2024
640974.0,2024-11-10,domingo,18:15:00,SC,282,190.7,LAGES,Acessar a via sem observar a presença dos outros veículos,Colisão transversal,Sem Vítimas,Pleno dia,Decrescente,Céu Claro,Simples,Curva;Declive,Não,2,0,0,0,2,0,0,2,-27.736708,-50.036961,SPRF-SC,DEL05-SC,UOP01-DEL05-SC,2024
641010.0,2024-11-10,domingo,22:38:00,SC,282,407.0,CATANDUVAS,Ingestão de álcool pelo condutor,Saída de leito carroçável,Com Vítimas Feridas,Plena Noite,Decrescente,Céu Claro,Simples,Curva;Aclive,Não,5,0,4,0,1,0,4,1,-27.090205,-51.661332,SPRF-SC,DEL07-SC,UOP05-DEL07-SC,2024
641150.0,2024-11-11,segunda-feira,14:45:00,SC,282,284.6,SAO JOSE DO CERRITO,Acessar a via sem observar a presença dos outros veículos,Colisão transversal,Com Vítimas Feridas,Pleno dia,Crescente,Céu Claro,Simples,Reta,Não,3,0,2,1,0,0,3,2,-27.57535402,-50.80043533,SPRF-SC,DEL05-SC,UOP02-DEL05-SC,2024
641226.0,2024-11-11,segunda-feira,21:50:00,SC,282,291.0,VARGEM,Ausência de reação do condutor,Tombamento,Com Vítimas Feridas,Plena Noite,Decrescente,Céu Claro,Simples,Curva,Não,2,0,0,1,0,1,1,2,-27.550264,-50.847012,SPRF-SC,DEL05-SC,UOP02-DEL05-SC,2024
641332.0,2024-11-12,terça-feira,13:30:00,SC,282,580.0,PINHALZINHO,Conversão proibida,Colisão lateral mesmo sentido,Com Vítimas Feridas,Pleno dia,Decrescente,Céu Claro,Simples,Reta,Não,2,0,1,0,1,0,1,2,-26.832148,-52.994308,SPRF-SC,DEL07-SC,UOP02-DEL07-SC,2024
641576.0,2024-11-13,quarta-feira,15:15:00,SC,282,89.3,ALFREDO WAGNER,Reação tardia ou ineficiente do condutor,Saída de leito carroçável,Com Vítimas Feridas,Pleno dia,Decrescente,Céu Claro,Simples,Curva,Não,1,0,1,0,0,0,1,1,-27.677973,-49.215893,SPRF-SC,DEL01-SC,UOP03-DEL01-SC,2024
641690.0,2024-11-14,quinta-feira,09:00:00,SC,282,17.9,PALHOCA,Desrespeitar a preferência no cruzamento,Tombamento,Com Vítimas Feridas,Pleno dia,Decrescente,Céu Claro,Simples,Reta;Interseção de Vias,Não,2,0,1,0,1,0,1,2,-27.672798,-48.694286,SPRF-SC,DEL01-SC,UOP02-DEL01-SC,2024
641788.0,2024-11-14,quinta-feira,16:00:00,SC,282,216.0,LAGES,Condutor deixou de manter distância do veículo da frente,Colisão traseira,Sem Vítimas,Pleno dia,Decrescente,Céu Claro,Simples,Reta,Sim,6,0,0,0,6,0,0,3,-27.79606251,-50.28723478,SPRF-SC,DEL05-SC,UOP01-DEL05-SC,2024
641810.0,2024-11-14,quinta-feira,17:30:00,SC,282,576.0,PINHALZINHO,Pedestre - Ingestão de álcool/ substâncias psicoativas,Atropelamento de Pedestre,Com Vítimas Feridas,Pleno dia,Crescente,Céu Claro,Simples,Curva,Sim,2,0,2,0,0,0,2,2,-26.856054,-52.98011,SPRF-SC,DEL07-SC,UOP02-DEL07-SC,2024
641821.0,2024-11-14,quinta-feira,18:10:00,SC,282,6.0,FLORIANOPOLIS,Trafegar com motocicleta (ou similar) entre as faixas,Colisão lateral mesmo sentido,Com Vítimas Feridas,Anoitecer,Decrescente,Céu Claro,Dupla,Curva;Viaduto,Sim,2,0,1,0,1,0,1,2,-27.591936,-48.618244,SPRF-SC,DEL01-SC,UOP01-DEL01-SC,2024
641844.0,2024-11-14,quinta-feira,18:19:00,SC,282,420.0,VARGEM BONITA,Transitar na contramão,Colisão frontal,Sem Vítimas,Pleno dia,Decrescente,Céu Claro,Simples,Curva,Não,2,0,0,0,1,1,0,2,-27.015645,-51.736335,SPRF-SC,DEL07-SC,UOP05-DEL07-SC,2024
641851.0,2024-11-14,quinta-feira,11:30:00,SC,282,377.0,ERVAL VELHO,Reação tardia ou ineficiente do condutor,Tombamento,Com Vítimas Feridas,Pleno dia,Decrescente,Céu Claro,Simples,Aclive,Não,2,0,2,0,0,0,2,1,-27.216974,-51.470055,SPRF-SC,DEL07-SC,UOP05-DEL07-SC,2024
641862.0,2024-11-14,quinta-feira,19:05:00,SC,282,314.0,VARGEM,Acessar a via sem observar a presença dos outros veículos,Colisão transversal,Com Vítimas Feridas,Anoitecer,Decrescente,Céu Claro,Simples,Em Obras;Reta,Não,4,0,2,2,0,0,4,2,-27.450809,-50.994808,SPRF-SC,DEL07-SC,UOP06-DEL07-SC,2024
641902.0,2024-11-14,quinta-feira,23:45:00,SC,282,189.0,LAGES,Transitar na contramão,Colisão frontal,Com Vítimas Feridas,Plena Noite,Decrescente,Céu Claro,Simples,Reta,Não,8,0,3,1,4,0,4,4,-27.7374,-50.026859,SPRF-SC,DEL05-SC,UOP01-DEL05-SC,2024
642033.0,2024-11-15,sexta-feira,13:00:00,SC,282,106.0,ALFREDO WAGNER,Condutor Dormindo,Colisão frontal,Sem Vítimas,Pleno dia,Crescente,Nublado,Dupla,Aclive;Reta,Não,4,0,0,0,4,0,0,4,-27.697609,-49.344734,SPRF-SC,DEL01-SC,UOP03-DEL01-SC,2024
642080.0,2024-11-15,sexta-feira,16:20:00,SC,282,405.9,CATANDUVAS,Velocidade Incompatível,Colisão frontal,Com Vítimas Feridas,Pleno dia,Decrescente,Garoa/Chuvisco,Simples,Reta,Não,6,0,5,1,0,0,6,2,-27.098232,-51.651218,SPRF-SC,DEL07-SC,UOP05-DEL07-SC,2024
642218.0,2024-11-16,sábado,09:30:00,SC,282,6.0,SAO JOSE,Velocidade Incompatível,Saída de leito carroçável,Com Vítimas Feridas,Pleno dia,Crescente,Chuva,Dupla,Curva,Não,1,0,1,0,0,0,1,1,-27.58484473,-48.61648142,SPRF-SC,DEL01-SC,UOP01-DEL01-SC,2024
642233.0,2024-11-16,sábado,10:30:00,SC,282,57.0,RANCHO QUEIMADO,Reação tardia ou ineficiente do condutor,Saída de leito carroçável,Com Vítimas Feridas,Pleno dia,Decrescente,Garoa/Chuvisco,Simples,Curva,Não,3,0,2,0,1,0,2,1,-27.688864,-48.998455,SPRF-SC,DEL01-SC,UOP03-DEL01-SC,2024
642420.0,2024-11-17,domingo,06:15:00,SC,282,54.2,RANCHO QUEIMADO,Reação tardia ou ineficiente do condutor,Colisão frontal,Com Vítimas Feridas,Amanhecer,Crescente,Chuva,Simples,Reta,Não,5,0,5,0,0,0,5,2,-27.685799,-48.974514,SPRF-SC,DEL01-SC,UOP03-DEL01-SC,2024
642451.0,2024-11-17,domingo,04:00:00,SC,282,222.0,LAGES,Ingestão de álcool pelo condutor,Saída de leito carroçável,Sem Vítimas,Plena Noite,Crescente,Céu Claro,Simples,Curva,Não,1,0,0,0,0,1,0,1,-27.797739,-50.353409,SPRF-SC,DEL05-SC,UOP01-DEL05-SC,2024
642463.0,2024-11-17,domingo,11:00:00,SC,282,5.0,SAO JOSE,Reação tardia ou ineficiente do condutor,Tombamento,Com Vítimas Feridas,Pleno dia,Crescente,Céu Claro,Dupla,Curva,Sim,1,0,1,0,0,0,1,1,-27.588425,-48.612919,SPRF-SC,DEL01-SC,UOP01-DEL01-SC,2024
642484.0,2024-11-17,domingo,14:15:00,SC,282,17.0,PALHOCA,Acessar a via sem observar a presença dos outros veículos,Colisão transversal,Com Vítimas Feridas,Pleno dia,Decrescente,Céu Claro,Simples,Reta;Interseção de Vias,Sim,2,0,1,0,1,0,1,2,-27.665707,-48.688065,SPRF-SC,DEL01-SC,UOP02-DEL01-SC,2024
642501.0,2024-11-17,domingo,14:15:00,SC,282,208.5,LAGES,Mal súbito do condutor,Colisão lateral sentido oposto,Com Vítimas Fatais,Pleno dia,Crescente,Céu Claro,Simples,Aclive;Reta,Não,5,1,1,0,3,0,1,5,-27.7759779,-50.2161994,SPRF-SC,DEL05-SC,UOP01-DEL05-SC,2024
642544.0,2024-11-17,domingo,13:30:00,SC,282,137.0,BOM RETIRO,Velocidade Incompatível,Tombamento,Com Vítimas Feridas,Pleno dia,Decrescente,Céu Claro,Simples,Rotatória,Não,2,0,2,0,0,0,2,1,-27.8218,-49.567032,SPRF-SC,DEL05-SC,UOP01-DEL05-SC,2024
642674.0,2024-11-18,segunda-feira,08:15:00,SC,282,501.3,XANXERE,Desrespeitar a preferência no cruzamento,Colisão transversal,Com Vítimas Feridas,Pleno dia,Decrescente,Céu Claro,Dupla,Interseção de Vias;Rotatória,Sim,2,0,1,0,1,0,1,2,-26.882715,-52.381729,SPRF-SC,DEL07-SC,UOP01-DEL07-SC,2024
642680.0,2024-11-18,segunda-feira,09:10:00,SC,282,507.0,XANXERE,Manobra de mudança de faixa,Colisão lateral mesmo sentido,Com Vítimas Feridas,Pleno dia,Decrescente,Céu Claro,Dupla,Reta,Sim,2,0,1,0,1,0,1,2,-26.886171,-52.43911,SPRF-SC,DEL07-SC,UOP01-DEL07-SC,2024
642685.0,2024-11-18,segunda-feira,10:30:00,SC,282,3.3,FLORIANOPOLIS,Manobra de mudança de faixa,Colisão lateral mesmo sentido,Com Vítimas Feridas,Pleno dia,Decrescente,Céu Claro,Múltipla,Reta,Sim,2,0,0,1,1,0,1,2,-27.600384,-48.599705,SPRF-SC,DEL01-SC,UOP01-DEL01-SC,2024
642732.0,2024-11-18,segunda-feira,15:25:00,SC,282,22.6,SANTO AMARO DA IMPERATRIZ,Acessar a via sem observar a presença dos outros veículos,Colisão transversal,Com Vítimas Feridas,Pleno dia,Decrescente,Nublado,Simples,Interseção de Vias;Curva,Não,2,0,1,0,1,0,1,2,-27.688507,-48.72739,SPRF-SC,DEL01-SC,UOP02-DEL01-SC,2024
642830.0,2024-11-19,terça-feira,06:30:00,SC,282,521.0,XAXIM,Reação tardia ou ineficiente do condutor,Colisão com objeto,Com Vítimas Feridas,Pleno dia,Decrescente,Céu Claro,Simples,Rotatória,Não,1,0,0,1,0,0,1,1,-26.94956904,-52.52934694,SPRF-SC,DEL07-SC,UOP01-DEL07-SC,2024
642924.0,2024-11-19,terça-feira,16:40:00,SC,282,0.1,FLORIANOPOLIS,Ausência de reação do condutor,Colisão traseira,Com Vítimas Feridas,Pleno dia,Crescente,Nublado,Múltipla,Reta;Declive,Sim,2,0,1,0,1,0,1,2,-27.59845,-48.571995,SPRF-SC,DEL01-SC,UOP01-DEL01-SC,2024
642974.0,2024-11-19,terça-feira,19:25:00,SC,282,18.5,PALHOCA,Retorno proibido,Colisão transversal,Com Vítimas Feridas,Plena Noite,Decrescente,Garoa/Chuvisco,Simples,Reta,Não,2,0,0,1,1,0,1,2,-27.672798,-48.694286,SPRF-SC,DEL01-SC,UOP02-DEL01-SC,2024
643023.0,2024-11-20,quarta-feira,02:30:00,SC,282,72.0,RANCHO QUEIMADO,Velocidade Incompatível,Capotamento,Com Vítimas Feridas,Plena Noite,Decrescente,Chuva,Simples,Curva;Declive,Não,2,0,1,0,1,0,1,1,-27.683439,-49.105259,SPRF-SC,DEL01-SC,UOP03-DEL01-SC,2024
643028.0,2024-11-20,quarta-feira,03:00:00,SC,282,501.3,XANXERE,Ingestão de álcool pelo condutor,Saída de leito carroçável,Sem Vítimas,Plena Noite,Crescente,Céu Claro,Simples,Rotatória,Sim,1,0,0,0,1,0,0,1,-26.88220103,-52.38142848,SPRF-SC,DEL07-SC,UOP01-DEL07-SC,2024
643087.0,2024-11-20,quarta-feira,10:15:00,SC,282,374.0,JOACABA,Acumulo de água sobre o pavimento,Tombamento,Com Vítimas Feridas,Pleno dia,Decrescente,Chuva,Simples,Curva;Declive,Não,2,0,2,0,0,0,2,1,-27.15884,-51.575917,SPRF-SC,DEL07-SC,UOP05-DEL07-SC,2024
643244.0,2024-11-21,quinta-feira,09:30:00,SC,282,5.0,SAO JOSE,Pista Escorregadia,Tombamento,Com Vítimas Feridas,Pleno dia,Crescente,Chuva,Múltipla,Curva;Declive,Sim,1,0,1,0,0,0,1,1,-27.588425,-48.612919,SPRF-SC,DEL01-SC,UOP01-DEL01-SC,2024
643312.0,2024-11-21,quinta-feira,17:45:00,SC,282,5.0,FLORIANOPOLIS,Ausência de reação do condutor,Queda de ocupante de veículo,Com Vítimas Feridas,Pleno dia,Decrescente,Chuva,Dupla,Reta,Sim,2,0,2,0,0,0,2,1,-27.588425,-48.612919,SPRF-SC,DEL01-SC,UOP01-DEL01-SC,2024
643355.0,2024-11-21,quinta-feira,21:30:00,SC,282,16.0,PALHOCA,Conversão proibida,Colisão transversal,Com Vítimas Feridas,Plena Noite,Crescente,Nublado,Simples,Reta,Não,2,0,1,0,1,0,1,2,-27.658611,-48.681847,SPRF-SC,DEL01-SC,UOP02-DEL01-SC,2024
643415.0,2024-11-22,sexta-feira,07:20:00,SC,282,21.0,PALHOCA,Chuva,Queda de ocupante de veículo,Com Vítimas Feridas,Pleno dia,Crescente,Chuva,Simples,Reta,Não,1,0,1,0,0,0,1,1,-27.68907,-48.717541,SPRF-SC,DEL01-SC,UOP02-DEL01-SC,2024
643429.0,2024-11-22,sexta-feira,07:30:00,SC,282,1.1,FLORIANOPOLIS,Reação tardia ou ineficiente do condutor,Tombamento,Com Vítimas Feridas,Pleno dia,Decrescente,Chuva,Múltipla,Curva;Declive,Sim,1,0,1,0,0,0,1,1,-27.602955,-48.580509,SPRF-SC,DEL01-SC,UOP01-DEL01-SC,2024
643675.0,2024-11-03,domingo,07:00:00,SC,282,2.9,FLORIANOPOLIS,Reação tardia ou ineficiente do condutor,Saída de leito carroçável,Com Vítimas Feridas,Amanhecer,Crescente,Garoa/Chuvisco,Múltipla,Declive,Sim,1,0,1,0,0,0,1,1,-27.603289,-48.590416,SPRF-SC,DEL01-SC,UOP01-DEL01-SC,2024
643729.0,2024-11-23,sábado,09:00:00,SC,282,168.2,BOCAINA DO SUL,Ultrapassagem Indevida,Saída de leito carroçável,Com Vítimas Feridas,Pleno dia,Crescente,Nublado,Simples,Aclive;Curva,Não,1,0,1,0,0,0,1,1,-27.743206,-49.824162,SPRF-SC,DEL05-SC,UOP01-DEL05-SC,2024
643841.0,2024-11-23,sábado,19:07:00,SC,282,563.0,NOVA ERECHIM,Ausência de reação do condutor,Saída de leito carroçável,Com Vítimas Feridas,Plena Noite,Crescente,Nublado,Simples,Reta,Não,1,0,1,0,0,0,1,1,-26.902191,-52.868835,SPRF-SC,DEL07-SC,UOP02-DEL07-SC,2024
643887.0,2024-11-24,domingo,04:00:00,SC,282,87.3,ALFREDO WAGNER,Condutor Dormindo,Saída de leito carroçável,Com Vítimas Feridas,Plena Noite,Decrescente,Chuva,Simples,Aclive;Curva,Não,1,0,1,0,0,0,1,1,-27.664766,-49.20578,SPRF-SC,DEL01-SC,UOP03-DEL01-SC,2024
643898.0,2024-11-24,domingo,00:50:00,SC,282,216.5,LAGES,Reação tardia ou ineficiente do condutor,Colisão com objeto,Com Vítimas Feridas,Plena Noite,Crescente,Garoa/Chuvisco,Simples,Aclive;Reta,Sim,1,0,1,0,0,0,1,1,-27.79767594,-50.29396176,SPRF-SC,DEL05-SC,UOP01-DEL05-SC,2024
644090.0,2024-11-25,segunda-feira,03:53:00,SC,480,130.0,CHAPECO,Ingestão de álcool pelo condutor,Colisão com objeto,Com Vítimas Feridas,Plena Noite,Crescente,Nublado,Múltipla,Reta;Aclive,Sim,2,0,2,0,0,0,2,1,-27.04656607,-52.63577131,SPRF-SC,DEL07-SC,UOP01-DEL07-SC,2024
644105.0,2024-11-25,segunda-feira,07:28:00,SC,282,217.0,LAGES,Acessar a via sem observar a presença dos outros veículos,Queda de ocupante de veículo,Com Vítimas Feridas,Pleno dia,Crescente,Nublado,Simples,Reta,Sim,2,0,1,0,1,0,1,2,-27.797916,-50.302944,SPRF-SC,DEL05-SC,UOP01-DEL05-SC,2024
644107.0,2024-11-25,segunda-feira,07:30:00,SC,282,16.4,PALHOCA,Acessar a via sem observar a presença dos outros veículos,Tombamento,Com Vítimas Feridas,Pleno dia,Crescente,Céu Claro,Simples,Reta;Interseção de Vias,Sim,2,0,1,0,1,0,1,2,-27.658611,-48.681847,SPRF-SC,DEL01-SC,UOP02-DEL01-SC,2024
644245.0,2024-11-25,segunda-feira,17:10:00,SC,282,579.0,PINHALZINHO,Reação tardia ou ineficiente do condutor,Colisão frontal,Com Vítimas Feridas,Anoitecer,Crescente,Céu Claro,Simples,Curva,Não,3,0,0,1,2,0,1,3,-26.835443,-52.990578,SPRF-SC,DEL07-SC,UOP02-DEL07-SC,2024
644366.0,2024-11-14,quinta-feira,19:20:00,SC,282,6.0,SAO JOSE,Condutor deixou de manter distância do veículo da frente,Colisão lateral mesmo sentido,Com Vítimas Feridas,Plena Noite,Decrescente,Nublado,Dupla,Desvio Temporário;Curva,Sim,2,0,1,0,0,1,1,2,-27.591936,-48.618244,SPRF-SC,DEL01-SC,UOP01-DEL01-SC,2024
644438.0,2024-11-26,terça-feira,15:54:00,SC,480,129.9,CHAPECO,Ausência de sinalização,Colisão frontal,Com Vítimas Feridas,Pleno dia,Decrescente,Céu Claro,Múltipla,Interseção de Vias;Reta,Sim,2,0,0,1,1,0,1,2,-27.05485,-52.636696,SPRF-SC,DEL07-SC,UOP01-DEL07-SC,2024
644704.0,2024-11-27,quarta-feira,22:50:00,SC,282,528.0,CORDILHEIRA ALTA,Ausência de reação do condutor,Saída de leito carroçável,Sem Vítimas,Plena Noite,Crescente,Chuva,Simples,Curva,Não,1,0,0,0,0,1,0,1,-26.978798,-52.588566,SPRF-SC,DEL07-SC,UOP01-DEL07-SC,2024
644733.0,2024-11-28,quinta-feira,07:05:00,SC,282,2.0,FLORIANOPOLIS,Trafegar com motocicleta (ou similar) entre as faixas,Colisão traseira,Com Vítimas Feridas,Pleno dia,Crescente,Céu Claro,Múltipla,Reta,Não,2,0,1,0,1,0,1,2,-27.603289,-48.590416,SPRF-SC,DEL01-SC,UOP01-DEL01-SC,2024
644844.0,2024-11-28,quinta-feira,19:16:00,SC,282,1.0,FLORIANOPOLIS,Trafegar com motocicleta (ou similar) entre as faixas,Colisão lateral mesmo sentido,Com Vítimas Feridas,Plena Noite,Crescente,Nublado,Dupla,Reta,Sim,4,0,2,0,1,1,2,4,-27.602955,-48.580509,SPRF-SC,DEL01-SC,UOP01-DEL01-SC,2024
644866.0,2024-11-28,quinta-feira,17:30:00,SC,282,195.6,LAGES,Acesso irregular,Colisão lateral sentido oposto,Com Vítimas Feridas,Pleno dia,Crescente,Nublado,Simples,Reta;Declive,Não,2,0,1,1,0,0,2,2,-27.750381,-50.094074,SPRF-SC,DEL05-SC,UOP01-DEL05-SC,2024
645162.0,2024-11-30,sábado,08:00:00,SC,282,15.7,PALHOCA,Acesso irregular,Colisão transversal,Com Vítimas Feridas,Pleno dia,Crescente,Nublado,Simples,Reta,Não,2,0,0,1,1,0,1,2,-27.658611,-48.681847,SPRF-SC,DEL01-SC,UOP02-DEL01-SC,2024
645187.0,2024-11-30,sábado,09:35:00,SC,282,19.3,PALHOCA,Trafegar com motocicleta (ou similar) entre as faixas,Colisão lateral mesmo sentido,Com Vítimas Feridas,Pleno dia,Crescente,Céu Claro,Simples,Reta,Não,2,0,1,0,1,0,1,2,-27.678635,-48.70192,SPRF-SC,DEL01-SC,UOP02-DEL01-SC,2024
645250.0,2024-11-30,sábado,17:15:00,SC,282,5.5,SAO JOSE,Ausência de reação do condutor,Queda de ocupante de veículo,Com Vítimas Feridas,Pleno dia,Decrescente,Nublado,Dupla,Curva,Sim,1,0,0,1,0,0,1,1,-27.588425,-48.612919,SPRF-SC,DEL01-SC,UOP01-DEL01-SC,2024
645297.0,2024-11-30,sábado,20:00:00,SC,282,502.6,XANXERE,Pedestre andava na pista,Atropelamento de Pedestre,Com Vítimas Feridas,Plena Noite,Crescente,Céu Claro,Dupla,Retorno Regulamentado;Declive,Sim,2,0,0,1,1,0,1,2,-26.884584,-52.390911,SPRF-SC,DEL07-SC,UOP01-DEL07-SC,2024
645355.0,2024-12-01,domingo,00:55:00,SC,282,504.0,XANXERE,Reação tardia ou ineficiente do condutor,Colisão traseira,Com Vítimas Fatais,Plena Noite,Crescente,Céu Claro,Dupla,Reta;Aclive,Sim,4,1,0,0,0,3,0,3,-26.88303357,-52.40639448,SPRF-SC,DEL07-SC,UOP01-DEL07-SC,2024
645735.0,2024-12-02,segunda-feira,17:30:00,SC,282,2.0,FLORIANOPOLIS,Trafegar com motocicleta (ou similar) entre as faixas,Colisão traseira,Com Vítimas Feridas,Pleno dia,Crescente,Céu Claro,Múltipla,Reta,Sim,2,0,1,0,1,0,1,2,-27.603289,-48.590416,SPRF-SC,DEL01-SC,UOP01-DEL01-SC,2024
645829.0,2024-12-03,terça-feira,07:10:00,SC,282,4.0,SAO JOSE,Reação tardia ou ineficiente do condutor,Colisão traseira,Com Vítimas Feridas,Pleno dia,Decrescente,Nublado,Dupla,Reta;Viaduto,Sim,5,0,0,2,3,0,2,2,-27.592646,-48.604034,SPRF-SC,DEL01-SC,UOP01-DEL01-SC,2024
645965.0,2024-12-03,terça-feira,19:15:00,SC,282,75.0,RANCHO QUEIMADO,Reação tardia ou ineficiente do condutor,Tombamento,Com Vítimas Feridas,Plena Noite,Decrescente,Nublado,Simples,Reta,Não,1,0,1,0,0,0,1,1,-27.690931,-49.129143,SPRF-SC,DEL01-SC,UOP03-DEL01-SC,2024