id,data_inversa,dia_semana,horario,uf,br,km,municipio,causa_acidente,tipo_acidente,classificacao_acidente,fase_dia,sentido_via,condicao_metereologica,tipo_pista,tracado_via,uso_solo,pessoas,mortos,feridos_leves,feridos_graves,ilesos,ignorados,feridos,veiculos,latitude,longitude,regional,delegacia,uop,ano_arquivo
646056.0,2024-12-04,quarta-feira,07:20:00,SC,282,597.8,MARAVILHA,Ingestão de álcool pelo condutor,Colisão traseira,Sem Vítimas,Pleno dia,Decrescente,Sol,Simples,Reta,Não,2,0,0,0,1,1,0,2,-26.82922,-53.138004,SPRF-SC,DEL07-SC,UOP02-DEL07-SC,2024
646191.0,2024-12-04,quarta-feira,23:00:00,SC,282,217.0,LAGES,Desrespeitar a preferência no cruzamento,Colisão transversal,Com Vítimas Feridas,Plena Noite,Decrescente,Nublado,Simples,Interseção de Vias;Rotatória,Sim,3,0,2,0,1,0,2,2,-27.797916,-50.302944,SPRF-SC,DEL05-SC,UOP01-DEL05-SC,2024
646264.0,2024-12-05,quinta-feira,07:10:00,SC,282,118.0,BOM RETIRO,Acumulo de óleo sobre o pavimento,Colisão frontal,Com Vítimas Feridas,Amanhecer,Decrescente,Garoa/Chuvisco,Simples,Curva;Declive,Não,4,0,4,0,0,0,4,2,-27.776798,-49.411194,SPRF-SC,DEL05-SC,UOP01-DEL05-SC,2024
646309.0,2024-12-05,quinta-feira,15:30:00,SC,282,4.3,FLORIANOPOLIS,Reação tardia ou ineficiente do condutor,Colisão traseira,Com Vítimas Feridas,Pleno dia,Crescente,Céu Claro,Múltipla,Reta,Sim,2,0,0,1,1,0,1,2,-27.592646,-48.604034,SPRF-SC,DEL01-SC,UOP01-DEL01-SC,2024
646530.0,2024-12-06,sexta-feira,17:00:00,SC,282,47.7,AGUAS MORNAS,Ultrapassagem Indevida,Colisão frontal,Com Vítimas Feridas,Pleno dia,Decrescente,Céu Claro,Simples,Reta,Sim,2,0,0,1,1,0,1,2,-27.721771,-48.934837,SPRF-SC,DEL01-SC,UOP03-DEL01-SC,2024
646631.0,2024-12-06,sexta-feira,22:45:00,SC,282,3.0,FLORIANOPOLIS,Demais falhas mecânicas ou elétricas,Incêndio,Sem Vítimas,Plena Noite,Decrescente,Chuva,Múltipla,Reta,Sim,1,0,0,0,1,0,0,1,-27.600384,-48.599705,SPRF-SC,DEL01-SC,UOP01-DEL01-SC,2024
646635.0,2024-12-06,sexta-feira,20:30:00,SC,282,68.0,SAO MIGUEL DO OESTE,Ingestão de álcool pelo condutor,Colisão traseira,Com Vítimas Feridas,Plena Noite,Decrescente,Chuva,Dupla,Interseção de Vias,Sim,2,0,1,0,1,0,1,2,-26.74515049,-53.50105762,SPRF-SC,DEL01-SC,UOP03-DEL01-SC,2024
646686.0,2024-12-06,sexta-feira,01:55:00,SC,282,3.0,FLORIANOPOLIS,Pista Escorregadia,Saída de leito carroçável,Sem Vítimas,Plena Noite,Crescente,Chuva,Múltipla,Curva;Declive,Sim,1,0,0,0,1,0,0,1,-27.600384,-48.599705,SPRF-SC,DEL01-SC,UOP01-DEL01-SC,2024
646750.0,2024-12-07,sábado,09:30:00,SC,282,6.0,SAO JOSE,Acumulo de água sobre o pavimento,Tombamento,Com Vítimas Feridas,Pleno dia,Crescente,Chuva,Dupla,Curva,Não,1,0,1,0,0,0,1,1,-27.591936,-48.618244,SPRF-SC,DEL01-SC,UOP01-DEL01-SC,2024
646772.0,2024-12-07,sábado,11:20:00,SC,282,75.0,RANCHO QUEIMADO,Afundamento ou ondulação no pavimento,Saída de leito carroçável,Com Vítimas Feridas,Pleno dia,Decrescente,Chuva,Simples,Curva,Não,5,0,3,0,2,0,3,1,-27.690931,-49.129143,SPRF-SC,DEL01-SC,UOP03-DEL01-SC,2024
646787.0,2024-12-07,sábado,13:00:00,SC,282,68.4,RANCHO QUEIMADO,Reação tardia ou ineficiente do condutor,Saída de leito carroçável,Com Vítimas Feridas,Pleno dia,Crescente,Chuva,Simples,Curva;Declive,Não,2,0,2,0,0,0,2,1,-27.6934027,-49.08089519,SPRF-SC,DEL01-SC,UOP03-DEL01-SC,2024
646816.0,2024-12-07,sábado,13:00:00,SC,282,416.0,CATANDUVAS,Avarias e/ou desgaste excessivo no pneu,Colisão frontal,Com Vítimas Feridas,Pleno dia,Decrescente,Garoa/Chuvisco,Simples,Curva,Não,6,0,1,5,0,0,6,2,-27.037748,-51.718472,SPRF-SC,DEL07-SC,UOP05-DEL07-SC,2024
646862.0,2024-12-07,sábado,18:20:00,SC,282,580.0,PINHALZINHO,Ingestão de álcool pelo condutor,Saída de leito carroçável,Sem Vítimas,Pleno dia,Crescente,Chuva,Simples,Interseção de Vias,Sim,1,0,0,0,1,0,0,1,-26.83666996,-52.98783302,SPRF-SC,DEL07-SC,UOP02-DEL07-SC,2024
646885.0,2024-12-07,sábado,16:28:00,SC,282,75.0,RANCHO QUEIMADO,Demais falhas na via,Saída de leito carroçável,Com Vítimas Feridas,Pleno dia,Decrescente,Garoa/Chuvisco,Simples,Curva,Não,2,0,2,0,0,0,2,1,-27.690931,-49.129143,SPRF-SC,DEL01-SC,UOP03-DEL01-SC,2024
646934.0,2024-12-08,domingo,00:23:00,SC,282,1.0,FLORIANOPOLIS,Reação tardia ou ineficiente do condutor,Saída de leito carroçável,Sem Vítimas,Plena Noite,Crescente,Chuva,Múltipla,Reta,Sim,1,0,0,0,0,1,0,1,-27.602955,-48.580509,SPRF-SC,DEL01-SC,UOP01-DEL01-SC,2024
647052.0,2024-12-08,domingo,14:30:00,SC,282,446.0,PONTE SERRADA,Reação tardia ou ineficiente do condutor,Saída de leito carroçável,Com Vítimas Feridas,Pleno dia,Decrescente,Chuva,Simples,Curva;Aclive,Não,2,0,1,1,0,0,2,1,-26.91300091,-51.9051218,SPRF-SC,DEL07-SC,UOP04-DEL07-SC,2024
647063.0,2024-12-08,domingo,16:25:00,SC,282,21.3,PALHOCA,Condutor deixou de manter distância do veículo da frente,Colisão traseira,Com Vítimas Feridas,Pleno dia,Crescente,Nublado,Simples,Reta,Não,3,0,0,1,2,0,1,2,-27.68907,-48.717541,SPRF-SC,DEL01-SC,UOP02-DEL01-SC,2024
647106.0,2024-12-08,domingo,19:45:00,SC,282,393.0,JOACABA,Velocidade Incompatível,Colisão lateral sentido oposto,Com Vítimas Feridas,Plena Noite,Decrescente,Chuva,Simples,Desvio Temporário;Túnel;Interseção de Vias;Em Obras;Ponte;Declive;Retorno Regulamentado;Viaduto,Não,2,0,0,1,1,0,1,2,-27.160221,-51.573895,SPRF-SC,DEL07-SC,UOP05-DEL07-SC,2024
647157.0,2024-12-08,domingo,21:55:00,SC,282,523.0,XAXIM,Ingestão de álcool pelo condutor,Saída de leito carroçável,Com Vítimas Feridas,Plena Noite,Decrescente,Garoa/Chuvisco,Simples,Reta,Sim,5,0,3,2,0,0,5,1,-26.963129,-52.548851,SPRF-SC,DEL07-SC,UOP01-DEL07-SC,2024
647190.0,2024-12-09,segunda-feira,03:05:00,SC,282,559.3,NOVA ITABERABA,Ingestão de álcool pelo condutor,Saída de leito carroçável,Com Vítimas Feridas,Plena Noite,Crescente,Nublado,Simples,Curva,Não,2,0,1,1,0,0,2,1,-26.93232429,-52.84020424,SPRF-SC,DEL07-SC,UOP01-DEL07-SC,2024
647520.0,2024-12-10,terça-feira,15:00:00,SC,282,21.7,SANTO AMARO DA IMPERATRIZ,Acessar a via sem observar a presença dos outros veículos,Colisão transversal,Com Vítimas Feridas,Pleno dia,Decrescente,Nublado,Simples,Curva,Sim,2,0,0,1,1,0,1,2,-27.68907,-48.717541,SPRF-SC,DEL01-SC,UOP02-DEL01-SC,2024
647535.0,2024-12-10,terça-feira,17:15:00,SC,282,3.5,FLORIANOPOLIS,Reação tardia ou ineficiente do condutor,Colisão traseira,Com Vítimas Feridas,Pleno dia,Crescente,Chuva,Dupla,Reta,Sim,2,0,1,0,1,0,1,2,-27.59722225,-48.60080123,SPRF-SC,DEL01-SC,UOP01-DEL01-SC,2024
647644.0,2024-12-11,quarta-feira,07:15:00,SC,282,546.2,CHAPECO,Demais falhas mecânicas ou elétricas,Incêndio,Sem Vítimas,Pleno dia,Decrescente,Sol,Simples,Reta,Não,1,0,0,0,0,1,0,1,-26.979046,-52.736637,SPRF-SC,DEL07-SC,UOP01-DEL07-SC,2024
647645.0,2024-12-11,quarta-feira,07:05:00,SC,282,5.0,SAO JOSE,Manobra de mudança de faixa,Colisão lateral mesmo sentido,Com Vítimas Feridas,Pleno dia,Decrescente,Céu Claro,Múltipla,Reta,Sim,2,0,0,1,1,0,1,2,-27.592646,-48.604034,SPRF-SC,DEL01-SC,UOP01-DEL01-SC,2024
647923.0,2024-12-12,quinta-feira,13:30:00,SC,282,4.9,SAO JOSE,Condutor deixou de manter distância do veículo da frente,Colisão traseira,Com Vítimas Feridas,Pleno dia,Crescente,Sol,Múltipla,Reta,Sim,2,0,1,0,1,0,1,2,-27.592646,-48.604034,SPRF-SC,DEL01-SC,UOP01-DEL01-SC,2024
647999.0,2024-12-12,quinta-feira,09:15:00,SC,282,463.0,PONTE SERRADA,Desrespeitar a preferência no cruzamento,Colisão transversal,Com Vítimas Feridas,Pleno dia,Decrescente,Sol,Simples,Rotatória,Sim,3,0,1,0,2,0,1,2,-26.855036,-52.059551,SPRF-SC,DEL07-SC,UOP04-DEL07-SC,2024
648409.0,2024-12-14,sábado,12:00:00,SC,282,63.7,RANCHO QUEIMADO,Ausência de reação do condutor,Colisão traseira,Com Vítimas Feridas,Pleno dia,Crescente,Nublado,Simples,Reta;Aclive,Não,2,0,1,0,1,0,1,2,-27.69657841,-49.05010879,SPRF-SC,DEL01-SC,UOP03-DEL01-SC,2024
648435.0,2024-12-14,sábado,13:30:00,SC,282,490.8,FAXINAL DOS GUEDES,Reação tardia ou ineficiente do condutor,Saída de leito carroçável,Com Vítimas Feridas,Pleno dia,Decrescente,Céu Claro,Simples,Reta,Não,4,0,3,0,1,0,3,1,-26.87301113,-52.27940261,SPRF-SC,DEL07-SC,UOP01-DEL07-SC,2024
648504.0,2024-12-14,sábado,18:20:00,SC,282,423.0,VARGEM BONITA,Demais falhas mecânicas ou elétricas,Incêndio,Sem Vítimas,Pleno dia,Crescente,Nublado,Simples,Rotatória,Sim,1,0,0,0,0,1,0,1,-27.003728,-51.739777,SPRF-SC,DEL07-SC,UOP05-DEL07-SC,2024
648532.0,2024-12-14,sábado,19:15:00,SC,282,216.0,LAGES,Condutor deixou de manter distância do veículo da frente,Colisão traseira,Com Vítimas Feridas,Plena Noite,Crescente,Céu Claro,Simples,Reta,Sim,3,0,0,1,0,2,1,3,-27.797529,-50.291862,SPRF-SC,DEL05-SC,UOP01-DEL05-SC,2024
648577.0,2024-12-14,sábado,21:25:00,SC,480,129.0,CHAPECO,Ultrapassagem Indevida,Colisão lateral mesmo sentido,Sem Vítimas,Plena Noite,Crescente,Ignorado,Dupla,Curva;Declive,Sim,2,0,0,0,2,0,0,2,-27.04656607,-52.63577131,SPRF-SC,DEL07-SC,UOP01-DEL07-SC,2024
648736.0,2024-12-15,domingo,17:00:00,SC,282,25.0,SANTO AMARO DA IMPERATRIZ,Demais falhas mecânicas ou elétricas,Incêndio,Sem Vítimas,Anoitecer,Decrescente,Céu Claro,Simples,Curva,Sim,4,0,0,0,4,0,0,1,-27.678228,-48.752895,SPRF-SC,DEL01-SC,UOP03-DEL01-SC,2024
648777.0,2024-12-15,domingo,16:55:00,SC,282,68.0,RANCHO QUEIMADO,Ausência de reação do condutor,Saída de leito carroçável,Com Vítimas Feridas,Pleno dia,Decrescente,Céu Claro,Simples,Curva,Não,1,0,1,0,0,0,1,1,-27.692406,-49.075939,SPRF-SC,DEL01-SC,UOP03-DEL01-SC,2024
648858.0,2024-12-15,domingo,13:30:00,SC,282,35.0,AGUAS MORNAS,Transitar na contramão,Colisão frontal,Com Vítimas Feridas,Pleno dia,Crescente,Céu Claro,Simples,Curva,Não,3,0,1,0,1,1,1,2,-27.702084,-48.826664,SPRF-SC,DEL01-SC,UOP03-DEL01-SC,2024
648862.0,2024-12-16,segunda-feira,06:25:00,SC,282,578.0,PINHALZINHO,Avarias e/ou desgaste excessivo no pneu,Queda de ocupante de veículo,Com Vítimas Feridas,Pleno dia,Decrescente,Céu Claro,Simples,Rotatória,Sim,1,0,1,0,0,0,1,1,-26.838364,-52.985279,SPRF-SC,DEL07-SC,UOP02-DEL07-SC,2024
649049.0,2024-12-16,segunda-feira,23:00:00,SC,282,4.0,SAO JOSE,Pedestre cruzava a pista fora da faixa,Atropelamento de Pedestre,Com Vítimas Feridas,Plena Noite,Crescente,Céu Claro,Dupla,Reta,Sim,2,0,2,0,0,0,2,2,-27.592646,-48.604034,SPRF-SC,DEL01-SC,UOP01-DEL01-SC,2024
649076.0,2024-12-16,segunda-feira,16:45:00,SC,282,4.0,FLORIANOPOLIS,Demais falhas mecânicas ou elétricas,Incêndio,Sem Vítimas,Pleno dia,Crescente,Chuva,Múltipla,Curva,Sim,1,0,0,0,0,1,0,1,-27.592646,-48.604034,SPRF-SC,DEL01-SC,UOP01-DEL01-SC,2024
649082.0,2024-12-17,terça-feira,06:00:00,SC,282,495.0,XANXERE,Reação tardia ou ineficiente do condutor,Tombamento,Com Vítimas Feridas,Amanhecer,Decrescente,Nublado,Simples,Aclive;Curva,Não,1,0,1,0,0,0,1,1,-26.87246847,-52.31895447,SPRF-SC,DEL07-SC,UOP01-DEL07-SC,2024
649183.0,2024-12-08,domingo,20:20:00,SC,282,623.5,IRACEMINHA,Pista esburacada,Saída de leito carroçável,Com Vítimas Feridas,Plena Noite,Crescente,Garoa/Chuvisco,Simples,Reta,Não,3,0,1,0,2,0,1,1,-26.798798,-53.339088,SPRF-SC,DEL07-SC,UOP02-DEL07-SC,2024
649517.0,2024-12-06,sexta-feira,18:00:00,SC,282,221.0,LAGES,Desrespeitar a preferência no cruzamento,Colisão transversal,Com Vítimas Feridas,Pleno dia,Crescente,Céu Claro,Simples,Reta,Sim,2,0,0,1,1,0,1,2,-27.796358,-50.343426,SPRF-SC,DEL05-SC,UOP01-DEL05-SC,2024
649738.0,2024-12-20,sexta-feira,05:00:00,SC,282,5.6,SAO JOSE,Velocidade Incompatível,Saída de leito carroçável,Sem Vítimas,Pleno dia,Crescente,Céu Claro,Simples,Curva,Não,1,0,0,0,0,1,0,1,-27.588425,-48.612919,SPRF-SC,DEL01-SC,UOP01-DEL01-SC,2024
649743.0,2024-12-20,sexta-feira,03:00:00,SC,282,547.3,CHAPECO,Velocidade Incompatível,Colisão com objeto,Sem Vítimas,Plena Noite,Crescente,Céu Claro,Simples,Rotatória,Não,1,0,0,0,0,1,0,1,-26.973904,-52.745403,SPRF-SC,DEL07-SC,UOP01-DEL07-SC,2024
649789.0,2024-12-11,quarta-feira,20:15:00,SC,282,1.0,FLORIANOPOLIS,Trafegar com motocicleta (ou similar) entre as faixas,Colisão lateral mesmo sentido,Com Vítimas Feridas,Plena Noite,Crescente,Céu Claro,Múltipla,Aclive;Reta,Sim,2,0,1,0,1,0,1,2,-27.602955,-48.580509,SPRF-SC,DEL01-SC,UOP01-DEL01-SC,2024
649793.0,2024-12-20,sexta-feira,10:10:00,SC,282,3.5,FLORIANOPOLIS,Trafegar com motocicleta (ou similar) entre as faixas,Colisão lateral mesmo sentido,Com Vítimas Feridas,Pleno dia,Crescente,Sol,Múltipla,Reta,Sim,4,0,2,0,2,0,2,3,-27.600384,-48.599705,SPRF-SC,DEL01-SC,UOP01-DEL01-SC,2024
650024.0,2024-12-20,sexta-feira,23:10:00,SC,282,107.4,ALFREDO WAGNER,Ausência de reação do condutor,Atropelamento de Pedestre,Com Vítimas Fatais,Plena Noite,Crescente,Céu Claro,Simples,Reta,Não,3,1,0,1,0,1,1,3,-27.7070938,-49.3516228,SPRF-SC,DEL01-SC,UOP03-DEL01-SC,2024
650041.0,2024-12-21,sábado,03:00:00,SC,282,511.0,XANXERE,Reação tardia ou ineficiente do condutor,Saída de leito carroçável,Sem Vítimas,Plena Noite,Crescente,Céu Claro,Simples,Curva,Não,1,0,0,0,0,1,0,1,-26.90411296,-52.46291399,SPRF-SC,DEL07-SC,UOP01-DEL07-SC,2024
650051.0,2024-12-21,sábado,04:57:00,SC,282,506.4,XANXERE,Ingestão de álcool pelo condutor,Colisão com objeto,Sem Vítimas,Amanhecer,Crescente,Céu Claro,Dupla,Reta,Não,1,0,0,0,1,0,0,1,-26.885712,-52.42907,SPRF-SC,DEL07-SC,UOP01-DEL07-SC,2024
650058.0,2024-12-21,sábado,03:00:00,SC,282,565.0,NOVA ERECHIM,Reação tardia ou ineficiente do condutor,Saída de leito carroçável,Sem Vítimas,Plena Noite,Crescente,Céu Claro,Simples,Curva,Não,1,0,0,0,0,1,0,1,-26.900272,-52.888309,SPRF-SC,DEL07-SC,UOP02-DEL07-SC,2024
650060.0,2024-12-20,sexta-feira,00:50:00,SC,282,460.2,PONTE SERRADA,Ausência de reação do condutor,Saída de leito carroçável,Com Vítimas Feridas,Plena Noite,Crescente,Céu Claro,Simples,Reta,Sim,1,0,1,0,0,0,1,1,-26.856062,-52.03215,SPRF-SC,DEL07-SC,UOP04-DEL07-SC,2024
650134.0,2024-12-21,sábado,04:15:00,SC,282,225.4,LAGES,Ingestão de álcool pelo condutor,Saída de leito carroçável,Sem Vítimas,Plena Noite,Decrescente,Céu Claro,Simples,Reta,Não,1,0,0,0,0,1,0,1,-27.794176,-50.379559,SPRF-SC,DEL05-SC,UOP02-DEL05-SC,2024
650142.0,2024-12-21,sábado,10:30:00,SC,282,15.5,PALHOCA,Reação tardia ou ineficiente do condutor,Colisão transversal,Com Vítimas Feridas,Pleno dia,Decrescente,Céu Claro,Simples,Interseção de Vias;Reta,Sim,3,0,1,1,1,0,2,2,-27.651848,-48.676048,SPRF-SC,DEL01-SC,UOP02-DEL01-SC,2024
650153.0,2024-12-21,sábado,07:05:00,SC,282,348.0,CAMPOS NOVOS,Ingestão de álcool pelo condutor,Colisão frontal,Com Vítimas Feridas,Pleno dia,Decrescente,Céu Claro,Simples,Aclive;Reta,Não,2,0,1,1,0,0,2,2,-27.361637,-51.273197,SPRF-SC,DEL07-SC,UOP06-DEL07-SC,2024
650159.0,2024-12-21,sábado,08:40:00,SC,282,348.0,CAMPOS NOVOS,Condutor deixou de manter distância do veículo da frente,Colisão traseira,Com Vítimas Feridas,Pleno dia,Crescente,Céu Claro,Simples,Reta;Declive,Não,3,0,2,0,1,0,2,2,-27.361637,-51.273197,SPRF-SC,DEL07-SC,UOP06-DEL07-SC,2024
650199.0,2024-12-21,sábado,13:40:00,SC,282,1.1,FLORIANOPOLIS,Reação tardia ou ineficiente do condutor,Colisão lateral mesmo sentido,Com Vítimas Feridas,Pleno dia,Decrescente,Céu Claro,Múltipla,Curva,Sim,3,0,2,0,1,0,2,2,-27.602955,-48.580509,SPRF-SC,DEL01-SC,UOP01-DEL01-SC,2024
650330.0,2024-12-21,sábado,18:00:00,SC,480,130.0,CHAPECO,Velocidade Incompatível,Saída de leito carroçável,Com Vítimas Feridas,Anoitecer,Crescente,Céu Claro,Simples,Curva,Sim,1,0,1,0,0,0,1,1,-27.05534298,-52.63652069,SPRF-SC,DEL07-SC,UOP01-DEL07-SC,2024
650357.0,2024-12-21,sábado,23:29:00,SC,282,58.0,RANCHO QUEIMADO,Ingestão de álcool pelo condutor,Colisão com objeto,Sem Vítimas,Plena Noite,Decrescente,Chuva,Simples,Declive;Curva;Ponte,Não,3,0,0,0,3,0,0,1,-27.683594,-49.005539,SPRF-SC,DEL01-SC,UOP03-DEL01-SC,2024
650378.0,2024-12-22,domingo,01:58:00,SC,282,207.2,LAGES,Ingestão de álcool pelo condutor,Colisão traseira,Sem Vítimas,Plena Noite,Decrescente,Garoa/Chuvisco,Simples,Reta;Rotatória,Sim,2,0,0,0,2,0,0,2,-27.77390856,-50.20370007,SPRF-SC,DEL05-SC,UOP01-DEL05-SC,2024
650465.0,2024-12-22,domingo,10:00:00,SC,282,325.1,CAMPOS NOVOS,Problema na suspensão,Colisão com objeto,Com Vítimas Feridas,Pleno dia,Decrescente,Chuva,Simples,Reta;Ponte,Não,2,0,1,0,1,0,1,1,-27.380039,-51.061966,SPRF-SC,DEL07-SC,UOP06-DEL07-SC,2024
650471.0,2024-12-22,domingo,07:05:00,SC,282,634.0,DESCANSO,Manobra de mudança de faixa,Colisão lateral mesmo sentido,Com Vítimas Feridas,Pleno dia,Crescente,Céu Claro,Simples,Reta;Aclive,Não,4,0,1,0,3,0,1,2,-26.825808,-53.420979,SPRF-SC,DEL07-SC,UOP03-DEL07-SC,2024
650479.0,2024-12-22,domingo,10:50:00,SC,282,64.0,RANCHO QUEIMADO,Velocidade Incompatível,Saída de leito carroçável,Com Vítimas Feridas,Pleno dia,Decrescente,Chuva,Simples,Curva,Não,5,0,4,0,1,0,4,1,-27.696323,-49.052456,SPRF-SC,DEL01-SC,UOP03-DEL01-SC,2024
650501.0,2024-12-22,domingo,11:50:00,SC,282,400.0,JOACABA,Reação tardia ou ineficiente do condutor,Saída de leito carroçável,Com Vítimas Feridas,Pleno dia,Decrescente,Céu Claro,Simples,Declive;Curva,Não,2,0,1,0,1,0,1,1,-27.139378,-51.621956,SPRF-SC,DEL07-SC,UOP05-DEL07-SC,2024
650545.0,2024-12-22,domingo,16:20:00,SC,282,6.0,SAO JOSE,Velocidade Incompatível,Colisão lateral mesmo sentido,Com Vítimas Feridas,Pleno dia,Crescente,Chuva,Múltipla,Curva;Declive,Não,2,0,1,0,1,0,1,2,-27.591936,-48.618244,SPRF-SC,DEL01-SC,UOP01-DEL01-SC,2024
650564.0,2024-12-22,domingo,16:40:00,SC,282,506.0,XANXERE,Velocidade Incompatível,Tombamento,Com Vítimas Feridas,Pleno dia,Crescente,Sol,Dupla,Curva,Sim,2,0,2,0,0,0,2,1,-26.885712,-52.42907,SPRF-SC,DEL07-SC,UOP01-DEL07-SC,2024
650643.0,2024-12-22,domingo,16:10:00,SC,282,40.8,AGUAS MORNAS,Acessar a via sem observar a presença dos outros veículos,Colisão transversal,Com Vítimas Feridas,Pleno dia,Decrescente,Nublado,Simples,Reta,Não,2,0,1,0,1,0,1,2,-27.716148,-48.869583,SPRF-SC,DEL01-SC,UOP03-DEL01-SC,2024
650668.0,2024-12-22,domingo,22:50:00,SC,282,258.0,SAO JOSE DO CERRITO,Chuva,Saída de leito carroçável,Sem Vítimas,Plena Noite,Decrescente,Chuva,Simples,Curva,Não,1,0,0,0,1,0,0,1,-27.65627675,-50.59655786,SPRF-SC,DEL05-SC,UOP02-DEL05-SC,2024
650848.0,2024-12-23,segunda-feira,18:40:00,SC,282,2.4,FLORIANOPOLIS,Manobra de mudança de faixa,Colisão lateral mesmo sentido,Com Vítimas Feridas,Anoitecer,Decrescente,Céu Claro,Múltipla,Reta,Sim,4,0,3,0,1,0,3,3,-27.603289,-48.590416,SPRF-SC,DEL01-SC,UOP01-DEL01-SC,2024
651001.0,2024-12-24,terça-feira,10:40:00,SC,282,482.9,FAXINAL DOS GUEDES,Reação tardia ou ineficiente do condutor,Capotamento,Com Vítimas Feridas,Pleno dia,Decrescente,Sol,Simples,Reta,Não,1,0,1,0,0,0,1,1,-26.863995,-52.218864,SPRF-SC,DEL07-SC,UOP01-DEL07-SC,2024
651150.0,2024-12-25,quarta-feira,06:00:00,SC,282,5.5,SAO JOSE,Reação tardia ou ineficiente do condutor,Colisão com objeto,Sem Vítimas,Amanhecer,Crescente,Céu Claro,Dupla,Curva,Sim,1,0,0,0,0,1,0,1,-27.588425,-48.612919,SPRF-SC,DEL01-SC,UOP01-DEL01-SC,2024
651200.0,2024-12-25,quarta-feira,04:00:00,SC,282,362.0,ERVAL VELHO,Ingestão de álcool pelo condutor,Saída de leito carroçável,Sem Vítimas,Plena Noite,Decrescente,Céu Claro,Simples,Reta;Declive,Não,1,0,0,0,1,0,0,1,-27.304995,-51.38102,SPRF-SC,DEL07-SC,UOP05-DEL07-SC,2024
651210.0,2024-12-25,quarta-feira,10:25:00,SC,282,84.0,ALFREDO WAGNER,Ingestão de álcool pelo condutor,Saída de leito carroçável,Sem Vítimas,Pleno dia,Crescente,Nublado,Simples,Curva,Não,1,0,0,0,0,1,0,1,-27.666992,-49.183552,SPRF-SC,DEL01-SC,UOP03-DEL01-SC,2024
651270.0,2024-12-25,quarta-feira,18:30:00,SC,282,606.0,MARAVILHA,Ingestão de álcool pelo condutor,Colisão transversal,Com Vítimas Feridas,Pleno dia,Crescente,Céu Claro,Simples,Reta,Sim,3,0,3,0,0,0,3,2,-26.778643,-53.198692,SPRF-SC,DEL07-SC,UOP02-DEL07-SC,2024
651314.0,2024-12-25,quarta-feira,18:00:00,SC,282,556.5,NOVA ITABERABA,Transitar na contramão,Colisão lateral sentido oposto,Com Vítimas Fatais,Pleno dia,Decrescente,Céu Claro,Simples,Curva,Não,14,3,0,3,8,0,3,4,-26.9314542,-52.8163773,SPRF-SC,DEL07-SC,UOP01-DEL07-SC,2024
651414.0,2024-12-26,quinta-feira,12:10:00,SC,282,496.7,XANXERE,Ausência de reação do condutor,Colisão traseira,Sem Vítimas,Pleno dia,Crescente,Sol,Simples,Reta,Não,2,0,0,0,2,0,0,2,-26.87842103,-52.33513355,SPRF-SC,DEL07-SC,UOP01-DEL07-SC,2024
651594.0,2024-12-27,sexta-feira,06:30:00,SC,282,0.5,FLORIANOPOLIS,Reação tardia ou ineficiente do condutor,Tombamento,Com Vítimas Feridas,Pleno dia,Decrescente,Céu Claro,Múltipla,Reta,Não,3,0,2,0,1,0,2,1,-27.59845,-48.571995,SPRF-SC,DEL01-SC,UOP01-DEL01-SC,2024
651627.0,2024-12-27,sexta-feira,13:00:00,SC,282,49.1,AGUAS MORNAS,Demais falhas mecânicas ou elétricas,Incêndio,Sem Vítimas,Pleno dia,Crescente,Céu Claro,Simples,Aclive;Reta,Não,1,0,0,0,1,0,0,1,-27.712931,-48.943741,SPRF-SC,DEL01-SC,UOP03-DEL01-SC,2024
651781.0,2024-12-27,sexta-feira,12:30:00,SC,282,5.0,SAO JOSE,Ausência de reação do condutor,Queda de ocupante de veículo,Com Vítimas Feridas,Pleno dia,Crescente,Céu Claro,Múltipla,Reta,Sim,1,0,0,1,0,0,1,1,-27.588425,-48.612919,SPRF-SC,DEL01-SC,UOP01-DEL01-SC,2024
651786.0,2024-12-28,sábado,02:10:00,SC,282,456.7,PONTE SERRADA,Condutor deixou de manter distância do veículo da frente,Colisão traseira,Com Vítimas Feridas,Plena Noite,Crescente,Céu Claro,Simples,Reta,Não,4,0,4,0,0,0,4,2,-26.885752,-52.004669,SPRF-SC,DEL07-SC,UOP04-DEL07-SC,2024
651809.0,2024-12-28,sábado,07:40:00,SC,282,3.0,SAO JOSE,Manobra de mudança de faixa,Colisão traseira,Com Vítimas Feridas,Pleno dia,Decrescente,Céu Claro,Dupla,Reta,Sim,3,0,2,0,0,1,2,2,-27.600384,-48.599705,SPRF-SC,DEL01-SC,UOP01-DEL01-SC,2024
651819.0,2024-12-28,sábado,08:10:00,SC,282,5.4,SAO JOSE,Trafegar com motocicleta (ou similar) entre as faixas,Colisão lateral mesmo sentido,Com Vítimas Feridas,Pleno dia,Decrescente,Céu Claro,Múltipla,Reta,Sim,3,0,1,0,2,0,1,3,-27.588425,-48.612919,SPRF-SC,DEL01-SC,UOP01-DEL01-SC,2024
651822.0,2024-12-28,sábado,08:00:00,SC,282,29.4,SANTO AMARO DA IMPERATRIZ,Reação tardia ou ineficiente do condutor,Saída de leito carroçável,Com Vítimas Feridas,Pleno dia,Crescente,Céu Claro,Simples,Curva,Não,2,0,2,0,0,0,2,1,-27.679737,-48.786785,SPRF-SC,DEL01-SC,UOP03-DEL01-SC,2024