id,data_inversa,dia_semana,horario,uf,br,km,municipio,causa_acidente,tipo_acidente,classificacao_acidente,fase_dia,sentido_via,condicao_metereologica,tipo_pista,tracado_via,uso_solo,pessoas,mortos,feridos_leves,feridos_graves,ilesos,ignorados,feridos,veiculos,latitude,longitude,regional,delegacia,uop,ano_arquivo
651873.0,2024-12-28,sábado,05:50:00,SC,282,386.0,JOACABA,Ausência de reação do condutor,Saída de leito carroçável,Com Vítimas Feridas,Amanhecer,Decrescente,Céu Claro,Simples,Curva;Declive,Não,1,0,0,1,0,0,1,1,-27.193295,-51.516892,SPRF-SC,DEL07-SC,UOP05-DEL07-SC,2024
651886.0,2024-12-28,sábado,12:00:00,SC,282,601.2,MARAVILHA,Velocidade Incompatível,Saída de leito carroçável,Com Vítimas Fatais,Pleno dia,Crescente,Céu Claro,Simples,Curva;Declive,Não,4,1,0,3,0,0,3,1,-26.8074408,-53.1725239,SPRF-SC,DEL07-SC,UOP02-DEL07-SC,2024
651909.0,2024-12-28,sábado,14:10:00,SC,282,545.1,CHAPECO,Acessar a via sem observar a presença dos outros veículos,Colisão transversal,Com Vítimas Feridas,Pleno dia,Decrescente,Sol,Simples,Curva,Não,2,0,1,0,1,0,1,2,-26.98785,-52.733677,SPRF-SC,DEL07-SC,UOP01-DEL07-SC,2024
651972.0,2024-12-28,sábado,20:40:00,SC,282,115.6,ALFREDO WAGNER,Transitar na contramão,Colisão frontal,Com Vítimas Feridas,Plena Noite,Decrescente,Nublado,Simples,Curva,Não,2,0,1,0,0,1,1,2,-27.755424,-49.39444,SPRF-SC,DEL01-SC,UOP03-DEL01-SC,2024
652003.0,2024-12-29,domingo,06:30:00,SC,282,531.8,CORDILHEIRA ALTA,Transitar na contramão,Colisão frontal,Com Vítimas Fatais,Pleno dia,Decrescente,Céu Claro,Simples,Curva;Aclive,Sim,5,1,3,1,0,0,4,2,-26.99675465,-52.6135397,SPRF-SC,DEL07-SC,UOP01-DEL07-SC,2024
652066.0,2024-12-29,domingo,16:40:00,SC,282,32.6,SANTO AMARO DA IMPERATRIZ,Velocidade Incompatível,Colisão transversal,Com Vítimas Feridas,Pleno dia,Decrescente,Chuva,Simples,Interseção de Vias,Sim,2,0,1,0,1,0,1,2,-27.706587,-48.808144,SPRF-SC,DEL01-SC,UOP03-DEL01-SC,2024
652089.0,2024-12-29,domingo,17:10:00,SC,282,535.2,CHAPECO,Desrespeitar a preferência no cruzamento,Colisão transversal,Sem Vítimas,Pleno dia,Crescente,Céu Claro,Simples,Rotatória,Não,5,0,0,0,5,0,0,1,-26.998245,-52.643768,SPRF-SC,DEL07-SC,UOP01-DEL07-SC,2024
652096.0,2024-12-29,domingo,20:20:00,SC,282,62.0,RANCHO QUEIMADO,Ausência de reação do condutor,Engavetamento,Com Vítimas Feridas,Plena Noite,Decrescente,Chuva,Simples,Curva,Não,5,0,2,0,3,0,2,3,-27.688046,-49.037033,SPRF-SC,DEL01-SC,UOP03-DEL01-SC,2024
652220.0,2024-12-30,segunda-feira,12:30:00,SC,282,88.0,ALFREDO WAGNER,Condutor Dormindo,Saída de leito carroçável,Com Vítimas Feridas,Pleno dia,Decrescente,Nublado,Simples,Reta,Não,2,0,1,0,1,0,1,1,-27.67198,-49.208591,SPRF-SC,DEL01-SC,UOP03-DEL01-SC,2024
652306.0,2024-12-31,terça-feira,00:20:00,SC,282,3.5,FLORIANOPOLIS,Ausência de reação do condutor,Colisão com objeto,Com Vítimas Fatais,Plena Noite,Crescente,Nublado,Múltipla,Reta,Sim,2,1,0,0,0,1,0,2,-27.5972276,-48.6006726,SPRF-SC,DEL01-SC,UOP01-DEL01-SC,2024
652329.0,2024-12-31,terça-feira,07:10:00,SC,282,5.5,SAO JOSE,Pista Escorregadia,Tombamento,Com Vítimas Feridas,Pleno dia,Decrescente,Nublado,Múltipla,Curva,Sim,1,0,1,0,0,0,1,1,-27.58654019,-48.61673355,SPRF-SC,DEL01-SC,UOP01-DEL01-SC,2024
652331.0,2024-12-31,terça-feira,07:20:00,SC,282,5.0,SAO JOSE,Reação tardia ou ineficiente do condutor,Colisão traseira,Com Vítimas Feridas,Pleno dia,Crescente,Céu Claro,Múltipla,Reta,Sim,2,0,0,1,1,0,1,2,-27.588425,-48.612919,SPRF-SC,DEL01-SC,UOP01-DEL01-SC,2024
652333.0,2024-12-31,terça-feira,06:00:00,SC,282,564.0,NOVA ERECHIM,Condutor Dormindo,Saída de leito carroçável,Com Vítimas Feridas,Pleno dia,Decrescente,Céu Claro,Simples,Rotatória,Sim,1,0,0,1,0,0,1,1,-26.898739,-52.877975,SPRF-SC,DEL07-SC,UOP02-DEL07-SC,2024
652363.0,2024-12-31,terça-feira,06:30:00,SC,282,51.9,AGUAS MORNAS,Transitar na contramão,Colisão frontal,Com Vítimas Feridas,Pleno dia,Crescente,Chuva,Simples,Curva;Declive,Não,11,0,2,3,6,0,5,3,-27.69607635,-48.96462411,SPRF-SC,DEL01-SC,UOP03-DEL01-SC,2024
652392.0,2024-12-31,terça-feira,12:45:00,SC,282,216.0,LAGES,Acessar a via sem observar a presença dos outros veículos,Colisão lateral mesmo sentido,Com Vítimas Feridas,Pleno dia,Crescente,Céu Claro,Simples,Rotatória,Não,2,0,1,0,1,0,1,2,-27.797529,-50.291862,SPRF-SC,DEL05-SC,UOP01-DEL05-SC,2024
652430.0,2024-12-31,terça-feira,07:50:00,SC,282,72.0,RANCHO QUEIMADO,Mal súbito do condutor,Saída de leito carroçável,Com Vítimas Feridas,Pleno dia,Decrescente,Céu Claro,Simples,Curva,Não,2,0,1,0,1,0,1,1,-27.683439,-49.105259,SPRF-SC,DEL01-SC,UOP03-DEL01-SC,2024
652794.0,2024-12-13,sexta-feira,18:20:00,SC,282,174.0,BOCAINA DO SUL,Condutor deixou de manter distância do veículo da frente,Colisão traseira,Com Vítimas Feridas,Anoitecer,Crescente,Céu Claro,Simples,Aclive;Reta,Não,6,0,2,0,4,0,2,2,-27.742559,-49.882248,SPRF-SC,DEL05-SC,UOP01-DEL05-SC,2024
652898.0,2024-12-31,terça-feira,06:15:00,SC,282,137.3,BOM RETIRO,Velocidade Incompatível,Saída de leito carroçável,Com Vítimas Feridas,Amanhecer,Decrescente,Nublado,Simples,Rotatória,Não,4,0,0,2,2,0,2,1,-27.8228709,-49.5696044,SPRF-SC,DEL05-SC,UOP01-DEL05-SC,2024
653794.0,2024-12-07,sábado,17:00:00,SC,282,597.0,CUNHA PORA,Chuva,Capotamento,Com Vítimas Feridas,Pleno dia,Decrescente,Chuva,Simples,Reta,Não,3,0,3,0,0,0,3,1,-26.82922,-53.138004,SPRF-SC,DEL07-SC,UOP02-DEL07-SC,2024
654200.0,2024-11-16,sábado,18:30:00,SC,282,436.0,IRANI,Reação tardia ou ineficiente do condutor,Queda de ocupante de veículo,Com Vítimas Feridas,Anoitecer,Decrescente,Céu Claro,Simples,Reta,Não,1,0,1,0,0,0,1,1,-26.970835,-51.851101,SPRF-SC,DEL07-SC,UOP04-DEL07-SC,2024
657079.0,2024-12-17,terça-feira,10:00:00,SC,282,280.6,SAO JOSE DO CERRITO,Acessar a via sem observar a presença dos outros veículos,Saída de leito carroçável,Com Vítimas Feridas,Pleno dia,Crescente,Céu Claro,Simples,Curva,Não,2,0,0,2,0,0,2,2,-27.581127,-50.775044,SPRF-SC,DEL05-SC,UOP02-DEL05-SC,2024
657089.0,2024-12-20,sexta-feira,23:30:00,SC,282,408.8,CATANDUVAS,Transitar na contramão,Colisão frontal,Com Vítimas Fatais,Plena Noite,Crescente,Céu Claro,Simples,Aclive;Curva,Não,8,3,0,2,2,1,2,4,-27.074812,-51.663269,SPRF-SC,DEL07-SC,UOP05-DEL07-SC,2024
659840.0,2024-09-23,segunda-feira,07:05:00,SC,282,195.2,LAGES,Manobra de mudança de faixa,Colisão com objeto,Com Vítimas Feridas,Pleno dia,Decrescente,Céu Claro,Simples,Ponte;Reta;Declive,Não,4,0,2,0,2,0,2,1,-27.746756,-50.084789,SPRF-SC,DEL05-SC,UOP01-DEL05-SC,2024
652862.0,2025-01-03,sexta-feira,00:10:00,SC,282,489.4,FAXINAL DOS GUEDES,Ultrapassagem Indevida,Colisão frontal,Com Vítimas Feridas,Plena Noite,Decrescente,Céu Claro,Simples,Reta,Não,8,0,7,0,1,0,7,3,-26.870375,-52.274731,SPRF-SC,DEL07-SC,UOP01-DEL07-SC,2025
653492.0,2025-01-06,segunda-feira,09:15:00,SC,282,339.8,CAMPOS NOVOS,Desrespeitar a preferência no cruzamento,Colisão transversal,Com Vítimas Feridas,Pleno dia,Decrescente,Sol,Simples,Interseção de Vias,Não,5,0,2,0,2,1,2,3,-27.387402,-51.232861,SPRF-SC,DEL07-SC,UOP06-DEL07-SC,2025
653712.0,2025-01-07,terça-feira,15:50:00,SC,282,3.2,FLORIANOPOLIS,Conversão proibida,Colisão lateral mesmo sentido,Com Vítimas Feridas,Pleno dia,Crescente,Nublado,Múltipla,Reta,Sim,2,0,0,1,1,0,1,2,-27.600384,-48.599705,SPRF-SC,DEL01-SC,UOP01-DEL01-SC,2025
654402.0,2025-01-11,sábado,09:20:00,SC,282,19.2,PALHOCA,Reação tardia ou ineficiente do condutor,Colisão traseira,Com Vítimas Feridas,Pleno dia,Crescente,Chuva,Simples,Reta,Não,3,0,2,0,1,0,2,2,-27.678635,-48.70192,SPRF-SC,DEL01-SC,UOP02-DEL01-SC,2025
655406.0,2025-01-16,quinta-feira,10:45:00,SC,282,16.5,PALHOCA,Reação tardia ou ineficiente do condutor,Colisão traseira,Com Vítimas Feridas,Pleno dia,Crescente,Chuva,Simples,Reta,Sim,2,0,1,0,1,0,1,2,-27.658611,-48.681847,SPRF-SC,DEL01-SC,UOP02-DEL01-SC,2025
655443.0,2025-01-16,quinta-feira,11:30:00,SC,282,375.1,HERVAL DOESTE,Reação tardia ou ineficiente do condutor,Colisão lateral sentido oposto,Com Vítimas Feridas,Pleno dia,Crescente,Céu Claro,Simples,Curva,Não,5,0,3,0,2,0,3,2,-27.234051,-51.452725,SPRF-SC,DEL07-SC,UOP05-DEL07-SC,2025
655909.0,2025-01-18,sábado,17:20:00,SC,282,452.5,PONTE SERRADA,Manobra de mudança de faixa,Colisão lateral mesmo sentido,Com Vítimas Feridas,Pleno dia,Crescente,Sol,Simples,Aclive;Reta,Não,2,0,1,0,1,0,1,2,-26.90612,-51.970417,SPRF-SC,DEL07-SC,UOP04-DEL07-SC,2025
656356.0,2025-01-20,segunda-feira,20:05:00,SC,282,56.0,RANCHO QUEIMADO,Transitar na contramão,Colisão frontal,Com Vítimas Feridas,Plena Noite,Decrescente,Garoa/Chuvisco,Simples,Curva,Não,8,0,0,1,6,1,1,4,-27.691633,-48.991375,SPRF-SC,DEL01-SC,UOP03-DEL01-SC,2025
656387.0,2025-01-21,terça-feira,01:30:00,SC,282,46.0,AGUAS MORNAS,Condutor Dormindo,Colisão frontal,Com Vítimas Feridas,Plena Noite,Crescente,Nublado,Simples,Curva;Declive,Não,4,0,0,3,1,0,3,2,-27.721041,-48.925152,SPRF-SC,DEL01-SC,UOP03-DEL01-SC,2025
656521.0,2025-01-21,terça-feira,17:00:00,SC,282,236.5,LAGES,Reação tardia ou ineficiente do condutor,Colisão lateral sentido oposto,Sem Vítimas,Pleno dia,Crescente,Céu Claro,Simples,Reta,Não,2,0,0,0,2,0,0,2,-27.787489,-50.482494,SPRF-SC,DEL05-SC,UOP02-DEL05-SC,2025
656608.0,2025-01-22,quarta-feira,02:45:00,SC,282,451.8,PONTE SERRADA,Velocidade Incompatível,Colisão com objeto,Com Vítimas Feridas,Plena Noite,Crescente,Céu Claro,Simples,Curva,Não,2,0,0,1,0,1,1,2,-26.920655,-51.953208,SPRF-SC,DEL07-SC,UOP04-DEL07-SC,2025
657112.0,2025-01-24,sexta-feira,20:15:00,SC,282,439.0,IRANI,Ausência de reação do condutor,Colisão traseira,Com Vítimas Feridas,Plena Noite,Decrescente,Nublado,Simples,Reta,Não,3,0,1,0,1,1,1,3,-26.945671,-51.861717,SPRF-SC,DEL07-SC,UOP04-DEL07-SC,2025
657605.0,2025-01-27,segunda-feira,00:50:00,SC,282,340.0,CAMPOS NOVOS,Ingestão de álcool pelo condutor,Colisão lateral sentido oposto,Com Vítimas Feridas,Plena Noite,Decrescente,Céu Claro,Simples,Reta,Não,3,0,1,0,1,1,1,2,-27.388266,-51.203793,SPRF-SC,DEL07-SC,UOP06-DEL07-SC,2025
657757.0,2025-01-27,segunda-feira,17:30:00,SC,282,614.0,MARAVILHA,Frear bruscamente,Queda de ocupante de veículo,Com Vítimas Feridas,Anoitecer,Crescente,Chuva,Simples,Curva,Não,3,0,2,0,1,0,2,2,-26.76932,-53.264568,SPRF-SC,DEL07-SC,UOP02-DEL07-SC,2025
657763.0,2025-01-27,segunda-feira,19:25:00,SC,282,16.1,PALHOCA,Conversão proibida,Colisão lateral sentido oposto,Com Vítimas Feridas,Plena Noite,Decrescente,Chuva,Simples,Reta,Sim,3,0,0,1,2,0,1,3,-27.658611,-48.681847,SPRF-SC,DEL01-SC,UOP02-DEL01-SC,2025
658060.0,2025-01-29,quarta-feira,06:10:00,SC,282,57.0,AGUAS MORNAS,Velocidade Incompatível,Tombamento,Sem Vítimas,Amanhecer,Decrescente,Céu Claro,Simples,Curva;Declive,Não,1,0,0,0,1,0,0,1,-27.688864,-48.998455,SPRF-SC,DEL01-SC,UOP03-DEL01-SC,2025
658077.0,2025-01-29,quarta-feira,16:15:00,SC,282,39.1,AGUAS MORNAS,Conversão proibida,Colisão traseira,Com Vítimas Feridas,Pleno dia,Crescente,Céu Claro,Simples,Reta,Não,5,0,1,0,4,0,1,2,-27.712439,-48.860607,SPRF-SC,DEL01-SC,UOP03-DEL01-SC,2025
658809.0,2025-02-02,domingo,11:00:00,SC,282,605.9,MARAVILHA,Ausência de reação do condutor,Colisão frontal,Com Vítimas Feridas,Pleno dia,Decrescente,Sol,Simples,Reta;Declive,Sim,2,0,0,1,1,0,1,2,-26.786951,-53.195248,SPRF-SC,DEL07-SC,UOP02-DEL07-SC,2025
659753.0,2025-02-07,sexta-feira,06:20:00,SC,282,423.0,VARGEM BONITA,Reação tardia ou ineficiente do condutor,Colisão traseira,Com Vítimas Feridas,Amanhecer,Crescente,Céu Claro,Simples,Reta,Não,3,0,1,0,1,1,1,3,-26.99556,-51.752289,SPRF-SC,DEL07-SC,UOP05-DEL07-SC,2025
659806.0,2025-02-07,sexta-feira,07:00:00,SC,282,461.5,PONTE SERRADA,Pedestre cruzava a pista fora da faixa,Atropelamento de Pedestre,Com Vítimas Feridas,Pleno dia,Crescente,Sol,Simples,Reta,Sim,3,0,1,0,1,1,1,3,-26.86664959,-52.02283859,SPRF-SC,DEL07-SC,UOP04-DEL07-SC,2025
659971.0,2025-02-08,sábado,05:45:00,SC,282,16.6,PALHOCA,Transitar na contramão,Colisão frontal,Com Vítimas Feridas,Amanhecer,Crescente,Céu Claro,Simples,Reta,Sim,4,0,0,1,1,2,1,4,-27.658611,-48.681847,SPRF-SC,DEL01-SC,UOP02-DEL01-SC,2025
661171.0,2025-02-13,quinta-feira,12:20:00,SC,282,392.9,JOACABA,Avarias e/ou desgaste excessivo no pneu,Colisão frontal,Com Vítimas Fatais,Pleno dia,Crescente,Chuva,Simples,Curva;Aclive,Não,7,2,1,2,2,0,3,3,-27.1642655,-51.5674821,SPRF-SC,DEL07-SC,UOP05-DEL07-SC,2025
661202.0,2025-02-13,quinta-feira,19:20:00,SC,282,636.3,DESCANSO,Transitar na contramão,Colisão frontal,Com Vítimas Feridas,Plena Noite,Crescente,Nublado,Simples,Reta,Não,4,0,0,2,0,3,2,5,-26.81054812,-53.4383744,SPRF-SC,DEL07-SC,UOP03-DEL07-SC,2025
661232.0,2025-01-26,domingo,00:15:00,SC,282,379.0,JOACABA,Ingestão de álcool pelo condutor,Colisão transversal,Sem Vítimas,Plena Noite,Decrescente,Céu Claro,Simples,Interseção de Vias,Sim,2,0,0,0,1,1,0,2,-27.214668,-51.489677,SPRF-SC,DEL07-SC,UOP05-DEL07-SC,2025
661248.0,2025-02-14,sexta-feira,08:00:00,SC,282,524.8,XAXIM,Acesso irregular,Engavetamento,Com Vítimas Feridas,Pleno dia,Decrescente,Céu Claro,Simples,Curva,Não,6,0,3,0,2,1,3,5,-26.96432,-52.563653,SPRF-SC,DEL07-SC,UOP01-DEL07-SC,2025
661515.0,2025-02-15,sábado,09:20:00,SC,282,308.2,VARGEM,Velocidade Incompatível,Tombamento,Com Vítimas Feridas,Pleno dia,Crescente,Céu Claro,Simples,Curva;Declive,Não,2,0,0,1,0,1,1,2,-27.49292,-50.971973,SPRF-SC,DEL07-SC,UOP06-DEL07-SC,2025
661628.0,2025-02-15,sábado,19:50:00,SC,282,384.7,JOACABA,Velocidade Incompatível,Colisão lateral sentido oposto,Com Vítimas Feridas,Plena Noite,Crescente,Chuva,Simples,Curva;Aclive,Não,5,0,0,3,2,0,3,3,-27.20299,-51.515095,SPRF-SC,DEL07-SC,UOP05-DEL07-SC,2025
662091.0,2025-02-17,segunda-feira,16:30:00,SC,282,117.9,ALFREDO WAGNER,Velocidade Incompatível,Colisão frontal,Com Vítimas Fatais,Pleno dia,Crescente,Chuva,Simples,Curva,Não,4,1,0,1,1,2,1,4,-27.7770576,-49.4115229,SPRF-SC,DEL01-SC,UOP03-DEL01-SC,2025
662159.0,2025-02-18,terça-feira,04:20:00,SC,282,614.0,MARAVILHA,Demais Fenômenos da natureza,Colisão traseira,Sem Vítimas,Plena Noite,Decrescente,Chuva,Simples,Curva,Não,2,0,0,0,2,0,0,2,-26.76932,-53.264568,SPRF-SC,DEL07-SC,UOP02-DEL07-SC,2025
662482.0,2025-02-20,quinta-feira,06:45:00,SC,480,126.5,CHAPECO,Velocidade Incompatível,Colisão traseira,Com Vítimas Feridas,Pleno dia,Crescente,Céu Claro,Dupla,Reta,Sim,3,0,0,1,1,1,1,3,-27.03781899,-52.63432603,SPRF-SC,DEL07-SC,UOP01-DEL07-SC,2025
662768.0,2025-02-21,sexta-feira,17:30:00,SC,282,476.2,VARGEAO,Velocidade Incompatível,Colisão lateral mesmo sentido,Com Vítimas Feridas,Pleno dia,Crescente,Céu Claro,Simples,Reta,Não,3,0,0,1,1,1,1,3,-26.87540651,-52.15727091,SPRF-SC,DEL07-SC,UOP01-DEL07-SC,2025
662929.0,2025-02-22,sábado,09:30:00,SC,282,347.4,CAMPOS NOVOS,Acessar a via sem observar a presença dos outros veículos,Colisão traseira,Com Vítimas Fatais,Pleno dia,Crescente,Céu Claro,Simples,Reta,Não,3,1,0,0,2,0,0,2,-27.366833,-51.259747,SPRF-SC,DEL07-SC,UOP06-DEL07-SC,2025
662936.0,2025-02-22,sábado,11:30:00,SC,282,578.0,PINHALZINHO,Condutor usando celular,Colisão frontal,Com Vítimas Feridas,Pleno dia,Decrescente,Sol,Simples,Reta,Sim,3,0,1,0,1,3,1,5,-26.85107593,-52.98002291,SPRF-SC,DEL07-SC,UOP02-DEL07-SC,2025
662960.0,2025-02-22,sábado,12:45:00,SC,282,244.8,SAO JOSE DO CERRITO,Velocidade Incompatível,Tombamento,Com Vítimas Feridas,Pleno dia,Crescente,Céu Claro,Simples,Aclive;Curva,Não,1,0,1,0,0,0,1,1,-27.7288602,-50.52127898,SPRF-SC,DEL05-SC,UOP02-DEL05-SC,2025
663148.0,2025-02-23,domingo,10:58:00,SC,282,537.6,CHAPECO,Velocidade Incompatível,Colisão lateral sentido oposto,Com Vítimas Feridas,Pleno dia,Decrescente,Céu Claro,Simples,Curva;Declive,Não,6,0,0,1,3,3,1,5,-27.00046252,-52.67041504,SPRF-SC,DEL07-SC,UOP01-DEL07-SC,2025
663163.0,2025-02-19,quarta-feira,19:15:00,SC,282,428.0,VARGEM BONITA,Ultrapassagem Indevida,Tombamento,Com Vítimas Feridas,Anoitecer,Decrescente,Céu Claro,Simples,Declive;Curva,Não,3,0,1,0,1,1,1,3,-26.9761438,-51.7722168,SPRF-SC,DEL07-SC,UOP05-DEL07-SC,2025
663489.0,2025-02-24,segunda-feira,18:00:00,SC,282,2.0,FLORIANOPOLIS,Ingestão de substâncias psicoativas pelo condutor,Colisão traseira,Com Vítimas Feridas,Pleno dia,Crescente,Céu Claro,Múltipla,Reta,Sim,3,0,1,0,1,1,1,3,-27.6034998,-48.58758267,SPRF-SC,DEL01-SC,UOP01-DEL01-SC,2025
663601.0,2025-02-25,terça-feira,11:50:00,SC,282,467.0,PONTE SERRADA,Acessar a via sem observar a presença dos outros veículos,Colisão transversal,Com Vítimas Feridas,Pleno dia,Crescente,Céu Claro,Simples,Reta,Não,4,0,4,0,0,0,4,2,-26.85436439,-52.08445966,SPRF-SC,DEL07-SC,UOP04-DEL07-SC,2025
663609.0,2025-02-25,terça-feira,12:40:00,SC,282,533.0,CHAPECO,Reação tardia ou ineficiente do condutor,Colisão lateral sentido oposto,Com Vítimas Feridas,Pleno dia,Crescente,Céu Claro,Simples,Reta,Não,1,0,1,0,0,0,1,1,-27.00064609,-52.65992761,SPRF-SC,DEL07-SC,UOP01-DEL07-SC,2025
663647.0,2025-02-25,terça-feira,15:20:00,SC,282,462.0,PONTE SERRADA,Acessar a via sem observar a presença dos outros veículos,Colisão transversal,Com Vítimas Feridas,Pleno dia,Decrescente,Garoa/Chuvisco,Dupla,Reta,Não,3,0,0,2,1,0,2,2,-26.86634766,-52.02299416,SPRF-SC,DEL07-SC,UOP04-DEL07-SC,2025
663982.0,2025-02-27,quinta-feira,08:40:00,SC,282,338.0,CAMPOS NOVOS,Condutor Dormindo,Colisão lateral sentido oposto,Com Vítimas Feridas,Pleno dia,Decrescente,Céu Claro,Simples,Reta,Sim,7,0,1,0,5,2,1,5,-27.39247595,-51.17617607,SPRF-SC,DEL07-SC,UOP06-DEL07-SC,2025
664060.0,2025-02-27,quinta-feira,16:45:00,SC,282,446.0,PONTE SERRADA,Frear bruscamente,Colisão frontal,Com Vítimas Feridas,Pleno dia,Decrescente,Chuva,Simples,Declive;Curva,Não,3,0,0,1,1,1,1,3,-26.91237906,-51.90508962,SPRF-SC,DEL07-SC,UOP04-DEL07-SC,2025
664067.0,2025-02-27,quinta-feira,17:30:00,SC,282,26.7,SANTO AMARO DA IMPERATRIZ,Acessar a via sem observar a presença dos outros veículos,Colisão transversal,Com Vítimas Feridas,Pleno dia,Crescente,Nublado,Simples,Interseção de Vias;Reta,Sim,8,0,3,2,2,1,5,3,-27.680267,-48.762482,SPRF-SC,DEL01-SC,UOP03-DEL01-SC,2025
664293.0,2025-02-28,sexta-feira,09:45:00,SC,282,409.9,CATANDUVAS,Desrespeitar a preferência no cruzamento,Colisão transversal,Com Vítimas Feridas,Pleno dia,Crescente,Céu Claro,Simples,Interseção de Vias,Sim,3,0,2,0,1,0,2,2,-27.066995,-51.66306,SPRF-SC,DEL07-SC,UOP05-DEL07-SC,2025
665074.0,2025-03-04,terça-feira,05:25:00,SC,282,571.0,NOVA ERECHIM,Ultrapassagem Indevida,Colisão frontal,Com Vítimas Feridas,Amanhecer,Crescente,Céu Claro,Simples,Curva,Não,8,0,1,0,7,0,1,3,-26.89145431,-52.93139935,SPRF-SC,DEL07-SC,UOP02-DEL07-SC,2025
665220.0,2025-03-04,terça-feira,17:00:00,SC,282,378.1,HERVAL DOESTE,Transitar na contramão,Colisão frontal,Com Vítimas Feridas,Pleno dia,Crescente,Céu Claro,Simples,Curva;Declive,Não,4,0,2,1,0,1,3,3,-27.215657,-51.472575,SPRF-SC,DEL07-SC,UOP05-DEL07-SC,2025
665433.0,2025-03-06,quinta-feira,02:10:00,SC,282,83.1,ALFREDO WAGNER,Velocidade Incompatível,Tombamento,Com Vítimas Feridas,Pleno dia,Crescente,Céu Claro,Simples,Declive;Curva,Não,3,0,2,0,0,1,2,2,-27.667387,-49.175035,SPRF-SC,DEL01-SC,UOP03-DEL01-SC,2025
666223.0,2025-03-09,domingo,16:45:00,SC,282,416.2,CATANDUVAS,Velocidade Incompatível,Colisão frontal,Com Vítimas Feridas,Pleno dia,Decrescente,Chuva,Simples,Reta,Não,10,0,2,0,8,0,2,4,-27.04031847,-51.70812696,SPRF-SC,DEL07-SC,UOP05-DEL07-SC,2025
666533.0,2025-03-11,terça-feira,09:30:00,SC,282,1.1,FLORIANOPOLIS,Reação tardia ou ineficiente do condutor,Colisão traseira,Com Vítimas Feridas,Pleno dia,Decrescente,Nublado,Múltipla,Reta,Sim,3,0,1,0,2,0,1,2,-27.602854,-48.580285,SPRF-SC,DEL01-SC,UOP01-DEL01-SC,2025
666777.0,2025-02-04,terça-feira,16:50:00,SC,282,180.0,BOCAINA DO SUL,Acessar a via sem observar a presença dos outros veículos,Saída de leito carroçável,Com Vítimas Feridas,Pleno dia,Crescente,Nublado,Simples,Reta,Sim,7,0,1,1,4,1,2,3,-27.742239,-49.939873,SPRF-SC,DEL05-SC,UOP01-DEL05-SC,2025
666969.0,2025-03-13,quinta-feira,10:55:00,SC,282,424.0,VARGEM BONITA,Velocidade Incompatível,Tombamento,Com Vítimas Feridas,Pleno dia,Decrescente,Céu Claro,Simples,Curva,Não,2,0,1,0,0,1,1,2,-26.983402,-51.754258,SPRF-SC,DEL07-SC,UOP05-DEL07-SC,2025
667135.0,2025-03-14,sexta-feira,09:24:00,SC,282,4.3,SAO JOSE,Demais falhas mecânicas ou elétricas,Incêndio,Sem Vítimas,Pleno dia,Decrescente,Céu Claro,Dupla,Reta,Sim,2,0,0,0,1,1,0,2,-27.591735,-48.605909,SPRF-SC,DEL01-SC,UOP01-DEL01-SC,2025
667198.0,2025-03-14,sexta-feira,10:45:00,SC,282,289.7,BRUNOPOLIS,Acessar a via sem observar a presença dos outros veículos,Colisão frontal,Com Vítimas Feridas,Pleno dia,Crescente,Céu Claro,Simples,Interseção de Vias;Reta,Não,3,0,2,0,1,0,2,2,-27.33548,-50.959917,SPRF-SC,DEL05-SC,UOP02-DEL05-SC,2025
667441.0,2025-03-15,sábado,15:15:00,SC,282,588.3,SAUDADES,Demais falhas mecânicas ou elétricas,Saída de leito carroçável,Sem Vítimas,Pleno dia,Crescente,Sol,Simples,Aclive;Reta,Não,2,0,0,0,1,3,0,4,-26.82631863,-53.05663915,SPRF-SC,DEL07-SC,UOP02-DEL07-SC,2025
667646.0,2025-03-16,domingo,16:15:00,SC,282,53.0,AGUAS MORNAS,Conversão proibida,Colisão transversal,Com Vítimas Feridas,Pleno dia,Decrescente,Nublado,Simples,Reta,Não,2,0,1,0,1,0,1,2,-27.68757352,-48.9708066,SPRF-SC,DEL01-SC,UOP03-DEL01-SC,2025
667777.0,2025-03-17,segunda-feira,06:30:00,SC,282,457.0,PONTE SERRADA,Reação tardia ou ineficiente do condutor,Colisão lateral sentido oposto,Com Vítimas Feridas,Pleno dia,Crescente,Céu Claro,Simples,Curva,Não,3,0,0,1,2,0,1,2,-26.8718788,-52.0165876,SPRF-SC,DEL07-SC,UOP04-DEL07-SC,2025
667824.0,2025-03-17,segunda-feira,11:00:00,SC,282,20.4,PALHOCA,Reação tardia ou ineficiente do condutor,Colisão traseira,Sem Vítimas,Pleno dia,Crescente,Sol,Simples,Reta,Sim,5,0,0,0,5,0,0,2,-27.68591703,-48.7126475,SPRF-SC,DEL01-SC,UOP02-DEL01-SC,2025
667862.0,2025-03-17,segunda-feira,11:00:00,SC,282,68.5,RANCHO QUEIMADO,Problema com o freio,Tombamento,Com Vítimas Feridas,Pleno dia,Decrescente,Céu Claro,Simples,Declive;Curva,Não,5,0,4,1,0,0,5,1,-27.693467,-49.080683,SPRF-SC,DEL01-SC,UOP03-DEL01-SC,2025