id,data_inversa,dia_semana,horario,uf,br,km,municipio,causa_acidente,tipo_acidente,classificacao_acidente,fase_dia,sentido_via,condicao_metereologica,tipo_pista,tracado_via,uso_solo,pessoas,mortos,feridos_leves,feridos_graves,ilesos,ignorados,feridos,veiculos,latitude,longitude,regional,delegacia,uop,ano_arquivo
667938.0,2025-03-17,segunda-feira,19:00:00,SC,282,574.6,PINHALZINHO,Ultrapassagem Indevida,Colisão frontal,Com Vítimas Feridas,Anoitecer,Decrescente,Céu Claro,Simples,Reta,Não,3,0,1,0,2,0,1,3,-26.87288956,-52.95665503,SPRF-SC,DEL07-SC,UOP02-DEL07-SC,2025
668091.0,2025-03-18,terça-feira,15:10:00,SC,282,602.1,CUNHA PORA,Reação tardia ou ineficiente do condutor,Colisão traseira,Com Vítimas Feridas,Pleno dia,Crescente,Sol,Simples,Em Obras;Interseção de Vias;Reta,Não,3,0,1,0,2,0,1,3,-26.80551412,-53.18127394,SPRF-SC,DEL07-SC,UOP02-DEL07-SC,2025
668095.0,2025-03-18,terça-feira,18:45:00,SC,282,2.0,FLORIANOPOLIS,Velocidade Incompatível,Colisão traseira,Com Vítimas Feridas,Plena Noite,Crescente,Chuva,Múltipla,Reta,Não,4,0,0,1,2,1,1,4,-27.601865,-48.59318,SPRF-SC,DEL01-SC,UOP01-DEL01-SC,2025
668237.0,2025-03-19,quarta-feira,11:40:00,SC,282,643.4,SAO MIGUEL DO OESTE,Acessar a via sem observar a presença dos outros veículos,Colisão transversal,Com Vítimas Feridas,Pleno dia,Decrescente,Céu Claro,Múltipla,Declive;Curva,Não,2,0,0,1,1,0,1,2,-26.76999574,-53.47424442,SPRF-SC,DEL07-SC,UOP03-DEL07-SC,2025
668286.0,2025-03-19,quarta-feira,15:50:00,SC,282,664.0,FLORIANOPOLIS,Acessar a via sem observar a presença dos outros veículos,Colisão transversal,Com Vítimas Feridas,Pleno dia,Crescente,Céu Claro,Simples,Interseção de Vias,Não,2,0,1,0,1,0,1,2,-27.5939328,-48.5588992,SPRF-SC,DEL07-SC,UOP03-DEL07-SC,2025
668388.0,2025-03-20,quinta-feira,08:00:00,SC,282,578.0,PINHALZINHO,Velocidade Incompatível,Saída de leito carroçável,Com Vítimas Feridas,Pleno dia,Crescente,Sol,Simples,Rotatória,Sim,1,0,1,0,0,0,1,1,-26.85819738,-52.97977567,SPRF-SC,DEL07-SC,UOP02-DEL07-SC,2025
668406.0,2025-03-20,quinta-feira,10:25:00,SC,282,3.4,FLORIANOPOLIS,Reação tardia ou ineficiente do condutor,Colisão traseira,Com Vítimas Feridas,Pleno dia,Decrescente,Céu Claro,Dupla,Reta,Não,3,0,1,0,2,0,1,3,-27.60382117,-48.58351523,SPRF-SC,DEL01-SC,UOP01-DEL01-SC,2025
669269.0,2025-03-24,segunda-feira,11:15:00,SC,480,128.6,CHAPECO,Mal súbito do condutor,Saída de leito carroçável,Com Vítimas Feridas,Pleno dia,Crescente,Céu Claro,Dupla,Curva,Não,2,0,1,0,0,2,1,3,-27.04525308,-52.63615933,SPRF-SC,DEL07-SC,UOP01-DEL07-SC,2025
669278.0,2025-03-24,segunda-feira,10:00:00,SC,282,592.9,SAUDADES,Ultrapassagem Indevida,Colisão lateral sentido oposto,Com Vítimas Feridas,Pleno dia,Decrescente,Sol,Simples,Curva;Aclive,Não,6,0,2,1,1,2,3,5,-26.82621626,-53.10152592,SPRF-SC,DEL07-SC,UOP02-DEL07-SC,2025
669559.0,2025-03-25,terça-feira,17:00:00,SC,282,54.3,AGUAS MORNAS,Velocidade Incompatível,Colisão frontal,Com Vítimas Feridas,Pleno dia,Decrescente,Chuva,Simples,Curva;Declive,Não,2,0,1,0,1,0,1,2,-27.68806,-48.976397,SPRF-SC,DEL01-SC,UOP03-DEL01-SC,2025
669895.0,2025-03-27,quinta-feira,16:00:00,SC,282,57.0,RANCHO QUEIMADO,Ausência de reação do condutor,Saída de leito carroçável,Com Vítimas Feridas,Pleno dia,Decrescente,Céu Claro,Simples,Reta,Não,1,0,1,0,0,0,1,1,-27.68150353,-49.00577892,SPRF-SC,DEL01-SC,UOP03-DEL01-SC,2025
670333.0,2025-03-29,sábado,15:20:00,SC,480,128.7,CHAPECO,Reação tardia ou ineficiente do condutor,Tombamento,Com Vítimas Feridas,Pleno dia,Crescente,Garoa/Chuvisco,Dupla,Declive;Curva,Não,2,0,0,1,0,1,1,2,-27.04418166,-52.63620615,SPRF-SC,DEL07-SC,UOP01-DEL07-SC,2025
670335.0,2025-03-29,sábado,13:30:00,SC,282,443.6,PONTE SERRADA,Acumulo de água sobre o pavimento,Colisão lateral sentido oposto,Com Vítimas Feridas,Pleno dia,Crescente,Chuva,Simples,Reta;Aclive,Não,8,0,3,0,4,1,3,4,-26.91926,-51.88567,SPRF-SC,DEL07-SC,UOP04-DEL07-SC,2025
670338.0,2025-03-29,sábado,12:05:00,SC,282,640.1,DESCANSO,Transitar na contramão,Colisão frontal,Com Vítimas Fatais,Pleno dia,Decrescente,Nublado,Simples,Curva;Declive,Não,2,1,0,0,1,0,0,2,-26.78592054,-53.45886178,SPRF-SC,DEL07-SC,UOP03-DEL07-SC,2025
670527.0,2025-03-30,domingo,12:20:00,SC,282,454.0,PONTE SERRADA,Conversão proibida,Colisão transversal,Com Vítimas Feridas,Pleno dia,Decrescente,Céu Claro,Simples,Reta,Não,3,0,1,0,2,0,1,3,-26.89256068,-51.98402837,SPRF-SC,DEL07-SC,UOP04-DEL07-SC,2025
670596.0,2025-03-30,domingo,19:20:00,SC,282,641.5,SAO MIGUEL DO OESTE,Ingestão de álcool pelo condutor,Colisão lateral sentido oposto,Com Vítimas Feridas,Plena Noite,Decrescente,Céu Claro,Múltipla,Reta,Não,2,0,1,0,1,0,1,2,-26.77330142,-53.46069367,SPRF-SC,DEL07-SC,UOP03-DEL07-SC,2025
670984.0,2025-04-01,terça-feira,09:00:00,SC,282,85.9,ALFREDO WAGNER,Demais falhas mecânicas ou elétricas,Saída de leito carroçável,Com Vítimas Feridas,Pleno dia,Crescente,Céu Claro,Simples,Curva,Sim,1,0,1,0,0,0,1,1,-27.66414498,-49.2002964,SPRF-SC,DEL01-SC,UOP03-DEL01-SC,2025
670987.0,2025-04-01,terça-feira,19:25:00,SC,282,215.0,LAGES,Ausência de reação do condutor,Colisão frontal,Com Vítimas Feridas,Plena Noite,Decrescente,Nublado,Simples,Reta,Sim,3,0,1,1,1,0,2,2,-27.79288302,-50.27996063,SPRF-SC,DEL05-SC,UOP01-DEL05-SC,2025
671339.0,2025-04-03,quinta-feira,18:40:00,SC,282,23.2,SANTO AMARO DA IMPERATRIZ,Condutor deixou de manter distância do veículo da frente,Colisão traseira,Sem Vítimas,Anoitecer,Decrescente,Chuva,Simples,Reta,Sim,2,0,0,0,2,0,0,2,-27.686161,-48.74063,SPRF-SC,DEL01-SC,UOP02-DEL01-SC,2025
672026.0,2025-04-06,domingo,17:25:00,SC,282,424.3,VARGEM BONITA,Transitar na contramão,Colisão frontal,Com Vítimas Fatais,Pleno dia,Crescente,Céu Claro,Simples,Declive;Curva,Não,3,1,0,0,1,1,0,3,-26.992296,-51.751896,SPRF-SC,DEL07-SC,UOP05-DEL07-SC,2025
672114.0,2025-04-07,segunda-feira,06:45:00,SC,282,87.0,ALFREDO WAGNER,Velocidade Incompatível,Colisão lateral sentido oposto,Com Vítimas Feridas,Amanhecer,Crescente,Chuva,Simples,Aclive;Curva,Não,2,0,1,0,1,0,1,2,-27.665042,-49.206128,SPRF-SC,DEL01-SC,UOP03-DEL01-SC,2025
672185.0,2025-04-07,segunda-feira,07:30:00,SC,282,54.2,RANCHO QUEIMADO,Velocidade Incompatível,Colisão frontal,Com Vítimas Feridas,Pleno dia,Crescente,Chuva,Simples,Curva,Não,3,0,1,0,2,0,1,2,-27.6872695,-49.00099017,SPRF-SC,DEL01-SC,UOP03-DEL01-SC,2025
672201.0,2025-04-07,segunda-feira,14:30:00,SC,282,249.8,VARGEM,Ultrapassagem Indevida,Colisão frontal,Com Vítimas Feridas,Pleno dia,Decrescente,Nublado,Simples,Reta,Não,3,0,1,0,2,0,1,3,-27.52497646,-50.88307813,SPRF-SC,DEL05-SC,UOP02-DEL05-SC,2025
672442.0,2025-04-08,terça-feira,21:00:00,SC,282,36.0,AGUAS MORNAS,Reação tardia ou ineficiente do condutor,Colisão lateral sentido oposto,Com Vítimas Feridas,Plena Noite,Crescente,Chuva,Simples,Aclive;Reta,Não,2,0,1,0,1,0,1,2,-27.704272,-48.837718,SPRF-SC,DEL01-SC,UOP03-DEL01-SC,2025
672535.0,2025-04-09,quarta-feira,10:55:00,SC,282,331.7,CAMPOS NOVOS,Mal súbito do condutor,Colisão lateral sentido oposto,Com Vítimas Feridas,Pleno dia,Crescente,Céu Claro,Simples,Reta,Não,2,0,1,0,1,0,1,2,-27.39066856,-51.1259079,SPRF-SC,DEL07-SC,UOP06-DEL07-SC,2025
672554.0,2025-04-04,sexta-feira,09:50:00,SC,282,216.4,LAGES,Acessar a via sem observar a presença dos outros veículos,Colisão lateral mesmo sentido,Com Vítimas Feridas,Pleno dia,Crescente,Nublado,Simples,Reta,Sim,3,0,1,0,2,0,1,2,-27.79760951,-50.29417634,SPRF-SC,DEL05-SC,UOP01-DEL05-SC,2025
673056.0,2025-04-11,sexta-feira,22:40:00,SC,282,490.6,FAXINAL DOS GUEDES,Transitar na contramão,Colisão lateral sentido oposto,Com Vítimas Feridas,Plena Noite,Decrescente,Céu Claro,Simples,Curva,Não,4,0,0,1,2,1,1,3,-26.8665138,-52.27229811,SPRF-SC,DEL07-SC,UOP01-DEL07-SC,2025
673674.0,2025-04-14,segunda-feira,13:05:00,SC,282,111.4,SAO BENTO DO SUL,Acessar a via sem observar a presença dos outros veículos,Colisão transversal,Sem Vítimas,Pleno dia,Crescente,Garoa/Chuvisco,Simples,Curva;Interseção de Vias;Declive,Não,4,0,0,0,3,1,0,3,-26.308727,-49.388108,SPRF-SC,DEL01-SC,UOP03-DEL01-SC,2025
674000.0,2025-04-16,quarta-feira,07:40:00,SC,282,531.1,CORDILHEIRA ALTA,Transitar na contramão,Colisão lateral sentido oposto,Com Vítimas Feridas,Pleno dia,Crescente,Sol,Simples,Curva,Sim,2,0,0,1,1,0,1,2,-26.992025,-52.609827,SPRF-SC,DEL07-SC,UOP01-DEL07-SC,2025
674017.0,2025-02-17,segunda-feira,15:20:00,SC,282,221.8,LAGES,Reação tardia ou ineficiente do condutor,Colisão lateral sentido oposto,Com Vítimas Feridas,Pleno dia,Crescente,Chuva,Simples,Declive;Reta,Não,8,0,4,0,3,3,4,7,-27.796358,-50.343426,SPRF-SC,DEL05-SC,UOP01-DEL05-SC,2025
685458.0,2025-04-17,quinta-feira,16:30:00,SC,480,125.5,CHAPECO,Desrespeitar a preferência no cruzamento,Colisão transversal,Com Vítimas Feridas,Pleno dia,Decrescente,Sol,Simples,Retorno Regulamentado;Interseção de Vias;Reta;Túnel;Declive,Não,2,0,1,0,1,0,1,2,-27.01550133,-52.63801932,SPRF-SC,DEL07-SC,UOP01-DEL07-SC,2025
685644.0,2025-04-16,quarta-feira,08:50:00,SC,282,115.6,ALFREDO WAGNER,Velocidade Incompatível,Capotamento,Com Vítimas Feridas,Pleno dia,Decrescente,Sol,Simples,Curva;Declive,Não,3,0,0,1,0,2,1,3,-27.760058,-49.39716,SPRF-SC,DEL01-SC,UOP03-DEL01-SC,2025
685846.0,2025-04-18,sexta-feira,18:45:00,SC,282,119.0,BOM RETIRO,Transitar na contramão,Colisão frontal,Com Vítimas Feridas,Plena Noite,Crescente,Céu Claro,Simples,Curva,Não,3,0,0,1,2,0,1,3,-27.79368027,-49.41513062,SPRF-SC,DEL05-SC,UOP01-DEL05-SC,2025
686344.0,2025-04-20,domingo,23:40:00,SC,282,222.4,LAGES,Transitar na contramão,Colisão lateral sentido oposto,Com Vítimas Feridas,Plena Noite,Decrescente,Garoa/Chuvisco,Dupla,Curva,Não,5,0,2,2,0,1,4,3,-27.823864,-50.337378,SPRF-SC,DEL05-SC,UOP01-DEL05-SC,2025
686608.0,2025-04-22,terça-feira,01:30:00,SC,282,62.4,RANCHO QUEIMADO,Transitar na contramão,Colisão frontal,Sem Vítimas,Plena Noite,Crescente,Céu Claro,Simples,Reta,Não,3,0,0,0,1,2,0,3,-27.69114,-49.03962,SPRF-SC,DEL01-SC,UOP03-DEL01-SC,2025
687012.0,2025-04-24,quinta-feira,07:15:00,SC,282,401.5,JOACABA,Ultrapassagem Indevida,Colisão frontal,Com Vítimas Feridas,Pleno dia,Decrescente,Céu Claro,Simples,Reta;Declive,Não,4,0,1,0,2,1,1,4,-27.12835491,-51.62801743,SPRF-SC,DEL07-SC,UOP05-DEL07-SC,2025
687181.0,2025-04-25,sexta-feira,06:40:00,SC,282,111.7,ALFREDO WAGNER,Curva acentuada,Colisão lateral sentido oposto,Com Vítimas Feridas,Pleno dia,Crescente,Céu Claro,Simples,Curva;Declive,Não,7,0,3,2,1,1,5,4,-27.733783,-49.374037,SPRF-SC,DEL01-SC,UOP03-DEL01-SC,2025
688007.0,2025-04-29,terça-feira,06:45:00,SC,282,208.9,LAGES,Reação tardia ou ineficiente do condutor,Colisão frontal,Com Vítimas Fatais,Pleno dia,Crescente,Céu Claro,Simples,Reta;Aclive,Não,4,1,0,0,2,3,0,6,-27.7767671,-50.2208042,SPRF-SC,DEL05-SC,UOP01-DEL05-SC,2025
688388.0,2025-04-30,quarta-feira,18:40:00,SC,282,95.0,ALFREDO WAGNER,Velocidade Incompatível,Colisão frontal,Com Vítimas Feridas,Plena Noite,Decrescente,Céu Claro,Simples,Curva;Declive,Não,7,0,4,0,2,1,4,4,-27.71218,-49.255343,SPRF-SC,DEL01-SC,UOP03-DEL01-SC,2025
688462.0,2025-05-01,quinta-feira,10:00:00,SC,282,343.0,CAMPOS NOVOS,Velocidade Incompatível,Tombamento,Com Vítimas Feridas,Pleno dia,Decrescente,Sol,Simples,Aclive;Rotatória,Sim,2,0,1,0,0,1,1,2,-27.38590023,-51.23538343,SPRF-SC,DEL07-SC,UOP06-DEL07-SC,2025
688753.0,2025-05-02,sexta-feira,18:30:00,SC,282,135.6,BOM RETIRO,Transitar na contramão,Colisão frontal,Com Vítimas Feridas,Plena Noite,Decrescente,Céu Claro,Simples,Reta;Ponte,Não,3,0,0,1,1,1,1,3,-27.81827836,-49.55331802,SPRF-SC,DEL05-SC,UOP01-DEL05-SC,2025
688772.0,2025-05-02,sexta-feira,22:40:00,SC,282,472.9,VARGEAO,Acessar a via sem observar a presença dos outros veículos,Colisão transversal,Com Vítimas Feridas,Plena Noite,Crescente,Céu Claro,Simples,Reta;Interseção de Vias,Não,2,0,0,1,1,0,1,2,-26.863237,-52.127007,SPRF-SC,DEL07-SC,UOP01-DEL07-SC,2025
688971.0,2025-05-03,sábado,23:45:00,SC,282,518.1,XAXIM,Ausência de reação do condutor,Colisão frontal,Com Vítimas Fatais,Plena Noite,Crescente,Céu Claro,Simples,Reta;Aclive,Não,3,1,0,0,2,0,0,2,-26.94400714,-52.50820611,SPRF-SC,DEL07-SC,UOP01-DEL07-SC,2025
689057.0,2025-05-04,domingo,08:45:00,SC,282,455.6,PONTE SERRADA,Acostamento em desnível,Saída de leito carroçável,Com Vítimas Feridas,Pleno dia,Decrescente,Céu Claro,Simples,Curva,Não,2,0,1,0,0,1,1,2,-26.8951,-51.979122,SPRF-SC,DEL07-SC,UOP04-DEL07-SC,2025
689538.0,2025-05-06,terça-feira,19:25:00,SC,282,218.0,LAGES,Demais falhas mecânicas ou elétricas,Colisão com objeto,Sem Vítimas,Plena Noite,Crescente,Nublado,Dupla,Reta;Declive,Sim,2,0,0,0,1,1,0,2,-27.797333,-50.312486,SPRF-SC,DEL05-SC,UOP01-DEL05-SC,2025
689573.0,2025-05-07,quarta-feira,06:50:00,SC,282,535.0,CHAPECO,Desrespeitar a preferência no cruzamento,Colisão transversal,Com Vítimas Feridas,Pleno dia,Decrescente,Nublado,Simples,Rotatória,Não,2,0,1,0,1,0,1,2,-26.99955198,-52.64602153,SPRF-SC,DEL07-SC,UOP01-DEL07-SC,2025
689604.0,2025-05-07,quarta-feira,06:15:00,SC,282,165.0,BOCAINA DO SUL,Condutor Dormindo,Colisão lateral sentido oposto,Com Vítimas Feridas,Amanhecer,Crescente,Nublado,Simples,Reta,Não,4,0,1,0,2,1,1,4,-27.74058759,-49.80387624,SPRF-SC,DEL05-SC,UOP01-DEL05-SC,2025
689645.0,2025-05-07,quarta-feira,13:30:00,SC,282,435.7,IRANI,Reação tardia ou ineficiente do condutor,Colisão traseira,Com Vítimas Feridas,Pleno dia,Decrescente,Céu Claro,Simples,Interseção de Vias;Rotatória,Não,2,0,1,0,1,0,1,2,-26.969439,-51.854443,SPRF-SC,DEL07-SC,UOP04-DEL07-SC,2025
689737.0,2025-05-07,quarta-feira,15:30:00,SC,282,111.0,ALFREDO WAGNER,Problema com o freio,Tombamento,Com Vítimas Feridas,Pleno dia,Decrescente,Céu Claro,Simples,Curva;Viaduto;Declive,Não,1,0,1,0,0,0,1,1,-27.73321006,-49.36621785,SPRF-SC,DEL01-SC,UOP03-DEL01-SC,2025
689914.0,2025-05-08,quinta-feira,20:35:00,SC,282,445.0,PONTE SERRADA,Reação tardia ou ineficiente do condutor,Colisão lateral sentido oposto,Com Vítimas Feridas,Plena Noite,Decrescente,Céu Claro,Simples,Reta,Não,3,0,1,0,0,2,1,3,-26.91786749,-51.88983891,SPRF-SC,DEL07-SC,UOP04-DEL07-SC,2025
689983.0,2025-05-09,sexta-feira,06:36:00,SC,282,287.6,SAO JOSE DO CERRITO,Transitar na contramão,Colisão frontal,Com Vítimas Fatais,Amanhecer,Decrescente,Céu Claro,Simples,Reta,Não,3,2,0,0,1,0,0,2,-27.564367,-50.825507,SPRF-SC,DEL05-SC,UOP02-DEL05-SC,2025
690419.0,2025-05-10,sábado,16:55:00,SC,282,370.4,ERVAL VELHO,Avarias e/ou desgaste excessivo no pneu,Colisão lateral sentido oposto,Com Vítimas Feridas,Pleno dia,Crescente,Céu Claro,Simples,Reta;Aclive,Não,5,0,0,1,4,0,1,3,-27.268747,-51.443755,SPRF-SC,DEL07-SC,UOP05-DEL07-SC,2025
690613.0,2025-05-11,domingo,17:10:00,SC,282,514.5,XAXIM,Ultrapassagem Indevida,Colisão lateral mesmo sentido,Com Vítimas Feridas,Pleno dia,Crescente,Céu Claro,Simples,Reta,Não,2,0,1,0,1,0,1,2,-26.91737721,-52.49354331,SPRF-SC,DEL07-SC,UOP01-DEL07-SC,2025
690902.0,2025-05-12,segunda-feira,19:10:00,SC,282,595.1,SAUDADES,Acessar a via sem observar a presença dos outros veículos,Colisão transversal,Com Vítimas Feridas,Plena Noite,Decrescente,Nublado,Simples,Reta,Não,5,0,4,1,0,0,5,2,-26.8295985,-53.1215782,SPRF-SC,DEL07-SC,UOP02-DEL07-SC,2025
691032.0,2025-05-13,terça-feira,12:55:00,SC,282,1.2,FLORIANOPOLIS,Demais falhas mecânicas ou elétricas,Incêndio,Sem Vítimas,Pleno dia,Decrescente,Chuva,Múltipla,Reta,Sim,1,0,0,0,1,0,0,1,-27.603066,-48.580857,SPRF-SC,DEL01-SC,UOP01-DEL01-SC,2025
691127.0,2025-05-13,terça-feira,22:20:00,SC,282,16.0,PALHOCA,Conversão proibida,Colisão transversal,Sem Vítimas,Plena Noite,Decrescente,Chuva,Simples,Reta,Sim,3,0,0,0,3,0,0,3,-27.656194,-48.68007,SPRF-SC,DEL01-SC,UOP02-DEL01-SC,2025
691418.0,2025-05-07,quarta-feira,06:35:00,SC,282,492.0,FAXINAL DOS GUEDES,Ausência de sinalização,Colisão traseira,Sem Vítimas,Pleno dia,Decrescente,Nublado,Simples,Aclive;Reta,Não,4,0,0,0,3,1,0,4,-26.872357,-52.293212,SPRF-SC,DEL07-SC,UOP01-DEL07-SC,2025
692260.0,2025-05-19,segunda-feira,06:15:00,SC,282,24.8,SANTO AMARO DA IMPERATRIZ,Acessar a via sem observar a presença dos outros veículos,Colisão lateral sentido oposto,Com Vítimas Feridas,Pleno dia,Decrescente,Nublado,Simples,Reta;Viaduto;Interseção de Vias,Sim,2,0,1,0,1,0,1,2,-27.6786,-48.751,SPRF-SC,DEL01-SC,UOP03-DEL01-SC,2025
692311.0,2025-05-18,domingo,20:30:00,SC,282,301.0,VARGEM,Transitar na contramão,Colisão frontal,Com Vítimas Feridas,Plena Noite,Decrescente,Chuva,Simples,Curva,Não,2,0,1,0,1,0,1,2,-27.42602353,-51.03012085,SPRF-SC,DEL07-SC,UOP06-DEL07-SC,2025
692344.0,2025-01-24,sexta-feira,17:15:00,SC,282,542.0,CHAPECO,Reação tardia ou ineficiente do condutor,Tombamento,Sem Vítimas,Pleno dia,Decrescente,Céu Claro,Simples,Curva;Declive,Não,2,0,0,0,1,3,0,4,-27.001301,-52.707569,SPRF-SC,DEL07-SC,UOP01-DEL07-SC,2025
692500.0,2025-05-18,domingo,20:02:00,SC,282,385.0,JOACABA,Transitar na contramão,Colisão lateral sentido oposto,Sem Vítimas,Plena Noite,Decrescente,Chuva,Simples,Reta;Declive,Não,2,0,0,0,2,0,0,2,-27.2019021,-51.51558995,SPRF-SC,DEL07-SC,UOP05-DEL07-SC,2025
692624.0,2025-05-20,terça-feira,16:50:00,SC,282,300.8,VARGEM,Velocidade Incompatível,Tombamento,Com Vítimas Feridas,Anoitecer,Decrescente,Céu Claro,Simples,Curva;Declive,Não,2,0,1,0,0,1,1,2,-27.510965,-50.92364,SPRF-SC,DEL07-SC,UOP06-DEL07-SC,2025
692694.0,2025-05-21,quarta-feira,04:45:00,SC,282,610.0,MARAVILHA,Condutor Dormindo,Tombamento,Com Vítimas Fatais,Plena Noite,Crescente,Céu Claro,Simples,Curva;Declive,Não,2,1,0,0,0,1,0,2,-26.75519896,-53.23232031,SPRF-SC,DEL07-SC,UOP02-DEL07-SC,2025
692758.0,2025-05-21,quarta-feira,12:00:00,SC,282,89.0,ALFREDO WAGNER,Ausência de reação do condutor,Colisão frontal,Com Vítimas Feridas,Pleno dia,Crescente,Chuva,Simples,Declive;Reta,Não,4,0,2,0,1,3,2,5,-27.726444,-49.359688,SPRF-SC,DEL01-SC,UOP03-DEL01-SC,2025
692867.0,2025-05-22,quinta-feira,03:48:00,SC,282,379.0,HERVAL DOESTE,Condutor Dormindo,Saída de leito carroçável,Com Vítimas Feridas,Plena Noite,Crescente,Chuva,Simples,Curva;Rotatória;Interseção de Vias,Não,1,0,1,0,0,0,1,1,-27.21432451,-51.48690876,SPRF-SC,DEL07-SC,UOP05-DEL07-SC,2025
692948.0,2025-05-22,quinta-feira,09:00:00,SC,480,131.4,CHAPECO,Desrespeitar a preferência no cruzamento,Colisão traseira,Com Vítimas Feridas,Pleno dia,Crescente,Nublado,Simples,Interseção de Vias;Reta,Sim,2,0,1,0,1,0,1,2,-27.057943,-52.636472,SPRF-SC,DEL07-SC,UOP01-DEL07-SC,2025
693172.0,2025-05-23,sexta-feira,13:00:00,SC,282,507.0,XANXERE,Reação tardia ou ineficiente do condutor,Colisão traseira,Com Vítimas Feridas,Pleno dia,Crescente,Céu Claro,Simples,Reta,Sim,3,0,2,0,1,0,2,2,-26.88564598,-52.41654396,SPRF-SC,DEL07-SC,UOP01-DEL07-SC,2025
693186.0,2025-05-23,sexta-feira,13:20:00,SC,282,63.0,RANCHO QUEIMADO,Ultrapassagem Indevida,Colisão frontal,Com Vítimas Feridas,Pleno dia,Crescente,Nublado,Simples,Curva,Não,5,0,1,0,3,2,1,5,-27.696409,-49.044495,SPRF-SC,DEL01-SC,UOP03-DEL01-SC,2025
693230.0,2025-05-23,sexta-feira,14:50:00,SC,282,222.0,LAGES,Frear bruscamente,Engavetamento,Com Vítimas Feridas,Pleno dia,Crescente,Nublado,Simples,Declive;Rotatória,Sim,6,0,1,0,4,1,1,4,-27.79495207,-50.3384757,SPRF-SC,DEL05-SC,UOP01-DEL05-SC,2025
693285.0,2025-05-23,sexta-feira,19:20:00,SC,282,423.0,VARGEM BONITA,Objeto estático sobre o leito carroçável,Incêndio,Sem Vítimas,Anoitecer,Crescente,Nublado,Simples,Reta;Aclive,Não,2,0,0,0,1,1,0,2,-27.001465,-51.741292,SPRF-SC,DEL07-SC,UOP05-DEL07-SC,2025
693310.0,2025-05-24,sábado,00:40:00,SC,282,500.2,XANXERE,Transitar na contramão,Colisão lateral sentido oposto,Sem Vítimas,Plena Noite,Decrescente,Céu Claro,Dupla,Reta,Não,2,0,0,0,2,0,0,2,-26.88137776,-52.37212308,SPRF-SC,DEL07-SC,UOP01-DEL07-SC,2025
693883.0,2025-05-25,domingo,23:50:00,SC,282,629.0,IRACEMINHA,Velocidade Incompatível,Derramamento de carga,Com Vítimas Feridas,Plena Noite,Crescente,Céu Claro,Simples,Reta,Não,2,0,1,0,0,1,1,2,-26.82119843,-53.38296533,SPRF-SC,DEL07-SC,UOP02-DEL07-SC,2025
694142.0,2025-05-27,terça-feira,15:40:00,SC,282,504.6,XANXERE,Condutor deixou de manter distância do veículo da frente,Colisão transversal,Com Vítimas Feridas,Pleno dia,Decrescente,Nublado,Simples,Declive,Sim,3,0,1,0,1,1,1,3,-26.88482717,-52.41156435,SPRF-SC,DEL07-SC,UOP01-DEL07-SC,2025
694161.0,2025-05-27,terça-feira,18:30:00,SC,282,120.0,BOM RETIRO,Transitar na contramão,Colisão frontal,Com Vítimas Feridas,Plena Noite,Crescente,Céu Claro,Simples,Curva,Não,2,0,0,1,1,0,1,2,-27.79468373,-49.41535517,SPRF-SC,DEL05-SC,UOP01-DEL05-SC,2025
694373.0,2025-05-28,quarta-feira,11:15:00,SC,282,534.9,CHAPECO,Curva acentuada,Tombamento,Com Vítimas Feridas,Pleno dia,Crescente,Chuva,Dupla,Interseção de Vias;Ponte;Curva;Aclive;Viaduto,Sim,4,0,3,0,0,1,3,2,-26.99966344,-52.6462419,SPRF-SC,DEL07-SC,UOP01-DEL07-SC,2025
694478.0,2025-05-29,quinta-feira,14:40:00,SC,282,351.0,CAMPOS NOVOS,Velocidade Incompatível,Colisão transversal,Com Vítimas Feridas,Pleno dia,Crescente,Nublado,Simples,Rotatória,Não,7,0,5,1,0,1,6,3,-27.36130023,-51.30159108,SPRF-SC,DEL07-SC,UOP06-DEL07-SC,2025
694717.0,2025-05-30,sexta-feira,18:20:00,SC,282,20.4,PALHOCA,Retorno proibido,Colisão lateral mesmo sentido,Com Vítimas Fatais,Plena Noite,Crescente,Céu Claro,Simples,Reta;Declive,Sim,4,1,1,0,2,0,1,2,-27.68738,-48.7139,SPRF-SC,DEL01-SC,UOP02-DEL01-SC,2025
695015.0,2025-05-31,sábado,22:05:00,SC,282,397.0,JOACABA,Ingestão de álcool pelo condutor,Colisão transversal,Com Vítimas Feridas,Plena Noite,Crescente,Céu Claro,Simples,Rotatória,Não,2,0,1,0,1,0,1,2,-27.1511388,-51.6016313,SPRF-SC,DEL07-SC,UOP05-DEL07-SC,2025
695384.0,2025-06-02,segunda-feira,15:15:00,SC,282,2.0,FLORIANOPOLIS,Manobra de mudança de faixa,Colisão lateral mesmo sentido,Com Vítimas Feridas,Pleno dia,Crescente,Céu Claro,Dupla,Reta,Sim,3,0,1,0,2,0,1,3,-27.602862,-48.593049,SPRF-SC,DEL01-SC,UOP01-DEL01-SC,2025