id,data_inversa,dia_semana,horario,uf,br,km,municipio,causa_acidente,tipo_acidente,classificacao_acidente,fase_dia,sentido_via,condicao_metereologica,tipo_pista,tracado_via,uso_solo,pessoas,mortos,feridos_leves,feridos_graves,ilesos,ignorados,feridos,veiculos,latitude,longitude,regional,delegacia,uop,ano_arquivo
716611.0,2025-08-13,quarta-feira,10:00:00,SC,282,532.3,CORDILHEIRA ALTA,Acessar a via sem observar a presença dos outros veículos,Colisão transversal,Com Vítimas Feridas,Pleno dia,Crescente,Céu Claro,Simples,Reta,Não,2,0,0,1,1,0,1,2,-26.99630693,-52.61934042,SPRF-SC,DEL07-SC,UOP01-DEL07-SC,2025
716738.0,2025-09-07,domingo,00:00:00,SC,282,64.0,RANCHO QUEIMADO,Ausência de reação do condutor,Colisão lateral sentido oposto,Com Vítimas Feridas,Plena Noite,Crescente,Garoa/Chuvisco,Simples,Curva,Não,4,0,0,1,3,0,1,3,-27.68021141,-49.01940521,SPRF-SC,DEL01-SC,UOP03-DEL01-SC,2025
716845.0,2025-09-07,domingo,16:10:00,SC,282,358.0,ERVAL VELHO,Transitar na contramão,Colisão frontal,Com Vítimas Feridas,Pleno dia,Decrescente,Céu Claro,Simples,Curva;Declive,Não,6,0,1,2,2,1,3,3,-27.3347967,-51.347235,SPRF-SC,DEL07-SC,UOP05-DEL07-SC,2025
717184.0,2025-09-09,terça-feira,09:05:00,SC,282,59.1,RANCHO QUEIMADO,Acessar a via sem observar a presença dos outros veículos,Colisão transversal,Com Vítimas Feridas,Pleno dia,Decrescente,Nublado,Dupla,Declive;Interseção de Vias;Em Obras,Não,3,0,1,1,0,2,2,4,-27.677865,-49.01247,SPRF-SC,DEL01-SC,UOP03-DEL01-SC,2025
717244.0,2025-05-22,quinta-feira,16:00:00,SC,282,489.5,FAXINAL DOS GUEDES,Transitar na contramão,Colisão frontal,Com Vítimas Fatais,Pleno dia,Decrescente,Chuva,Simples,Curva,Não,4,1,0,0,1,2,0,3,-26.86327106,-52.27043867,SPRF-SC,DEL07-SC,UOP01-DEL07-SC,2025
717592.0,2025-09-11,quinta-feira,10:00:00,SC,282,22.4,SANTO AMARO DA IMPERATRIZ,Ausência de reação do condutor,Colisão traseira,Com Vítimas Feridas,Pleno dia,Crescente,Céu Claro,Simples,Reta,Sim,2,0,0,1,1,0,1,2,-27.68946,-48.73239,SPRF-SC,DEL01-SC,UOP02-DEL01-SC,2025
717627.0,2025-09-11,quinta-feira,09:30:00,SC,282,406.0,CATANDUVAS,Transitar na contramão,Colisão traseira,Sem Vítimas,Pleno dia,Decrescente,Céu Claro,Simples,Reta;Declive,Não,4,0,0,0,3,2,0,5,-27.09562,-51.65537,SPRF-SC,DEL07-SC,UOP05-DEL07-SC,2025
717666.0,2025-09-11,quinta-feira,16:45:00,SC,282,515.3,XAXIM,Condutor deixou de manter distância do veículo da frente,Colisão traseira,Com Vítimas Feridas,Pleno dia,Decrescente,Sol,Simples,Reta,Não,3,0,1,0,2,0,1,2,-26.92292,-52.496252,SPRF-SC,DEL07-SC,UOP01-DEL07-SC,2025
717682.0,2025-09-11,quinta-feira,18:58:00,SC,282,16.3,PALHOCA,Reação tardia ou ineficiente do condutor,Colisão traseira,Com Vítimas Feridas,Plena Noite,Crescente,Céu Claro,Simples,Interseção de Vias;Reta,Sim,3,0,0,1,2,0,1,3,-27.66166484,-48.68453979,SPRF-SC,DEL01-SC,UOP02-DEL01-SC,2025
717685.0,2025-09-11,quinta-feira,18:45:00,SC,480,128.0,CHAPECO,Acessar a via sem observar a presença dos outros veículos,Colisão transversal,Com Vítimas Feridas,Plena Noite,Decrescente,Céu Claro,Simples,Reta;Viaduto,Não,3,0,0,1,1,1,1,3,-27.027794,-52.634088,SPRF-SC,DEL07-SC,UOP01-DEL07-SC,2025
717784.0,2025-09-12,sexta-feira,08:00:00,SC,282,2.9,FLORIANOPOLIS,Trafegar com motocicleta (ou similar) entre as faixas,Colisão lateral mesmo sentido,Com Vítimas Feridas,Pleno dia,Decrescente,Sol,Dupla,Reta,Sim,3,0,0,1,1,1,1,3,-27.60207695,-48.5968101,SPRF-SC,DEL01-SC,UOP01-DEL01-SC,2025
717838.0,2025-09-12,sexta-feira,12:00:00,SC,282,315.4,VARGEM,Condutor Dormindo,Colisão traseira,Com Vítimas Feridas,Pleno dia,Crescente,Céu Claro,Simples,Reta,Não,3,0,0,1,1,1,1,3,-27.4439077,-51.0060249,SPRF-SC,DEL07-SC,UOP06-DEL07-SC,2025
718118.0,2025-09-13,sábado,15:10:00,SC,282,67.7,RANCHO QUEIMADO,Velocidade Incompatível,Tombamento,Com Vítimas Feridas,Pleno dia,Crescente,Céu Claro,Simples,Curva,Não,2,0,1,0,0,1,1,2,-27.69110417,-49.07291142,SPRF-SC,DEL01-SC,UOP03-DEL01-SC,2025
718548.0,2025-09-15,segunda-feira,09:15:00,SC,282,606.0,MARAVILHA,Acesso irregular,Colisão transversal,Com Vítimas Feridas,Pleno dia,Crescente,Céu Claro,Simples,Rotatória,Sim,3,0,1,0,1,2,1,4,-26.774862,-53.203277,SPRF-SC,DEL07-SC,UOP02-DEL07-SC,2025
718602.0,2025-09-15,segunda-feira,12:50:00,SC,282,111.5,ALFREDO WAGNER,Condutor Dormindo,Colisão lateral mesmo sentido,Com Vítimas Feridas,Pleno dia,Crescente,Nublado,Simples,Reta;Declive,Não,4,0,1,0,2,1,1,3,-27.7336,-49.3718,SPRF-SC,DEL01-SC,UOP03-DEL01-SC,2025
718654.0,2025-09-15,segunda-feira,17:30:00,SC,282,624.0,IRACEMINHA,Estacionar ou parar em local proibido,Colisão lateral mesmo sentido,Sem Vítimas,Pleno dia,Decrescente,Chuva,Simples,Interseção de Vias,Sim,4,0,0,0,3,1,0,3,-26.798169,-53.345424,SPRF-SC,DEL07-SC,UOP02-DEL07-SC,2025
718679.0,2025-09-15,segunda-feira,19:20:00,SC,282,512.3,XANXERE,Ausência de reação do condutor,Saída de leito carroçável,Com Vítimas Feridas,Plena Noite,Decrescente,Chuva,Simples,Reta;Aclive,Não,2,0,1,0,0,1,1,2,-26.91220596,-52.47394022,SPRF-SC,DEL07-SC,UOP01-DEL07-SC,2025
718899.0,2025-09-17,quarta-feira,04:10:00,SC,282,63.5,RANCHO QUEIMADO,Ausência de reação do condutor,Colisão transversal,Com Vítimas Feridas,Amanhecer,Crescente,Céu Claro,Simples,Curva,Não,7,0,5,0,1,2,5,4,-27.696773,-49.047482,SPRF-SC,DEL01-SC,UOP03-DEL01-SC,2025
718919.0,2025-09-17,quarta-feira,07:20:00,SC,282,517.7,XAXIM,Condutor deixou de manter distância do veículo da frente,Engavetamento,Com Vítimas Feridas,Pleno dia,Decrescente,Céu Claro,Simples,Reta;Aclive,Não,5,0,1,0,3,1,1,5,-26.9408657,-52.50235319,SPRF-SC,DEL07-SC,UOP01-DEL07-SC,2025
719110.0,2025-09-18,quinta-feira,06:40:00,SC,282,370.0,ERVAL VELHO,Desrespeitar a preferência no cruzamento,Colisão transversal,Com Vítimas Feridas,Amanhecer,Decrescente,Céu Claro,Simples,Reta;Retorno Regulamentado,Sim,3,0,0,1,1,1,1,3,-27.275356,-51.441463,SPRF-SC,DEL07-SC,UOP05-DEL07-SC,2025
719205.0,2025-09-18,quinta-feira,14:10:00,SC,282,519.3,XAXIM,Reação tardia ou ineficiente do condutor,Colisão frontal,Com Vítimas Feridas,Pleno dia,Crescente,Céu Claro,Simples,Aclive;Reta,Não,5,0,1,0,2,2,1,4,-26.94850499,-52.51947161,SPRF-SC,DEL07-SC,UOP01-DEL07-SC,2025
719459.0,2025-09-19,sexta-feira,17:43:00,SC,282,306.2,VARGEM,Acessar a via sem observar a presença dos outros veículos,Colisão traseira,Com Vítimas Feridas,Pleno dia,Decrescente,Céu Claro,Simples,Reta,Não,2,0,1,0,1,0,1,2,-27.49574424,-50.95329031,SPRF-SC,DEL07-SC,UOP06-DEL07-SC,2025
719702.0,2025-09-20,sábado,15:00:00,SC,282,81.9,ALFREDO WAGNER,Problema com o freio,Saída de leito carroçável,Com Vítimas Feridas,Pleno dia,Crescente,Nublado,Simples,Declive;Reta,Não,2,0,2,0,0,0,2,1,-27.661778,-49.178195,SPRF-SC,DEL01-SC,UOP03-DEL01-SC,2025
719792.0,2025-09-20,sábado,17:50:00,SC,282,527.2,XAXIM,Ingestão de álcool pelo condutor,Tombamento,Com Vítimas Feridas,Pleno dia,Decrescente,Céu Claro,Simples,Curva,Não,2,0,1,0,0,1,1,2,-26.97369675,-52.58395028,SPRF-SC,DEL07-SC,UOP01-DEL07-SC,2025
720226.0,2025-09-22,segunda-feira,12:15:00,SC,282,340.0,CAMPOS NOVOS,Desrespeitar a preferência no cruzamento,Colisão transversal,Sem Vítimas,Pleno dia,Decrescente,Céu Claro,Simples,Interseção de Vias,Não,5,0,0,0,4,1,0,3,-27.39367874,-51.19225502,SPRF-SC,DEL07-SC,UOP06-DEL07-SC,2025
720378.0,2025-09-22,segunda-feira,17:00:00,SC,282,362.6,ERVAL VELHO,Ausência de reação do condutor,Tombamento,Sem Vítimas,Pleno dia,Crescente,Céu Claro,Simples,Reta,Não,1,0,0,0,1,0,0,1,-27.30378336,-51.38196374,SPRF-SC,DEL07-SC,UOP05-DEL07-SC,2025
720798.0,2025-09-25,quinta-feira,12:15:00,SC,282,534.8,CHAPECO,Reação tardia ou ineficiente do condutor,Engavetamento,Com Vítimas Feridas,Pleno dia,Crescente,Céu Claro,Simples,Reta,Sim,5,0,1,0,3,1,1,5,-26.996946,-52.641029,SPRF-SC,DEL07-SC,UOP01-DEL07-SC,2025
720810.0,2025-09-25,quinta-feira,14:00:00,SC,282,641.8,SAO MIGUEL DO OESTE,Transitar na contramão,Colisão lateral mesmo sentido,Sem Vítimas,Pleno dia,Crescente,Sol,Simples,Reta,Não,3,0,0,0,2,2,0,4,-26.77219887,-53.46161691,SPRF-SC,DEL07-SC,UOP03-DEL07-SC,2025
721156.0,2025-09-27,sábado,03:00:00,SC,282,27.0,SANTO AMARO DA IMPERATRIZ,Transitar na contramão,Colisão frontal,Sem Vítimas,Plena Noite,Crescente,Céu Claro,Simples,Reta,Sim,3,0,0,0,2,1,0,3,-27.67649379,-48.78168806,SPRF-SC,DEL01-SC,UOP03-DEL01-SC,2025
721241.0,2025-09-27,sábado,13:20:00,SC,282,516.1,XAXIM,Manobra de mudança de faixa,Colisão lateral mesmo sentido,Com Vítimas Feridas,Pleno dia,Crescente,Sol,Simples,Curva,Não,2,0,0,1,1,0,1,2,-26.92938,-52.49958,SPRF-SC,DEL07-SC,UOP01-DEL07-SC,2025
722253.0,2025-10-02,quinta-feira,14:10:00,SC,282,51.4,AGUAS MORNAS,Velocidade Incompatível,Colisão frontal,Com Vítimas Feridas,Pleno dia,Decrescente,Chuva,Simples,Declive;Curva,Não,6,0,2,1,1,2,3,4,-27.70207,-48.96152,SPRF-SC,DEL01-SC,UOP03-DEL01-SC,2025
722946.0,2025-09-19,sexta-feira,17:30:00,SC,282,395.4,JOACABA,Demais falhas mecânicas ou elétricas,Colisão traseira,Com Vítimas Feridas,Pleno dia,Crescente,Sol,Simples,Aclive,Não,4,0,2,0,1,1,2,3,-27.15653,-51.59539,SPRF-SC,DEL07-SC,UOP05-DEL07-SC,2025
723008.0,2025-10-05,domingo,17:45:00,SC,282,620.0,IRACEMINHA,Demais falhas mecânicas ou elétricas,Queda de ocupante de veículo,Com Vítimas Feridas,Anoitecer,Decrescente,Céu Claro,Simples,Curva,Não,1,0,0,1,0,0,1,1,-26.794127,-53.298203,SPRF-SC,DEL07-SC,UOP02-DEL07-SC,2025
723144.0,2025-10-06,segunda-feira,08:30:00,SC,282,1.6,FLORIANOPOLIS,Condutor deixou de manter distância do veículo da frente,Colisão traseira,Com Vítimas Feridas,Pleno dia,Decrescente,Nublado,Múltipla,Reta,Sim,5,0,1,0,2,2,1,5,-27.60360769,-48.58654261,SPRF-SC,DEL01-SC,UOP01-DEL01-SC,2025
723204.0,2025-10-06,segunda-feira,08:50:00,SC,282,70.0,RANCHO QUEIMADO,Demais falhas mecânicas ou elétricas,Incêndio,Sem Vítimas,Pleno dia,Crescente,Chuva,Simples,Reta;Aclive,Não,2,0,0,0,1,1,0,2,-27.68678,-49.0346705,SPRF-SC,DEL01-SC,UOP03-DEL01-SC,2025
723212.0,2025-10-06,segunda-feira,08:10:00,SC,282,596.0,SAUDADES,Acumulo de água sobre o pavimento,Colisão frontal,Com Vítimas Feridas,Pleno dia,Crescente,Chuva,Simples,Reta,Não,4,0,3,0,1,0,3,3,-26.82917291,-53.11912246,SPRF-SC,DEL07-SC,UOP02-DEL07-SC,2025
723252.0,2025-10-06,segunda-feira,10:45:00,SC,282,453.0,PONTE SERRADA,Mal súbito do condutor,Colisão lateral sentido oposto,Com Vítimas Feridas,Pleno dia,Decrescente,Chuva,Simples,Reta,Não,3,0,0,1,1,1,1,3,-26.913662,-51.961291,SPRF-SC,DEL07-SC,UOP04-DEL07-SC,2025
723608.0,2025-10-08,quarta-feira,11:50:00,SC,282,258.0,SAO JOSE DO CERRITO,Ausência de reação do condutor,Saída de leito carroçável,Com Vítimas Feridas,Pleno dia,Decrescente,Céu Claro,Simples,Curva;Declive,Não,1,0,0,1,0,0,1,1,-27.65631,-50.596488,SPRF-SC,DEL05-SC,UOP02-DEL05-SC,2025
723708.0,2025-10-08,quarta-feira,18:00:00,SC,282,524.4,XAXIM,Transitar na contramão,Colisão lateral sentido oposto,Sem Vítimas,Pleno dia,Crescente,Nublado,Simples,Curva,Não,2,0,0,0,2,0,0,2,-26.96388,-52.560292,SPRF-SC,DEL07-SC,UOP01-DEL07-SC,2025
723723.0,2025-10-08,quarta-feira,23:25:00,SC,282,221.1,LAGES,Pedestre andava na pista,Atropelamento de Pedestre,Com Vítimas Fatais,Plena Noite,Decrescente,Nublado,Simples,Reta,Sim,4,1,0,0,2,1,0,4,-27.79603403,-50.34216106,SPRF-SC,DEL05-SC,UOP01-DEL05-SC,2025
723727.0,2025-10-09,quinta-feira,03:20:00,SC,282,175.5,BOCAINA DO SUL,Ingestão de álcool pelo condutor,Colisão frontal,Com Vítimas Fatais,Plena Noite,Decrescente,Nublado,Simples,Reta,Não,4,2,0,0,1,1,0,3,-27.740735,-49.896901,SPRF-SC,DEL05-SC,UOP01-DEL05-SC,2025
723732.0,2025-10-08,quarta-feira,18:00:00,SC,282,624.1,IRACEMINHA,Condutor deixou de manter distância do veículo da frente,Colisão traseira,Com Vítimas Feridas,Pleno dia,Decrescente,Sol,Simples,Reta,Não,2,0,1,0,1,0,1,2,-26.7984359,-53.3451144,SPRF-SC,DEL07-SC,UOP02-DEL07-SC,2025
724775.0,2025-10-13,segunda-feira,11:00:00,SC,282,345.9,CAMPOS NOVOS,Ultrapassagem Indevida,Colisão transversal,Com Vítimas Feridas,Pleno dia,Decrescente,Céu Claro,Simples,Reta,Não,2,0,1,0,1,0,1,2,-27.36931,-51.25355,SPRF-SC,DEL07-SC,UOP06-DEL07-SC,2025
725049.0,2025-07-27,domingo,17:00:00,SC,282,564.9,NOVA ERECHIM,Acumulo de água sobre o pavimento,Colisão frontal,Com Vítimas Fatais,Anoitecer,Decrescente,Chuva,Simples,Curva,Não,7,2,2,3,0,0,5,2,-26.8989531,-52.8737801,SPRF-SC,DEL07-SC,UOP02-DEL07-SC,2025
725452.0,2025-10-16,quinta-feira,14:15:00,SC,282,109.7,ALFREDO WAGNER,Demais falhas mecânicas ou elétricas,Saída de leito carroçável,Com Vítimas Fatais,Pleno dia,Decrescente,Céu Claro,Simples,Declive;Curva,Não,1,1,0,0,0,0,0,1,-27.725715,-49.359529,SPRF-SC,DEL01-SC,UOP03-DEL01-SC,2025
725629.0,2025-10-17,sexta-feira,13:20:00,SC,282,599.9,CUNHA PORA,Condutor deixou de manter distância do veículo da frente,Colisão traseira,Com Vítimas Feridas,Pleno dia,Crescente,Chuva,Simples,Curva,Não,9,0,1,0,7,2,1,4,-26.815832,-53.164442,SPRF-SC,DEL07-SC,UOP02-DEL07-SC,2025
725883.0,2025-10-18,sábado,10:40:00,SC,282,539.5,CHAPECO,Transitar na contramão,Colisão lateral sentido oposto,Com Vítimas Feridas,Pleno dia,Crescente,Céu Claro,Simples,Curva,Não,4,0,1,0,3,0,1,3,-26.991373,-52.686512,SPRF-SC,DEL07-SC,UOP01-DEL07-SC,2025
725906.0,2025-10-18,sábado,16:35:00,SC,282,408.0,CATANDUVAS,Ausência de reação do condutor,Saída de leito carroçável,Com Vítimas Feridas,Pleno dia,Decrescente,Garoa/Chuvisco,Simples,Reta,Não,1,0,1,0,0,0,1,1,-27.085082,-51.661722,SPRF-SC,DEL07-SC,UOP05-DEL07-SC,2025
726457.0,2025-10-20,segunda-feira,20:40:00,SC,282,342.9,CAMPOS NOVOS,Transitar na contramão,Colisão lateral sentido oposto,Com Vítimas Feridas,Plena Noite,Crescente,Céu Claro,Simples,Reta,Sim,2,0,1,0,1,0,1,2,-27.390272,-51.22344,SPRF-SC,DEL07-SC,UOP06-DEL07-SC,2025
726506.0,2025-10-21,terça-feira,08:15:00,SC,282,2.4,FLORIANOPOLIS,Trafegar com motocicleta (ou similar) entre as faixas,Colisão lateral mesmo sentido,Com Vítimas Feridas,Pleno dia,Decrescente,Nublado,Dupla,Reta,Sim,3,0,1,0,2,0,1,3,-27.602,-48.595,SPRF-SC,DEL01-SC,UOP01-DEL01-SC,2025
726727.0,2025-10-07,terça-feira,18:15:00,SC,282,520.0,XAXIM,Reação tardia ou ineficiente do condutor,Tombamento,Sem Vítimas,Anoitecer,Decrescente,Céu Claro,Simples,Curva,Não,2,0,0,0,1,1,0,2,-26.9512761,-52.524276,SPRF-SC,DEL07-SC,UOP01-DEL07-SC,2025
726912.0,2025-10-23,quinta-feira,09:20:00,SC,282,534.0,CORDILHEIRA ALTA,Reação tardia ou ineficiente do condutor,Colisão frontal,Com Vítimas Feridas,Pleno dia,Decrescente,Céu Claro,Simples,Curva,Não,5,0,1,0,2,3,1,6,-26.99590542,-52.63834119,SPRF-SC,DEL07-SC,UOP01-DEL07-SC,2025
727143.0,2025-10-24,sexta-feira,08:30:00,SC,282,216.0,LAGES,Pedestre andava na pista,Atropelamento de Pedestre,Com Vítimas Fatais,Pleno dia,Crescente,Céu Claro,Simples,Declive;Curva,Sim,3,1,0,0,1,1,0,3,-27.79705,-50.28972,SPRF-SC,DEL05-SC,UOP01-DEL05-SC,2025
727157.0,2025-10-20,segunda-feira,06:50:00,SC,282,587.9,SAUDADES,Ausência de reação do condutor,Saída de leito carroçável,Sem Vítimas,Pleno dia,Crescente,Céu Claro,Múltipla,Aclive,Não,2,0,0,0,1,1,0,2,-26.826181,-53.051388,SPRF-SC,DEL07-SC,UOP02-DEL07-SC,2025
727297.0,2025-10-24,sexta-feira,21:00:00,SC,282,604.0,MARAVILHA,Ausência de reação do condutor,Colisão lateral mesmo sentido,Sem Vítimas,Pleno dia,Crescente,Nublado,Simples,Aclive,Não,3,0,0,0,1,3,0,4,-26.80278903,-53.18851607,SPRF-SC,DEL07-SC,UOP02-DEL07-SC,2025
727392.0,2025-10-25,sábado,09:45:00,SC,282,523.7,XAXIM,Conversão proibida,Colisão transversal,Com Vítimas Feridas,Pleno dia,Decrescente,Sol,Simples,Reta,Sim,3,0,1,0,2,0,1,2,-26.965342,-52.55347,SPRF-SC,DEL07-SC,UOP01-DEL07-SC,2025
727440.0,2025-10-25,sábado,16:00:00,SC,282,111.7,ALFREDO WAGNER,Velocidade Incompatível,Tombamento,Com Vítimas Feridas,Pleno dia,Crescente,Nublado,Simples,Curva,Não,2,0,1,0,0,1,1,2,-27.733597,-49.373738,SPRF-SC,DEL01-SC,UOP03-DEL01-SC,2025
727684.0,2025-10-26,domingo,15:00:00,SC,282,528.5,CORDILHEIRA ALTA,Condutor usando celular,Colisão frontal,Com Vítimas Fatais,Pleno dia,Decrescente,Nublado,Simples,Curva,Não,3,1,0,0,1,1,0,3,-26.9809366,-52.5913018,SPRF-SC,DEL07-SC,UOP01-DEL07-SC,2025
728019.0,2025-10-28,terça-feira,00:45:00,SC,282,365.7,ERVAL VELHO,Ausência de reação do condutor,Colisão traseira,Com Vítimas Feridas,Plena Noite,Crescente,Céu Claro,Simples,Reta,Não,2,0,1,0,1,0,1,2,-27.292029,-51.414342,SPRF-SC,DEL07-SC,UOP05-DEL07-SC,2025
728089.0,2025-10-28,terça-feira,12:00:00,SC,282,111.7,ALFREDO WAGNER,Transitar na contramão,Saída de leito carroçável,Com Vítimas Feridas,Pleno dia,Crescente,Chuva,Simples,Curva;Declive,Não,3,0,1,0,2,0,1,2,-27.73432232,-49.37194571,SPRF-SC,DEL01-SC,UOP03-DEL01-SC,2025
728274.0,2025-10-29,quarta-feira,08:00:00,SC,282,263.4,SAO JOSE DO CERRITO,Reação tardia ou ineficiente do condutor,Colisão traseira,Com Vítimas Feridas,Pleno dia,Crescente,Chuva,Simples,Interseção de Vias,Não,6,0,2,0,3,1,2,4,-27.62672826,-50.62438524,SPRF-SC,DEL05-SC,UOP02-DEL05-SC,2025
728432.0,2025-10-30,quinta-feira,00:45:00,SC,282,467.0,PONTE SERRADA,Transitar na contramão,Colisão lateral sentido oposto,Com Vítimas Feridas,Plena Noite,Decrescente,Céu Claro,Simples,Reta,Não,3,0,0,1,1,4,1,6,-26.852342,-52.070202,SPRF-SC,DEL07-SC,UOP04-DEL07-SC,2025
728795.0,2025-10-31,sexta-feira,17:44:00,SC,282,222.0,LAGES,Ausência de reação do condutor,Colisão traseira,Com Vítimas Feridas,Anoitecer,Crescente,Céu Claro,Dupla,Aclive;Curva,Não,4,0,1,0,2,1,1,3,-27.79871992,-50.35946131,SPRF-SC,DEL05-SC,UOP01-DEL05-SC,2025
729276.0,2025-11-02,domingo,22:20:00,SC,282,338.0,CAMPOS NOVOS,Ausência de reação do condutor,Colisão lateral sentido oposto,Sem Vítimas,Pleno dia,Decrescente,Céu Claro,Simples,Declive;Reta,Não,4,0,0,0,3,1,0,3,-27.3935,-51.18863,SPRF-SC,DEL07-SC,UOP06-DEL07-SC,2025
729286.0,2025-11-03,segunda-feira,00:30:00,SC,282,509.8,XANXERE,Acessar a via sem observar a presença dos outros veículos,Colisão lateral sentido oposto,Com Vítimas Feridas,Plena Noite,Decrescente,Céu Claro,Simples,Reta,Não,2,0,2,0,0,0,2,2,-26.89189447,-52.45862246,SPRF-SC,DEL07-SC,UOP01-DEL07-SC,2025
729652.0,2025-11-04,terça-feira,19:25:00,SC,282,527.9,CORDILHEIRA ALTA,Animais na Pista,Atropelamento de Animal,Com Vítimas Feridas,Plena Noite,Decrescente,Céu Claro,Simples,Curva,Não,1,0,1,0,0,0,1,1,-26.9779091,-52.58818367,SPRF-SC,DEL07-SC,UOP01-DEL07-SC,2025
729791.0,2025-11-05,quarta-feira,16:00:00,SC,480,125.1,CHAPECO,Condutor deixou de manter distância do veículo da frente,Colisão traseira,Com Vítimas Feridas,Pleno dia,Decrescente,Céu Claro,Múltipla,Reta,Sim,3,0,0,1,1,1,1,3,-26.99996485,-52.64663581,SPRF-SC,DEL07-SC,UOP01-DEL07-SC,2025
730069.0,2025-11-06,quinta-feira,23:45:00,SC,282,405.0,JOACABA,Transitar no Acostamento,Colisão frontal,Com Vítimas Fatais,Plena Noite,Decrescente,Nublado,Simples,Reta;Declive,Não,4,1,0,0,1,3,0,5,-27.101634,-51.646609,SPRF-SC,DEL07-SC,UOP05-DEL07-SC,2025
730102.0,2025-09-25,quinta-feira,07:05:00,SC,282,487.0,FAXINAL DOS GUEDES,Manobra de mudança de faixa,Colisão lateral sentido oposto,Com Vítimas Feridas,Pleno dia,Decrescente,Céu Claro,Simples,Curva,Não,6,0,2,0,4,0,2,3,-26.855325,-52.2504361,SPRF-SC,DEL07-SC,UOP01-DEL07-SC,2025
730150.0,2025-11-07,sexta-feira,13:15:00,SC,282,1.0,FLORIANOPOLIS,Reação tardia ou ineficiente do condutor,Colisão traseira,Com Vítimas Feridas,Pleno dia,Decrescente,Chuva,Múltipla,Reta,Sim,3,0,0,1,0,2,1,3,-27.602898,-48.580482,SPRF-SC,DEL01-SC,UOP01-DEL01-SC,2025
730178.0,2025-10-23,quinta-feira,08:55:00,SC,282,535.0,CHAPECO,Desrespeitar a preferência no cruzamento,Colisão transversal,Sem Vítimas,Pleno dia,Decrescente,Céu Claro,Dupla,Reta;Interseção de Vias,Sim,5,0,0,0,5,0,0,2,-26.99957272,-52.64601994,SPRF-SC,DEL07-SC,UOP01-DEL07-SC,2025
730196.0,2025-11-07,sexta-feira,16:00:00,SC,282,63.9,CAMPOS NOVOS,Ultrapassagem Indevida,Colisão frontal,Com Vítimas Feridas,Pleno dia,Crescente,Chuva,Simples,Curva,Não,5,0,2,0,2,2,2,5,-27.35998,-51.27754,SPRF-SC,DEL01-SC,UOP03-DEL01-SC,2025
730242.0,2025-11-07,sexta-feira,18:47:00,SC,282,391.0,JOACABA,Reação tardia ou ineficiente do condutor,Colisão com objeto,Sem Vítimas,Plena Noite,Crescente,Chuva,Dupla,Reta,Não,1,0,0,0,1,0,0,1,-27.17409165,-51.55198283,SPRF-SC,DEL07-SC,UOP05-DEL07-SC,2025
730443.0,2025-11-08,sábado,15:00:00,SC,282,520.0,XAXIM,Carga excessiva e/ou mal acondicionada,Tombamento,Sem Vítimas,Pleno dia,Decrescente,Nublado,Simples,Interseção de Vias,Sim,1,0,0,0,1,0,0,1,-26.94943,-52.5290531,SPRF-SC,DEL07-SC,UOP01-DEL07-SC,2025
730637.0,2025-11-09,domingo,03:30:00,SC,282,252.0,SAO JOSE DO CERRITO,Ingestão de álcool pelo condutor,Capotamento,Com Vítimas Feridas,Plena Noite,Crescente,Céu Claro,Simples,Curva,Não,9,0,3,3,1,2,6,3,-27.687647,-50.566508,SPRF-SC,DEL05-SC,UOP02-DEL05-SC,2025
730960.0,2025-11-10,segunda-feira,14:45:00,SC,480,131.3,CHAPECO,Demais falhas mecânicas ou elétricas,Saída de leito carroçável,Com Vítimas Feridas,Pleno dia,Decrescente,Sol,Dupla,Reta,Sim,1,0,1,0,0,0,1,1,-27.058792,-52.635858,SPRF-SC,DEL07-SC,UOP01-DEL07-SC,2025
731150.0,2025-10-16,quinta-feira,18:16:00,SC,282,157.0,BOM RETIRO,Acessar a via sem observar a presença dos outros veículos,Colisão transversal,Sem Vítimas,Anoitecer,Crescente,Nublado,Simples,Reta,Não,4,0,0,0,3,1,0,2,-27.742624,-49.727013,SPRF-SC,DEL05-SC,UOP01-DEL05-SC,2025
731421.0,2025-11-12,quarta-feira,16:45:00,SC,282,502.5,XANXERE,Carga excessiva e/ou mal acondicionada,Derramamento de carga,Sem Vítimas,Pleno dia,Crescente,Chuva,Dupla,Retorno Regulamentado,Sim,2,0,0,0,1,1,0,2,-26.8851929,-52.39475348,SPRF-SC,DEL07-SC,UOP01-DEL07-SC,2025
731494.0,2025-04-30,quarta-feira,15:15:00,SC,282,592.9,SAUDADES,Velocidade Incompatível,Colisão frontal,Com Vítimas Fatais,Pleno dia,Decrescente,Sol,Simples,Aclive;Curva,Não,3,1,0,0,1,1,0,3,-26.8260392,-53.1018286,SPRF-SC,DEL07-SC,UOP02-DEL07-SC,2025