id,data_inversa,dia_semana,horario,uf,br,km,municipio,causa_acidente,tipo_acidente,classificacao_acidente,fase_dia,sentido_via,condicao_metereologica,tipo_pista,tracado_via,uso_solo,pessoas,mortos,feridos_leves,feridos_graves,ilesos,ignorados,feridos,veiculos,latitude,longitude,regional,delegacia,uop,ano_arquivo
660229.0,2025-02-09,domingo,08:00:00,SC,282,42.0,AGUAS MORNAS,Reação tardia ou ineficiente do condutor,Queda de ocupante de veículo,Com Vítimas Feridas,Pleno dia,Crescente,Céu Claro,Simples,Reta,Sim,1,0,1,0,0,0,1,1,-27.72077,-48.887478,SPRF-SC,DEL01-SC,UOP03-DEL01-SC,2025
660257.0,2025-02-09,domingo,08:20:00,SC,282,446.0,PONTE SERRADA,Transitar na contramão,Colisão frontal,Com Vítimas Fatais,Pleno dia,Crescente,Céu Claro,Simples,Curva,Não,2,1,0,0,1,0,0,2,-26.912537,-51.905172,SPRF-SC,DEL07-SC,UOP04-DEL07-SC,2025
660320.0,2025-02-09,domingo,18:10:00,SC,282,16.4,PALHOCA,Manobra de mudança de faixa,Colisão lateral mesmo sentido,Com Vítimas Feridas,Pleno dia,Decrescente,Sol,Simples,Reta,Sim,3,0,1,0,2,0,1,2,-27.658611,-48.681847,SPRF-SC,DEL01-SC,UOP02-DEL01-SC,2025
660385.0,2025-02-09,domingo,21:29:00,SC,282,371.0,ERVAL VELHO,Ausência de reação do condutor,Saída de leito carroçável,Sem Vítimas,Plena Noite,Decrescente,Céu Claro,Simples,Curva;Declive,Não,1,0,0,0,0,1,0,1,-27.262321,-51.442307,SPRF-SC,DEL07-SC,UOP05-DEL07-SC,2025
660429.0,2025-02-09,domingo,20:45:00,SC,282,437.0,VARGEM BONITA,Condutor Dormindo,Saída de leito carroçável,Sem Vítimas,Plena Noite,Decrescente,Céu Claro,Simples,Reta,Não,1,0,0,0,0,1,0,1,-26.963764,-51.854839,SPRF-SC,DEL07-SC,UOP04-DEL07-SC,2025
660585.0,2025-02-10,segunda-feira,17:45:00,SC,282,0.9,FLORIANOPOLIS,Condutor deixou de manter distância do veículo da frente,Colisão traseira,Com Vítimas Feridas,Pleno dia,Crescente,Céu Claro,Múltipla,Reta,Sim,2,0,0,1,1,0,1,2,-27.59845,-48.571995,SPRF-SC,DEL01-SC,UOP01-DEL01-SC,2025
660614.0,2025-02-10,segunda-feira,17:20:00,SC,282,28.8,SANTO AMARO DA IMPERATRIZ,Reação tardia ou ineficiente do condutor,Colisão traseira,Com Vítimas Feridas,Pleno dia,Decrescente,Céu Claro,Simples,Reta,Sim,5,0,4,0,1,0,4,3,-27.67478,-48.778904,SPRF-SC,DEL01-SC,UOP03-DEL01-SC,2025
661019.0,2025-02-12,quarta-feira,22:15:00,SC,282,490.9,FAXINAL DOS GUEDES,Transitar na contramão,Colisão frontal,Com Vítimas Fatais,Plena Noite,Decrescente,Chuva,Simples,Reta,Não,4,1,1,2,0,0,3,2,-26.87361406,-52.28061497,SPRF-SC,DEL07-SC,UOP01-DEL07-SC,2025
661102.0,2025-02-09,domingo,05:07:00,SC,282,524.2,XAXIM,Ingestão de álcool pelo condutor,Colisão frontal,Com Vítimas Feridas,Amanhecer,Crescente,Céu Claro,Simples,Curva;Declive,Não,6,0,3,2,0,1,5,3,-26.9638631,-52.55902827,SPRF-SC,DEL07-SC,UOP01-DEL07-SC,2025
661120.0,2025-02-13,quinta-feira,15:00:00,SC,282,40.0,AGUAS MORNAS,Acesso irregular,Colisão frontal,Com Vítimas Feridas,Pleno dia,Decrescente,Garoa/Chuvisco,Simples,Reta,Sim,3,0,1,1,1,0,2,2,-27.716148,-48.869583,SPRF-SC,DEL01-SC,UOP03-DEL01-SC,2025
661196.0,2025-02-13,quinta-feira,22:15:00,SC,282,605.0,MARAVILHA,Velocidade Incompatível,Colisão lateral sentido oposto,Sem Vítimas,Plena Noite,Decrescente,Céu Claro,Simples,Reta,Não,2,0,0,0,2,0,0,2,-26.786951,-53.195248,SPRF-SC,DEL07-SC,UOP02-DEL07-SC,2025
661277.0,2025-02-14,sexta-feira,10:30:00,SC,282,524.0,XAXIM,Acessar a via sem observar a presença dos outros veículos,Colisão transversal,Sem Vítimas,Pleno dia,Crescente,Céu Claro,Simples,Curva,Não,2,0,0,0,2,0,0,2,-26.965002,-52.557384,SPRF-SC,DEL07-SC,UOP01-DEL07-SC,2025
661282.0,2025-02-14,sexta-feira,11:45:00,SC,282,64.9,RANCHO QUEIMADO,Velocidade Incompatível,Saída de leito carroçável,Com Vítimas Feridas,Pleno dia,Crescente,Nublado,Simples,Curva;Declive,Não,2,0,1,1,0,0,2,1,-27.696323,-49.052456,SPRF-SC,DEL01-SC,UOP03-DEL01-SC,2025
661427.0,2025-02-14,sexta-feira,22:30:00,SC,282,144.8,BOM RETIRO,Acessar a via sem observar a presença dos outros veículos,Colisão transversal,Com Vítimas Feridas,Plena Noite,Decrescente,Nublado,Simples,Reta,Não,4,0,0,1,3,0,1,2,-27.802912,-49.632038,SPRF-SC,DEL05-SC,UOP01-DEL05-SC,2025
661436.0,2025-02-14,sexta-feira,23:20:00,SC,282,480.0,FAXINAL DOS GUEDES,Reação tardia ou ineficiente do condutor,Saída de leito carroçável,Com Vítimas Feridas,Plena Noite,Crescente,Nublado,Simples,Reta;Rotatória,Não,3,0,3,0,0,0,3,1,-26.87817221,-52.18823433,SPRF-SC,DEL07-SC,UOP01-DEL07-SC,2025
661468.0,2025-02-15,sábado,05:00:00,SC,282,2.8,FLORIANOPOLIS,Ausência de reação do condutor,Colisão com objeto,Sem Vítimas,Amanhecer,Decrescente,Chuva,Múltipla,Reta,Sim,2,0,0,0,1,1,0,1,-27.603289,-48.590416,SPRF-SC,DEL01-SC,UOP01-DEL01-SC,2025
661496.0,2025-02-15,sábado,06:00:00,SC,282,592.0,SAUDADES,Ingestão de álcool pelo condutor,Tombamento,Sem Vítimas,Amanhecer,Crescente,Nublado,Simples,Interseção de Vias,Não,1,0,0,0,1,0,0,1,-26.825869,-53.091843,SPRF-SC,DEL07-SC,UOP02-DEL07-SC,2025
661500.0,2025-02-15,sábado,09:20:00,SC,282,371.9,ERVAL VELHO,Conversão proibida,Colisão traseira,Com Vítimas Feridas,Pleno dia,Crescente,Céu Claro,Simples,Reta,Não,2,0,1,0,1,0,1,2,-27.259993,-51.442684,SPRF-SC,DEL07-SC,UOP05-DEL07-SC,2025
661589.0,2025-02-15,sábado,17:00:00,SC,282,68.5,RANCHO QUEIMADO,Velocidade Incompatível,Saída de leito carroçável,Com Vítimas Feridas,Pleno dia,Crescente,Chuva,Simples,Curva;Declive,Não,6,0,3,2,1,0,5,1,-27.692406,-49.075939,SPRF-SC,DEL01-SC,UOP03-DEL01-SC,2025
661605.0,2025-02-15,sábado,19:55:00,SC,282,207.6,LAGES,Reação tardia ou ineficiente do condutor,Saída de leito carroçável,Com Vítimas Feridas,Plena Noite,Decrescente,Chuva,Simples,Reta;Declive,Sim,1,0,1,0,0,0,1,1,-27.773464,-50.202095,SPRF-SC,DEL05-SC,UOP01-DEL05-SC,2025
661624.0,2025-02-15,sábado,20:30:00,SC,282,508.3,XANXERE,Ingestão de álcool pelo condutor,Colisão frontal,Sem Vítimas,Plena Noite,Decrescente,Nublado,Simples,Reta,Não,2,0,0,0,2,0,0,2,-26.887014,-52.448372,SPRF-SC,DEL07-SC,UOP01-DEL07-SC,2025
661727.0,2025-02-15,sábado,05:45:00,SC,282,117.0,ALFREDO WAGNER,Reação tardia ou ineficiente do condutor,Saída de leito carroçável,Com Vítimas Feridas,Amanhecer,Decrescente,Sol,Simples,Reta,Não,1,0,0,1,0,0,1,1,-27.770338,-49.404785,SPRF-SC,DEL01-SC,UOP03-DEL01-SC,2025
661915.0,2025-02-17,segunda-feira,08:10:00,SC,282,3.2,SAO JOSE,Ausência de reação do condutor,Colisão traseira,Com Vítimas Feridas,Pleno dia,Crescente,Céu Claro,Múltipla,Reta,Não,3,0,1,0,2,0,1,2,-27.600384,-48.599705,SPRF-SC,DEL01-SC,UOP01-DEL01-SC,2025
661960.0,2025-02-17,segunda-feira,07:20:00,SC,282,3.2,FLORIANOPOLIS,Ausência de reação do condutor,Queda de ocupante de veículo,Com Vítimas Feridas,Pleno dia,Decrescente,Sol,Múltipla,Reta,Não,1,0,1,0,0,0,1,1,-27.600384,-48.599705,SPRF-SC,DEL01-SC,UOP01-DEL01-SC,2025
662127.0,2025-02-18,terça-feira,07:50:00,SC,282,524.9,XAXIM,Condutor Dormindo,Colisão frontal,Com Vítimas Feridas,Pleno dia,Crescente,Céu Claro,Simples,Reta,Não,5,0,3,0,2,0,3,3,-26.965002,-52.557384,SPRF-SC,DEL07-SC,UOP01-DEL07-SC,2025
662176.0,2025-02-18,terça-feira,13:00:00,SC,282,16.4,PALHOCA,Velocidade Incompatível,Colisão transversal,Com Vítimas Feridas,Pleno dia,Decrescente,Nublado,Simples,Interseção de Vias,Sim,2,0,1,0,1,0,1,2,-27.658611,-48.681847,SPRF-SC,DEL01-SC,UOP02-DEL01-SC,2025
662181.0,2025-02-18,terça-feira,13:00:00,SC,480,128.0,CHAPECO,Manobra de mudança de faixa,Colisão lateral mesmo sentido,Com Vítimas Feridas,Pleno dia,Crescente,Sol,Dupla,Reta,Não,2,0,1,0,1,0,1,2,-27.03781899,-52.63432603,SPRF-SC,DEL07-SC,UOP01-DEL07-SC,2025
662227.0,2025-02-18,terça-feira,12:05:00,SC,282,553.5,NOVA ITABERABA,Manobra de mudança de faixa,Saída de leito carroçável,Com Vítimas Feridas,Pleno dia,Crescente,Nublado,Simples,Reta,Não,1,0,1,0,0,0,1,1,-26.93815,-52.791916,SPRF-SC,DEL07-SC,UOP01-DEL07-SC,2025
662284.0,2025-02-19,quarta-feira,00:05:00,SC,282,110.0,ALFREDO WAGNER,Chuva,Colisão traseira,Sem Vítimas,Plena Noite,Crescente,Garoa/Chuvisco,Simples,Reta;Aclive,Não,3,0,0,0,2,1,0,2,-27.727324,-49.360542,SPRF-SC,DEL01-SC,UOP03-DEL01-SC,2025
662418.0,2025-02-19,quarta-feira,13:00:00,SC,282,457.5,PONTE SERRADA,Reação tardia ou ineficiente do condutor,Queda de ocupante de veículo,Com Vítimas Feridas,Pleno dia,Decrescente,Nublado,Simples,Reta,Não,2,0,2,0,0,0,2,1,-26.8886985,-51.99511528,SPRF-SC,DEL07-SC,UOP04-DEL07-SC,2025
662581.0,2025-02-20,quinta-feira,14:20:00,SC,282,54.0,AGUAS MORNAS,Velocidade Incompatível,Saída de leito carroçável,Com Vítimas Feridas,Pleno dia,Decrescente,Chuva,Simples,Curva;Declive,Não,2,0,1,1,0,0,2,1,-27.685799,-48.974514,SPRF-SC,DEL01-SC,UOP03-DEL01-SC,2025
662694.0,2025-02-21,sexta-feira,04:00:00,SC,282,480.0,VARGEAO,Ausência de reação do condutor,Colisão com objeto,Com Vítimas Feridas,Plena Noite,Crescente,Céu Claro,Simples,Rotatória,Não,1,0,1,0,0,0,1,1,-26.87325706,-52.15371799,SPRF-SC,DEL07-SC,UOP01-DEL07-SC,2025
662720.0,2025-02-10,segunda-feira,05:06:00,SC,282,413.0,CATANDUVAS,Transitar na contramão,Colisão frontal,Com Vítimas Fatais,Amanhecer,Decrescente,Céu Claro,Simples,Reta,Não,2,1,0,1,0,0,1,2,-27.056145,-51.687874,SPRF-SC,DEL07-SC,UOP05-DEL07-SC,2025
662845.0,2025-02-22,sábado,02:17:00,SC,282,513.7,XAXIM,Acessar a via sem observar a presença dos outros veículos,Colisão transversal,Com Vítimas Feridas,Plena Noite,Decrescente,Céu Claro,Simples,Reta,Não,6,0,0,1,5,0,1,3,-26.915385,-52.484887,SPRF-SC,DEL07-SC,UOP01-DEL07-SC,2025
663039.0,2025-02-22,sábado,22:30:00,SC,282,519.0,XAXIM,Ausência de reação do condutor,Colisão traseira,Sem Vítimas,Plena Noite,Decrescente,Céu Claro,Simples,Reta;Declive,Não,6,0,0,0,6,0,0,2,-26.947913,-52.51815,SPRF-SC,DEL07-SC,UOP01-DEL07-SC,2025
663155.0,2025-02-23,domingo,11:20:00,SC,282,652.3,SAO MIGUEL DO OESTE,Desrespeitar a preferência no cruzamento,Colisão transversal,Com Vítimas Feridas,Pleno dia,Decrescente,Céu Claro,Simples,Interseção de Vias,Não,3,0,1,0,2,0,1,2,-26.70408811,-53.52890968,SPRF-SC,DEL07-SC,UOP03-DEL07-SC,2025
663210.0,2025-02-23,domingo,16:40:00,SC,282,25.0,SANTO AMARO DA IMPERATRIZ,Frear bruscamente,Queda de ocupante de veículo,Com Vítimas Feridas,Pleno dia,Decrescente,Céu Claro,Simples,Viaduto,Não,2,0,1,0,1,0,1,2,-27.678422,-48.753423,SPRF-SC,DEL01-SC,UOP03-DEL01-SC,2025
663446.0,2025-02-24,segunda-feira,14:00:00,SC,282,462.0,PONTE SERRADA,Reação tardia ou ineficiente do condutor,Saída de leito carroçável,Sem Vítimas,Pleno dia,Crescente,Céu Claro,Dupla,Rotatória,Sim,1,0,0,0,0,1,0,1,-26.85590932,-52.03176178,SPRF-SC,DEL07-SC,UOP04-DEL07-SC,2025
663487.0,2025-02-24,segunda-feira,19:30:00,SC,282,210.2,SAO JOSE,Reação tardia ou ineficiente do condutor,Colisão traseira,Sem Vítimas,Plena Noite,Decrescente,Céu Claro,Múltipla,Reta,Sim,2,0,0,0,2,0,0,2,-27.615942,-48.644925,SPRF-SC,DEL05-SC,UOP01-DEL05-SC,2025
663673.0,2025-02-25,terça-feira,18:30:00,SC,282,2.9,FLORIANOPOLIS,Reação tardia ou ineficiente do condutor,Colisão traseira,Com Vítimas Feridas,Plena Noite,Crescente,Céu Claro,Múltipla,Curva,Sim,3,0,1,0,2,0,1,3,-27.6010259,-48.59874666,SPRF-SC,DEL01-SC,UOP01-DEL01-SC,2025
663696.0,2025-02-25,terça-feira,17:10:00,SC,282,22.2,SANTO AMARO DA IMPERATRIZ,Reação tardia ou ineficiente do condutor,Tombamento,Com Vítimas Feridas,Pleno dia,Crescente,Sol,Simples,Reta,Sim,1,0,1,0,0,0,1,1,-27.68897114,-48.73041609,SPRF-SC,DEL01-SC,UOP02-DEL01-SC,2025
663712.0,2025-02-25,terça-feira,22:10:00,SC,282,74.0,RANCHO QUEIMADO,Demais falhas mecânicas ou elétricas,Incêndio,Sem Vítimas,Plena Noite,Crescente,Nevoeiro/Neblina,Simples,Curva,Não,1,0,0,0,1,0,0,1,-27.687104,-49.034993,SPRF-SC,DEL01-SC,UOP03-DEL01-SC,2025
663803.0,2025-02-26,quarta-feira,12:15:00,SC,282,16.0,PALHOCA,Condutor deixou de manter distância do veículo da frente,Colisão traseira,Com Vítimas Feridas,Pleno dia,Decrescente,Céu Claro,Simples,Reta,Não,4,0,2,0,1,1,2,3,-27.656002,-48.680635,SPRF-SC,DEL01-SC,UOP02-DEL01-SC,2025
663877.0,2025-02-26,quarta-feira,17:40:00,SC,282,1.6,FLORIANOPOLIS,Condutor deixou de manter distância do veículo da frente,Colisão traseira,Com Vítimas Feridas,Pleno dia,Crescente,Céu Claro,Simples,Reta,Sim,2,0,1,0,1,0,1,2,-27.5939328,-48.5556224,SPRF-SC,DEL01-SC,UOP01-DEL01-SC,2025
663909.0,2025-02-26,quarta-feira,21:50:00,SC,282,20.4,PALHOCA,Velocidade Incompatível,Colisão com objeto,Com Vítimas Feridas,Plena Noite,Decrescente,Céu Claro,Simples,Reta,Não,1,0,0,1,0,0,1,1,-27.686999,-48.713451,SPRF-SC,DEL01-SC,UOP02-DEL01-SC,2025
663917.0,2025-02-26,quarta-feira,23:30:00,SC,282,123.5,BOM RETIRO,Frear bruscamente,Colisão traseira,Com Vítimas Feridas,Plena Noite,Crescente,Nublado,Simples,Reta,Não,2,0,2,0,0,0,2,2,-27.80282929,-49.44216728,SPRF-SC,DEL05-SC,UOP01-DEL05-SC,2025
664039.0,2025-02-27,quinta-feira,17:00:00,SC,282,22.0,SANTO AMARO DA IMPERATRIZ,Demais falhas mecânicas ou elétricas,Incêndio,Sem Vítimas,Pleno dia,Crescente,Céu Claro,Simples,Reta,Sim,1,0,0,0,1,0,0,1,-27.688855,-48.73078,SPRF-SC,DEL01-SC,UOP02-DEL01-SC,2025
664043.0,2025-02-27,quinta-feira,17:20:00,SC,282,19.0,PALHOCA,Ausência de reação do condutor,Colisão traseira,Com Vítimas Feridas,Pleno dia,Crescente,Céu Claro,Simples,Viaduto,Não,2,0,1,0,1,0,1,2,-27.678815,-48.702333,SPRF-SC,DEL01-SC,UOP02-DEL01-SC,2025
664100.0,2025-02-27,quinta-feira,17:40:00,SC,282,419.0,VARGEM BONITA,Condutor deixou de manter distância do veículo da frente,Colisão traseira,Sem Vítimas,Pleno dia,Decrescente,Chuva,Simples,Curva;Aclive,Não,2,0,0,0,2,0,0,2,-27.02452385,-51.73204422,SPRF-SC,DEL07-SC,UOP05-DEL07-SC,2025
664139.0,2025-02-28,sexta-feira,05:19:00,SC,282,206.0,SAO JOSE,Ingestão de álcool pelo condutor,Colisão com objeto,Sem Vítimas,Amanhecer,Decrescente,Céu Claro,Múltipla,Reta,Não,1,0,0,0,0,1,0,1,-27.58923034,-48.61719489,SPRF-SC,DEL05-SC,UOP01-DEL05-SC,2025
664198.0,2025-02-28,sexta-feira,11:30:00,SC,282,20.4,PALHOCA,Manobra de mudança de faixa,Colisão lateral mesmo sentido,Com Vítimas Feridas,Pleno dia,Crescente,Céu Claro,Simples,Declive;Reta;Retorno Regulamentado,Sim,2,0,1,0,1,0,1,2,-27.68663387,-48.71321797,SPRF-SC,DEL01-SC,UOP02-DEL01-SC,2025
664210.0,2025-02-28,sexta-feira,12:35:00,SC,282,5.1,SAO JOSE,Trafegar com motocicleta (ou similar) entre as faixas,Colisão lateral mesmo sentido,Com Vítimas Feridas,Pleno dia,Decrescente,Céu Claro,Múltipla,Reta;Declive,Sim,2,0,1,0,1,0,1,2,-27.58821377,-48.61338615,SPRF-SC,DEL01-SC,UOP01-DEL01-SC,2025
664280.0,2025-02-28,sexta-feira,16:45:00,SC,282,25.8,SANTO AMARO DA IMPERATRIZ,Conversão proibida,Colisão transversal,Com Vítimas Feridas,Pleno dia,Decrescente,Céu Claro,Simples,Curva,Sim,2,0,0,1,1,0,1,2,-27.68059827,-48.7877512,SPRF-SC,DEL01-SC,UOP03-DEL01-SC,2025
664347.0,2025-02-28,sexta-feira,21:00:00,SC,282,446.0,PONTE SERRADA,Manobra de mudança de faixa,Colisão lateral mesmo sentido,Sem Vítimas,Plena Noite,Crescente,Céu Claro,Dupla,Curva,Não,6,0,0,0,6,0,0,2,-26.913,-51.90526,SPRF-SC,DEL07-SC,UOP04-DEL07-SC,2025
664377.0,2025-03-01,sábado,01:47:00,SC,282,208.6,SAO JOSE,Manobra de mudança de faixa,Colisão traseira,Com Vítimas Feridas,Plena Noite,Crescente,Céu Claro,Múltipla,Aclive;Reta,Não,3,0,1,0,2,0,1,2,-27.60466734,-48.63364756,SPRF-SC,DEL05-SC,UOP01-DEL05-SC,2025
664473.0,2025-03-01,sábado,07:45:00,SC,282,169.0,BOCAINA DO SUL,Ausência de reação do condutor,Saída de leito carroçável,Sem Vítimas,Pleno dia,Crescente,Céu Claro,Simples,Curva,Não,3,0,0,0,0,3,0,1,-27.74135288,-49.84282494,SPRF-SC,DEL05-SC,UOP01-DEL05-SC,2025
664518.0,2025-03-01,sábado,14:00:00,SC,282,44.0,RANCHO QUEIMADO,Reação tardia ou ineficiente do condutor,Tombamento,Sem Vítimas,Pleno dia,Decrescente,Céu Claro,Simples,Curva,Não,1,0,0,0,1,0,0,1,-27.709665,-48.948835,SPRF-SC,DEL01-SC,UOP03-DEL01-SC,2025
664555.0,2025-03-01,sábado,17:30:00,SC,282,4.9,SAO JOSE,Demais falhas mecânicas ou elétricas,Queda de ocupante de veículo,Com Vítimas Feridas,Pleno dia,Crescente,Céu Claro,Dupla,Reta,Sim,2,0,2,0,0,0,2,1,-27.58848531,-48.61242819,SPRF-SC,DEL01-SC,UOP01-DEL01-SC,2025
664590.0,2025-03-01,sábado,19:00:00,SC,282,96.0,ALFREDO WAGNER,Mal súbito do condutor,Saída de leito carroçável,Com Vítimas Feridas,Plena Noite,Crescente,Céu Claro,Simples,Curva,Não,1,0,0,1,0,0,1,1,-27.71287603,-49.24970085,SPRF-SC,DEL01-SC,UOP03-DEL01-SC,2025
664681.0,2025-03-02,domingo,07:40:00,SC,282,1.5,FLORIANOPOLIS,Manobra de mudança de faixa,Colisão lateral mesmo sentido,Com Vítimas Feridas,Pleno dia,Crescente,Sol,Dupla,Reta;Declive,Sim,2,0,1,0,1,0,1,2,-27.59886953,-48.57468188,SPRF-SC,DEL01-SC,UOP01-DEL01-SC,2025
664688.0,2025-03-02,domingo,05:45:00,SC,282,213.9,PALHOCA,Ingestão de álcool pelo condutor,Colisão traseira,Com Vítimas Feridas,Amanhecer,Crescente,Céu Claro,Múltipla,Reta,Sim,3,0,3,0,0,0,3,2,-27.63708081,-48.6653738,SPRF-SC,DEL05-SC,UOP01-DEL05-SC,2025
664768.0,2025-03-02,domingo,10:00:00,SC,282,473.0,VARGEAO,Velocidade Incompatível,Tombamento,Com Vítimas Feridas,Pleno dia,Crescente,Céu Claro,Simples,Reta,Não,1,0,1,0,0,0,1,1,-26.87170284,-52.14557648,SPRF-SC,DEL07-SC,UOP01-DEL07-SC,2025
664810.0,2025-03-02,domingo,15:30:00,SC,282,365.8,ERVAL VELHO,Velocidade Incompatível,Saída de leito carroçável,Com Vítimas Fatais,Pleno dia,Decrescente,Céu Claro,Dupla,Curva;Aclive,Não,3,1,2,0,0,0,2,1,-27.295372,-51.40843,SPRF-SC,DEL07-SC,UOP05-DEL07-SC,2025
664848.0,2025-03-02,domingo,20:00:00,SC,282,47.2,AGUAS MORNAS,Ausência de reação do condutor,Saída de leito carroçável,Com Vítimas Feridas,Plena Noite,Decrescente,Céu Claro,Simples,Declive;Curva,Não,1,0,1,0,0,0,1,1,-27.71857817,-48.9389205,SPRF-SC,DEL01-SC,UOP03-DEL01-SC,2025
664890.0,2025-03-03,segunda-feira,02:00:00,SC,282,224.0,LAGES,Ingestão de álcool pelo condutor,Saída de leito carroçável,Com Vítimas Feridas,Plena Noite,Crescente,Céu Claro,Simples,Reta,Sim,2,0,2,0,0,0,2,1,-27.79490373,-50.38131595,SPRF-SC,DEL05-SC,UOP02-DEL05-SC,2025
664923.0,2025-03-03,segunda-feira,08:00:00,SC,282,394.4,JOACABA,Conversão proibida,Colisão transversal,Com Vítimas Feridas,Pleno dia,Crescente,Céu Claro,Simples,Reta,Não,2,0,1,1,0,0,2,2,-27.158746,-51.576707,SPRF-SC,DEL07-SC,UOP05-DEL07-SC,2025
665053.0,2025-03-03,segunda-feira,23:28:00,SC,282,113.0,ALFREDO WAGNER,Velocidade Incompatível,Queda de ocupante de veículo,Com Vítimas Feridas,Plena Noite,Decrescente,Céu Claro,Simples,Curva,Não,2,0,2,0,0,0,2,1,-27.75133056,-49.3906045,SPRF-SC,DEL01-SC,UOP03-DEL01-SC,2025
665110.0,2025-03-04,terça-feira,10:45:00,SC,282,532.0,CORDILHEIRA ALTA,Reação tardia ou ineficiente do condutor,Tombamento,Com Vítimas Feridas,Pleno dia,Crescente,Céu Claro,Simples,Curva,Não,1,0,1,0,0,0,1,1,-26.9880838,-52.61088354,SPRF-SC,DEL07-SC,UOP01-DEL07-SC,2025
665282.0,2025-03-02,domingo,06:20:00,SC,282,509.1,XANXERE,Velocidade Incompatível,Capotamento,Sem Vítimas,Pleno dia,Decrescente,Céu Claro,Simples,Curva,Não,1,0,0,0,1,0,0,1,-26.887818,-52.452633,SPRF-SC,DEL07-SC,UOP01-DEL07-SC,2025
665291.0,2025-03-05,quarta-feira,07:30:00,SC,480,128.6,CHAPECO,Condutor deixou de manter distância do veículo da frente,Colisão traseira,Com Vítimas Feridas,Pleno dia,Decrescente,Céu Claro,Múltipla,Reta,Sim,3,0,2,0,1,0,2,2,-27.042866,-52.6359209,SPRF-SC,DEL07-SC,UOP01-DEL07-SC,2025
665353.0,2025-03-05,quarta-feira,16:40:00,SC,282,4.0,SAO JOSE,Manobra de mudança de faixa,Colisão lateral mesmo sentido,Com Vítimas Feridas,Pleno dia,Crescente,Céu Claro,Múltipla,Reta;Declive,Sim,3,0,2,0,0,1,2,2,-27.59101799,-48.60713124,SPRF-SC,DEL01-SC,UOP01-DEL01-SC,2025
665387.0,2025-03-05,quarta-feira,19:20:00,SC,282,228.0,LAGES,Animais na Pista,Atropelamento de Animal,Com Vítimas Feridas,Plena Noite,Decrescente,Céu Claro,Simples,Reta,Não,2,0,1,1,0,0,2,1,-27.79540764,-50.38671255,SPRF-SC,DEL05-SC,UOP02-DEL05-SC,2025
665564.0,2025-03-06,quinta-feira,17:50:00,SC,282,2.0,FLORIANOPOLIS,Reação tardia ou ineficiente do condutor,Colisão traseira,Com Vítimas Feridas,Pleno dia,Crescente,Sol,Dupla,Reta,Sim,3,0,2,0,1,0,2,2,-27.60201515,-48.57925773,SPRF-SC,DEL01-SC,UOP01-DEL01-SC,2025
665569.0,2025-03-06,quinta-feira,18:30:00,SC,282,17.0,PALHOCA,Condutor deixou de manter distância do veículo da frente,Colisão traseira,Com Vítimas Feridas,Anoitecer,Crescente,Céu Claro,Simples,Reta,Não,2,0,1,0,1,0,1,2,-27.68185595,-48.70672703,SPRF-SC,DEL01-SC,UOP02-DEL01-SC,2025
665776.0,2025-03-07,sexta-feira,17:01:00,SC,282,24.0,SANTO AMARO DA IMPERATRIZ,Reação tardia ou ineficiente do condutor,Engavetamento,Com Vítimas Feridas,Pleno dia,Decrescente,Céu Claro,Simples,Reta,Não,4,0,2,0,2,0,2,3,-27.68213,-48.745528,SPRF-SC,DEL01-SC,UOP03-DEL01-SC,2025
665866.0,2025-03-08,sábado,04:00:00,SC,282,525.1,XAXIM,Transitar na contramão,Colisão frontal,Com Vítimas Feridas,Plena Noite,Crescente,Céu Claro,Simples,Curva,Não,2,0,0,1,1,0,1,2,-26.936973,-52.499061,SPRF-SC,DEL07-SC,UOP01-DEL07-SC,2025
665874.0,2025-03-08,sábado,02:00:00,SC,480,128.0,CHAPECO,Acessar a via sem observar a presença dos outros veículos,Colisão transversal,Com Vítimas Feridas,Plena Noite,Decrescente,Nublado,Simples,Reta;Declive,Sim,2,0,0,2,0,0,2,2,-27.037898,-52.634112,SPRF-SC,DEL07-SC,UOP01-DEL07-SC,2025
665884.0,2025-03-08,sábado,07:00:00,SC,282,68.0,RANCHO QUEIMADO,Reação tardia ou ineficiente do condutor,Saída de leito carroçável,Com Vítimas Feridas,Amanhecer,Crescente,Garoa/Chuvisco,Simples,Declive;Curva,Não,1,0,1,0,0,0,1,1,-27.69118,-49.07219,SPRF-SC,DEL01-SC,UOP03-DEL01-SC,2025
665919.0,2025-03-08,sábado,10:15:00,SC,282,557.0,NOVA ITABERABA,Ingestão de álcool pelo condutor,Capotamento,Com Vítimas Feridas,Pleno dia,Crescente,Céu Claro,Simples,Declive;Curva,Não,1,0,0,1,0,0,1,1,-26.92907972,-52.8436985,SPRF-SC,DEL07-SC,UOP01-DEL07-SC,2025
665942.0,2025-03-08,sábado,07:45:00,SC,282,633.1,DESCANSO,Velocidade Incompatível,Saída de leito carroçável,Sem Vítimas,Pleno dia,Crescente,Céu Claro,Simples,Declive;Curva,Não,2,0,0,0,2,0,0,1,-26.82579949,-53.41356817,SPRF-SC,DEL07-SC,UOP03-DEL07-SC,2025