id,data_inversa,dia_semana,horario,uf,br,km,municipio,causa_acidente,tipo_acidente,classificacao_acidente,fase_dia,sentido_via,condicao_metereologica,tipo_pista,tracado_via,uso_solo,pessoas,mortos,feridos_leves,feridos_graves,ilesos,ignorados,feridos,veiculos,latitude,longitude,regional,delegacia,uop,ano_arquivo
688938.0,2025-05-03,sábado,21:05:00,SC,282,501.3,XANXERE,Acessar a via sem observar a presença dos outros veículos,Colisão transversal,Com Vítimas Feridas,Plena Noite,Crescente,Céu Claro,Dupla,Reta;Interseção de Vias,Sim,3,0,2,0,0,1,2,2,-26.882453,-52.381405,SPRF-SC,DEL07-SC,UOP01-DEL07-SC,2025
688945.0,2025-05-03,sábado,11:20:00,SC,282,58.0,RANCHO QUEIMADO,Acessar a via sem observar a presença dos outros veículos,Colisão transversal,Com Vítimas Feridas,Pleno dia,Crescente,Céu Claro,Simples,Aclive;Interseção de Vias,Não,5,0,1,0,4,0,1,2,-27.67340464,-49.00481164,SPRF-SC,DEL01-SC,UOP03-DEL01-SC,2025
688988.0,2025-05-04,domingo,03:45:00,SC,282,478.0,VARGEAO,Reação tardia ou ineficiente do condutor,Saída de leito carroçável,Sem Vítimas,Pleno dia,Crescente,Céu Claro,Simples,Reta,Não,1,0,0,0,1,0,0,1,-26.88259,-52.166452,SPRF-SC,DEL07-SC,UOP01-DEL07-SC,2025
689040.0,2025-05-04,domingo,11:35:00,SC,282,184.7,BOCAINA DO SUL,Manobra de mudança de faixa,Saída de leito carroçável,Com Vítimas Feridas,Pleno dia,Crescente,Céu Claro,Simples,Reta,Não,2,0,2,0,0,0,2,1,-27.73445882,-49.98389304,SPRF-SC,DEL05-SC,UOP01-DEL05-SC,2025
689069.0,2025-05-04,domingo,16:20:00,SC,282,36.0,AGUAS MORNAS,Transitar na contramão,Colisão lateral sentido oposto,Com Vítimas Feridas,Pleno dia,Crescente,Céu Claro,Simples,Curva,Não,8,0,2,0,6,0,2,5,-27.70487639,-48.83643597,SPRF-SC,DEL01-SC,UOP03-DEL01-SC,2025
689087.0,2025-05-04,domingo,16:50:00,SC,282,515.0,XAXIM,Curva acentuada,Saída de leito carroçável,Com Vítimas Feridas,Pleno dia,Decrescente,Céu Claro,Simples,Curva;Declive,Não,2,0,2,0,0,0,2,1,-26.91633012,-52.49147415,SPRF-SC,DEL07-SC,UOP01-DEL07-SC,2025
689093.0,2025-05-04,domingo,16:00:00,SC,282,243.0,SAO JOSE DO CERRITO,Velocidade Incompatível,Saída de leito carroçável,Com Vítimas Feridas,Pleno dia,Decrescente,Céu Claro,Dupla,Curva,Não,2,0,1,0,1,0,1,1,-27.73619662,-50.51681042,SPRF-SC,DEL05-SC,UOP02-DEL05-SC,2025
689119.0,2025-05-04,domingo,19:50:00,SC,282,503.0,XANXERE,Acessar a via sem observar a presença dos outros veículos,Atropelamento de Pedestre,Com Vítimas Feridas,Plena Noite,Decrescente,Nublado,Simples,Reta;Aclive,Não,3,0,1,0,2,0,1,2,-26.88585388,-52.39590989,SPRF-SC,DEL07-SC,UOP01-DEL07-SC,2025
689414.0,2025-05-06,terça-feira,08:20:00,SC,282,0.1,FLORIANOPOLIS,Reação tardia ou ineficiente do condutor,Colisão traseira,Com Vítimas Feridas,Pleno dia,Crescente,Céu Claro,Múltipla,Reta,Sim,2,0,1,0,1,0,1,2,-27.59456988,-48.56970755,SPRF-SC,DEL01-SC,UOP01-DEL01-SC,2025
689533.0,2025-05-06,terça-feira,18:10:00,SC,282,584.0,PINHALZINHO,Pista Escorregadia,Queda de ocupante de veículo,Com Vítimas Feridas,Plena Noite,Crescente,Nublado,Simples,Curva,Não,1,0,1,0,0,0,1,1,-26.8321475,-53.0224813,SPRF-SC,DEL07-SC,UOP02-DEL07-SC,2025
689596.0,2025-04-25,sexta-feira,18:45:00,SC,282,1.5,FLORIANOPOLIS,Manobra de mudança de faixa,Colisão lateral mesmo sentido,Com Vítimas Feridas,Plena Noite,Crescente,Céu Claro,Múltipla,Reta,Não,3,0,0,1,1,1,1,3,-27.6035964,-48.58316772,SPRF-SC,DEL01-SC,UOP01-DEL01-SC,2025
689682.0,2025-05-07,quarta-feira,18:45:00,SC,282,16.5,PALHOCA,Acessar a via sem observar a presença dos outros veículos,Colisão transversal,Com Vítimas Feridas,Plena Noite,Crescente,Nublado,Simples,Reta,Não,2,0,1,0,1,0,1,2,-27.66177887,-48.68458271,SPRF-SC,DEL01-SC,UOP02-DEL01-SC,2025
689694.0,2025-05-07,quarta-feira,19:30:00,SC,282,3.5,FLORIANOPOLIS,Trafegar com motocicleta (ou similar) entre as faixas,Colisão transversal,Com Vítimas Feridas,Plena Noite,Crescente,Céu Claro,Múltipla,Reta,Não,4,0,2,0,2,0,2,3,-27.59753215,-48.60085487,SPRF-SC,DEL01-SC,UOP01-DEL01-SC,2025
689736.0,2025-05-07,quarta-feira,15:30:00,SC,282,70.0,RANCHO QUEIMADO,Frear bruscamente,Saída de leito carroçável,Sem Vítimas,Pleno dia,Decrescente,Nublado,Simples,Curva,Não,1,0,0,0,1,0,0,1,-27.69153,-49.0913,SPRF-SC,DEL01-SC,UOP03-DEL01-SC,2025
689753.0,2025-05-08,quinta-feira,06:12:00,SC,282,345.9,CAMPOS NOVOS,Condutor Dormindo,Saída de leito carroçável,Sem Vítimas,Amanhecer,Decrescente,Nublado,Simples,Reta,Não,1,0,0,0,0,1,0,1,-27.374648,-51.24724,SPRF-SC,DEL07-SC,UOP06-DEL07-SC,2025
689948.0,2025-05-09,sexta-feira,07:35:00,SC,282,18.9,PALHOCA,Transitar na contramão,Colisão lateral sentido oposto,Com Vítimas Feridas,Pleno dia,Crescente,Céu Claro,Simples,Viaduto;Reta,Sim,2,0,1,0,1,0,1,2,-27.678258,-48.701645,SPRF-SC,DEL01-SC,UOP02-DEL01-SC,2025
690053.0,2025-04-06,domingo,22:30:00,SC,282,344.0,CAMPOS NOVOS,Ingestão de álcool pelo condutor,Colisão traseira,Sem Vítimas,Plena Noite,Decrescente,Céu Claro,Simples,Reta,Não,2,0,0,0,2,0,0,2,-27.380362,-51.241053,SPRF-SC,DEL07-SC,UOP06-DEL07-SC,2025
690104.0,2025-05-09,sexta-feira,18:20:00,SC,282,26.7,SANTO AMARO DA IMPERATRIZ,Acessar a via sem observar a presença dos outros veículos,Colisão transversal,Com Vítimas Feridas,Plena Noite,Decrescente,Nublado,Simples,Reta;Rotatória,Sim,3,0,2,0,1,0,2,2,-27.6758886,-48.76883535,SPRF-SC,DEL01-SC,UOP03-DEL01-SC,2025
690123.0,2025-05-09,sexta-feira,19:40:00,SC,282,54.0,AGUAS MORNAS,Velocidade Incompatível,Colisão lateral sentido oposto,Com Vítimas Feridas,Plena Noite,Decrescente,Chuva,Simples,Curva,Não,4,0,2,0,2,0,2,3,-27.68502799,-48.97299897,SPRF-SC,DEL01-SC,UOP03-DEL01-SC,2025
690144.0,2025-05-09,sexta-feira,19:30:00,SC,282,75.0,RANCHO QUEIMADO,Velocidade Incompatível,Capotamento,Com Vítimas Feridas,Plena Noite,Decrescente,Chuva,Simples,Curva,Não,3,0,1,2,0,0,3,1,-27.66659908,-49.10837287,SPRF-SC,DEL01-SC,UOP03-DEL01-SC,2025
690210.0,2025-05-10,sábado,05:00:00,SC,282,1.0,FLORIANOPOLIS,Ausência de reação do condutor,Capotamento,Sem Vítimas,Plena Noite,Crescente,Nublado,Múltipla,Reta,Sim,1,0,0,0,0,1,0,1,-27.4751,-48.3889,SPRF-SC,DEL01-SC,UOP01-DEL01-SC,2025
690325.0,2025-05-10,sábado,15:00:00,SC,282,255.3,SAO JOSE DO CERRITO,Acessar a via sem observar a presença dos outros veículos,Colisão transversal,Com Vítimas Feridas,Pleno dia,Decrescente,Céu Claro,Simples,Reta,Não,2,0,1,0,1,0,1,2,-27.67307073,-50.57981735,SPRF-SC,DEL05-SC,UOP02-DEL05-SC,2025
690363.0,2025-05-10,sábado,17:30:00,SC,282,24.2,SANTO AMARO DA IMPERATRIZ,Mal súbito do condutor,Saída de leito carroçável,Com Vítimas Fatais,Plena Noite,Crescente,Céu Claro,Simples,Reta,Sim,2,1,0,0,0,1,0,2,-27.6817,-48.7454,SPRF-SC,DEL01-SC,UOP03-DEL01-SC,2025
690394.0,2025-05-10,sábado,15:25:00,SC,282,385.0,JOACABA,Ingestão de álcool pelo condutor,Saída de leito carroçável,Sem Vítimas,Pleno dia,Decrescente,Céu Claro,Simples,Curva,Não,1,0,0,0,0,1,0,1,-27.20132002,-51.5157187,SPRF-SC,DEL07-SC,UOP05-DEL07-SC,2025
690395.0,2025-05-10,sábado,16:15:00,SC,282,341.0,CAMPOS NOVOS,Ingestão de álcool pelo condutor,Colisão com objeto,Com Vítimas Feridas,Pleno dia,Crescente,Céu Claro,Simples,Curva,Não,1,0,1,0,0,0,1,1,-27.38724431,-51.1140418,SPRF-SC,DEL07-SC,UOP06-DEL07-SC,2025
690425.0,2025-05-10,sábado,22:00:00,SC,282,41.0,AGUAS MORNAS,Transitar na contramão,Colisão frontal,Com Vítimas Feridas,Plena Noite,Decrescente,Nublado,Simples,Reta,Não,3,0,1,1,1,0,2,3,-27.716428,-48.87884,SPRF-SC,DEL01-SC,UOP03-DEL01-SC,2025
690480.0,2025-05-11,domingo,04:05:00,SC,282,3.0,FLORIANOPOLIS,Reação tardia ou ineficiente do condutor,Colisão com objeto,Com Vítimas Fatais,Plena Noite,Decrescente,Nublado,Dupla,Reta;Viaduto,Sim,3,1,0,1,0,1,1,2,-27.601,-48.599,SPRF-SC,DEL01-SC,UOP01-DEL01-SC,2025
690630.0,2025-05-11,domingo,18:30:00,SC,282,451.0,PONTE SERRADA,Ingestão de álcool pelo condutor,Capotamento,Com Vítimas Feridas,Anoitecer,Decrescente,Céu Claro,Simples,Reta,Não,7,0,1,1,1,4,2,2,-26.852072,-52.068142,SPRF-SC,DEL07-SC,UOP04-DEL07-SC,2025
690689.0,2025-05-11,domingo,20:00:00,SC,282,277.1,SAO JOSE DO CERRITO,Transitar na contramão,Colisão frontal,Com Vítimas Feridas,Plena Noite,Crescente,Céu Claro,Simples,Curva,Não,4,0,2,1,0,1,3,2,-27.58873157,-50.73526595,SPRF-SC,DEL05-SC,UOP02-DEL05-SC,2025
690690.0,2025-05-11,domingo,18:00:00,SC,282,263.4,SAO JOSE DO CERRITO,Velocidade Incompatível,Saída de leito carroçável,Com Vítimas Feridas,Anoitecer,Decrescente,Nublado,Simples,Reta;Interseção de Vias;Declive,Não,1,0,1,0,0,0,1,1,-27.62697924,-50.62458007,SPRF-SC,DEL05-SC,UOP02-DEL05-SC,2025
690707.0,2025-05-12,segunda-feira,00:00:00,SC,282,595.0,SAUDADES,Velocidade Incompatível,Colisão traseira,Com Vítimas Feridas,Plena Noite,Crescente,Céu Claro,Simples,Reta,Não,2,0,1,0,1,0,1,2,-26.82933477,-53.11218157,SPRF-SC,DEL07-SC,UOP02-DEL07-SC,2025
690764.0,2025-05-12,segunda-feira,06:45:00,SC,282,412.0,CATANDUVAS,Condutor Dormindo,Saída de leito carroçável,Com Vítimas Feridas,Amanhecer,Decrescente,Céu Claro,Simples,Curva;Aclive,Não,1,0,0,1,0,0,1,1,-27.059985,-51.679373,SPRF-SC,DEL07-SC,UOP05-DEL07-SC,2025
691102.0,2025-05-13,terça-feira,19:00:00,SC,282,6.0,SAO JOSE,Chuva,Queda de ocupante de veículo,Com Vítimas Feridas,Plena Noite,Crescente,Chuva,Dupla,Curva,Sim,1,0,1,0,0,0,1,1,-27.585547,-48.617713,SPRF-SC,DEL01-SC,UOP01-DEL01-SC,2025
691181.0,2025-04-12,sábado,05:20:00,SC,282,493.0,FAXINAL DOS GUEDES,Ingestão de álcool pelo condutor,Colisão frontal,Com Vítimas Feridas,Plena Noite,Decrescente,Nublado,Simples,Reta,Não,4,0,0,3,0,1,3,3,-26.87109814,-52.30313308,SPRF-SC,DEL07-SC,UOP01-DEL07-SC,2025
691183.0,2025-03-09,domingo,05:00:00,SC,282,554.0,NOVA ITABERABA,Ausência de reação do condutor,Saída de leito carroçável,Sem Vítimas,Plena Noite,Crescente,Céu Claro,Simples,Rotatória,Não,1,0,0,0,0,1,0,1,-26.93911586,-52.79106255,SPRF-SC,DEL07-SC,UOP01-DEL07-SC,2025
691313.0,2025-05-14,quarta-feira,20:45:00,SC,282,554.0,NOVA ITABERABA,Ingestão de álcool pelo condutor,Saída de leito carroçável,Com Vítimas Feridas,Plena Noite,Decrescente,Céu Claro,Simples,Reta,Não,2,0,2,0,0,0,2,1,-26.9385305,-52.8026414,SPRF-SC,DEL07-SC,UOP01-DEL07-SC,2025
691315.0,2025-05-14,quarta-feira,18:20:00,SC,282,423.3,VARGEM BONITA,Conversão proibida,Colisão lateral sentido oposto,Com Vítimas Feridas,Anoitecer,Crescente,Céu Claro,Simples,Reta,Não,5,0,3,1,1,0,4,2,-26.99868371,-51.74822599,SPRF-SC,DEL07-SC,UOP05-DEL07-SC,2025
691538.0,2025-05-16,sexta-feira,02:50:00,SC,282,645.8,SAO MIGUEL DO OESTE,Ingestão de álcool pelo condutor,Saída de leito carroçável,Com Vítimas Feridas,Plena Noite,Crescente,Céu Claro,Simples,Reta;Aclive,Não,1,0,0,1,0,0,1,1,-26.763998,-53.49683,SPRF-SC,DEL07-SC,UOP03-DEL07-SC,2025
691564.0,2025-05-16,sexta-feira,08:30:00,SC,282,52.0,AGUAS MORNAS,Transitar na contramão,Colisão frontal,Com Vítimas Feridas,Pleno dia,Decrescente,Garoa/Chuvisco,Simples,Curva,Não,2,0,1,1,0,0,2,2,-27.70746004,-48.84021252,SPRF-SC,DEL01-SC,UOP03-DEL01-SC,2025
691589.0,2025-05-16,sexta-feira,10:10:00,SC,282,1.0,FLORIANOPOLIS,Mal súbito do condutor,Colisão com objeto,Com Vítimas Feridas,Pleno dia,Decrescente,Céu Claro,Múltipla,Declive;Reta,Não,1,0,1,0,0,0,1,1,-27.604,-48.583,SPRF-SC,DEL01-SC,UOP01-DEL01-SC,2025
691611.0,2025-05-16,sexta-feira,12:55:00,SC,282,2.3,FLORIANOPOLIS,Reação tardia ou ineficiente do condutor,Engavetamento,Com Vítimas Feridas,Pleno dia,Decrescente,Céu Claro,Múltipla,Reta,Sim,4,0,1,1,1,1,2,4,-27.6030653,-48.592599,SPRF-SC,DEL01-SC,UOP01-DEL01-SC,2025
691652.0,2025-05-16,sexta-feira,16:00:00,SC,282,18.3,PALHOCA,Acessar a via sem observar a presença dos outros veículos,Colisão transversal,Com Vítimas Feridas,Pleno dia,Decrescente,Nublado,Simples,Reta,Sim,2,0,1,0,1,0,1,2,-27.67533641,-48.69685046,SPRF-SC,DEL01-SC,UOP02-DEL01-SC,2025
691688.0,2025-05-16,sexta-feira,19:15:00,SC,282,20.4,PALHOCA,Acessar a via sem observar a presença dos outros veículos,Colisão transversal,Com Vítimas Feridas,Plena Noite,Decrescente,Céu Claro,Dupla,Reta;Interseção de Vias,Não,2,0,0,1,1,0,1,2,-27.686913,-48.71347,SPRF-SC,DEL01-SC,UOP02-DEL01-SC,2025
691715.0,2025-05-16,sexta-feira,17:40:00,SC,282,554.4,NOVA ITABERABA,Ausência de reação do condutor,Colisão traseira,Sem Vítimas,Plena Noite,Crescente,Céu Claro,Simples,Interseção de Vias;Curva;Aclive,Não,4,0,0,0,4,0,0,4,-26.935146,-52.796906,SPRF-SC,DEL07-SC,UOP01-DEL07-SC,2025
691882.0,2025-05-17,sábado,15:30:00,SC,282,5.5,SAO JOSE,Trafegar com motocicleta (ou similar) entre as faixas,Colisão lateral mesmo sentido,Com Vítimas Feridas,Pleno dia,Crescente,Céu Claro,Dupla,Reta,Sim,3,0,1,0,2,0,1,3,-27.58813,-48.613305,SPRF-SC,DEL01-SC,UOP01-DEL01-SC,2025
691944.0,2025-05-17,sábado,18:00:00,SC,282,573.5,PINHALZINHO,Transitar na contramão,Colisão frontal,Com Vítimas Fatais,Anoitecer,Crescente,Céu Claro,Simples,Reta,Não,5,1,0,4,0,0,4,2,-26.879374,-52.948854,SPRF-SC,DEL07-SC,UOP02-DEL07-SC,2025
691954.0,2025-05-17,sábado,20:35:00,SC,282,519.0,XAXIM,Ingestão de álcool pelo condutor,Queda de ocupante de veículo,Com Vítimas Feridas,Plena Noite,Crescente,Céu Claro,Dupla,Reta;Aclive,Não,1,0,1,0,0,0,1,1,-26.94950401,-52.52140253,SPRF-SC,DEL07-SC,UOP01-DEL07-SC,2025
692052.0,2025-05-18,domingo,09:35:00,SC,282,49.0,AGUAS MORNAS,Condutor deixou de manter distância do veículo da frente,Saída de leito carroçável,Com Vítimas Feridas,Pleno dia,Crescente,Céu Claro,Simples,Curva,Não,2,0,1,1,0,0,2,1,-27.71253,-48.943768,SPRF-SC,DEL01-SC,UOP03-DEL01-SC,2025
692249.0,2025-05-18,domingo,23:00:00,SC,282,379.5,HERVAL DOESTE,Ingestão de álcool pelo condutor,Colisão com objeto,Sem Vítimas,Plena Noite,Crescente,Céu Claro,Simples,Interseção de Vias;Rotatória,Não,2,0,0,0,1,1,0,2,-27.20036579,-51.50785446,SPRF-SC,DEL07-SC,UOP05-DEL07-SC,2025
692323.0,2025-05-19,segunda-feira,09:00:00,SC,282,68.4,RANCHO QUEIMADO,Acumulo de óleo sobre o pavimento,Tombamento,Com Vítimas Feridas,Pleno dia,Decrescente,Nublado,Simples,Curva,Não,2,0,0,2,0,0,2,1,-27.69349295,-49.08051666,SPRF-SC,DEL01-SC,UOP03-DEL01-SC,2025
692340.0,2025-05-19,segunda-feira,11:30:00,SC,282,576.4,PINHALZINHO,Reação tardia ou ineficiente do condutor,Colisão traseira,Com Vítimas Feridas,Pleno dia,Crescente,Sol,Simples,Reta,Sim,2,0,0,1,1,0,1,2,-26.85637445,-52.98029635,SPRF-SC,DEL07-SC,UOP02-DEL07-SC,2025
692393.0,2025-05-19,segunda-feira,11:25:00,SC,480,127.0,CHAPECO,Velocidade Incompatível,Saída de leito carroçável,Com Vítimas Feridas,Pleno dia,Crescente,Céu Claro,Múltipla,Reta;Aclive,Sim,3,0,1,0,2,0,1,3,-27.03581271,-52.63416692,SPRF-SC,DEL07-SC,UOP01-DEL07-SC,2025
692425.0,2025-05-19,segunda-feira,20:20:00,SC,282,4.7,SAO JOSE,Manobra de mudança de faixa,Colisão lateral mesmo sentido,Com Vítimas Feridas,Plena Noite,Crescente,Céu Claro,Dupla,Reta,Sim,2,0,1,0,0,1,1,2,-27.589248,-48.61077,SPRF-SC,DEL01-SC,UOP01-DEL01-SC,2025
692865.0,2025-05-22,quinta-feira,03:30:00,SC,282,547.4,CHAPECO,Reação tardia ou ineficiente do condutor,Colisão com objeto,Sem Vítimas,Plena Noite,Crescente,Chuva,Simples,Reta;Rotatória,Não,1,0,0,0,1,0,0,1,-26.97435748,-52.74448709,SPRF-SC,DEL07-SC,UOP01-DEL07-SC,2025
692894.0,2025-04-20,domingo,21:30:00,SC,282,259.1,SAO JOSE DO CERRITO,Ingestão de álcool pelo condutor,Colisão lateral sentido oposto,Sem Vítimas,Plena Noite,Decrescente,Céu Claro,Simples,Curva,Não,2,0,0,0,2,0,0,2,-27.64685882,-50.59301734,SPRF-SC,DEL05-SC,UOP02-DEL05-SC,2025
693007.0,2025-05-22,quinta-feira,18:00:00,SC,282,46.8,AGUAS MORNAS,Ingestão de álcool pelo condutor,Saída de leito carroçável,Sem Vítimas,Plena Noite,Decrescente,Chuva,Simples,Reta;Declive,Não,1,0,0,0,1,0,0,1,-27.721767,-48.933363,SPRF-SC,DEL01-SC,UOP03-DEL01-SC,2025
693064.0,2025-05-22,quinta-feira,23:30:00,SC,282,16.4,PALHOCA,Trafegar com motocicleta (ou similar) entre as faixas,Colisão lateral mesmo sentido,Com Vítimas Feridas,Plena Noite,Crescente,Céu Claro,Simples,Reta,Sim,3,0,0,1,2,0,1,3,-27.66267,-48.68526,SPRF-SC,DEL01-SC,UOP02-DEL01-SC,2025
693084.0,2025-05-23,sexta-feira,05:30:00,SC,282,5.4,SAO JOSE,Reação tardia ou ineficiente do condutor,Tombamento,Com Vítimas Feridas,Plena Noite,Decrescente,Nublado,Múltipla,Curva,Sim,1,0,1,0,0,0,1,1,-27.58466688,-48.61761332,SPRF-SC,DEL01-SC,UOP01-DEL01-SC,2025
693175.0,2025-05-23,sexta-feira,12:15:00,SC,282,521.6,XAXIM,Desrespeitar a preferência no cruzamento,Colisão transversal,Com Vítimas Feridas,Pleno dia,Crescente,Céu Claro,Dupla,Reta;Interseção de Vias;Declive,Sim,5,0,2,0,3,0,2,2,-26.952722,-52.538518,SPRF-SC,DEL07-SC,UOP01-DEL07-SC,2025
693214.0,2025-05-23,sexta-feira,17:20:00,SC,282,17.0,PALHOCA,Condutor deixou de manter distância do veículo da frente,Colisão traseira,Com Vítimas Feridas,Anoitecer,Decrescente,Nublado,Simples,Reta,Sim,2,0,0,1,1,0,1,2,-27.67265357,-48.69401185,SPRF-SC,DEL01-SC,UOP02-DEL01-SC,2025
693360.0,2025-04-21,segunda-feira,14:20:00,SC,282,538.0,CHAPECO,Ausência de reação do condutor,Queda de ocupante de veículo,Com Vítimas Feridas,Pleno dia,Crescente,Céu Claro,Simples,Curva,Não,1,0,0,1,0,0,1,1,-26.991444,-52.687014,SPRF-SC,DEL07-SC,UOP01-DEL07-SC,2025
693386.0,2025-05-24,sábado,11:00:00,SC,282,17.0,PALHOCA,Acessar a via sem observar a presença dos outros veículos,Colisão transversal,Com Vítimas Feridas,Pleno dia,Crescente,Nublado,Simples,Reta,Sim,2,0,1,0,1,0,1,2,-27.667381,-48.68952,SPRF-SC,DEL01-SC,UOP02-DEL01-SC,2025
693419.0,2025-05-24,sábado,12:37:00,SC,282,30.4,SANTO AMARO DA IMPERATRIZ,Reação tardia ou ineficiente do condutor,Saída de leito carroçável,Com Vítimas Feridas,Pleno dia,Decrescente,Chuva,Simples,Reta,Sim,1,0,1,0,0,0,1,1,-27.69023,-48.79306,SPRF-SC,DEL01-SC,UOP03-DEL01-SC,2025
693480.0,2025-05-24,sábado,19:20:00,SC,282,4.5,SAO JOSE,Reação tardia ou ineficiente do condutor,Engavetamento,Com Vítimas Feridas,Plena Noite,Crescente,Chuva,Dupla,Declive,Sim,6,0,1,0,5,0,1,3,-27.590814,-48.60739795,SPRF-SC,DEL01-SC,UOP01-DEL01-SC,2025
693495.0,2025-05-24,sábado,18:30:00,SC,282,535.2,CHAPECO,Desrespeitar a preferência no cruzamento,Colisão transversal,Com Vítimas Feridas,Anoitecer,Decrescente,Garoa/Chuvisco,Simples,Interseção de Vias;Rotatória,Não,7,0,6,0,1,0,6,2,-26.99966885,-52.64648142,SPRF-SC,DEL07-SC,UOP01-DEL07-SC,2025
693504.0,2025-05-24,sábado,22:00:00,SC,282,5.4,SAO JOSE,Chuva,Colisão com objeto,Com Vítimas Feridas,Pleno dia,Crescente,Chuva,Simples,Curva;Declive,Sim,2,0,1,0,1,0,1,2,-27.58467594,-48.61662626,SPRF-SC,DEL01-SC,UOP01-DEL01-SC,2025
693526.0,2025-05-24,sábado,23:30:00,SC,282,504.0,XANXERE,Ingestão de álcool pelo condutor,Colisão com objeto,Com Vítimas Feridas,Plena Noite,Decrescente,Céu Claro,Simples,Interseção de Vias,Sim,2,0,1,0,1,0,1,1,-26.88537246,-52.41423471,SPRF-SC,DEL07-SC,UOP01-DEL07-SC,2025
693541.0,2025-05-25,domingo,03:00:00,SC,282,2.2,FLORIANOPOLIS,Reação tardia ou ineficiente do condutor,Colisão com objeto,Com Vítimas Fatais,Plena Noite,Crescente,Garoa/Chuvisco,Múltipla,Reta,Sim,1,1,0,0,0,0,0,1,-27.602803,-48.592721,SPRF-SC,DEL01-SC,UOP01-DEL01-SC,2025
693596.0,2025-05-25,domingo,09:30:00,SC,282,66.0,RANCHO QUEIMADO,Ausência de reação do condutor,Saída de leito carroçável,Com Vítimas Feridas,Pleno dia,Crescente,Chuva,Simples,Curva,Não,2,0,1,0,1,0,1,1,-27.699993,-49.06284,SPRF-SC,DEL01-SC,UOP03-DEL01-SC,2025
693615.0,2025-05-25,domingo,11:15:00,SC,282,6.0,SAO JOSE,Pista Escorregadia,Queda de ocupante de veículo,Com Vítimas Feridas,Pleno dia,Crescente,Chuva,Simples,Retorno Regulamentado,Sim,2,0,2,0,0,0,2,1,-27.584686,-48.616835,SPRF-SC,DEL01-SC,UOP01-DEL01-SC,2025
693658.0,2025-05-25,domingo,17:10:00,SC,282,23.2,SANTO AMARO DA IMPERATRIZ,Condutor deixou de manter distância do veículo da frente,Colisão traseira,Com Vítimas Feridas,Pleno dia,Crescente,Nublado,Simples,Reta,Não,3,0,2,0,1,0,2,2,-27.68626424,-48.74153137,SPRF-SC,DEL01-SC,UOP02-DEL01-SC,2025
693762.0,2025-05-26,segunda-feira,05:10:00,SC,282,580.0,PINHALZINHO,Reação tardia ou ineficiente do condutor,Tombamento,Com Vítimas Feridas,Plena Noite,Decrescente,Céu Claro,Simples,Rotatória,Sim,1,0,1,0,0,0,1,1,-26.8374788,-52.98729181,SPRF-SC,DEL07-SC,UOP02-DEL07-SC,2025
693934.0,2025-05-26,segunda-feira,18:32:00,SC,282,501.4,XANXERE,Desrespeitar a preferência no cruzamento,Colisão transversal,Sem Vítimas,Plena Noite,Decrescente,Ignorado,Dupla,Rotatória,Não,2,0,0,0,2,0,0,2,-26.88277519,-52.38139629,SPRF-SC,DEL07-SC,UOP01-DEL07-SC,2025
694197.0,2025-05-28,quarta-feira,07:50:00,SC,282,17.0,PALHOCA,Ausência de reação do condutor,Queda de ocupante de veículo,Com Vítimas Feridas,Pleno dia,Decrescente,Céu Claro,Simples,Reta,Sim,2,0,1,0,1,0,1,2,-27.67382746,-48.69490385,SPRF-SC,DEL01-SC,UOP02-DEL01-SC,2025
694351.0,2025-05-28,quarta-feira,20:55:00,SC,282,19.0,PALHOCA,Ausência de reação do condutor,Queda de ocupante de veículo,Com Vítimas Feridas,Plena Noite,Crescente,Céu Claro,Simples,Reta,Sim,2,0,1,0,1,0,1,2,-27.66664838,-48.6888263,SPRF-SC,DEL01-SC,UOP02-DEL01-SC,2025
694356.0,2025-05-28,quarta-feira,17:00:00,SC,282,516.0,XAXIM,Ultrapassagem Indevida,Colisão frontal,Com Vítimas Fatais,Pleno dia,Decrescente,Chuva,Simples,Curva;Aclive,Não,4,2,1,1,0,0,2,2,-26.93045,-52.499462,SPRF-SC,DEL07-SC,UOP01-DEL07-SC,2025
694500.0,2025-05-29,quinta-feira,18:38:00,SC,282,4.2,FLORIANOPOLIS,Condutor deixou de manter distância do veículo da frente,Colisão traseira,Com Vítimas Feridas,Plena Noite,Decrescente,Nublado,Múltipla,Reta,Sim,2,0,1,0,1,0,1,2,-27.5938049,-48.60248566,SPRF-SC,DEL01-SC,UOP01-DEL01-SC,2025
694515.0,2025-05-29,quinta-feira,18:15:00,SC,282,471.0,VARGEAO,Pedestre - Ingestão de álcool/ substâncias psicoativas,Atropelamento de Pedestre,Com Vítimas Feridas,Plena Noite,Crescente,Garoa/Chuvisco,Simples,Reta,Sim,2,0,1,0,1,0,1,2,-26.87338721,-52.15312958,SPRF-SC,DEL07-SC,UOP01-DEL07-SC,2025
694579.0,2025-05-30,sexta-feira,05:10:00,SC,480,130.5,CHAPECO,Ausência de reação do condutor,Saída de leito carroçável,Sem Vítimas,Plena Noite,Decrescente,Nublado,Dupla,Curva;Declive,Sim,1,0,0,0,0,1,0,1,-27.05246,-52.63581,SPRF-SC,DEL07-SC,UOP01-DEL07-SC,2025