id,data_inversa,dia_semana,horario,uf,br,km,municipio,causa_acidente,tipo_acidente,classificacao_acidente,fase_dia,sentido_via,condicao_metereologica,tipo_pista,tracado_via,uso_solo,pessoas,mortos,feridos_leves,feridos_graves,ilesos,ignorados,feridos,veiculos,latitude,longitude,regional,delegacia,uop,ano_arquivo
694812.0,2025-05-31,sábado,03:15:00,SC,480,127.3,CHAPECO,Desrespeitar a preferência no cruzamento,Colisão transversal,Com Vítimas Feridas,Plena Noite,Decrescente,Céu Claro,Simples,Retorno Regulamentado;Reta;Declive,Não,1,0,0,1,0,0,1,1,-27.02272705,-52.63497233,SPRF-SC,DEL07-SC,UOP01-DEL07-SC,2025
694853.0,2025-05-31,sábado,05:20:00,SC,282,613.0,MARAVILHA,Condutor Dormindo,Saída de leito carroçável,Com Vítimas Feridas,Plena Noite,Crescente,Nevoeiro/Neblina,Simples,Curva,Não,1,0,0,1,0,0,1,1,-26.76887,-53.262744,SPRF-SC,DEL07-SC,UOP02-DEL07-SC,2025
694861.0,2025-05-31,sábado,09:00:00,SC,282,582.1,PINHALZINHO,Pista Escorregadia,Tombamento,Com Vítimas Feridas,Pleno dia,Decrescente,Céu Claro,Simples,Interseção de Vias;Rotatória,Sim,2,0,1,0,1,0,1,1,-26.82640527,-53.00463145,SPRF-SC,DEL07-SC,UOP02-DEL07-SC,2025
694876.0,2025-05-31,sábado,11:15:00,SC,282,3.0,FLORIANOPOLIS,Reação tardia ou ineficiente do condutor,Colisão traseira,Com Vítimas Feridas,Pleno dia,Decrescente,Céu Claro,Múltipla,Reta;Aclive,Não,3,0,2,0,1,0,2,2,-27.60131113,-48.57795803,SPRF-SC,DEL01-SC,UOP01-DEL01-SC,2025
695030.0,2025-05-31,sábado,21:06:00,SC,282,461.5,PONTE SERRADA,Acessar a via sem observar a presença dos outros veículos,Colisão transversal,Com Vítimas Feridas,Plena Noite,Crescente,Céu Claro,Simples,Reta,Não,4,0,1,1,0,2,2,3,-26.86607534,-52.02307463,SPRF-SC,DEL07-SC,UOP04-DEL07-SC,2025
695089.0,2025-06-01,domingo,08:00:00,SC,282,5.4,SAO JOSE,Acumulo de óleo sobre o pavimento,Queda de ocupante de veículo,Com Vítimas Feridas,Pleno dia,Crescente,Céu Claro,Dupla,Aclive;Curva,Sim,1,0,1,0,0,0,1,1,-27.585413,-48.617805,SPRF-SC,DEL01-SC,UOP01-DEL01-SC,2025
695173.0,2025-06-01,domingo,16:00:00,SC,282,377.6,ERVAL VELHO,Ingestão de álcool pelo condutor,Saída de leito carroçável,Com Vítimas Feridas,Pleno dia,Crescente,Céu Claro,Dupla,Curva,Não,2,0,2,0,0,0,2,1,-27.21856121,-51.4650836,SPRF-SC,DEL07-SC,UOP05-DEL07-SC,2025
695306.0,2025-06-02,segunda-feira,07:30:00,SC,282,3.2,FLORIANOPOLIS,Manobra de mudança de faixa,Colisão lateral mesmo sentido,Com Vítimas Feridas,Pleno dia,Decrescente,Nublado,Múltipla,Reta,Sim,2,0,1,0,1,0,1,2,-27.59583791,-48.60136382,SPRF-SC,DEL01-SC,UOP01-DEL01-SC,2025
695410.0,2025-06-02,segunda-feira,16:00:00,SC,282,326.0,CAMPOS NOVOS,Condutor deixou de manter distância do veículo da frente,Colisão traseira,Com Vítimas Feridas,Pleno dia,Crescente,Chuva,Simples,Reta,Não,6,0,1,0,5,0,1,4,-27.375487,-51.07651,SPRF-SC,DEL07-SC,UOP06-DEL07-SC,2025
695780.0,2025-06-04,quarta-feira,13:20:00,SC,282,19.4,PALHOCA,Conversão proibida,Colisão transversal,Com Vítimas Feridas,Pleno dia,Crescente,Céu Claro,Simples,Reta;Aclive,Sim,2,0,1,0,1,0,1,2,-27.68137,-48.70616,SPRF-SC,DEL01-SC,UOP02-DEL01-SC,2025
695820.0,2025-03-24,segunda-feira,11:40:00,SC,282,506.0,XANXERE,Reação tardia ou ineficiente do condutor,Colisão traseira,Com Vítimas Feridas,Pleno dia,Decrescente,Céu Claro,Dupla,Aclive;Reta,Não,2,0,2,0,0,0,2,1,-26.88581854,-52.42852664,SPRF-SC,DEL07-SC,UOP01-DEL07-SC,2025
695903.0,2025-06-04,quarta-feira,19:35:00,SC,282,462.1,PONTE SERRADA,Área urbana sem a presença de local apropriado para a travessia de pedestres,Atropelamento de Pedestre,Com Vítimas Feridas,Plena Noite,Decrescente,Garoa/Chuvisco,Simples,Reta,Sim,2,0,1,0,1,0,1,2,-26.861346,-52.026495,SPRF-SC,DEL07-SC,UOP04-DEL07-SC,2025
695912.0,2025-06-04,quarta-feira,22:00:00,SC,282,490.4,FAXINAL DOS GUEDES,Avarias e/ou desgaste excessivo no pneu,Saída de leito carroçável,Com Vítimas Feridas,Plena Noite,Decrescente,Nublado,Simples,Curva,Não,1,0,1,0,0,0,1,1,-26.87137005,-52.27581667,SPRF-SC,DEL07-SC,UOP01-DEL07-SC,2025
696329.0,2025-06-06,sexta-feira,15:00:00,SC,282,309.5,VARGEM,Ausência de reação do condutor,Saída de leito carroçável,Com Vítimas Fatais,Pleno dia,Crescente,Nublado,Simples,Reta;Ponte,Não,1,1,0,0,0,0,0,1,-27.48244229,-50.98213077,SPRF-SC,DEL07-SC,UOP06-DEL07-SC,2025
696372.0,2025-06-06,sexta-feira,22:15:00,SC,282,600.7,CUNHA PORA,Conversão proibida,Colisão frontal,Com Vítimas Feridas,Plena Noite,Crescente,Nublado,Simples,Curva,Não,4,0,2,0,2,0,2,2,-26.80993244,-53.16826053,SPRF-SC,DEL07-SC,UOP02-DEL07-SC,2025
696520.0,2025-06-07,sábado,14:40:00,SC,282,3.4,FLORIANOPOLIS,Trafegar com motocicleta (ou similar) entre as faixas,Colisão lateral mesmo sentido,Com Vítimas Feridas,Pleno dia,Decrescente,Nublado,Múltipla,Reta,Sim,2,0,1,0,1,0,1,2,-27.59694,-48.60135,SPRF-SC,DEL01-SC,UOP01-DEL01-SC,2025
696566.0,2025-06-07,sábado,18:00:00,SC,282,504.5,XANXERE,Ingestão de álcool pelo condutor,Colisão lateral sentido oposto,Com Vítimas Feridas,Plena Noite,Crescente,Chuva,Simples,Interseção de Vias,Não,2,0,1,0,1,0,1,2,-26.884279,-52.408466,SPRF-SC,DEL07-SC,UOP01-DEL07-SC,2025
696584.0,2025-06-07,sábado,18:40:00,SC,282,213.0,LAGES,Transitar na contramão,Colisão lateral sentido oposto,Com Vítimas Feridas,Plena Noite,Decrescente,Nublado,Simples,Reta,Não,7,0,2,0,5,0,2,3,-27.78525,-50.259306,SPRF-SC,DEL05-SC,UOP01-DEL05-SC,2025
696634.0,2025-06-07,sábado,21:15:00,SC,282,15.5,PALHOCA,Reação tardia ou ineficiente do condutor,Colisão com objeto,Sem Vítimas,Plena Noite,Decrescente,Céu Claro,Simples,Interseção de Vias;Curva,Sim,1,0,0,0,0,1,0,1,-27.65589538,-48.67934542,SPRF-SC,DEL01-SC,UOP02-DEL01-SC,2025
696699.0,2025-06-08,domingo,05:20:00,SC,282,639.1,DESCANSO,Ingestão de álcool pelo condutor,Saída de leito carroçável,Com Vítimas Feridas,Plena Noite,Decrescente,Céu Claro,Simples,Curva,Não,1,0,1,0,0,0,1,1,-26.78499973,-53.46150918,SPRF-SC,DEL07-SC,UOP03-DEL07-SC,2025
696701.0,2025-06-08,domingo,06:30:00,SC,282,0.0,FLORIANOPOLIS,Demais falhas mecânicas ou elétricas,Incêndio,Sem Vítimas,Amanhecer,Crescente,Chuva,Simples,Reta,Não,1,0,0,0,1,0,0,1,-27.59794,-48.571893,SPRF-SC,DEL01-SC,UOP01-DEL01-SC,2025
696718.0,2025-06-05,quinta-feira,11:00:00,SC,282,461.0,PONTE SERRADA,Acumulo de água sobre o pavimento,Saída de leito carroçável,Com Vítimas Feridas,Pleno dia,Crescente,Chuva,Dupla,Reta,Não,1,0,1,0,0,0,1,1,-26.855558,-52.037615,SPRF-SC,DEL07-SC,UOP04-DEL07-SC,2025
696793.0,2025-06-08,domingo,14:50:00,SC,282,371.9,ERVAL VELHO,Ingestão de álcool pelo condutor,Colisão traseira,Com Vítimas Feridas,Pleno dia,Crescente,Nublado,Simples,Reta;Aclive,Não,3,0,1,0,2,0,1,2,-27.260735,-51.442342,SPRF-SC,DEL07-SC,UOP05-DEL07-SC,2025
696822.0,2025-06-08,domingo,18:45:00,SC,282,19.4,PALHOCA,Reação tardia ou ineficiente do condutor,Engavetamento,Sem Vítimas,Plena Noite,Crescente,Nublado,Simples,Reta;Aclive,Sim,3,0,0,0,3,0,0,3,-27.681243,-48.705997,SPRF-SC,DEL01-SC,UOP02-DEL01-SC,2025
697024.0,2025-06-04,quarta-feira,19:25:00,SC,282,3.8,FLORIANOPOLIS,Acessar a via sem observar a presença dos outros veículos,Colisão lateral mesmo sentido,Com Vítimas Feridas,Plena Noite,Crescente,Céu Claro,Dupla,Reta,Não,3,0,0,1,2,0,1,2,-27.60051247,-48.58351557,SPRF-SC,DEL01-SC,UOP01-DEL01-SC,2025
697062.0,2025-05-31,sábado,22:15:00,SC,282,2.4,FLORIANOPOLIS,Reação tardia ou ineficiente do condutor,Colisão com objeto,Com Vítimas Fatais,Plena Noite,Decrescente,Céu Claro,Múltipla,Reta,Sim,1,1,0,0,0,0,0,1,-27.60258,-48.5947,SPRF-SC,DEL01-SC,UOP01-DEL01-SC,2025
697130.0,2025-06-09,segunda-feira,22:50:00,SC,282,1.2,FLORIANOPOLIS,Suicídio (presumido),Atropelamento de Pedestre,Com Vítimas Fatais,Plena Noite,Crescente,Céu Claro,Múltipla,Curva;Viaduto,Sim,3,1,0,0,1,1,0,2,-27.602955,-48.580925,SPRF-SC,DEL01-SC,UOP01-DEL01-SC,2025
697146.0,2025-06-10,terça-feira,02:30:00,SC,282,263.4,SAO JOSE DO CERRITO,Acessar a via sem observar a presença dos outros veículos,Colisão transversal,Com Vítimas Feridas,Plena Noite,Decrescente,Céu Claro,Simples,Interseção de Vias,Não,24,0,8,1,15,0,9,2,-27.62667,-50.62475,SPRF-SC,DEL05-SC,UOP02-DEL05-SC,2025
697242.0,2025-06-10,terça-feira,13:40:00,SC,282,126.9,BOM RETIRO,Animais na Pista,Atropelamento de Pedestre,Com Vítimas Feridas,Pleno dia,Decrescente,Céu Claro,Simples,Curva,Não,2,0,0,1,1,0,1,2,-27.800256,-49.477621,SPRF-SC,DEL05-SC,UOP01-DEL05-SC,2025
697303.0,2025-06-10,terça-feira,20:20:00,SC,282,5.0,SAO JOSE,Manobra de mudança de faixa,Colisão lateral mesmo sentido,Com Vítimas Feridas,Plena Noite,Crescente,Nublado,Múltipla,Reta,Sim,2,0,0,1,1,0,1,2,-27.58937208,-48.61132018,SPRF-SC,DEL01-SC,UOP01-DEL01-SC,2025
697339.0,2025-06-11,quarta-feira,06:20:00,SC,282,17.0,PALHOCA,Acessar a via sem observar a presença dos outros veículos,Colisão lateral mesmo sentido,Com Vítimas Feridas,Amanhecer,Crescente,Nublado,Simples,Reta,Não,2,0,1,0,1,0,1,2,-27.66315673,-48.68591309,SPRF-SC,DEL01-SC,UOP02-DEL01-SC,2025
697411.0,2025-06-11,quarta-feira,07:00:00,SC,282,576.0,PINHALZINHO,Ingestão de álcool pelo condutor,Saída de leito carroçável,Sem Vítimas,Plena Noite,Crescente,Nevoeiro/Neblina,Simples,Curva,Sim,1,0,0,0,0,1,0,1,-26.864158,-52.955604,SPRF-SC,DEL07-SC,UOP02-DEL07-SC,2025
697644.0,2025-06-12,quinta-feira,12:35:00,SC,282,170.0,BOCAINA DO SUL,Ausência de reação do condutor,Saída de leito carroçável,Com Vítimas Feridas,Pleno dia,Crescente,Céu Claro,Simples,Reta;Declive,Não,1,0,1,0,0,0,1,1,-27.73956042,-49.9111012,SPRF-SC,DEL05-SC,UOP01-DEL05-SC,2025
697740.0,2025-06-12,quinta-feira,19:54:00,SC,282,2.0,FLORIANOPOLIS,Trafegar com motocicleta (ou similar) entre as faixas,Colisão lateral mesmo sentido,Com Vítimas Feridas,Plena Noite,Crescente,Céu Claro,Múltipla,Reta,Sim,3,0,0,2,1,0,2,2,-27.60309219,-48.59117889,SPRF-SC,DEL01-SC,UOP01-DEL01-SC,2025
697985.0,2025-06-13,sexta-feira,21:00:00,SC,282,2.5,FLORIANOPOLIS,Mal súbito do condutor,Colisão frontal,Com Vítimas Feridas,Plena Noite,Crescente,Chuva,Múltipla,Reta,Sim,2,0,1,0,1,0,1,2,-27.594,-48.601,SPRF-SC,DEL01-SC,UOP01-DEL01-SC,2025
698144.0,2025-06-14,sábado,14:30:00,SC,282,309.0,VARGEM,Pista Escorregadia,Saída de leito carroçável,Com Vítimas Feridas,Pleno dia,Crescente,Chuva,Simples,Declive;Curva,Não,1,0,1,0,0,0,1,1,-27.501302,-50.95174536,SPRF-SC,DEL07-SC,UOP06-DEL07-SC,2025
698149.0,2025-06-14,sábado,16:10:00,SC,282,55.0,RANCHO QUEIMADO,Ausência de reação do condutor,Saída de leito carroçável,Com Vítimas Feridas,Pleno dia,Decrescente,Nublado,Simples,Reta,Não,1,0,1,0,0,0,1,1,-27.68717628,-49.03438568,SPRF-SC,DEL01-SC,UOP03-DEL01-SC,2025
698193.0,2025-06-14,sábado,20:45:00,SC,282,669.0,PARAISO,Acumulo de água sobre o pavimento,Saída de leito carroçável,Com Vítimas Feridas,Plena Noite,Decrescente,Chuva,Simples,Curva,Não,2,0,2,0,0,0,2,1,-26.632223,-53.639007,SPRF-SC,DEL07-SC,UOP03-DEL07-SC,2025
698234.0,2025-06-15,domingo,04:30:00,SC,282,365.6,ERVAL VELHO,Demais falhas mecânicas ou elétricas,Saída de leito carroçável,Sem Vítimas,Plena Noite,Crescente,Chuva,Simples,Declive;Reta,Não,1,0,0,0,1,0,0,1,-27.24647453,-51.44839525,SPRF-SC,DEL07-SC,UOP05-DEL07-SC,2025
698399.0,2025-06-15,domingo,17:00:00,SC,282,587.7,SAUDADES,Transitar na contramão,Colisão frontal,Com Vítimas Fatais,Pleno dia,Crescente,Nublado,Simples,Curva,Não,5,1,2,2,0,0,4,2,-26.826223,-53.050797,SPRF-SC,DEL07-SC,UOP02-DEL07-SC,2025
698585.0,2025-06-16,segunda-feira,19:05:00,SC,282,18.0,PALHOCA,Acessar a via sem observar a presença dos outros veículos,Colisão transversal,Com Vítimas Feridas,Plena Noite,Decrescente,Céu Claro,Simples,Reta,Sim,5,0,5,0,0,0,5,2,-27.673897,-48.69543,SPRF-SC,DEL01-SC,UOP02-DEL01-SC,2025
698788.0,2025-06-02,segunda-feira,15:15:00,SC,282,555.7,NOVA ITABERABA,Avarias e/ou desgaste excessivo no pneu,Saída de leito carroçável,Com Vítimas Feridas,Pleno dia,Crescente,Chuva,Simples,Reta,Não,2,0,1,0,1,0,1,1,-26.93571989,-52.7993381,SPRF-SC,DEL07-SC,UOP01-DEL07-SC,2025
698884.0,2025-06-18,quarta-feira,07:45:00,SC,282,5.0,SAO JOSE,Manobra de mudança de faixa,Colisão transversal,Com Vítimas Feridas,Pleno dia,Decrescente,Céu Claro,Dupla,Reta,Sim,2,0,1,0,1,0,1,2,-27.58841,-48.61268,SPRF-SC,DEL01-SC,UOP01-DEL01-SC,2025
699010.0,2025-06-18,quarta-feira,19:15:00,SC,282,1.8,FLORIANOPOLIS,Manobra de mudança de faixa,Colisão lateral mesmo sentido,Com Vítimas Feridas,Plena Noite,Crescente,Céu Claro,Múltipla,Reta,Sim,3,0,2,0,1,0,2,2,-27.603491,-48.586897,SPRF-SC,DEL01-SC,UOP01-DEL01-SC,2025
699081.0,2025-06-19,quinta-feira,02:00:00,SC,282,629.8,DESCANSO,Ingestão de álcool pelo condutor,Colisão com objeto,Sem Vítimas,Plena Noite,Crescente,Chuva,Simples,Reta;Ponte,Não,1,0,0,0,1,0,0,1,-26.82153642,-53.38354898,SPRF-SC,DEL07-SC,UOP03-DEL07-SC,2025
699103.0,2025-06-19,quinta-feira,05:50:00,SC,282,308.0,VARGEM,Chuva,Colisão com objeto,Com Vítimas Feridas,Amanhecer,Crescente,Chuva,Simples,Curva,Não,1,0,0,1,0,0,1,1,-27.49310801,-50.97132079,SPRF-SC,DEL07-SC,UOP06-DEL07-SC,2025
699112.0,2025-06-19,quinta-feira,07:00:00,SC,282,2.5,FLORIANOPOLIS,Reação tardia ou ineficiente do condutor,Colisão lateral mesmo sentido,Sem Vítimas,Pleno dia,Crescente,Garoa/Chuvisco,Múltipla,Reta,Sim,2,0,0,0,2,0,0,2,-27.60292314,-48.59211087,SPRF-SC,DEL01-SC,UOP01-DEL01-SC,2025
699130.0,2025-06-19,quinta-feira,08:15:00,SC,282,49.8,AGUAS MORNAS,Reação tardia ou ineficiente do condutor,Saída de leito carroçável,Com Vítimas Feridas,Pleno dia,Crescente,Nublado,Simples,Aclive;Curva,Não,3,0,1,0,2,0,1,1,-27.7091,-48.9507,SPRF-SC,DEL01-SC,UOP03-DEL01-SC,2025
699189.0,2025-06-19,quinta-feira,13:35:00,SC,282,494.9,XANXERE,Velocidade Incompatível,Saída de leito carroçável,Com Vítimas Feridas,Pleno dia,Crescente,Chuva,Simples,Curva,Não,2,0,2,0,0,0,2,1,-26.87234,-52.319837,SPRF-SC,DEL07-SC,UOP01-DEL07-SC,2025
699192.0,2025-06-19,quinta-feira,07:15:00,SC,282,5.5,SAO JOSE,Curva acentuada,Tombamento,Com Vítimas Feridas,Pleno dia,Crescente,Nublado,Simples,Curva,Não,1,0,1,0,0,0,1,1,-27.5846859,-48.61667991,SPRF-SC,DEL01-SC,UOP01-DEL01-SC,2025
699264.0,2025-06-19,quinta-feira,22:45:00,SC,282,5.1,SAO JOSE,Reação tardia ou ineficiente do condutor,Colisão com objeto,Sem Vítimas,Plena Noite,Decrescente,Nublado,Dupla,Curva,Sim,1,0,0,0,1,0,0,1,-27.58359,-48.61812,SPRF-SC,DEL01-SC,UOP01-DEL01-SC,2025
699301.0,2025-06-20,sexta-feira,07:14:00,SC,282,5.6,SAO JOSE,Reação tardia ou ineficiente do condutor,Tombamento,Com Vítimas Feridas,Pleno dia,Crescente,Nublado,Dupla,Declive;Curva,Sim,1,0,1,0,0,0,1,1,-27.584525,-48.617113,SPRF-SC,DEL01-SC,UOP01-DEL01-SC,2025
699318.0,2025-06-20,sexta-feira,08:00:00,SC,282,47.4,AGUAS MORNAS,Pista Escorregadia,Saída de leito carroçável,Com Vítimas Feridas,Pleno dia,Decrescente,Chuva,Simples,Declive;Curva,Não,1,0,0,1,0,0,1,1,-27.72049489,-48.93686995,SPRF-SC,DEL01-SC,UOP03-DEL01-SC,2025
699364.0,2025-06-20,sexta-feira,09:55:00,SC,282,218.0,LAGES,Reação tardia ou ineficiente do condutor,Colisão com objeto,Com Vítimas Feridas,Pleno dia,Crescente,Chuva,Simples,Interseção de Vias;Declive;Reta,Sim,1,0,1,0,0,0,1,1,-27.79773289,-50.30956149,SPRF-SC,DEL05-SC,UOP01-DEL05-SC,2025
699519.0,2025-06-21,sábado,07:00:00,SC,282,573.9,PINHALZINHO,Frear bruscamente,Capotamento,Com Vítimas Feridas,Pleno dia,Crescente,Nublado,Simples,Curva,Não,1,0,1,0,0,0,1,1,-26.87671781,-52.9519714,SPRF-SC,DEL07-SC,UOP02-DEL07-SC,2025
699618.0,2025-06-21,sábado,18:40:00,SC,282,30.0,SANTO AMARO DA IMPERATRIZ,Ingestão de álcool pelo condutor,Colisão traseira,Sem Vítimas,Plena Noite,Crescente,Céu Claro,Simples,Curva,Sim,3,0,0,0,3,0,0,3,-27.678818,-48.786327,SPRF-SC,DEL01-SC,UOP03-DEL01-SC,2025
699645.0,2025-06-21,sábado,18:48:00,SC,282,561.0,NOVA ITABERABA,Demais falhas na via,Colisão com objeto,Com Vítimas Feridas,Plena Noite,Decrescente,Céu Claro,Simples,Aclive;Curva;Ponte,Não,1,0,1,0,0,0,1,1,-26.92741364,-52.85591984,SPRF-SC,DEL07-SC,UOP02-DEL07-SC,2025
699669.0,2025-06-21,sábado,23:30:00,SC,282,205.0,LAGES,Ausência de reação do condutor,Saída de leito carroçável,Sem Vítimas,Plena Noite,Crescente,Nevoeiro/Neblina,Simples,Declive;Reta,Não,3,0,0,0,3,0,0,1,-27.77012947,-50.18031556,SPRF-SC,DEL05-SC,UOP01-DEL05-SC,2025
699739.0,2025-06-22,domingo,11:25:00,SC,282,54.9,AGUAS MORNAS,Ausência de reação do condutor,Saída de leito carroçável,Com Vítimas Feridas,Pleno dia,Crescente,Nublado,Simples,Curva,Não,4,0,3,0,1,0,3,2,-27.68960835,-48.98288727,SPRF-SC,DEL01-SC,UOP03-DEL01-SC,2025
699758.0,2025-06-22,domingo,13:10:00,SC,282,3.9,FLORIANOPOLIS,Condutor deixou de manter distância do veículo da frente,Colisão lateral mesmo sentido,Com Vítimas Feridas,Pleno dia,Crescente,Garoa/Chuvisco,Simples,Reta,Sim,3,0,2,0,0,1,2,2,-27.59291,-48.60314,SPRF-SC,DEL01-SC,UOP01-DEL01-SC,2025
699769.0,2025-06-22,domingo,14:30:00,SC,282,5.8,SAO JOSE,Chuva,Colisão lateral mesmo sentido,Com Vítimas Feridas,Pleno dia,Decrescente,Chuva,Dupla,Curva;Aclive,Sim,3,0,2,0,1,0,2,2,-27.58566014,-48.61788724,SPRF-SC,DEL01-SC,UOP01-DEL01-SC,2025
699866.0,2025-06-22,domingo,20:50:00,SC,282,5.5,SAO JOSE,Reação tardia ou ineficiente do condutor,Colisão com objeto,Com Vítimas Feridas,Plena Noite,Decrescente,Chuva,Dupla,Curva,Sim,2,0,2,0,0,0,2,2,-27.585255,-48.617867,SPRF-SC,DEL01-SC,UOP01-DEL01-SC,2025
699936.0,2025-05-26,segunda-feira,15:33:00,SC,282,4.2,SAO JOSE,Condutor deixou de manter distância do veículo da frente,Engavetamento,Com Vítimas Feridas,Pleno dia,Decrescente,Céu Claro,Múltipla,Reta,Sim,4,0,2,0,2,0,2,3,-27.59156,-48.6064,SPRF-SC,DEL01-SC,UOP01-DEL01-SC,2025
699979.0,2025-06-23,segunda-feira,08:30:00,SC,282,162.6,BOM RETIRO,Reação tardia ou ineficiente do condutor,Saída de leito carroçável,Com Vítimas Feridas,Pleno dia,Crescente,Nublado,Simples,Reta,Não,1,0,1,0,0,0,1,1,-27.72937,-49.78002,SPRF-SC,DEL05-SC,UOP01-DEL05-SC,2025
700152.0,2025-06-24,terça-feira,07:00:00,SC,282,1.0,FLORIANOPOLIS,Acessar a via sem observar a presença dos outros veículos,Colisão traseira,Com Vítimas Feridas,Pleno dia,Decrescente,Céu Claro,Múltipla,Reta,Sim,2,0,1,0,1,0,1,2,-27.600642,-48.577615,SPRF-SC,DEL01-SC,UOP01-DEL01-SC,2025
700163.0,2025-06-24,terça-feira,07:35:00,SC,282,215.0,LAGES,Acessar a via sem observar a presença dos outros veículos,Colisão transversal,Sem Vítimas,Pleno dia,Crescente,Céu Claro,Simples,Rotatória;Interseção de Vias,Sim,3,0,0,0,3,0,0,2,-27.79427821,-50.28430581,SPRF-SC,DEL05-SC,UOP01-DEL05-SC,2025
700289.0,2025-06-24,terça-feira,17:50:00,SC,282,0.5,FLORIANOPOLIS,Reação tardia ou ineficiente do condutor,Colisão traseira,Sem Vítimas,Anoitecer,Crescente,Céu Claro,Dupla,Reta;Aclive,Sim,2,0,0,0,2,0,0,2,-27.59933538,-48.57530298,SPRF-SC,DEL01-SC,UOP01-DEL01-SC,2025
700313.0,2025-06-24,terça-feira,18:05:00,SC,282,340.5,CAMPOS NOVOS,Transitar na contramão,Colisão frontal,Com Vítimas Feridas,Plena Noite,Crescente,Céu Claro,Simples,Reta,Sim,4,0,1,2,0,1,3,3,-27.390443,-51.200715,SPRF-SC,DEL07-SC,UOP06-DEL07-SC,2025
700337.0,2025-06-24,terça-feira,20:40:00,SC,282,428.1,VARGEM BONITA,Velocidade Incompatível,Saída de leito carroçável,Com Vítimas Feridas,Plena Noite,Crescente,Céu Claro,Simples,Curva,Não,1,0,0,1,0,0,1,1,-26.975905,-51.780773,SPRF-SC,DEL07-SC,UOP05-DEL07-SC,2025
700418.0,2025-06-25,quarta-feira,12:10:00,SC,282,506.4,XANXERE,Animais na Pista,Tombamento,Com Vítimas Feridas,Pleno dia,Decrescente,Céu Claro,Dupla,Reta,Não,2,0,2,0,0,0,2,1,-26.88552158,-52.43143559,SPRF-SC,DEL07-SC,UOP01-DEL07-SC,2025
700440.0,2025-06-25,quarta-feira,13:55:00,SC,282,28.5,SANTO AMARO DA IMPERATRIZ,Acessar a via sem observar a presença dos outros veículos,Colisão transversal,Com Vítimas Feridas,Pleno dia,Crescente,Céu Claro,Simples,Rotatória;Interseção de Vias,Sim,2,0,1,0,1,0,1,2,-27.676795,-48.783235,SPRF-SC,DEL01-SC,UOP03-DEL01-SC,2025
700459.0,2025-06-25,quarta-feira,13:37:00,SC,282,562.5,NOVA ERECHIM,Transitar na contramão,Colisão lateral sentido oposto,Com Vítimas Feridas,Pleno dia,Crescente,Céu Claro,Simples,Reta,Não,4,0,1,0,1,2,1,4,-26.917158,-52.863613,SPRF-SC,DEL07-SC,UOP02-DEL07-SC,2025
700618.0,2025-06-26,quinta-feira,08:50:00,SC,282,492.0,FAXINAL DOS GUEDES,Velocidade Incompatível,Colisão lateral sentido oposto,Com Vítimas Feridas,Pleno dia,Decrescente,Chuva,Simples,Reta,Não,3,0,0,2,1,0,2,3,-26.872426,-52.295229,SPRF-SC,DEL07-SC,UOP01-DEL07-SC,2025
700717.0,2025-06-26,quinta-feira,18:40:00,SC,282,218.0,LAGES,Condutor deixou de manter distância do veículo da frente,Colisão traseira,Com Vítimas Feridas,Plena Noite,Decrescente,Chuva,Simples,Reta,Sim,3,0,1,0,2,0,1,3,-27.79763798,-50.31220078,SPRF-SC,DEL05-SC,UOP01-DEL05-SC,2025
700837.0,2025-06-21,sábado,18:45:00,SC,282,561.1,NOVA ITABERABA,Demais falhas na via,Colisão com objeto,Sem Vítimas,Plena Noite,Decrescente,Céu Claro,Simples,Aclive;Curva;Ponte,Não,3,0,0,0,3,0,0,1,-26.92723982,-52.85605643,SPRF-SC,DEL07-SC,UOP02-DEL07-SC,2025
700860.0,2025-06-27,sexta-feira,11:30:00,SC,282,580.2,PINHALZINHO,Transitar no Acostamento,Colisão traseira,Com Vítimas Feridas,Pleno dia,Crescente,Nevoeiro/Neblina,Simples,Reta,Não,2,0,0,1,1,0,1,2,-26.83624873,-52.9891634,SPRF-SC,DEL07-SC,UOP02-DEL07-SC,2025
700927.0,2025-06-27,sexta-feira,18:00:00,SC,282,0.6,FLORIANOPOLIS,Reação tardia ou ineficiente do condutor,Colisão traseira,Com Vítimas Feridas,Plena Noite,Crescente,Nublado,Dupla,Curva;Declive,Não,3,0,1,0,1,1,1,3,-27.59862039,-48.57410638,SPRF-SC,DEL01-SC,UOP01-DEL01-SC,2025
701014.0,2025-06-28,sábado,00:50:00,SC,282,72.8,RANCHO QUEIMADO,Velocidade Incompatível,Saída de leito carroçável,Com Vítimas Feridas,Plena Noite,Decrescente,Nublado,Simples,Curva,Não,3,0,3,0,0,0,3,1,-27.68139991,-49.1116333,SPRF-SC,DEL01-SC,UOP03-DEL01-SC,2025
701086.0,2025-06-28,sábado,09:20:00,SC,282,121.3,BOM RETIRO,Ingestão de álcool pelo condutor,Saída de leito carroçável,Sem Vítimas,Pleno dia,Crescente,Chuva,Simples,Reta,Não,1,0,0,0,1,0,0,1,-27.79969,-49.42425,SPRF-SC,DEL05-SC,UOP01-DEL05-SC,2025