id,data_inversa,dia_semana,horario,uf,br,km,municipio,causa_acidente,tipo_acidente,classificacao_acidente,fase_dia,sentido_via,condicao_metereologica,tipo_pista,tracado_via,uso_solo,pessoas,mortos,feridos_leves,feridos_graves,ilesos,ignorados,feridos,veiculos,latitude,longitude,regional,delegacia,uop,ano_arquivo
701104.0,2025-06-28,sábado,14:10:00,SC,282,519.2,XAXIM,Reação tardia ou ineficiente do condutor,Colisão lateral mesmo sentido,Com Vítimas Feridas,Pleno dia,Crescente,Chuva,Simples,Aclive;Reta,Não,4,0,1,0,3,0,1,2,-26.947373,-52.517305,SPRF-SC,DEL07-SC,UOP01-DEL07-SC,2025
701114.0,2025-06-28,sábado,13:40:00,SC,282,412.0,CATANDUVAS,Ingestão de álcool pelo condutor,Tombamento,Com Vítimas Feridas,Pleno dia,Crescente,Chuva,Simples,Curva;Declive,Não,1,0,1,0,0,0,1,1,-27.05989,-51.679493,SPRF-SC,DEL07-SC,UOP05-DEL07-SC,2025
701167.0,2025-06-28,sábado,17:20:00,SC,282,217.0,LAGES,Pedestre cruzava a pista fora da faixa,Atropelamento de Pedestre,Com Vítimas Feridas,Anoitecer,Crescente,Chuva,Dupla,Reta,Sim,2,0,1,0,1,0,1,2,-27.797677,-50.301115,SPRF-SC,DEL05-SC,UOP01-DEL05-SC,2025
701180.0,2025-06-28,sábado,18:30:00,SC,282,225.0,LAGES,Chuva,Saída de leito carroçável,Sem Vítimas,Plena Noite,Decrescente,Chuva,Simples,Reta;Aclive,Não,2,0,0,0,1,1,0,1,-27.79526957,-50.38312761,SPRF-SC,DEL05-SC,UOP02-DEL05-SC,2025
701216.0,2025-06-28,sábado,23:00:00,SC,282,52.0,AGUAS MORNAS,Ingestão de álcool pelo condutor,Saída de leito carroçável,Com Vítimas Feridas,Plena Noite,Decrescente,Céu Claro,Simples,Curva,Não,1,0,1,0,0,0,1,1,-27.69715,-48.96443,SPRF-SC,DEL01-SC,UOP03-DEL01-SC,2025
701227.0,2025-06-28,sábado,16:00:00,SC,282,52.8,AGUAS MORNAS,Velocidade Incompatível,Saída de leito carroçável,Com Vítimas Fatais,Pleno dia,Decrescente,Chuva,Simples,Curva;Declive,Não,1,1,0,0,0,0,0,1,-27.692366,-48.970088,SPRF-SC,DEL01-SC,UOP03-DEL01-SC,2025
701354.0,2025-06-29,domingo,16:40:00,SC,282,227.0,LAGES,Reação tardia ou ineficiente do condutor,Saída de leito carroçável,Sem Vítimas,Pleno dia,Crescente,Chuva,Simples,Reta,Não,2,0,0,0,2,0,0,1,-27.79575249,-50.39915794,SPRF-SC,DEL05-SC,UOP02-DEL05-SC,2025
701910.0,2025-07-01,terça-feira,18:30:00,SC,480,127.0,CHAPECO,Ultrapassagem Indevida,Colisão frontal,Com Vítimas Feridas,Plena Noite,Crescente,Céu Claro,Simples,Reta,Sim,3,0,0,1,1,1,1,3,-27.04359353,-52.63587926,SPRF-SC,DEL07-SC,UOP01-DEL07-SC,2025
701954.0,2025-07-02,quarta-feira,07:50:00,SC,282,335.5,CAMPOS NOVOS,Pista Escorregadia,Colisão frontal,Com Vítimas Feridas,Amanhecer,Decrescente,Nevoeiro/Neblina,Simples,Reta;Declive,Não,2,0,0,2,0,0,2,2,-27.39226892,-51.15848064,SPRF-SC,DEL07-SC,UOP06-DEL07-SC,2025
701963.0,2025-07-02,quarta-feira,11:01:00,SC,282,1.0,FLORIANOPOLIS,Ausência de reação do condutor,Engavetamento,Com Vítimas Feridas,Pleno dia,Crescente,Sol,Dupla,Reta,Sim,7,0,4,0,3,0,4,5,-27.60253333,-48.57999802,SPRF-SC,DEL01-SC,UOP01-DEL01-SC,2025
702050.0,2025-07-02,quarta-feira,18:40:00,SC,282,500.8,XANXERE,Desrespeitar a preferência no cruzamento,Colisão transversal,Com Vítimas Feridas,Plena Noite,Decrescente,Céu Claro,Simples,Reta;Interseção de Vias,Sim,2,0,1,0,1,0,1,2,-26.8812865,-52.37490392,SPRF-SC,DEL07-SC,UOP01-DEL07-SC,2025
702058.0,2025-07-02,quarta-feira,13:45:00,SC,282,644.6,SAO MIGUEL DO OESTE,Reação tardia ou ineficiente do condutor,Saída de leito carroçável,Com Vítimas Feridas,Pleno dia,Crescente,Céu Claro,Simples,Aclive;Curva,Não,1,0,1,0,0,0,1,1,-26.76504268,-53.48782787,SPRF-SC,DEL07-SC,UOP03-DEL07-SC,2025
702222.0,2025-07-03,quinta-feira,17:36:00,SC,282,0.6,FLORIANOPOLIS,Reação tardia ou ineficiente do condutor,Colisão lateral mesmo sentido,Com Vítimas Feridas,Anoitecer,Crescente,Céu Claro,Múltipla,Aclive;Reta,Sim,2,0,2,0,0,0,2,2,-27.601,-48.578,SPRF-SC,DEL01-SC,UOP01-DEL01-SC,2025
702259.0,2025-07-03,quinta-feira,18:40:00,SC,282,223.0,LAGES,Acessar a via sem observar a presença dos outros veículos,Colisão transversal,Com Vítimas Feridas,Plena Noite,Decrescente,Céu Claro,Simples,Reta;Declive,Não,2,0,1,0,1,0,1,2,-27.79945069,-50.36046982,SPRF-SC,DEL05-SC,UOP01-DEL05-SC,2025
702303.0,2025-07-04,sexta-feira,01:00:00,SC,282,3.3,FLORIANOPOLIS,Ingestão de álcool pelo condutor,Colisão com objeto,Com Vítimas Feridas,Plena Noite,Decrescente,Nublado,Múltipla,Reta,Não,1,0,1,0,0,0,1,1,-27.59762,-48.600748,SPRF-SC,DEL01-SC,UOP01-DEL01-SC,2025
702307.0,2025-07-04,sexta-feira,00:05:00,SC,282,275.0,SAO JOSE DO CERRITO,Demais falhas mecânicas ou elétricas,Incêndio,Sem Vítimas,Plena Noite,Decrescente,Céu Claro,Múltipla,Curva,Não,1,0,0,0,0,1,0,1,-27.6055,-50.72485,SPRF-SC,DEL05-SC,UOP02-DEL05-SC,2025
702318.0,2025-07-04,sexta-feira,06:15:00,SC,282,5.5,SAO JOSE,Pista Escorregadia,Tombamento,Com Vítimas Feridas,Amanhecer,Crescente,Garoa/Chuvisco,Múltipla,Curva,Não,1,0,0,1,0,0,1,1,-27.58545,-48.617702,SPRF-SC,DEL01-SC,UOP01-DEL01-SC,2025
702319.0,2025-07-04,sexta-feira,04:52:00,SC,282,1.9,FLORIANOPOLIS,Ingestão de álcool pelo condutor,Capotamento,Sem Vítimas,Pleno dia,Crescente,Nublado,Múltipla,Reta,Sim,2,0,0,0,1,1,0,2,-27.60320748,-48.58945783,SPRF-SC,DEL01-SC,UOP01-DEL01-SC,2025
702328.0,2025-07-04,sexta-feira,04:00:00,SC,282,456.7,PONTE SERRADA,Demais falhas mecânicas ou elétricas,Incêndio,Sem Vítimas,Plena Noite,Decrescente,Céu Claro,Simples,Reta,Não,1,0,0,0,1,0,0,1,-26.885752,-52.004669,SPRF-SC,DEL07-SC,UOP04-DEL07-SC,2025
702352.0,2025-07-04,sexta-feira,08:30:00,SC,282,4.7,SAO JOSE,Trafegar com motocicleta (ou similar) entre as faixas,Colisão traseira,Com Vítimas Feridas,Pleno dia,Decrescente,Garoa/Chuvisco,Múltipla,Aclive;Reta,Sim,2,0,0,1,1,0,1,2,-27.59124531,-48.60732906,SPRF-SC,DEL01-SC,UOP01-DEL01-SC,2025
702771.0,2025-07-05,sábado,20:30:00,SC,282,376.5,HERVAL DOESTE,Ingestão de álcool pelo condutor,Colisão lateral sentido oposto,Com Vítimas Feridas,Plena Noite,Crescente,Céu Claro,Simples,Declive,Não,2,0,0,1,0,1,1,2,-27.221734,-51.459477,SPRF-SC,DEL07-SC,UOP05-DEL07-SC,2025
702840.0,2025-07-06,domingo,02:50:00,SC,282,215.0,LAGES,Reação tardia ou ineficiente do condutor,Saída de leito carroçável,Sem Vítimas,Plena Noite,Crescente,Céu Claro,Simples,Rotatória,Sim,1,0,0,0,0,1,0,1,-27.79433762,-50.28478361,SPRF-SC,DEL05-SC,UOP01-DEL05-SC,2025
702895.0,2025-07-06,domingo,09:20:00,SC,282,50.7,AGUAS MORNAS,Reação tardia ou ineficiente do condutor,Tombamento,Com Vítimas Fatais,Pleno dia,Decrescente,Céu Claro,Simples,Declive;Curva,Não,2,1,0,0,0,1,0,2,-27.703975,-48.957972,SPRF-SC,DEL01-SC,UOP03-DEL01-SC,2025
702968.0,2025-07-06,domingo,18:00:00,SC,282,28.0,SANTO AMARO DA IMPERATRIZ,Ingestão de álcool pelo condutor,Colisão frontal,Com Vítimas Feridas,Plena Noite,Crescente,Céu Claro,Simples,Reta,Sim,3,0,2,1,0,0,3,2,-27.676395,-48.782113,SPRF-SC,DEL01-SC,UOP03-DEL01-SC,2025
703001.0,2025-07-06,domingo,12:40:00,SC,282,608.0,MARAVILHA,Acessar a via sem observar a presença dos outros veículos,Colisão transversal,Com Vítimas Feridas,Pleno dia,Crescente,Céu Claro,Simples,Reta,Não,2,0,1,0,1,0,1,2,-26.7641002,-53.21771979,SPRF-SC,DEL07-SC,UOP02-DEL07-SC,2025
703003.0,2025-07-06,domingo,18:00:00,SC,282,259.7,SAO JOSE DO CERRITO,Ultrapassagem Indevida,Colisão lateral sentido oposto,Com Vítimas Feridas,Anoitecer,Crescente,Céu Claro,Simples,Reta,Sim,2,0,0,1,1,0,1,2,-27.63959547,-50.597185,SPRF-SC,DEL05-SC,UOP02-DEL05-SC,2025
703008.0,2025-07-06,domingo,18:00:00,SC,282,83.7,ALFREDO WAGNER,Reação tardia ou ineficiente do condutor,Colisão transversal,Com Vítimas Feridas,Plena Noite,Crescente,Céu Claro,Simples,Reta,Não,6,0,0,4,2,0,4,3,-27.6722787,-49.20776367,SPRF-SC,DEL01-SC,UOP03-DEL01-SC,2025
703018.0,2025-07-06,domingo,21:10:00,SC,282,533.2,CORDILHEIRA ALTA,Ingestão de álcool pelo condutor,Colisão com objeto,Sem Vítimas,Plena Noite,Crescente,Céu Claro,Simples,Aclive;Curva,Não,1,0,0,0,1,0,0,1,-26.99503025,-52.62732837,SPRF-SC,DEL07-SC,UOP01-DEL07-SC,2025
703034.0,2025-07-06,domingo,21:30:00,SC,282,398.7,JOACABA,Velocidade Incompatível,Saída de leito carroçável,Com Vítimas Fatais,Plena Noite,Crescente,Céu Claro,Simples,Aclive;Reta,Não,1,1,0,0,0,0,0,1,-27.1454761,-51.6130133,SPRF-SC,DEL07-SC,UOP05-DEL07-SC,2025
703333.0,2025-07-08,terça-feira,09:34:00,SC,282,3.5,FLORIANOPOLIS,Trafegar com motocicleta (ou similar) entre as faixas,Colisão lateral mesmo sentido,Com Vítimas Feridas,Pleno dia,Decrescente,Céu Claro,Múltipla,Reta,Sim,2,0,1,0,1,0,1,2,-27.5928227,-48.60376088,SPRF-SC,DEL01-SC,UOP01-DEL01-SC,2025
703359.0,2025-06-18,quarta-feira,21:30:00,SC,282,36.8,AGUAS MORNAS,Condutor deixou de manter distância do veículo da frente,Colisão lateral mesmo sentido,Com Vítimas Feridas,Plena Noite,Decrescente,Nublado,Simples,Reta,Não,3,0,0,1,2,0,1,2,-27.70676,-48.84093,SPRF-SC,DEL01-SC,UOP03-DEL01-SC,2025
703431.0,2025-07-08,terça-feira,18:10:00,SC,282,15.6,PALHOCA,Acessar a via sem observar a presença dos outros veículos,Colisão transversal,Com Vítimas Feridas,Plena Noite,Crescente,Céu Claro,Simples,Interseção de Vias,Não,2,0,1,1,0,0,2,2,-27.655477,-48.679578,SPRF-SC,DEL01-SC,UOP02-DEL01-SC,2025
703436.0,2025-07-08,terça-feira,12:00:00,SC,282,230.0,LAGES,Animais na Pista,Atropelamento de Animal,Sem Vítimas,Pleno dia,Crescente,Nublado,Simples,Reta,Não,1,0,0,0,1,0,0,1,-27.7882034,-50.4290071,SPRF-SC,DEL05-SC,UOP02-DEL05-SC,2025
703651.0,2025-07-09,quarta-feira,18:40:00,SC,282,16.3,PALHOCA,Acessar a via sem observar a presença dos outros veículos,Colisão transversal,Com Vítimas Feridas,Plena Noite,Decrescente,Céu Claro,Simples,Reta;Interseção de Vias,Sim,2,0,0,1,1,0,1,2,-27.6618252,-48.684626,SPRF-SC,DEL01-SC,UOP02-DEL01-SC,2025
703658.0,2025-07-09,quarta-feira,18:30:00,SC,282,586.0,PINHALZINHO,Acumulo de óleo sobre o pavimento,Queda de ocupante de veículo,Com Vítimas Feridas,Anoitecer,Decrescente,Céu Claro,Simples,Curva,Não,1,0,1,0,0,0,1,1,-26.832248,-53.022066,SPRF-SC,DEL07-SC,UOP02-DEL07-SC,2025
703660.0,2025-07-09,quarta-feira,17:50:00,SC,282,584.4,PINHALZINHO,Acumulo de óleo sobre o pavimento,Tombamento,Com Vítimas Feridas,Anoitecer,Decrescente,Céu Claro,Simples,Curva;Aclive,Não,2,0,1,1,0,0,2,1,-26.83228734,-53.02164862,SPRF-SC,DEL07-SC,UOP02-DEL07-SC,2025
703680.0,2025-07-09,quarta-feira,18:30:00,SC,282,1.5,FLORIANOPOLIS,Reação tardia ou ineficiente do condutor,Colisão traseira,Com Vítimas Feridas,Plena Noite,Crescente,Nublado,Múltipla,Reta,Sim,3,0,0,1,2,0,1,3,-27.603564,-48.585279,SPRF-SC,DEL01-SC,UOP01-DEL01-SC,2025
703684.0,2025-05-09,sexta-feira,17:18:00,SC,282,560.0,NOVA ITABERABA,Transitar na contramão,Colisão frontal,Com Vítimas Feridas,Anoitecer,Decrescente,Chuva,Simples,Reta,Não,3,0,1,0,2,0,1,2,-26.95745527,-52.77272925,SPRF-SC,DEL07-SC,UOP01-DEL07-SC,2025
703828.0,2025-07-10,quinta-feira,10:50:00,SC,282,504.8,XANXERE,Reação tardia ou ineficiente do condutor,Tombamento,Com Vítimas Feridas,Pleno dia,Crescente,Céu Claro,Simples,Reta;Interseção de Vias,Sim,2,0,1,0,1,0,1,2,-26.88527436,-52.41429852,SPRF-SC,DEL07-SC,UOP01-DEL07-SC,2025
703832.0,2025-07-10,quinta-feira,14:55:00,SC,282,3.0,FLORIANOPOLIS,Reação tardia ou ineficiente do condutor,Colisão traseira,Com Vítimas Feridas,Pleno dia,Decrescente,Céu Claro,Múltipla,Reta,Não,2,0,1,0,1,0,1,2,-27.599283,-48.600289,SPRF-SC,DEL01-SC,UOP01-DEL01-SC,2025
704082.0,2025-07-11,sexta-feira,19:00:00,SC,282,2.9,FLORIANOPOLIS,Manobra de mudança de faixa,Colisão lateral mesmo sentido,Com Vítimas Feridas,Plena Noite,Decrescente,Nublado,Dupla,Reta,Sim,4,0,0,2,2,0,2,2,-27.600327,-48.599768,SPRF-SC,DEL01-SC,UOP01-DEL01-SC,2025
704109.0,2025-07-11,sexta-feira,18:50:00,SC,282,142.0,PALMITOS,Velocidade Incompatível,Colisão traseira,Com Vítimas Feridas,Plena Noite,Crescente,Céu Claro,Simples,Reta,Não,2,0,0,1,0,1,1,2,-27.11680873,-53.21547646,SPRF-SC,DEL05-SC,UOP01-DEL05-SC,2025
704360.0,2025-07-12,sábado,18:30:00,SC,282,573.2,NOVA ERECHIM,Acessar a via sem observar a presença dos outros veículos,Colisão transversal,Com Vítimas Feridas,Plena Noite,Crescente,Ignorado,Simples,Reta,Não,2,0,0,1,1,0,1,2,-26.88020892,-52.94622584,SPRF-SC,DEL07-SC,UOP02-DEL07-SC,2025
704392.0,2025-07-12,sábado,20:15:00,SC,282,545.0,CHAPECO,Ingestão de álcool pelo condutor,Colisão frontal,Com Vítimas Feridas,Plena Noite,Crescente,Céu Claro,Simples,Reta,Não,6,0,1,5,0,0,6,2,-26.98935318,-52.73170218,SPRF-SC,DEL07-SC,UOP01-DEL07-SC,2025
704457.0,2025-07-13,domingo,08:50:00,SC,282,57.4,RANCHO QUEIMADO,Ausência de reação do condutor,Saída de leito carroçável,Com Vítimas Feridas,Pleno dia,Crescente,Céu Claro,Simples,Curva,Não,1,0,1,0,0,0,1,1,-27.68504818,-49.00245667,SPRF-SC,DEL01-SC,UOP03-DEL01-SC,2025
704540.0,2025-07-13,domingo,18:25:00,SC,282,520.0,XAXIM,Velocidade Incompatível,Saída de leito carroçável,Sem Vítimas,Anoitecer,Crescente,Céu Claro,Simples,Interseção de Vias;Rotatória,Sim,1,0,0,0,1,0,0,1,-26.94892169,-52.52878603,SPRF-SC,DEL07-SC,UOP01-DEL07-SC,2025
704550.0,2025-07-13,domingo,16:50:00,SC,282,326.0,CAMPOS NOVOS,Demais falhas mecânicas ou elétricas,Saída de leito carroçável,Com Vítimas Feridas,Pleno dia,Decrescente,Nublado,Simples,Reta,Não,4,0,1,0,3,0,1,1,-27.46685052,-51.26701355,SPRF-SC,DEL07-SC,UOP06-DEL07-SC,2025
704600.0,2025-07-13,domingo,19:30:00,SC,282,419.0,VARGEM BONITA,Reação tardia ou ineficiente do condutor,Saída de leito carroçável,Sem Vítimas,Pleno dia,Decrescente,Céu Claro,Simples,Curva,Não,1,0,0,0,0,1,0,1,-27.019335,-51.729307,SPRF-SC,DEL07-SC,UOP05-DEL07-SC,2025
704638.0,2025-07-14,segunda-feira,05:00:00,SC,282,1.2,FLORIANOPOLIS,Reação tardia ou ineficiente do condutor,Colisão com objeto,Com Vítimas Feridas,Amanhecer,Crescente,Nublado,Dupla,Curva,Sim,2,0,1,1,0,0,2,1,-27.60354114,-48.58301282,SPRF-SC,DEL01-SC,UOP01-DEL01-SC,2025
704751.0,2025-07-14,segunda-feira,14:00:00,SC,282,4.0,SAO JOSE,Condutor deixou de manter distância do veículo da frente,Colisão traseira,Com Vítimas Feridas,Pleno dia,Decrescente,Sol,Dupla,Reta,Sim,2,0,1,0,1,0,1,2,-27.5907686,-48.60792828,SPRF-SC,DEL01-SC,UOP01-DEL01-SC,2025
705018.0,2025-07-15,terça-feira,18:40:00,SC,282,2.0,FLORIANOPOLIS,Reação tardia ou ineficiente do condutor,Queda de ocupante de veículo,Com Vítimas Feridas,Plena Noite,Decrescente,Céu Claro,Múltipla,Reta,Sim,2,0,0,1,0,1,1,2,-27.60325649,-48.59081611,SPRF-SC,DEL01-SC,UOP01-DEL01-SC,2025
705119.0,2025-07-16,quarta-feira,08:40:00,SC,282,2.0,FLORIANOPOLIS,Condutor deixou de manter distância do veículo da frente,Colisão traseira,Com Vítimas Feridas,Pleno dia,Decrescente,Céu Claro,Múltipla,Reta,Sim,4,0,3,0,1,0,3,3,-27.6035756,-48.58745322,SPRF-SC,DEL01-SC,UOP01-DEL01-SC,2025
705292.0,2025-06-13,sexta-feira,22:00:00,SC,282,54.3,AGUAS MORNAS,Velocidade Incompatível,Colisão frontal,Com Vítimas Feridas,Plena Noite,Crescente,Chuva,Simples,Declive;Curva,Não,3,0,1,2,0,0,3,2,-27.688218,-48.97656,SPRF-SC,DEL01-SC,UOP03-DEL01-SC,2025
705330.0,2025-07-17,quinta-feira,12:00:00,SC,282,48.0,AGUAS MORNAS,Demais falhas mecânicas ou elétricas,Eventos atípicos,Sem Vítimas,Pleno dia,Crescente,Céu Claro,Simples,Aclive;Reta,Não,1,0,0,0,1,0,0,1,-27.715822,-48.937935,SPRF-SC,DEL01-SC,UOP03-DEL01-SC,2025
705348.0,2025-07-14,segunda-feira,01:06:00,SC,282,419.0,VARGEM BONITA,Reação tardia ou ineficiente do condutor,Saída de leito carroçável,Com Vítimas Feridas,Plena Noite,Crescente,Céu Claro,Simples,Reta,Não,1,0,1,0,0,0,1,1,-27.017743,-51.730877,SPRF-SC,DEL07-SC,UOP05-DEL07-SC,2025
705359.0,2025-07-17,quinta-feira,15:00:00,SC,282,5.6,SAO JOSE,Manobra de mudança de faixa,Colisão transversal,Com Vítimas Feridas,Pleno dia,Decrescente,Nublado,Dupla,Curva,Sim,3,0,1,1,0,1,2,2,-27.58474,-48.61772,SPRF-SC,DEL01-SC,UOP01-DEL01-SC,2025
705435.0,2025-07-17,quinta-feira,23:00:00,SC,282,1.0,FLORIANOPOLIS,Reação tardia ou ineficiente do condutor,Colisão transversal,Com Vítimas Feridas,Plena Noite,Crescente,Nublado,Múltipla,Declive;Curva,Sim,4,0,1,0,3,0,1,2,-27.602955,-48.580509,SPRF-SC,DEL01-SC,UOP01-DEL01-SC,2025
705825.0,2025-07-19,sábado,07:40:00,SC,282,377.2,HERVAL DOESTE,Condutor Dormindo,Colisão lateral sentido oposto,Com Vítimas Feridas,Pleno dia,Crescente,Nublado,Simples,Curva,Não,5,0,2,0,3,0,2,3,-27.21289422,-51.5002048,SPRF-SC,DEL07-SC,UOP05-DEL07-SC,2025
705882.0,2025-07-19,sábado,19:05:00,SC,282,535.3,CHAPECO,Transitar na contramão,Colisão frontal,Com Vítimas Feridas,Plena Noite,Decrescente,Nublado,Simples,Reta,Sim,2,0,0,1,1,0,1,2,-26.99920351,-52.64544368,SPRF-SC,DEL07-SC,UOP01-DEL07-SC,2025
705976.0,2025-07-19,sábado,21:00:00,SC,282,435.0,VARGEM BONITA,Ausência de reação do condutor,Capotamento,Com Vítimas Feridas,Plena Noite,Decrescente,Nublado,Simples,Aclive,Não,1,0,1,0,0,0,1,1,-26.97014431,-51.85354519,SPRF-SC,DEL07-SC,UOP04-DEL07-SC,2025
705990.0,2025-07-20,domingo,08:00:00,SC,282,201.8,LAGES,Ausência de reação do condutor,Saída de leito carroçável,Sem Vítimas,Pleno dia,Decrescente,Nevoeiro/Neblina,Simples,Declive;Reta,Não,1,0,0,0,1,0,0,1,-27.76049441,-50.14323235,SPRF-SC,DEL05-SC,UOP01-DEL05-SC,2025
706106.0,2025-07-20,domingo,18:30:00,SC,282,103.8,ALFREDO WAGNER,Ausência de reação do condutor,Colisão frontal,Com Vítimas Feridas,Anoitecer,Crescente,Céu Claro,Simples,Interseção de Vias,Sim,2,0,2,0,0,0,2,2,-27.695955,-49.332487,SPRF-SC,DEL01-SC,UOP03-DEL01-SC,2025
706258.0,2025-07-21,segunda-feira,13:40:00,SC,282,0.2,FLORIANOPOLIS,Mal súbito do condutor,Colisão com objeto,Com Vítimas Feridas,Pleno dia,Crescente,Céu Claro,Múltipla,Curva,Sim,1,0,0,1,0,0,1,1,-27.5989903,-48.5772279,SPRF-SC,DEL01-SC,UOP01-DEL01-SC,2025
706334.0,2025-07-21,segunda-feira,14:40:00,SC,282,509.4,XANXERE,Condutor deixou de manter distância do veículo da frente,Engavetamento,Com Vítimas Feridas,Pleno dia,Crescente,Sol,Simples,Reta,Não,4,0,1,0,2,1,1,4,-26.891867,-52.458655,SPRF-SC,DEL07-SC,UOP01-DEL07-SC,2025
706410.0,2025-07-22,terça-feira,05:50:00,SC,282,588.0,SAUDADES,Pedestre andava na pista,Atropelamento de Pedestre,Com Vítimas Fatais,Plena Noite,Crescente,Céu Claro,Simples,Reta,Não,3,1,0,0,1,1,0,2,-26.8262938,-53.0538963,SPRF-SC,DEL07-SC,UOP02-DEL07-SC,2025
706489.0,2025-07-22,terça-feira,15:30:00,SC,282,531.2,CORDILHEIRA ALTA,Acessar a via sem observar a presença dos outros veículos,Queda de ocupante de veículo,Com Vítimas Feridas,Pleno dia,Decrescente,Céu Claro,Simples,Reta,Não,3,0,1,0,2,0,1,2,-26.9934677,-52.6115467,SPRF-SC,DEL07-SC,UOP01-DEL07-SC,2025
706541.0,2025-07-22,terça-feira,18:33:00,SC,282,0.9,FLORIANOPOLIS,Condutor deixou de manter distância do veículo da frente,Colisão traseira,Com Vítimas Feridas,Plena Noite,Crescente,Céu Claro,Múltipla,Reta,Sim,2,0,1,0,1,0,1,2,-27.60137769,-48.57830135,SPRF-SC,DEL01-SC,UOP01-DEL01-SC,2025
706551.0,2025-07-22,terça-feira,19:34:00,SC,282,17.9,PALHOCA,Acessar a via sem observar a presença dos outros veículos,Colisão transversal,Com Vítimas Feridas,Plena Noite,Crescente,Céu Claro,Simples,Reta,Não,3,0,1,1,1,0,2,2,-27.67257325,-48.69408846,SPRF-SC,DEL01-SC,UOP02-DEL01-SC,2025
706696.0,2025-06-13,sexta-feira,18:50:00,SC,282,559.8,NOVA ITABERABA,Acessar a via sem observar a presença dos outros veículos,Colisão lateral sentido oposto,Com Vítimas Feridas,Plena Noite,Decrescente,Céu Claro,Simples,Reta,Não,5,0,4,1,0,0,5,2,-26.927185,-52.846452,SPRF-SC,DEL07-SC,UOP01-DEL07-SC,2025
706997.0,2025-07-24,quinta-feira,22:40:00,SC,480,127.7,CHAPECO,Velocidade Incompatível,Colisão com objeto,Com Vítimas Feridas,Plena Noite,Crescente,Céu Claro,Simples,Reta,Sim,2,0,0,2,0,0,2,1,-27.0366885,-52.6342897,SPRF-SC,DEL07-SC,UOP01-DEL07-SC,2025
707059.0,2025-07-15,terça-feira,06:10:00,SC,282,5.6,SAO JOSE,Manobra de mudança de faixa,Colisão lateral mesmo sentido,Com Vítimas Feridas,Amanhecer,Decrescente,Céu Claro,Dupla,Curva;Aclive,Sim,2,0,0,1,1,0,1,2,-27.584525,-48.617113,SPRF-SC,DEL01-SC,UOP01-DEL01-SC,2025
707085.0,2025-07-25,sexta-feira,11:15:00,SC,282,397.3,JOACABA,Ausência de reação do condutor,Saída de leito carroçável,Com Vítimas Feridas,Pleno dia,Crescente,Céu Claro,Simples,Aclive;Curva,Não,1,0,1,0,0,0,1,1,-27.15316878,-51.60178542,SPRF-SC,DEL07-SC,UOP05-DEL07-SC,2025
707130.0,2025-07-25,sexta-feira,12:20:00,SC,282,53.8,AGUAS MORNAS,Velocidade Incompatível,Saída de leito carroçável,Com Vítimas Feridas,Pleno dia,Decrescente,Chuva,Simples,Declive;Curva,Não,3,0,3,0,0,0,3,1,-27.685098,-48.972953,SPRF-SC,DEL01-SC,UOP03-DEL01-SC,2025
707141.0,2025-07-25,sexta-feira,16:10:00,SC,282,17.4,PALHOCA,Desrespeitar a preferência no cruzamento,Colisão transversal,Com Vítimas Feridas,Pleno dia,Decrescente,Chuva,Simples,Retorno Regulamentado;Reta,Sim,2,0,1,0,1,0,1,2,-27.669218,-48.69113,SPRF-SC,DEL01-SC,UOP02-DEL01-SC,2025
707150.0,2025-07-25,sexta-feira,14:15:00,SC,282,642.0,SAO MIGUEL DO OESTE,Acessar a via sem observar a presença dos outros veículos,Colisão transversal,Com Vítimas Fatais,Pleno dia,Crescente,Céu Claro,Simples,Reta,Não,6,1,0,1,4,0,1,2,-26.77077537,-53.46302882,SPRF-SC,DEL07-SC,UOP03-DEL07-SC,2025
707196.0,2025-07-25,sexta-feira,19:35:00,SC,282,15.9,PALHOCA,Retorno proibido,Colisão transversal,Com Vítimas Feridas,Plena Noite,Crescente,Garoa/Chuvisco,Simples,Reta,Sim,2,0,1,0,1,0,1,2,-27.65847795,-48.68174019,SPRF-SC,DEL01-SC,UOP02-DEL01-SC,2025
707210.0,2025-07-25,sexta-feira,20:10:00,SC,282,3.9,FLORIANOPOLIS,Reação tardia ou ineficiente do condutor,Colisão lateral mesmo sentido,Com Vítimas Feridas,Plena Noite,Decrescente,Nublado,Múltipla,Reta;Declive,Sim,4,0,1,0,2,1,1,4,-27.59199307,-48.60548822,SPRF-SC,DEL01-SC,UOP01-DEL01-SC,2025
707231.0,2025-07-25,sexta-feira,20:40:00,SC,282,334.0,CAMPOS NOVOS,Transitar na contramão,Colisão frontal,Com Vítimas Feridas,Plena Noite,Decrescente,Céu Claro,Simples,Reta,Não,3,0,1,2,0,0,3,2,-27.39325961,-51.15371704,SPRF-SC,DEL07-SC,UOP06-DEL07-SC,2025