id,data_inversa,dia_semana,horario,uf,br,km,municipio,causa_acidente,tipo_acidente,classificacao_acidente,fase_dia,sentido_via,condicao_metereologica,tipo_pista,tracado_via,uso_solo,pessoas,mortos,feridos_leves,feridos_graves,ilesos,ignorados,feridos,veiculos,latitude,longitude,regional,delegacia,uop,ano_arquivo
707234.0,2025-07-25,sexta-feira,19:30:00,SC,282,504.3,XANXERE,Pedestre cruzava a pista fora da faixa,Atropelamento de Pedestre,Com Vítimas Fatais,Plena Noite,Decrescente,Céu Claro,Dupla,Curva,Sim,2,1,1,0,0,0,1,2,-26.884425,-52.408909,SPRF-SC,DEL07-SC,UOP01-DEL07-SC,2025
707257.0,2025-07-26,sábado,00:37:00,SC,282,497.0,XANXERE,Ingestão de álcool pelo condutor,Saída de leito carroçável,Com Vítimas Feridas,Plena Noite,Crescente,Nublado,Simples,Declive;Reta,Não,1,0,1,0,0,0,1,1,-26.8796962,-52.3386305,SPRF-SC,DEL07-SC,UOP01-DEL07-SC,2025
707301.0,2025-07-25,sexta-feira,21:45:00,SC,282,30.2,SANTO AMARO DA IMPERATRIZ,Reação tardia ou ineficiente do condutor,Saída de leito carroçável,Sem Vítimas,Plena Noite,Decrescente,Chuva,Simples,Curva;Declive,Não,1,0,0,0,1,0,0,1,-27.68848,-48.79222,SPRF-SC,DEL01-SC,UOP03-DEL01-SC,2025
707434.0,2025-07-26,sábado,18:40:00,SC,282,488.0,FAXINAL DOS GUEDES,Pedestre cruzava a pista fora da faixa,Atropelamento de Pedestre,Com Vítimas Feridas,Anoitecer,Crescente,Nublado,Simples,Declive;Reta,Sim,2,0,0,1,1,0,1,2,-26.85681,-52.260575,SPRF-SC,DEL07-SC,UOP01-DEL07-SC,2025
707439.0,2025-07-26,sábado,20:01:00,SC,282,386.0,JOACABA,Ausência de reação do condutor,Tombamento,Com Vítimas Feridas,Plena Noite,Decrescente,Céu Claro,Simples,Declive;Reta,Não,1,0,1,0,0,0,1,1,-27.186891,-51.518451,SPRF-SC,DEL07-SC,UOP05-DEL07-SC,2025
707519.0,2025-07-27,domingo,04:50:00,SC,282,426.0,VARGEM BONITA,Avarias e/ou desgaste excessivo no pneu,Capotamento,Com Vítimas Feridas,Plena Noite,Crescente,Céu Claro,Simples,Declive;Reta,Não,3,0,1,0,1,1,1,1,-26.97891,-51.757995,SPRF-SC,DEL07-SC,UOP05-DEL07-SC,2025
707730.0,2025-07-28,segunda-feira,02:15:00,SC,282,220.0,LAGES,Ausência de reação do condutor,Colisão com objeto,Sem Vítimas,Plena Noite,Decrescente,Nublado,Simples,Rotatória,Sim,1,0,0,0,0,1,0,1,-27.79479264,-50.32711698,SPRF-SC,DEL05-SC,UOP01-DEL05-SC,2025
707862.0,2025-07-28,segunda-feira,10:50:00,SC,282,186.0,BOCAINA DO SUL,Ausência de reação do condutor,Engavetamento,Sem Vítimas,Pleno dia,Crescente,Garoa/Chuvisco,Simples,Reta;Declive,Não,6,0,0,0,6,0,0,6,-27.738278,-50.008743,SPRF-SC,DEL05-SC,UOP01-DEL05-SC,2025
707931.0,2025-07-28,segunda-feira,20:30:00,SC,282,0.8,FLORIANOPOLIS,Condutor deixou de manter distância do veículo da frente,Colisão traseira,Com Vítimas Feridas,Plena Noite,Decrescente,Céu Claro,Dupla,Reta,Sim,4,0,2,0,2,0,2,3,-27.601374,-48.577986,SPRF-SC,DEL01-SC,UOP01-DEL01-SC,2025
708045.0,2025-07-29,terça-feira,12:50:00,SC,282,595.9,SAUDADES,Condutor deixou de manter distância do veículo da frente,Colisão traseira,Com Vítimas Feridas,Pleno dia,Decrescente,Céu Claro,Simples,Curva,Não,2,0,1,0,1,0,1,2,-26.8294173,-53.12819159,SPRF-SC,DEL07-SC,UOP02-DEL07-SC,2025
708202.0,2025-07-30,quarta-feira,12:20:00,SC,282,17.9,PALHOCA,Mal súbito do condutor,Saída de leito carroçável,Com Vítimas Feridas,Pleno dia,Crescente,Céu Claro,Simples,Reta,Sim,1,0,1,0,0,0,1,1,-27.67277,-48.694258,SPRF-SC,DEL01-SC,UOP02-DEL01-SC,2025
708247.0,2025-07-30,quarta-feira,17:09:00,SC,282,657.9,SAO MIGUEL DO OESTE,Transitar na contramão,Colisão frontal,Com Vítimas Feridas,Anoitecer,Crescente,Céu Claro,Simples,Reta,Não,2,0,0,2,0,0,2,2,-26.680937,-53.55498,SPRF-SC,DEL07-SC,UOP03-DEL07-SC,2025
708308.0,2025-07-30,quarta-feira,19:50:00,SC,480,130.9,CHAPECO,Transitar na contramão,Colisão frontal,Com Vítimas Feridas,Pleno dia,Decrescente,Céu Claro,Simples,Declive;Reta,Sim,2,0,1,0,1,0,1,2,-27.05437043,-52.63674993,SPRF-SC,DEL07-SC,UOP01-DEL07-SC,2025
708420.0,2025-07-11,sexta-feira,15:00:00,SC,282,4.0,SAO JOSE,Ausência de reação do condutor,Queda de ocupante de veículo,Com Vítimas Feridas,Pleno dia,Decrescente,Céu Claro,Múltipla,Reta,Sim,2,0,0,1,1,0,1,2,-27.59172163,-48.60605903,SPRF-SC,DEL01-SC,UOP01-DEL01-SC,2025
708489.0,2025-07-31,quinta-feira,12:30:00,SC,282,408.0,CATANDUVAS,Reação tardia ou ineficiente do condutor,Saída de leito carroçável,Com Vítimas Feridas,Pleno dia,Crescente,Céu Claro,Simples,Declive;Reta,Não,1,0,1,0,0,0,1,1,-27.08196989,-51.66368058,SPRF-SC,DEL07-SC,UOP05-DEL07-SC,2025
708563.0,2025-08-01,sexta-feira,06:30:00,SC,282,16.4,PALHOCA,Acessar a via sem observar a presença dos outros veículos,Colisão transversal,Com Vítimas Feridas,Amanhecer,Crescente,Céu Claro,Simples,Reta,Não,3,0,2,0,1,0,2,2,-27.68292004,-48.67595673,SPRF-SC,DEL01-SC,UOP02-DEL01-SC,2025
708573.0,2025-08-01,sexta-feira,07:20:00,SC,282,1.7,FLORIANOPOLIS,Trafegar com motocicleta (ou similar) entre as faixas,Colisão lateral mesmo sentido,Com Vítimas Feridas,Pleno dia,Decrescente,Céu Claro,Dupla,Reta,Sim,2,0,1,0,1,0,1,2,-27.603556,-48.586184,SPRF-SC,DEL01-SC,UOP01-DEL01-SC,2025
708653.0,2025-08-01,sexta-feira,15:15:00,SC,282,20.4,PALHOCA,Acessar a via sem observar a presença dos outros veículos,Colisão transversal,Com Vítimas Feridas,Pleno dia,Crescente,Nublado,Simples,Interseção de Vias,Não,2,0,1,0,1,0,1,2,-27.6865718,-48.7133743,SPRF-SC,DEL01-SC,UOP02-DEL01-SC,2025
708696.0,2025-08-01,sexta-feira,18:00:00,SC,282,215.0,LAGES,Acessar a via sem observar a presença dos outros veículos,Colisão transversal,Com Vítimas Feridas,Pleno dia,Decrescente,Céu Claro,Simples,Rotatória,Sim,2,0,1,0,1,0,1,2,-27.7950323,-50.28445451,SPRF-SC,DEL05-SC,UOP01-DEL05-SC,2025
708749.0,2025-08-01,sexta-feira,21:00:00,SC,282,533.7,CORDILHEIRA ALTA,Ultrapassagem Indevida,Colisão frontal,Com Vítimas Feridas,Plena Noite,Crescente,Céu Claro,Simples,Reta,Não,2,0,0,1,1,0,1,2,-26.99697293,-52.63262677,SPRF-SC,DEL07-SC,UOP01-DEL07-SC,2025
708778.0,2025-08-01,sexta-feira,23:00:00,SC,282,506.5,XANXERE,Condutor deixou de manter distância do veículo da frente,Colisão traseira,Com Vítimas Feridas,Plena Noite,Decrescente,Céu Claro,Dupla,Reta,Sim,2,0,0,2,0,0,2,2,-26.88565031,-52.43040411,SPRF-SC,DEL07-SC,UOP01-DEL07-SC,2025
708827.0,2025-08-02,sábado,05:00:00,SC,480,132.0,CHAPECO,Ingestão de álcool pelo condutor,Colisão frontal,Com Vítimas Fatais,Plena Noite,Crescente,Céu Claro,Múltipla,Aclive;Viaduto;Reta,Sim,2,1,0,0,0,1,0,2,-27.062893,-52.63279,SPRF-SC,DEL07-SC,UOP01-DEL07-SC,2025
708896.0,2025-08-02,sábado,15:07:00,SC,282,136.4,BOM RETIRO,Conversão proibida,Colisão transversal,Com Vítimas Feridas,Pleno dia,Decrescente,Céu Claro,Simples,Reta,Sim,9,0,1,1,7,0,2,4,-27.82020459,-49.5620513,SPRF-SC,DEL05-SC,UOP01-DEL05-SC,2025
708937.0,2025-08-02,sábado,16:40:00,SC,282,535.2,CHAPECO,Suicídio (presumido),Colisão com objeto,Com Vítimas Feridas,Pleno dia,Decrescente,Céu Claro,Simples,Rotatória,Sim,1,0,0,1,0,0,1,1,-26.99964302,-52.64639452,SPRF-SC,DEL07-SC,UOP01-DEL07-SC,2025
709000.0,2025-08-02,sábado,18:40:00,SC,282,119.5,BOM RETIRO,Transitar na contramão,Colisão lateral sentido oposto,Com Vítimas Fatais,Plena Noite,Crescente,Céu Claro,Simples,Reta,Não,8,1,1,0,5,1,1,4,-27.79074,-49.41628,SPRF-SC,DEL05-SC,UOP01-DEL05-SC,2025
709040.0,2025-08-02,sábado,12:35:00,SC,282,383.5,HERVAL DOESTE,Velocidade Incompatível,Saída de leito carroçável,Com Vítimas Feridas,Pleno dia,Crescente,Sol,Simples,Declive;Curva,Não,1,0,1,0,0,0,1,1,-27.1953922,-51.5063221,SPRF-SC,DEL07-SC,UOP05-DEL07-SC,2025
709052.0,2025-08-03,domingo,06:10:00,SC,282,4.0,SAO JOSE,Reação tardia ou ineficiente do condutor,Colisão traseira,Com Vítimas Feridas,Amanhecer,Crescente,Nevoeiro/Neblina,Dupla,Reta,Sim,2,0,1,0,1,0,1,2,-27.58983979,-48.60962033,SPRF-SC,DEL01-SC,UOP01-DEL01-SC,2025
709134.0,2025-08-03,domingo,12:30:00,SC,282,598.4,CUNHA PORA,Acumulo de água sobre o pavimento,Saída de leito carroçável,Com Vítimas Feridas,Pleno dia,Decrescente,Chuva,Simples,Curva;Declive,Não,2,0,2,0,0,0,2,1,-26.82385057,-53.15038562,SPRF-SC,DEL07-SC,UOP02-DEL07-SC,2025
709171.0,2025-08-03,domingo,16:00:00,SC,282,374.0,ERVAL VELHO,Avarias e/ou desgaste excessivo no pneu,Saída de leito carroçável,Com Vítimas Feridas,Pleno dia,Decrescente,Chuva,Simples,Declive;Curva,Não,4,0,4,0,0,0,4,1,-27.23948678,-51.45137823,SPRF-SC,DEL07-SC,UOP05-DEL07-SC,2025
709172.0,2025-08-03,domingo,16:00:00,SC,282,544.4,CHAPECO,Ausência de reação do condutor,Saída de leito carroçável,Com Vítimas Feridas,Pleno dia,Decrescente,Ignorado,Simples,Curva,Não,1,0,1,0,0,0,1,1,-26.991907,-52.725127,SPRF-SC,DEL07-SC,UOP01-DEL07-SC,2025
709221.0,2025-08-03,domingo,18:20:00,SC,282,128.8,BOM RETIRO,Transitar na contramão,Colisão lateral sentido oposto,Com Vítimas Feridas,Plena Noite,Decrescente,Chuva,Simples,Reta,Sim,10,0,4,1,5,0,5,3,-27.8007038,-49.4955562,SPRF-SC,DEL05-SC,UOP01-DEL05-SC,2025
709258.0,2025-08-03,domingo,22:00:00,SC,282,627.9,IRACEMINHA,Transitar na contramão,Colisão frontal,Com Vítimas Fatais,Plena Noite,Crescente,Garoa/Chuvisco,Simples,Curva;Declive,Não,9,1,0,8,0,0,8,2,-26.818872,-53.36612,SPRF-SC,DEL07-SC,UOP02-DEL07-SC,2025
709410.0,2025-08-04,segunda-feira,17:20:00,SC,282,6.0,SAO JOSE,Acumulo de óleo sobre o pavimento,Queda de ocupante de veículo,Com Vítimas Feridas,Plena Noite,Crescente,Garoa/Chuvisco,Dupla,Curva;Declive,Sim,1,0,0,1,0,0,1,1,-27.58480432,-48.61754743,SPRF-SC,DEL01-SC,UOP01-DEL01-SC,2025
709425.0,2025-08-04,segunda-feira,18:50:00,SC,282,127.9,CHAPECO,Transitar na contramão,Colisão frontal,Com Vítimas Feridas,Plena Noite,Crescente,Chuva,Múltipla,Reta,Sim,2,0,0,1,1,0,1,2,-27.036371,-52.634235,SPRF-SC,DEL05-SC,UOP01-DEL05-SC,2025
709443.0,2025-08-04,segunda-feira,17:25:00,SC,282,5.6,SAO JOSE,Acumulo de óleo sobre o pavimento,Queda de ocupante de veículo,Com Vítimas Feridas,Plena Noite,Crescente,Chuva,Dupla,Curva,Não,1,0,1,0,0,0,1,1,-27.58451,-48.616967,SPRF-SC,DEL01-SC,UOP01-DEL01-SC,2025
709559.0,2025-08-05,terça-feira,09:00:00,SC,282,330.0,CAMPOS NOVOS,Mal súbito do condutor,Colisão traseira,Sem Vítimas,Pleno dia,Crescente,Nublado,Simples,Reta,Não,3,0,0,0,3,0,0,2,-27.382025,-51.101267,SPRF-SC,DEL07-SC,UOP06-DEL07-SC,2025
709570.0,2025-08-05,terça-feira,13:27:00,SC,282,28.3,SANTO AMARO DA IMPERATRIZ,Acessar a via sem observar a presença dos outros veículos,Colisão lateral sentido oposto,Com Vítimas Feridas,Pleno dia,Decrescente,Nublado,Simples,Reta;Interseção de Vias,Não,2,0,0,1,1,0,1,2,-27.67406931,-48.77732126,SPRF-SC,DEL01-SC,UOP03-DEL01-SC,2025
709654.0,2025-08-05,terça-feira,20:10:00,SC,480,127.9,CHAPECO,Condutor deixou de manter distância do veículo da frente,Colisão traseira,Com Vítimas Feridas,Plena Noite,Crescente,Nublado,Simples,Reta,Sim,3,0,0,1,2,0,1,3,-27.0375523,-52.634473,SPRF-SC,DEL07-SC,UOP01-DEL07-SC,2025
709757.0,2025-08-06,quarta-feira,12:00:00,SC,282,1.1,FLORIANOPOLIS,Reação tardia ou ineficiente do condutor,Colisão traseira,Com Vítimas Feridas,Pleno dia,Crescente,Céu Claro,Dupla,Curva,Sim,2,0,1,0,1,0,1,2,-27.60277533,-48.58086554,SPRF-SC,DEL01-SC,UOP01-DEL01-SC,2025
709836.0,2025-08-06,quarta-feira,16:55:00,SC,282,514.4,XAXIM,Velocidade Incompatível,Colisão frontal,Com Vítimas Feridas,Pleno dia,Decrescente,Chuva,Simples,Reta,Não,3,0,2,0,1,0,2,3,-26.91776943,-52.49371497,SPRF-SC,DEL07-SC,UOP01-DEL07-SC,2025
709846.0,2025-08-06,quarta-feira,15:10:00,SC,282,141.3,BOM RETIRO,Ultrapassagem Indevida,Colisão transversal,Com Vítimas Fatais,Pleno dia,Crescente,Garoa/Chuvisco,Simples,Curva,Não,5,1,2,0,2,0,2,2,-27.813598,-49.5999694,SPRF-SC,DEL05-SC,UOP01-DEL05-SC,2025
709875.0,2025-08-06,quarta-feira,18:15:00,SC,282,407.1,CATANDUVAS,Ingestão de álcool pelo condutor,Colisão transversal,Sem Vítimas,Plena Noite,Crescente,Ignorado,Simples,Curva;Declive,Não,2,0,0,0,2,0,0,2,-27.08446844,-51.66170798,SPRF-SC,DEL07-SC,UOP05-DEL07-SC,2025
709878.0,2025-08-06,quarta-feira,20:55:00,SC,282,560.0,NOVA ITABERABA,Ingestão de álcool pelo condutor,Colisão frontal,Sem Vítimas,Plena Noite,Decrescente,Garoa/Chuvisco,Simples,Reta,Não,2,0,0,0,2,0,0,2,-26.92704651,-52.85329986,SPRF-SC,DEL07-SC,UOP01-DEL07-SC,2025
709881.0,2025-08-06,quarta-feira,20:15:00,SC,282,194.6,LAGES,Ausência de reação do condutor,Saída de leito carroçável,Com Vítimas Feridas,Plena Noite,Decrescente,Chuva,Simples,Reta,Não,4,0,1,0,3,0,1,2,-27.742466,-50.063657,SPRF-SC,DEL05-SC,UOP01-DEL05-SC,2025
709910.0,2025-07-30,quarta-feira,13:55:00,SC,282,531.5,CORDILHEIRA ALTA,Acessar a via sem observar a presença dos outros veículos,Colisão transversal,Com Vítimas Feridas,Pleno dia,Crescente,Céu Claro,Simples,Reta,Sim,2,0,2,0,0,0,2,2,-26.993738,-52.611035,SPRF-SC,DEL07-SC,UOP01-DEL07-SC,2025
709954.0,2025-08-07,quinta-feira,09:50:00,SC,282,558.7,NOVA ITABERABA,Reação tardia ou ineficiente do condutor,Saída de leito carroçável,Com Vítimas Feridas,Pleno dia,Crescente,Nublado,Simples,Curva;Declive,Não,1,0,1,0,0,0,1,1,-26.93237989,-52.83634,SPRF-SC,DEL07-SC,UOP01-DEL07-SC,2025
709989.0,2025-08-07,quinta-feira,13:10:00,SC,480,129.9,CHAPECO,Velocidade Incompatível,Colisão lateral sentido oposto,Com Vítimas Feridas,Pleno dia,Crescente,Nublado,Simples,Declive;Reta,Sim,4,0,1,0,3,0,1,3,-27.04569,-52.635703,SPRF-SC,DEL07-SC,UOP01-DEL07-SC,2025
710063.0,2025-08-07,quinta-feira,19:10:00,SC,282,5.0,SAO JOSE,Condutor deixou de manter distância do veículo da frente,Colisão lateral mesmo sentido,Com Vítimas Feridas,Plena Noite,Crescente,Céu Claro,Dupla,Reta,Sim,2,0,1,0,1,0,1,2,-27.59134,-48.606538,SPRF-SC,DEL01-SC,UOP01-DEL01-SC,2025
710451.0,2025-08-09,sábado,09:22:00,SC,282,215.0,LAGES,Ausência de reação do condutor,Saída de leito carroçável,Sem Vítimas,Pleno dia,Crescente,Céu Claro,Simples,Reta,Não,1,0,0,0,0,1,0,1,-27.79293048,-50.28078675,SPRF-SC,DEL05-SC,UOP01-DEL05-SC,2025
710524.0,2025-08-09,sábado,15:15:00,SC,282,19.6,PALHOCA,Velocidade Incompatível,Saída de leito carroçável,Sem Vítimas,Pleno dia,Decrescente,Nublado,Simples,Reta,Não,1,0,0,0,0,1,0,1,-27.6822295,-48.7077985,SPRF-SC,DEL01-SC,UOP02-DEL01-SC,2025
710615.0,2025-07-24,quinta-feira,17:00:00,SC,282,29.4,SANTO AMARO DA IMPERATRIZ,Ausência de reação do condutor,Saída de leito carroçável,Com Vítimas Feridas,Pleno dia,Decrescente,Chuva,Simples,Curva;Declive,Não,1,0,1,0,0,0,1,1,-27.68722764,-48.79046626,SPRF-SC,DEL01-SC,UOP03-DEL01-SC,2025
710647.0,2025-08-09,sábado,21:30:00,SC,282,429.4,VARGEM BONITA,Ausência de reação do condutor,Saída de leito carroçável,Sem Vítimas,Plena Noite,Crescente,Céu Claro,Simples,Reta,Não,1,0,0,0,0,1,0,1,-26.9795168,-51.78463268,SPRF-SC,DEL07-SC,UOP05-DEL07-SC,2025
710720.0,2025-08-10,domingo,08:00:00,SC,282,64.6,RANCHO QUEIMADO,Acessar a via sem observar a presença dos outros veículos,Colisão transversal,Com Vítimas Feridas,Pleno dia,Crescente,Céu Claro,Simples,Curva;Aclive;Interseção de Vias,Não,3,0,0,1,2,0,1,2,-27.67989698,-49.00635593,SPRF-SC,DEL01-SC,UOP03-DEL01-SC,2025
710810.0,2025-08-10,domingo,18:37:00,SC,282,215.9,LAGES,Ausência de reação do condutor,Colisão lateral mesmo sentido,Com Vítimas Feridas,Plena Noite,Decrescente,Céu Claro,Simples,Reta,Sim,4,0,1,0,3,0,1,3,-27.7962,-50.28791,SPRF-SC,DEL05-SC,UOP01-DEL05-SC,2025
710821.0,2025-08-10,domingo,18:00:00,SC,282,44.5,AGUAS MORNAS,Condutor deixou de manter distância do veículo da frente,Colisão traseira,Sem Vítimas,Anoitecer,Decrescente,Nublado,Simples,Reta,Sim,2,0,0,0,2,0,0,2,-27.7215,-48.91131,SPRF-SC,DEL01-SC,UOP03-DEL01-SC,2025
710879.0,2025-08-10,domingo,21:10:00,SC,282,407.0,CATANDUVAS,Ausência de reação do condutor,Queda de ocupante de veículo,Com Vítimas Feridas,Plena Noite,Crescente,Céu Claro,Simples,Curva;Declive,Não,1,0,1,0,0,0,1,1,-27.0893687,-51.66140246,SPRF-SC,DEL07-SC,UOP05-DEL07-SC,2025
710969.0,2025-08-11,segunda-feira,08:50:00,SC,282,19.1,PALHOCA,Mal súbito do condutor,Colisão frontal,Com Vítimas Feridas,Pleno dia,Decrescente,Céu Claro,Simples,Reta;Aclive;Viaduto,Não,4,0,1,0,3,0,1,3,-27.679647,-48.703455,SPRF-SC,DEL01-SC,UOP02-DEL01-SC,2025
711076.0,2025-08-11,segunda-feira,17:15:00,SC,480,123.0,CHAPECO,Ausência de reação do condutor,Saída de leito carroçável,Com Vítimas Feridas,Pleno dia,Crescente,Céu Claro,Simples,Curva;Interseção de Vias;Viaduto,Sim,1,0,0,1,0,0,1,1,-26.9994425,-52.64632344,SPRF-SC,DEL07-SC,UOP01-DEL07-SC,2025
711192.0,2025-08-12,terça-feira,09:25:00,SC,282,3.5,FLORIANOPOLIS,Manobra de mudança de faixa,Colisão traseira,Com Vítimas Feridas,Pleno dia,Decrescente,Céu Claro,Múltipla,Reta,Sim,3,0,1,0,2,0,1,2,-27.596313,-48.601053,SPRF-SC,DEL01-SC,UOP01-DEL01-SC,2025
711272.0,2025-08-12,terça-feira,18:30:00,SC,282,3.0,FLORIANOPOLIS,Reação tardia ou ineficiente do condutor,Colisão traseira,Com Vítimas Feridas,Plena Noite,Crescente,Céu Claro,Múltipla,Reta,Sim,3,0,1,0,2,0,1,3,-27.59661,-48.6009,SPRF-SC,DEL01-SC,UOP01-DEL01-SC,2025
711274.0,2025-08-12,terça-feira,17:00:00,SC,282,402.0,JOACABA,Reação tardia ou ineficiente do condutor,Colisão traseira,Com Vítimas Feridas,Pleno dia,Crescente,Céu Claro,Simples,Curva,Não,2,0,1,0,1,0,1,2,-27.115344,-51.631189,SPRF-SC,DEL07-SC,UOP05-DEL07-SC,2025
711542.0,2025-08-14,quinta-feira,06:15:00,SC,480,128.0,CHAPECO,Ultrapassagem Indevida,Colisão lateral mesmo sentido,Com Vítimas Feridas,Amanhecer,Crescente,Céu Claro,Simples,Reta,Sim,2,0,1,0,1,0,1,2,-27.03759631,-52.63431621,SPRF-SC,DEL07-SC,UOP01-DEL07-SC,2025
711563.0,2025-08-14,quinta-feira,09:00:00,SC,282,5.5,SAO JOSE,Reação tardia ou ineficiente do condutor,Colisão traseira,Com Vítimas Feridas,Pleno dia,Decrescente,Céu Claro,Múltipla,Reta,Sim,3,0,2,0,1,0,2,2,-27.58803741,-48.61359922,SPRF-SC,DEL01-SC,UOP01-DEL01-SC,2025
711773.0,2025-03-11,terça-feira,17:00:00,SC,282,1.0,FLORIANOPOLIS,Reação tardia ou ineficiente do condutor,Colisão traseira,Com Vítimas Feridas,Pleno dia,Crescente,Nublado,Múltipla,Reta,Sim,3,0,2,0,1,0,2,2,-27.6035057,-48.5855037,SPRF-SC,DEL01-SC,UOP01-DEL01-SC,2025
711794.0,2025-08-15,sexta-feira,13:30:00,SC,282,43.5,AGUAS MORNAS,Condutor Dormindo,Capotamento,Com Vítimas Feridas,Pleno dia,Decrescente,Nublado,Simples,Reta,Não,3,0,3,0,0,0,3,1,-27.71981,-48.901366,SPRF-SC,DEL01-SC,UOP03-DEL01-SC,2025
711901.0,2025-08-15,sexta-feira,23:25:00,SC,480,130.5,CHAPECO,Ingestão de álcool pelo condutor,Saída de leito carroçável,Com Vítimas Feridas,Plena Noite,Crescente,Céu Claro,Dupla,Curva;Declive,Sim,1,0,1,0,0,0,1,1,-27.0505127,-52.63522232,SPRF-SC,DEL07-SC,UOP01-DEL07-SC,2025
711936.0,2025-08-16,sábado,02:50:00,SC,282,421.0,VARGEM BONITA,Ingestão de álcool pelo condutor,Saída de leito carroçável,Com Vítimas Feridas,Plena Noite,Crescente,Céu Claro,Simples,Curva;Declive,Não,1,0,1,0,0,0,1,1,-27.011633,-51.736637,SPRF-SC,DEL07-SC,UOP05-DEL07-SC,2025
711977.0,2025-08-16,sábado,06:05:00,SC,282,473.4,VARGEAO,Ausência de reação do condutor,Saída de leito carroçável,Com Vítimas Feridas,Amanhecer,Crescente,Céu Claro,Simples,Curva,Não,1,0,1,0,0,0,1,1,-26.863969,-52.131872,SPRF-SC,DEL07-SC,UOP01-DEL07-SC,2025
711994.0,2025-08-16,sábado,06:00:00,SC,282,466.1,PASSOS MAIA,Ingestão de álcool pelo condutor,Saída de leito carroçável,Sem Vítimas,Pleno dia,Crescente,Céu Claro,Simples,Reta,Não,1,0,0,0,1,0,0,1,-26.854,-52.061591,SPRF-SC,DEL07-SC,UOP04-DEL07-SC,2025
712050.0,2025-08-16,sábado,17:50:00,SC,282,58.4,RANCHO QUEIMADO,Conversão proibida,Colisão lateral mesmo sentido,Com Vítimas Feridas,Anoitecer,Crescente,Chuva,Simples,Aclive;Curva;Interseção de Vias,Sim,3,0,1,1,1,0,2,2,-27.6802,-49.0062,SPRF-SC,DEL01-SC,UOP03-DEL01-SC,2025
712075.0,2025-08-16,sábado,17:20:00,SC,282,564.1,NOVA ERECHIM,Velocidade Incompatível,Tombamento,Com Vítimas Feridas,Pleno dia,Decrescente,Céu Claro,Simples,Retorno Regulamentado,Não,2,0,1,1,0,0,2,1,-26.9030378,-52.8691278,SPRF-SC,DEL07-SC,UOP02-DEL07-SC,2025
712084.0,2025-08-16,sábado,14:25:00,SC,282,628.4,IRACEMINHA,Demais falhas na via,Tombamento,Com Vítimas Feridas,Pleno dia,Decrescente,Sol,Simples,Declive,Não,1,0,0,1,0,0,1,1,-26.82039416,-53.37726831,SPRF-SC,DEL07-SC,UOP02-DEL07-SC,2025
712088.0,2025-08-16,sábado,20:04:00,SC,282,19.0,PALHOCA,Ausência de reação do condutor,Colisão lateral mesmo sentido,Com Vítimas Feridas,Plena Noite,Crescente,Céu Claro,Simples,Reta,Não,3,0,3,0,0,0,3,2,-27.6808263,-48.70401129,SPRF-SC,DEL01-SC,UOP02-DEL01-SC,2025
712091.0,2025-08-02,sábado,02:00:00,SC,282,528.0,CORDILHEIRA ALTA,Ingestão de álcool pelo condutor,Saída de leito carroçável,Sem Vítimas,Plena Noite,Crescente,Céu Claro,Simples,Curva,Não,1,0,0,0,1,0,0,1,-26.97739808,-52.58823245,SPRF-SC,DEL07-SC,UOP01-DEL07-SC,2025
712348.0,2025-08-17,domingo,18:40:00,SC,282,620.3,IRACEMINHA,Transitar na contramão,Colisão frontal,Com Vítimas Fatais,Plena Noite,Crescente,Céu Claro,Simples,Declive;Curva,Não,3,1,0,0,2,0,0,2,-26.80323503,-53.31261635,SPRF-SC,DEL07-SC,UOP02-DEL07-SC,2025
712381.0,2025-08-18,segunda-feira,06:35:00,SC,282,569.9,NOVA ERECHIM,Desrespeitar a preferência no cruzamento,Colisão transversal,Com Vítimas Feridas,Amanhecer,Crescente,Céu Claro,Simples,Interseção de Vias,Sim,2,0,1,0,1,0,1,2,-26.89640031,-52.91845366,SPRF-SC,DEL07-SC,UOP02-DEL07-SC,2025
712491.0,2025-08-18,segunda-feira,17:20:00,SC,282,2.0,FLORIANOPOLIS,Ausência de reação do condutor,Colisão traseira,Com Vítimas Feridas,Plena Noite,Crescente,Céu Claro,Múltipla,Reta,Sim,4,0,1,0,2,1,1,4,-27.603,-48.589,SPRF-SC,DEL01-SC,UOP01-DEL01-SC,2025
712697.0,2025-08-19,terça-feira,14:50:00,SC,480,128.0,CHAPECO,Frear bruscamente,Colisão traseira,Com Vítimas Feridas,Pleno dia,Crescente,Céu Claro,Dupla,Aclive;Reta,Sim,2,0,1,0,1,0,1,2,-27.03467,-52.63376,SPRF-SC,DEL07-SC,UOP01-DEL07-SC,2025
712735.0,2025-08-19,terça-feira,20:15:00,SC,282,2.9,FLORIANOPOLIS,Manobra de mudança de faixa,Colisão transversal,Com Vítimas Feridas,Plena Noite,Crescente,Nublado,Múltipla,Reta,Sim,3,0,2,0,1,0,2,2,-27.60216665,-48.59666534,SPRF-SC,DEL01-SC,UOP01-DEL01-SC,2025
712827.0,2025-07-15,terça-feira,11:00:00,SC,282,16.4,PALHOCA,Acessar a via sem observar a presença dos outros veículos,Colisão transversal,Com Vítimas Feridas,Pleno dia,Decrescente,Céu Claro,Simples,Interseção de Vias,Sim,2,0,0,1,1,0,1,2,-27.66175987,-48.68464708,SPRF-SC,DEL01-SC,UOP02-DEL01-SC,2025