id,data_inversa,dia_semana,horario,uf,br,km,municipio,causa_acidente,tipo_acidente,classificacao_acidente,fase_dia,sentido_via,condicao_metereologica,tipo_pista,tracado_via,uso_solo,pessoas,mortos,feridos_leves,feridos_graves,ilesos,ignorados,feridos,veiculos,latitude,longitude,regional,delegacia,uop,ano_arquivo
712914.0,2025-08-20,quarta-feira,16:30:00,SC,480,125.8,CHAPECO,Pedestre cruzava a pista fora da faixa,Atropelamento de Pedestre,Com Vítimas Feridas,Pleno dia,Decrescente,Sol,Simples,Reta,Sim,2,0,1,0,1,0,1,2,-27.01107798,-52.6402448,SPRF-SC,DEL07-SC,UOP01-DEL07-SC,2025
713100.0,2025-08-21,quinta-feira,16:45:00,SC,282,530.0,CORDILHEIRA ALTA,Acessar a via sem observar a presença dos outros veículos,Colisão transversal,Com Vítimas Feridas,Pleno dia,Decrescente,Céu Claro,Simples,Curva,Sim,3,0,1,0,2,0,1,2,-26.98670851,-52.60545731,SPRF-SC,DEL07-SC,UOP01-DEL07-SC,2025
713231.0,2025-08-22,sexta-feira,10:13:00,SC,282,16.3,PALHOCA,Trafegar com motocicleta (ou similar) entre as faixas,Colisão transversal,Com Vítimas Feridas,Pleno dia,Crescente,Céu Claro,Simples,Interseção de Vias;Reta,Sim,2,0,2,0,0,0,2,2,-27.66162505,-48.68452393,SPRF-SC,DEL01-SC,UOP02-DEL01-SC,2025
713277.0,2025-08-22,sexta-feira,11:10:00,SC,282,606.0,MARAVILHA,Acessar a via sem observar a presença dos outros veículos,Colisão transversal,Com Vítimas Feridas,Pleno dia,Crescente,Céu Claro,Simples,Reta,Sim,3,0,1,1,1,0,2,2,-26.7724552,-53.2047896,SPRF-SC,DEL07-SC,UOP02-DEL07-SC,2025
713309.0,2025-08-22,sexta-feira,17:20:00,SC,282,27.7,SANTO AMARO DA IMPERATRIZ,Velocidade Incompatível,Queda de ocupante de veículo,Com Vítimas Feridas,Anoitecer,Decrescente,Céu Claro,Simples,Reta,Sim,1,0,1,0,0,0,1,1,-27.67447,-48.7772877,SPRF-SC,DEL01-SC,UOP03-DEL01-SC,2025
713401.0,2025-08-23,sábado,02:00:00,SC,282,547.2,NOVA ITABERABA,Velocidade Incompatível,Colisão com objeto,Com Vítimas Fatais,Plena Noite,Crescente,Céu Claro,Simples,Curva;Rotatória,Sim,1,1,0,0,0,0,0,1,-26.974633,-52.743921,SPRF-SC,DEL07-SC,UOP01-DEL07-SC,2025
713561.0,2025-08-23,sábado,18:15:00,SC,282,172.0,BOCAINA DO SUL,Ausência de reação do condutor,Saída de leito carroçável,Com Vítimas Feridas,Plena Noite,Crescente,Chuva,Simples,Reta;Declive,Não,1,0,1,0,0,0,1,1,-27.741844,-49.865399,SPRF-SC,DEL05-SC,UOP01-DEL05-SC,2025
713584.0,2025-08-23,sábado,19:20:00,SC,282,519.3,XAXIM,Estacionar ou parar em local proibido,Colisão com objeto,Com Vítimas Feridas,Plena Noite,Crescente,Chuva,Simples,Aclive;Reta,Não,2,0,1,0,0,1,1,2,-26.94818662,-52.51894919,SPRF-SC,DEL07-SC,UOP01-DEL07-SC,2025
713622.0,2025-08-23,sábado,23:40:00,SC,282,4.2,SAO JOSE,Reação tardia ou ineficiente do condutor,Colisão com objeto,Sem Vítimas,Pleno dia,Crescente,Chuva,Múltipla,Curva,Sim,1,0,0,0,1,0,0,1,-27.59055916,-48.60722126,SPRF-SC,DEL01-SC,UOP01-DEL01-SC,2025
713786.0,2025-08-24,domingo,17:00:00,SC,282,223.0,LAGES,Avarias e/ou desgaste excessivo no pneu,Colisão frontal,Com Vítimas Feridas,Pleno dia,Decrescente,Chuva,Simples,Aclive;Curva,Não,5,0,5,0,0,0,5,2,-27.79855531,-50.35898421,SPRF-SC,DEL05-SC,UOP01-DEL05-SC,2025
713822.0,2025-08-24,domingo,19:30:00,SC,282,582.9,PINHALZINHO,Ingestão de álcool pelo condutor,Colisão lateral sentido oposto,Com Vítimas Feridas,Plena Noite,Crescente,Nublado,Simples,Reta;Declive,Não,6,0,5,0,1,0,5,2,-26.82987993,-53.00967217,SPRF-SC,DEL07-SC,UOP02-DEL07-SC,2025
713862.0,2025-08-24,domingo,22:30:00,SC,282,591.9,SAUDADES,Ingestão de álcool pelo condutor,Saída de leito carroçável,Com Vítimas Feridas,Plena Noite,Decrescente,Nublado,Simples,Reta,Não,4,0,4,0,0,0,4,1,-26.8259306,-53.0913611,SPRF-SC,DEL07-SC,UOP02-DEL07-SC,2025
713883.0,2025-08-25,segunda-feira,05:05:00,SC,282,600.7,CUNHA PORA,Ingestão de álcool pelo condutor,Colisão frontal,Com Vítimas Feridas,Plena Noite,Decrescente,Nublado,Simples,Curva,Não,5,0,4,0,0,1,4,2,-26.81013857,-53.1681509,SPRF-SC,DEL07-SC,UOP02-DEL07-SC,2025
713993.0,2025-07-24,quinta-feira,14:45:00,SC,282,603.9,MARAVILHA,Velocidade Incompatível,Colisão lateral mesmo sentido,Sem Vítimas,Pleno dia,Crescente,Nublado,Simples,Aclive,Não,2,0,0,0,2,0,0,2,-26.79342864,-53.19395542,SPRF-SC,DEL07-SC,UOP02-DEL07-SC,2025
714038.0,2025-08-25,segunda-feira,19:50:00,SC,282,340.0,CAMPOS NOVOS,Reação tardia ou ineficiente do condutor,Tombamento,Com Vítimas Feridas,Plena Noite,Decrescente,Céu Claro,Simples,Reta,Sim,1,0,1,0,0,0,1,1,-27.39200267,-51.19823849,SPRF-SC,DEL07-SC,UOP06-DEL07-SC,2025
714277.0,2025-08-26,terça-feira,23:45:00,SC,282,5.4,SAO JOSE,Reação tardia ou ineficiente do condutor,Tombamento,Com Vítimas Feridas,Plena Noite,Crescente,Garoa/Chuvisco,Dupla,Curva;Declive,Sim,1,0,1,0,0,0,1,1,-27.584525,-48.617113,SPRF-SC,DEL01-SC,UOP01-DEL01-SC,2025
714287.0,2025-08-27,quarta-feira,05:50:00,SC,282,0.1,FLORIANOPOLIS,Reação tardia ou ineficiente do condutor,Tombamento,Sem Vítimas,Amanhecer,Crescente,Nublado,Múltipla,Reta,Sim,1,0,0,0,0,1,0,1,-27.59802138,-48.57186405,SPRF-SC,DEL01-SC,UOP01-DEL01-SC,2025
714389.0,2025-08-27,quarta-feira,12:18:00,SC,282,22.7,SANTO AMARO DA IMPERATRIZ,Ultrapassagem Indevida,Colisão frontal,Com Vítimas Feridas,Pleno dia,Crescente,Nublado,Simples,Interseção de Vias;Reta;Aclive,Sim,2,0,0,1,1,0,1,2,-27.689222,-48.734623,SPRF-SC,DEL01-SC,UOP02-DEL01-SC,2025
714483.0,2025-08-28,quinta-feira,07:20:00,SC,282,489.6,FAXINAL DOS GUEDES,Acessar a via sem observar a presença dos outros veículos,Colisão transversal,Com Vítimas Feridas,Amanhecer,Decrescente,Céu Claro,Simples,Rotatória,Sim,2,0,1,0,1,0,1,2,-26.858965,-52.265807,SPRF-SC,DEL07-SC,UOP01-DEL07-SC,2025
714543.0,2025-08-28,quinta-feira,12:20:00,SC,282,616.4,IRACEMINHA,Velocidade Incompatível,Colisão traseira,Com Vítimas Feridas,Pleno dia,Decrescente,Sol,Simples,Reta,Não,9,0,0,7,2,0,7,3,-26.78325838,-53.28222933,SPRF-SC,DEL07-SC,UOP02-DEL07-SC,2025
714752.0,2025-08-29,sexta-feira,11:45:00,SC,282,525.0,XAXIM,Condutor deixou de manter distância do veículo da frente,Colisão traseira,Com Vítimas Feridas,Pleno dia,Crescente,Céu Claro,Simples,Curva,Não,2,0,1,0,1,0,1,2,-26.96459269,-52.56505251,SPRF-SC,DEL07-SC,UOP01-DEL07-SC,2025
714854.0,2025-08-29,sexta-feira,18:00:00,SC,282,393.2,JOACABA,Demais falhas mecânicas ou elétricas,Queda de ocupante de veículo,Com Vítimas Feridas,Anoitecer,Crescente,Céu Claro,Simples,Reta;Declive,Não,3,0,2,0,0,1,2,2,-27.162,-51.569,SPRF-SC,DEL07-SC,UOP05-DEL07-SC,2025
714941.0,2025-08-30,sábado,03:25:00,SC,282,517.8,XAXIM,Reação tardia ou ineficiente do condutor,Saída de leito carroçável,Com Vítimas Feridas,Plena Noite,Crescente,Céu Claro,Simples,Rotatória;Interseção de Vias,Não,1,0,0,1,0,0,1,1,-26.94196441,-52.5043615,SPRF-SC,DEL07-SC,UOP01-DEL07-SC,2025
714968.0,2025-08-30,sábado,05:02:00,SC,282,642.0,SAO MIGUEL DO OESTE,Ingestão de álcool pelo condutor,Tombamento,Sem Vítimas,Plena Noite,Decrescente,Céu Claro,Simples,Reta,Não,1,0,0,0,1,0,0,1,-26.76993249,-53.47410357,SPRF-SC,DEL07-SC,UOP03-DEL07-SC,2025
714970.0,2025-08-30,sábado,08:00:00,SC,480,131.0,CHAPECO,Condutor deixou de manter distância do veículo da frente,Colisão traseira,Com Vítimas Feridas,Pleno dia,Decrescente,Sol,Simples,Reta;Aclive,Sim,2,0,1,0,1,0,1,2,-27.06139589,-52.63405728,SPRF-SC,DEL07-SC,UOP01-DEL07-SC,2025
715000.0,2025-08-30,sábado,09:24:00,SC,282,578.9,PINHALZINHO,Acessar a via sem observar a presença dos outros veículos,Colisão transversal,Com Vítimas Feridas,Pleno dia,Decrescente,Céu Claro,Simples,Aclive;Reta;Em Obras,Sim,2,0,0,1,1,0,1,2,-26.8455463,-52.9811537,SPRF-SC,DEL07-SC,UOP02-DEL07-SC,2025
715067.0,2025-08-30,sábado,17:00:00,SC,282,15.7,PALHOCA,Acessar a via sem observar a presença dos outros veículos,Colisão transversal,Com Vítimas Feridas,Pleno dia,Crescente,Céu Claro,Simples,Reta,Não,2,0,2,0,0,0,2,2,-27.65607198,-48.67965667,SPRF-SC,DEL01-SC,UOP02-DEL01-SC,2025
715184.0,2025-08-31,domingo,02:00:00,SC,282,547.2,CHAPECO,Velocidade Incompatível,Colisão com objeto,Com Vítimas Feridas,Plena Noite,Crescente,Céu Claro,Simples,Curva,Sim,1,0,0,1,0,0,1,1,-26.9747213,-52.7448319,SPRF-SC,DEL07-SC,UOP01-DEL07-SC,2025
715249.0,2025-08-15,sexta-feira,14:40:00,SC,282,522.5,XAXIM,Acessar a via sem observar a presença dos outros veículos,Colisão transversal,Com Vítimas Feridas,Pleno dia,Decrescente,Céu Claro,Simples,Rotatória;Declive,Sim,2,0,1,0,1,0,1,2,-26.95958283,-52.54523188,SPRF-SC,DEL07-SC,UOP01-DEL07-SC,2025
715309.0,2025-08-31,domingo,19:10:00,SC,282,506.9,XANXERE,Acessar a via sem observar a presença dos outros veículos,Colisão transversal,Com Vítimas Feridas,Plena Noite,Decrescente,Céu Claro,Simples,Reta,Sim,6,0,0,2,4,0,2,2,-26.88504028,-52.43530367,SPRF-SC,DEL07-SC,UOP01-DEL07-SC,2025
715403.0,2025-09-01,segunda-feira,07:25:00,SC,282,24.0,SANTO AMARO DA IMPERATRIZ,Desrespeitar a preferência no cruzamento,Tombamento,Com Vítimas Feridas,Pleno dia,Decrescente,Chuva,Simples,Interseção de Vias,Sim,2,0,0,1,1,0,1,2,-27.68436087,-48.74357907,SPRF-SC,DEL01-SC,UOP03-DEL01-SC,2025
715501.0,2025-09-01,segunda-feira,11:30:00,SC,282,630.0,DESCANSO,Animais na Pista,Atropelamento de Animal,Com Vítimas Feridas,Pleno dia,Crescente,Céu Claro,Simples,Reta,Não,1,0,1,0,0,0,1,1,-26.82259108,-53.38630769,SPRF-SC,DEL07-SC,UOP03-DEL07-SC,2025
715540.0,2025-09-01,segunda-feira,17:45:00,SC,282,579.0,PINHALZINHO,Manobra de mudança de faixa,Saída de leito carroçável,Com Vítimas Feridas,Plena Noite,Decrescente,Céu Claro,Simples,Reta,Não,2,0,1,0,0,1,1,2,-26.84901706,-52.98010223,SPRF-SC,DEL07-SC,UOP02-DEL07-SC,2025
715612.0,2025-09-02,terça-feira,07:55:00,SC,282,3.0,FLORIANOPOLIS,Manobra de mudança de faixa,Colisão lateral mesmo sentido,Com Vítimas Feridas,Pleno dia,Decrescente,Chuva,Múltipla,Reta,Sim,3,0,1,1,1,0,2,2,-27.59674208,-48.60091623,SPRF-SC,DEL01-SC,UOP01-DEL01-SC,2025
715638.0,2025-09-02,terça-feira,10:20:00,SC,282,400.8,JOACABA,Avarias e/ou desgaste excessivo no pneu,Saída de leito carroçável,Sem Vítimas,Pleno dia,Crescente,Nublado,Simples,Curva,Não,1,0,0,0,0,1,0,1,-27.13958342,-51.62170887,SPRF-SC,DEL07-SC,UOP05-DEL07-SC,2025
715726.0,2025-09-02,terça-feira,19:45:00,SC,282,1.0,FLORIANOPOLIS,Reação tardia ou ineficiente do condutor,Colisão lateral mesmo sentido,Com Vítimas Feridas,Plena Noite,Decrescente,Céu Claro,Dupla,Reta,Sim,2,0,1,0,1,0,1,2,-27.60204,-48.57897,SPRF-SC,DEL01-SC,UOP01-DEL01-SC,2025
715798.0,2025-09-03,quarta-feira,07:40:00,SC,282,2.2,FLORIANOPOLIS,Trafegar com motocicleta (ou similar) entre as faixas,Colisão traseira,Com Vítimas Feridas,Pleno dia,Decrescente,Nublado,Múltipla,Reta,Sim,2,0,1,0,1,0,1,2,-27.6031,-48.59224,SPRF-SC,DEL01-SC,UOP01-DEL01-SC,2025
715917.0,2025-09-03,quarta-feira,18:30:00,SC,282,504.0,XANXERE,Acessar a via sem observar a presença dos outros veículos,Colisão transversal,Com Vítimas Feridas,Anoitecer,Crescente,Céu Claro,Simples,Interseção de Vias,Não,2,0,1,0,1,0,1,2,-26.88468816,-52.40958866,SPRF-SC,DEL07-SC,UOP01-DEL07-SC,2025
715927.0,2025-09-03,quarta-feira,18:40:00,SC,282,2.0,FLORIANOPOLIS,Reação tardia ou ineficiente do condutor,Colisão lateral mesmo sentido,Com Vítimas Feridas,Plena Noite,Decrescente,Céu Claro,Múltipla,Reta,Sim,3,0,1,0,0,2,1,3,-27.59959,-48.57559,SPRF-SC,DEL01-SC,UOP01-DEL01-SC,2025
716359.0,2025-09-05,sexta-feira,18:30:00,SC,282,1.9,FLORIANOPOLIS,Condutor deixou de manter distância do veículo da frente,Colisão traseira,Com Vítimas Feridas,Plena Noite,Crescente,Chuva,Múltipla,Reta,Sim,3,0,2,0,1,0,2,2,-27.60362582,-48.58675417,SPRF-SC,DEL01-SC,UOP01-DEL01-SC,2025
716543.0,2025-09-06,sábado,10:10:00,SC,282,338.0,CAMPOS NOVOS,Ausência de reação do condutor,Colisão frontal,Com Vítimas Feridas,Pleno dia,Crescente,Nublado,Simples,Reta,Não,5,0,2,2,1,0,4,2,-27.392515,-51.177289,SPRF-SC,DEL07-SC,UOP06-DEL07-SC,2025
716729.0,2025-09-07,domingo,04:50:00,SC,282,505.3,XANXERE,Reação tardia ou ineficiente do condutor,Colisão traseira,Sem Vítimas,Plena Noite,Decrescente,Nublado,Dupla,Reta,Sim,2,0,0,0,2,0,0,2,-26.886058,-52.420651,SPRF-SC,DEL07-SC,UOP01-DEL07-SC,2025
716789.0,2025-09-07,domingo,07:00:00,SC,480,127.0,CHAPECO,Avarias e/ou desgaste excessivo no pneu,Eventos atípicos,Sem Vítimas,Pleno dia,Crescente,Céu Claro,Dupla,Reta,Sim,1,0,0,0,0,1,0,1,-27.0263077,-52.63432568,SPRF-SC,DEL07-SC,UOP01-DEL07-SC,2025
716944.0,2025-09-07,domingo,21:15:00,SC,282,518.0,XAXIM,Ingestão de álcool pelo condutor,Saída de leito carroçável,Sem Vítimas,Plena Noite,Crescente,Chuva,Simples,Reta,Não,1,0,0,0,0,1,0,1,-26.94566592,-52.51317838,SPRF-SC,DEL07-SC,UOP01-DEL07-SC,2025
717003.0,2025-09-08,segunda-feira,12:10:00,SC,282,54.0,AGUAS MORNAS,Reação tardia ou ineficiente do condutor,Colisão frontal,Com Vítimas Fatais,Pleno dia,Decrescente,Chuva,Simples,Curva;Aclive,Não,4,2,1,1,0,0,2,2,-27.687972,-48.97699,SPRF-SC,DEL01-SC,UOP03-DEL01-SC,2025
717240.0,2025-09-09,terça-feira,15:00:00,SC,282,0.2,FLORIANOPOLIS,Condutor deixou de manter distância do veículo da frente,Colisão traseira,Com Vítimas Feridas,Pleno dia,Crescente,Céu Claro,Múltipla,Aclive,Sim,2,0,2,0,0,0,2,2,-27.59824957,-48.57315151,SPRF-SC,DEL01-SC,UOP01-DEL01-SC,2025
717363.0,2025-09-10,quarta-feira,06:40:00,SC,282,517.9,XAXIM,Ingestão de álcool pelo condutor,Saída de leito carroçável,Com Vítimas Feridas,Plena Noite,Crescente,Nevoeiro/Neblina,Simples,Reta,Não,1,0,1,0,0,0,1,1,-26.942858,-52.50627,SPRF-SC,DEL07-SC,UOP01-DEL07-SC,2025
717390.0,2025-09-10,quarta-feira,10:50:00,SC,480,129.0,CHAPECO,Ausência de reação do condutor,Colisão traseira,Sem Vítimas,Pleno dia,Crescente,Céu Claro,Múltipla,Reta;Em Obras,Não,7,0,0,0,6,1,0,3,-27.04153466,-52.63551652,SPRF-SC,DEL07-SC,UOP01-DEL07-SC,2025
717428.0,2025-09-10,quarta-feira,13:50:00,SC,282,218.0,LAGES,Conversão proibida,Colisão lateral mesmo sentido,Com Vítimas Feridas,Pleno dia,Crescente,Céu Claro,Simples,Reta;Aclive,Sim,2,0,2,0,0,0,2,2,-27.79714446,-50.31442165,SPRF-SC,DEL05-SC,UOP01-DEL05-SC,2025
717454.0,2025-09-10,quarta-feira,17:00:00,SC,282,2.8,FLORIANOPOLIS,Trafegar com motocicleta (ou similar) entre as faixas,Colisão lateral mesmo sentido,Com Vítimas Feridas,Pleno dia,Crescente,Céu Claro,Múltipla,Reta,Sim,2,0,1,0,1,0,1,2,-27.60336822,-48.5892617,SPRF-SC,DEL01-SC,UOP01-DEL01-SC,2025
717590.0,2025-06-23,segunda-feira,22:00:00,SC,282,579.1,PINHALZINHO,Entrada inopinada do pedestre,Atropelamento de Pedestre,Com Vítimas Fatais,Plena Noite,Crescente,Céu Claro,Simples,Reta,Sim,2,1,0,0,1,0,0,2,-26.8438768,-52.9819678,SPRF-SC,DEL07-SC,UOP02-DEL07-SC,2025
717898.0,2025-09-12,sexta-feira,17:15:00,SC,282,3.0,FLORIANOPOLIS,Trafegar com motocicleta (ou similar) entre as faixas,Colisão lateral mesmo sentido,Com Vítimas Feridas,Anoitecer,Decrescente,Céu Claro,Múltipla,Reta,Sim,2,0,1,0,1,0,1,2,-27.59754166,-48.60068321,SPRF-SC,DEL01-SC,UOP01-DEL01-SC,2025
717903.0,2025-09-12,sexta-feira,18:10:00,SC,282,535.0,CHAPECO,Acessar a via sem observar a presença dos outros veículos,Colisão transversal,Com Vítimas Feridas,Anoitecer,Decrescente,Céu Claro,Simples,Rotatória,Não,2,0,1,0,1,0,1,2,-26.99932757,-52.64578175,SPRF-SC,DEL07-SC,UOP01-DEL07-SC,2025
718008.0,2025-09-12,sexta-feira,17:15:00,SC,282,511.1,XANXERE,Retorno proibido,Colisão traseira,Com Vítimas Feridas,Pleno dia,Decrescente,Céu Claro,Simples,Curva,Não,3,0,1,0,2,0,1,2,-26.90428475,-52.46282506,SPRF-SC,DEL07-SC,UOP01-DEL07-SC,2025
718013.0,2025-09-13,sábado,04:30:00,SC,282,538.0,CHAPECO,Condutor Dormindo,Colisão frontal,Com Vítimas Feridas,Plena Noite,Crescente,Nublado,Simples,Aclive;Curva,Não,5,0,3,0,1,1,3,3,-27.00040218,-52.67074227,SPRF-SC,DEL07-SC,UOP01-DEL07-SC,2025
718109.0,2025-09-13,sábado,14:20:00,SC,282,3.2,FLORIANOPOLIS,Animais na Pista,Tombamento,Com Vítimas Feridas,Pleno dia,Crescente,Sol,Simples,Reta,Sim,2,0,2,0,0,0,2,1,-27.60203892,-48.59690666,SPRF-SC,DEL01-SC,UOP01-DEL01-SC,2025
718110.0,2025-09-13,sábado,14:00:00,SC,282,4.0,SAO JOSE,Condutor deixou de manter distância do veículo da frente,Colisão traseira,Com Vítimas Feridas,Pleno dia,Crescente,Céu Claro,Dupla,Reta;Declive,Sim,2,0,1,0,1,0,1,2,-27.590972,-48.607112,SPRF-SC,DEL01-SC,UOP01-DEL01-SC,2025
718134.0,2025-09-13,sábado,16:30:00,SC,282,15.5,PALHOCA,Acesso irregular,Colisão transversal,Com Vítimas Feridas,Pleno dia,Crescente,Céu Claro,Dupla,Viaduto,Sim,2,0,1,0,1,0,1,2,-27.6620782,-48.67728174,SPRF-SC,DEL01-SC,UOP02-DEL01-SC,2025
718147.0,2025-09-13,sábado,17:30:00,SC,282,218.0,LAGES,Reação tardia ou ineficiente do condutor,Colisão traseira,Com Vítimas Feridas,Pleno dia,Decrescente,Céu Claro,Simples,Rotatória,Sim,2,0,1,0,1,0,1,2,-27.79779031,-50.31153238,SPRF-SC,DEL05-SC,UOP01-DEL05-SC,2025
718269.0,2025-09-14,domingo,05:20:00,SC,282,220.3,LAGES,Ingestão de álcool pelo condutor,Colisão com objeto,Sem Vítimas,Amanhecer,Crescente,Céu Claro,Simples,Reta,Sim,1,0,0,0,0,1,0,1,-27.7937829,-50.33514699,SPRF-SC,DEL05-SC,UOP01-DEL05-SC,2025
718330.0,2025-09-14,domingo,12:50:00,SC,282,1.4,FLORIANOPOLIS,Condutor Dormindo,Colisão com objeto,Com Vítimas Feridas,Pleno dia,Decrescente,Sol,Múltipla,Reta,Sim,2,0,2,0,0,0,2,1,-27.60374511,-48.58489959,SPRF-SC,DEL01-SC,UOP01-DEL01-SC,2025
718449.0,2025-09-14,domingo,22:00:00,SC,282,18.0,PALHOCA,Ingestão de álcool pelo condutor,Colisão frontal,Com Vítimas Feridas,Plena Noite,Decrescente,Nublado,Simples,Viaduto;Reta;Interseção de Vias,Não,4,0,1,0,3,0,1,2,-27.676715,-48.699658,SPRF-SC,DEL01-SC,UOP02-DEL01-SC,2025
718639.0,2025-09-15,segunda-feira,17:17:00,SC,282,17.4,PALHOCA,Acessar a via sem observar a presença dos outros veículos,Colisão transversal,Com Vítimas Feridas,Pleno dia,Crescente,Céu Claro,Simples,Reta;Interseção de Vias,Sim,3,0,0,1,2,0,1,2,-27.66924763,-48.69109511,SPRF-SC,DEL01-SC,UOP02-DEL01-SC,2025
718708.0,2025-09-16,terça-feira,00:30:00,SC,282,500.5,XANXERE,Velocidade Incompatível,Saída de leito carroçável,Sem Vítimas,Plena Noite,Crescente,Garoa/Chuvisco,Dupla,Reta,Não,1,0,0,0,1,0,0,1,-26.8814159,-52.37336802,SPRF-SC,DEL07-SC,UOP01-DEL07-SC,2025
718770.0,2025-09-16,terça-feira,10:00:00,SC,282,3.4,FLORIANOPOLIS,Reação tardia ou ineficiente do condutor,Saída de leito carroçável,Sem Vítimas,Pleno dia,Crescente,Nublado,Múltipla,Reta,Sim,1,0,0,0,1,0,0,1,-27.597113,-48.600665,SPRF-SC,DEL01-SC,UOP01-DEL01-SC,2025
718817.0,2025-08-07,quinta-feira,13:10:00,SC,282,5.4,SAO JOSE,Condutor deixou de manter distância do veículo da frente,Queda de ocupante de veículo,Com Vítimas Feridas,Pleno dia,Decrescente,Nublado,Dupla,Curva,Sim,2,0,1,0,1,0,1,2,-27.587777,-48.615917,SPRF-SC,DEL01-SC,UOP01-DEL01-SC,2025
718841.0,2025-09-16,terça-feira,17:55:00,SC,282,50.7,AGUAS MORNAS,Transitar na contramão,Colisão frontal,Com Vítimas Fatais,Pleno dia,Decrescente,Nublado,Simples,Curva,Não,4,1,1,0,2,0,1,2,-27.70444393,-48.95582738,SPRF-SC,DEL01-SC,UOP03-DEL01-SC,2025
718847.0,2025-09-16,terça-feira,17:40:00,SC,282,523.4,XAXIM,Pedestre cruzava a pista fora da faixa,Atropelamento de Pedestre,Com Vítimas Feridas,Pleno dia,Crescente,Céu Claro,Simples,Reta;Declive,Não,2,0,2,0,0,0,2,2,-26.96525664,-52.55318499,SPRF-SC,DEL07-SC,UOP01-DEL07-SC,2025
718927.0,2025-09-17,quarta-feira,09:00:00,SC,282,3.0,FLORIANOPOLIS,Manobra de mudança de faixa,Colisão lateral mesmo sentido,Com Vítimas Feridas,Pleno dia,Decrescente,Nublado,Dupla,Reta,Sim,2,0,0,1,1,0,1,2,-27.597272,-48.600902,SPRF-SC,DEL01-SC,UOP01-DEL01-SC,2025
718969.0,2025-09-17,quarta-feira,07:00:00,SC,282,350.8,CAMPOS NOVOS,Transitar na contramão,Colisão frontal,Com Vítimas Feridas,Pleno dia,Decrescente,Céu Claro,Simples,Reta;Aclive,Não,5,0,1,1,3,0,2,2,-27.358893,-51.292685,SPRF-SC,DEL07-SC,UOP06-DEL07-SC,2025
719392.0,2025-09-19,sexta-feira,15:00:00,SC,282,2.0,FLORIANOPOLIS,Reação tardia ou ineficiente do condutor,Colisão traseira,Com Vítimas Feridas,Pleno dia,Crescente,Céu Claro,Dupla,Reta,Sim,2,0,1,0,1,0,1,2,-27.60356015,-48.58537316,SPRF-SC,DEL01-SC,UOP01-DEL01-SC,2025
719473.0,2025-09-19,sexta-feira,19:00:00,SC,282,202.9,LAGES,Animais na Pista,Atropelamento de Animal,Com Vítimas Feridas,Plena Noite,Decrescente,Céu Claro,Simples,Reta,Não,1,0,1,0,0,0,1,1,-27.76967775,-50.17811575,SPRF-SC,DEL05-SC,UOP01-DEL05-SC,2025
719515.0,2025-09-19,sexta-feira,20:50:00,SC,282,102.5,ALFREDO WAGNER,Transitar na contramão,Colisão lateral sentido oposto,Com Vítimas Feridas,Plena Noite,Crescente,Céu Claro,Simples,Reta,Não,3,0,1,0,2,0,1,2,-27.694181,-49.30546,SPRF-SC,DEL01-SC,UOP03-DEL01-SC,2025
719556.0,2025-09-20,sábado,04:00:00,SC,282,3.0,FLORIANOPOLIS,Reação tardia ou ineficiente do condutor,Queda de ocupante de veículo,Com Vítimas Feridas,Plena Noite,Crescente,Nublado,Dupla,Curva,Sim,1,0,1,0,0,0,1,1,-27.60239648,-48.59481352,SPRF-SC,DEL01-SC,UOP01-DEL01-SC,2025
719562.0,2025-09-20,sábado,02:50:00,SC,282,4.2,FLORIANOPOLIS,Reação tardia ou ineficiente do condutor,Colisão com objeto,Com Vítimas Feridas,Plena Noite,Crescente,Céu Claro,Simples,Interseção de Vias;Viaduto;Retorno Regulamentado;Curva,Sim,1,0,1,0,0,0,1,1,-27.59563051,-48.60128403,SPRF-SC,DEL01-SC,UOP01-DEL01-SC,2025
719666.0,2025-09-19,sexta-feira,18:28:00,SC,480,125.7,CHAPECO,Transitar na contramão,Colisão transversal,Sem Vítimas,Pleno dia,Crescente,Céu Claro,Simples,Interseção de Vias,Não,3,0,0,0,3,0,0,2,-27.00815502,-52.6418159,SPRF-SC,DEL07-SC,UOP01-DEL07-SC,2025
719728.0,2025-09-20,sábado,19:10:00,SC,282,216.5,LAGES,Acessar a via sem observar a presença dos outros veículos,Colisão transversal,Com Vítimas Feridas,Plena Noite,Decrescente,Nublado,Simples,Curva;Declive,Sim,3,0,3,0,0,0,3,2,-27.79799344,-50.29901354,SPRF-SC,DEL05-SC,UOP01-DEL05-SC,2025
719830.0,2025-09-21,domingo,03:30:00,SC,282,38.7,AGUAS MORNAS,Condutor Dormindo,Capotamento,Com Vítimas Feridas,Plena Noite,Crescente,Céu Claro,Simples,Curva,Não,2,0,2,0,0,0,2,1,-27.71382328,-48.85744408,SPRF-SC,DEL01-SC,UOP03-DEL01-SC,2025