id,data_inversa,dia_semana,horario,uf,br,km,municipio,causa_acidente,tipo_acidente,classificacao_acidente,fase_dia,sentido_via,condicao_metereologica,tipo_pista,tracado_via,uso_solo,pessoas,mortos,feridos_leves,feridos_graves,ilesos,ignorados,feridos,veiculos,latitude,longitude,regional,delegacia,uop,ano_arquivo
730202.0,2025-11-07,sexta-feira,14:15:00,SC,282,54.4,AGUAS MORNAS,Velocidade Incompatível,Colisão frontal,Com Vítimas Feridas,Pleno dia,Decrescente,Chuva,Simples,Declive;Curva,Não,7,0,3,1,3,0,4,3,-27.68804512,-48.97751061,SPRF-SC,DEL01-SC,UOP03-DEL01-SC,2025
730451.0,2025-11-08,sábado,16:15:00,SC,282,520.4,XAXIM,Acumulo de óleo sobre o pavimento,Tombamento,Com Vítimas Feridas,Pleno dia,Decrescente,Nublado,Simples,Rotatória,Sim,1,0,1,0,0,0,1,1,-26.9493941,-52.5289755,SPRF-SC,DEL07-SC,UOP01-DEL07-SC,2025
730477.0,2025-11-08,sábado,15:55:00,SC,282,612.3,MARAVILHA,Ausência de reação do condutor,Incêndio,Sem Vítimas,Pleno dia,Crescente,Nublado,Simples,Curva,Não,1,0,0,0,0,1,0,1,-26.7634,-53.252141,SPRF-SC,DEL07-SC,UOP02-DEL07-SC,2025
730641.0,2025-11-09,domingo,06:20:00,SC,282,548.3,CHAPECO,Acessar a via sem observar a presença dos outros veículos,Colisão lateral mesmo sentido,Com Vítimas Feridas,Pleno dia,Crescente,Céu Claro,Simples,Reta,Não,3,0,1,0,2,0,1,2,-26.96809375,-52.75414569,SPRF-SC,DEL07-SC,UOP01-DEL07-SC,2025
730685.0,2025-11-09,domingo,09:40:00,SC,282,559.8,NOVA ITABERABA,Manobra de mudança de faixa,Saída de leito carroçável,Com Vítimas Feridas,Pleno dia,Decrescente,Céu Claro,Dupla,Curva,Não,5,0,2,2,1,0,4,2,-26.928902,-52.843082,SPRF-SC,DEL07-SC,UOP01-DEL07-SC,2025
730780.0,2025-11-09,domingo,17:00:00,SC,282,433.9,VARGEM BONITA,Demais falhas mecânicas ou elétricas,Colisão frontal,Com Vítimas Feridas,Pleno dia,Crescente,Céu Claro,Simples,Reta,Não,8,0,2,0,6,0,2,3,-26.97738132,-51.82414977,SPRF-SC,DEL07-SC,UOP04-DEL07-SC,2025
730803.0,2025-11-09,domingo,20:10:00,SC,282,501.3,XANXERE,Acessar a via sem observar a presença dos outros veículos,Colisão transversal,Com Vítimas Feridas,Plena Noite,Crescente,Céu Claro,Dupla,Retorno Regulamentado;Reta,Sim,4,0,3,1,0,0,4,2,-26.8824594,-52.38148212,SPRF-SC,DEL07-SC,UOP01-DEL07-SC,2025
730842.0,2025-11-10,segunda-feira,02:00:00,SC,282,5.8,SAO JOSE,Ingestão de álcool pelo condutor,Capotamento,Com Vítimas Feridas,Plena Noite,Crescente,Nublado,Múltipla,Interseção de Vias;Curva,Sim,2,0,1,1,0,0,2,1,-27.58725247,-48.61462768,SPRF-SC,DEL01-SC,UOP01-DEL01-SC,2025
730872.0,2025-11-10,segunda-feira,08:20:00,SC,282,4.3,SAO JOSE,Trafegar com motocicleta (ou similar) entre as faixas,Colisão lateral mesmo sentido,Com Vítimas Feridas,Pleno dia,Crescente,Céu Claro,Múltipla,Reta,Sim,4,0,1,0,3,0,1,3,-27.5911,-48.60699,SPRF-SC,DEL01-SC,UOP01-DEL01-SC,2025
730887.0,2025-11-10,segunda-feira,07:45:00,SC,282,69.1,RANCHO QUEIMADO,Demais falhas mecânicas ou elétricas,Colisão traseira,Com Vítimas Feridas,Pleno dia,Crescente,Céu Claro,Simples,Curva,Não,2,0,1,0,1,0,1,2,-27.69049097,-49.082877,SPRF-SC,DEL01-SC,UOP03-DEL01-SC,2025
730889.0,2025-11-09,domingo,19:30:00,SC,282,583.5,PINHALZINHO,Ultrapassagem Indevida,Saída de leito carroçável,Com Vítimas Feridas,Plena Noite,Decrescente,Céu Claro,Simples,Curva,Não,1,0,1,0,0,0,1,1,-26.83291626,-53.01292038,SPRF-SC,DEL07-SC,UOP02-DEL07-SC,2025
730942.0,2025-11-10,segunda-feira,00:40:00,SC,282,344.1,CAMPOS NOVOS,Reação tardia ou ineficiente do condutor,Capotamento,Sem Vítimas,Plena Noite,Crescente,Céu Claro,Simples,Rotatória,Sim,1,0,0,0,0,1,0,1,-27.3859726,-51.2354461,SPRF-SC,DEL07-SC,UOP06-DEL07-SC,2025
731032.0,2025-11-10,segunda-feira,17:55:00,SC,282,496.1,XANXERE,Acessar a via sem observar a presença dos outros veículos,Colisão transversal,Com Vítimas Feridas,Pleno dia,Crescente,Céu Claro,Simples,Reta,Não,4,0,1,1,2,0,2,3,-26.87644421,-52.33008957,SPRF-SC,DEL07-SC,UOP01-DEL07-SC,2025
731139.0,2025-10-14,terça-feira,19:07:00,SC,282,5.0,FLORIANOPOLIS,Condutor deixou de manter distância do veículo da frente,Colisão traseira,Com Vítimas Feridas,Plena Noite,Decrescente,Céu Claro,Múltipla,Reta,Sim,3,0,1,1,1,0,2,3,-27.60042,-48.577,SPRF-SC,DEL01-SC,UOP01-DEL01-SC,2025
731151.0,2025-11-08,sábado,08:00:00,SC,282,182.0,BOCAINA DO SUL,Condutor Dormindo,Saída de leito carroçável,Com Vítimas Feridas,Pleno dia,Decrescente,Garoa/Chuvisco,Simples,Reta;Declive,Não,3,0,2,1,0,0,3,1,-27.73434407,-49.96465,SPRF-SC,DEL05-SC,UOP01-DEL05-SC,2025
731334.0,2025-11-12,quarta-feira,14:00:00,SC,282,217.0,LAGES,Ausência de reação do condutor,Colisão com objeto,Com Vítimas Feridas,Pleno dia,Decrescente,Céu Claro,Simples,Reta,Sim,4,0,3,0,1,0,3,1,-27.79676768,-50.31788385,SPRF-SC,DEL05-SC,UOP01-DEL05-SC,2025
731411.0,2025-11-12,quarta-feira,19:50:00,SC,282,24.1,SANTO AMARO DA IMPERATRIZ,Reação tardia ou ineficiente do condutor,Colisão lateral mesmo sentido,Com Vítimas Feridas,Plena Noite,Decrescente,Garoa/Chuvisco,Simples,Reta,Não,2,0,1,0,1,0,1,2,-27.67499258,-48.77902731,SPRF-SC,DEL01-SC,UOP03-DEL01-SC,2025
731493.0,2025-11-13,quinta-feira,07:56:00,SC,282,0.6,FLORIANOPOLIS,Trafegar com motocicleta (ou similar) entre as faixas,Colisão lateral mesmo sentido,Com Vítimas Feridas,Pleno dia,Decrescente,Céu Claro,Múltipla,Reta,Sim,3,0,1,0,2,0,1,3,-27.6002,-48.5764162,SPRF-SC,DEL01-SC,UOP01-DEL01-SC,2025
731958.0,2025-11-15,sábado,05:00:00,SC,282,162.5,BOM RETIRO,Ingestão de álcool pelo condutor,Saída de leito carroçável,Sem Vítimas,Amanhecer,Decrescente,Céu Claro,Simples,Reta,Não,1,0,0,0,0,1,0,1,-27.73046677,-49.76605207,SPRF-SC,DEL05-SC,UOP01-DEL05-SC,2025
732029.0,2025-11-15,sábado,14:20:00,SC,282,0.5,FLORIANOPOLIS,Manobra de mudança de faixa,Colisão lateral mesmo sentido,Com Vítimas Feridas,Pleno dia,Decrescente,Céu Claro,Múltipla,Aclive;Reta,Não,4,0,2,0,2,0,2,2,-27.59879584,-48.57420143,SPRF-SC,DEL01-SC,UOP01-DEL01-SC,2025
732043.0,2025-11-15,sábado,14:30:00,SC,282,1.0,FLORIANOPOLIS,Condutor deixou de manter distância do veículo da frente,Colisão traseira,Com Vítimas Feridas,Pleno dia,Crescente,Céu Claro,Múltipla,Reta,Sim,3,0,1,0,2,0,1,2,-27.60331,-48.58128,SPRF-SC,DEL01-SC,UOP01-DEL01-SC,2025
732050.0,2025-11-15,sábado,09:48:00,SC,282,489.0,FAXINAL DOS GUEDES,Ausência de reação do condutor,Colisão com objeto,Com Vítimas Feridas,Pleno dia,Decrescente,Céu Claro,Simples,Rotatória,Não,2,0,2,0,0,0,2,1,-26.85890114,-52.26614571,SPRF-SC,DEL07-SC,UOP01-DEL07-SC,2025
732102.0,2025-11-15,sábado,20:15:00,SC,282,520.2,XAXIM,Ingestão de álcool pelo condutor,Queda de ocupante de veículo,Com Vítimas Feridas,Plena Noite,Crescente,Céu Claro,Simples,Declive;Curva,Não,1,0,1,0,0,0,1,1,-26.95096236,-52.52526474,SPRF-SC,DEL07-SC,UOP01-DEL07-SC,2025
732175.0,2025-11-16,domingo,03:27:00,SC,282,527.4,XAXIM,Reação tardia ou ineficiente do condutor,Saída de leito carroçável,Sem Vítimas,Plena Noite,Decrescente,Céu Claro,Simples,Aclive;Reta,Não,2,0,0,0,2,0,0,1,-26.9740483,-52.58562708,SPRF-SC,DEL07-SC,UOP01-DEL07-SC,2025
732227.0,2025-11-16,domingo,09:20:00,SC,480,126.2,CHAPECO,Acessar a via sem observar a presença dos outros veículos,Colisão transversal,Com Vítimas Feridas,Pleno dia,Crescente,Sol,Simples,Viaduto,Sim,3,0,0,1,2,0,1,2,-27.015522,-52.637805,SPRF-SC,DEL07-SC,UOP01-DEL07-SC,2025
732452.0,2025-11-17,segunda-feira,09:20:00,SC,282,17.8,PALHOCA,Condutor deixou de manter distância do veículo da frente,Colisão traseira,Com Vítimas Feridas,Pleno dia,Crescente,Chuva,Simples,Reta,Não,6,0,2,0,4,0,2,5,-27.671583,-48.693285,SPRF-SC,DEL01-SC,UOP02-DEL01-SC,2025
732468.0,2025-11-17,segunda-feira,10:40:00,SC,282,19.9,PALHOCA,Condutor deixou de manter distância do veículo da frente,Engavetamento,Sem Vítimas,Pleno dia,Crescente,Chuva,Simples,Reta;Declive,Sim,3,0,0,0,3,0,0,3,-27.684097,-48.710325,SPRF-SC,DEL01-SC,UOP02-DEL01-SC,2025
732696.0,2025-11-18,terça-feira,10:00:00,SC,282,1.6,FLORIANOPOLIS,Trafegar com motocicleta (ou similar) entre as faixas,Tombamento,Com Vítimas Feridas,Pleno dia,Decrescente,Chuva,Múltipla,Reta,Sim,2,0,1,0,1,0,1,1,-27.60382117,-48.58399836,SPRF-SC,DEL01-SC,UOP01-DEL01-SC,2025
732697.0,2025-11-18,terça-feira,07:50:00,SC,282,72.0,RANCHO QUEIMADO,Velocidade Incompatível,Saída de leito carroçável,Com Vítimas Feridas,Pleno dia,Decrescente,Chuva,Simples,Curva,Não,1,0,1,0,0,0,1,1,-27.683483,-49.105302,SPRF-SC,DEL01-SC,UOP03-DEL01-SC,2025
732732.0,2025-11-18,terça-feira,13:15:00,SC,282,64.1,RANCHO QUEIMADO,Velocidade Incompatível,Saída de leito carroçável,Com Vítimas Feridas,Pleno dia,Decrescente,Chuva,Simples,Reta,Não,2,0,2,0,0,0,2,1,-27.696693,-49.053435,SPRF-SC,DEL01-SC,UOP03-DEL01-SC,2025
732818.0,2025-11-18,terça-feira,17:05:00,SC,480,129.4,CHAPECO,Pedestre cruzava a pista fora da faixa,Atropelamento de Pedestre,Com Vítimas Feridas,Pleno dia,Crescente,Nublado,Dupla,Reta,Sim,2,0,1,0,1,0,1,2,-27.041586,-52.635281,SPRF-SC,DEL07-SC,UOP01-DEL07-SC,2025
732912.0,2025-11-19,quarta-feira,10:00:00,SC,282,23.0,SANTO AMARO DA IMPERATRIZ,Acessar a via sem observar a presença dos outros veículos,Colisão transversal,Com Vítimas Feridas,Pleno dia,Decrescente,Céu Claro,Simples,Reta,Sim,5,0,4,0,1,0,4,2,-27.68447295,-48.74367563,SPRF-SC,DEL01-SC,UOP02-DEL01-SC,2025
732938.0,2025-11-19,quarta-feira,12:05:00,SC,282,511.8,XANXERE,Ausência de reação do condutor,Colisão frontal,Com Vítimas Feridas,Pleno dia,Decrescente,Céu Claro,Simples,Reta;Aclive,Não,3,0,3,0,0,0,3,2,-26.90994904,-52.47083187,SPRF-SC,DEL07-SC,UOP01-DEL07-SC,2025
733028.0,2025-11-19,quarta-feira,19:00:00,SC,282,0.8,FLORIANOPOLIS,Condutor deixou de manter distância do veículo da frente,Colisão traseira,Sem Vítimas,Plena Noite,Decrescente,Céu Claro,Múltipla,Declive;Reta,Sim,3,0,0,0,3,0,0,3,-27.6,-48.576,SPRF-SC,DEL01-SC,UOP01-DEL01-SC,2025
733094.0,2025-11-20,quinta-feira,02:50:00,SC,282,503.3,XANXERE,Velocidade Incompatível,Colisão com objeto,Com Vítimas Feridas,Plena Noite,Crescente,Céu Claro,Dupla,Reta;Declive,Sim,1,0,1,0,0,0,1,1,-26.88343994,-52.40211105,SPRF-SC,DEL07-SC,UOP01-DEL07-SC,2025
733135.0,2025-11-20,quinta-feira,09:00:00,SC,282,22.3,SANTO AMARO DA IMPERATRIZ,Ausência de reação do condutor,Colisão traseira,Sem Vítimas,Pleno dia,Crescente,Céu Claro,Simples,Reta,Não,2,0,0,0,2,0,0,2,-27.68827476,-48.73757109,SPRF-SC,DEL01-SC,UOP02-DEL01-SC,2025
733273.0,2025-11-20,quinta-feira,20:30:00,SC,282,44.6,AGUAS MORNAS,Reação tardia ou ineficiente do condutor,Tombamento,Com Vítimas Feridas,Plena Noite,Crescente,Nublado,Simples,Aclive;Curva,Não,1,0,0,1,0,0,1,1,-27.719319,-48.912627,SPRF-SC,DEL01-SC,UOP03-DEL01-SC,2025
733470.0,2025-11-21,sexta-feira,20:10:00,SC,282,55.1,AGUAS MORNAS,Ausência de reação do condutor,Saída de leito carroçável,Com Vítimas Feridas,Plena Noite,Crescente,Céu Claro,Simples,Curva,Não,1,0,0,1,0,0,1,1,-27.689183,-48.984227,SPRF-SC,DEL01-SC,UOP03-DEL01-SC,2025
733539.0,2025-11-22,sábado,03:00:00,SC,282,564.5,NOVA ERECHIM,Demais falhas mecânicas ou elétricas,Incêndio,Sem Vítimas,Plena Noite,Decrescente,Céu Claro,Simples,Reta,Não,1,0,0,0,0,1,0,1,-26.899921,-52.871484,SPRF-SC,DEL07-SC,UOP02-DEL07-SC,2025
733661.0,2025-11-22,sábado,15:10:00,SC,282,162.0,BOM RETIRO,Ausência de reação do condutor,Saída de leito carroçável,Com Vítimas Feridas,Pleno dia,Crescente,Chuva,Simples,Curva,Não,1,0,1,0,0,0,1,1,-27.72912181,-49.77767944,SPRF-SC,DEL05-SC,UOP01-DEL05-SC,2025
733730.0,2025-11-22,sábado,23:55:00,SC,282,482.7,FAXINAL DOS GUEDES,Condutor deixou de manter distância do veículo da frente,Colisão traseira,Com Vítimas Fatais,Plena Noite,Decrescente,Céu Claro,Simples,Aclive;Reta,Não,3,1,0,1,1,0,1,2,-26.8651,-52.21007,SPRF-SC,DEL07-SC,UOP01-DEL07-SC,2025
733848.0,2025-11-23,domingo,15:20:00,SC,480,130.0,CHAPECO,Ingestão de álcool pelo condutor,Colisão com objeto,Sem Vítimas,Pleno dia,Crescente,Céu Claro,Dupla,Curva,Não,1,0,0,0,1,0,0,1,-27.04967223,-52.63520813,SPRF-SC,DEL07-SC,UOP01-DEL07-SC,2025
733865.0,2025-11-23,domingo,14:55:00,SC,282,416.5,CATANDUVAS,Avarias e/ou desgaste excessivo no pneu,Saída de leito carroçável,Com Vítimas Feridas,Pleno dia,Crescente,Chuva,Simples,Aclive;Curva,Não,3,0,2,0,1,0,2,1,-27.03849,-51.71368,SPRF-SC,DEL07-SC,UOP05-DEL07-SC,2025
733891.0,2025-11-23,domingo,16:00:00,SC,282,231.5,LAGES,Acessar a via sem observar a presença dos outros veículos,Colisão transversal,Com Vítimas Feridas,Pleno dia,Crescente,Nublado,Simples,Interseção de Vias;Reta,Não,4,0,1,0,3,0,1,2,-27.78690773,-50.43903558,SPRF-SC,DEL05-SC,UOP02-DEL05-SC,2025
733922.0,2025-11-23,domingo,16:00:00,SC,282,595.6,SAUDADES,Velocidade Incompatível,Colisão com objeto,Sem Vítimas,Pleno dia,Decrescente,Chuva,Simples,Curva,Não,2,0,0,0,2,0,0,1,-26.82995797,-53.1255383,SPRF-SC,DEL07-SC,UOP02-DEL07-SC,2025
734049.0,2025-11-24,segunda-feira,08:00:00,SC,282,5.8,SAO JOSE,Ausência de reação do condutor,Queda de ocupante de veículo,Com Vítimas Feridas,Pleno dia,Crescente,Chuva,Dupla,Declive;Curva,Não,1,0,1,0,0,0,1,1,-27.584533,-48.617107,SPRF-SC,DEL01-SC,UOP01-DEL01-SC,2025
734058.0,2025-11-24,segunda-feira,09:00:00,SC,282,4.6,SAO JOSE,Frear bruscamente,Queda de ocupante de veículo,Com Vítimas Feridas,Pleno dia,Crescente,Chuva,Múltipla,Reta,Não,2,0,1,0,1,0,1,2,-27.58467,-48.616887,SPRF-SC,DEL01-SC,UOP01-DEL01-SC,2025
734071.0,2025-11-24,segunda-feira,09:15:00,SC,282,50.4,AGUAS MORNAS,Reação tardia ou ineficiente do condutor,Saída de leito carroçável,Com Vítimas Feridas,Pleno dia,Crescente,Garoa/Chuvisco,Simples,Aclive;Reta,Não,1,0,1,0,0,0,1,1,-27.70603,-48.955373,SPRF-SC,DEL01-SC,UOP03-DEL01-SC,2025
734171.0,2025-11-24,segunda-feira,20:28:00,SC,282,16.3,PALHOCA,Acessar a via sem observar a presença dos outros veículos,Atropelamento de Pedestre,Com Vítimas Feridas,Plena Noite,Crescente,Céu Claro,Simples,Reta,Não,2,0,1,0,1,0,1,2,-27.66003276,-48.6821124,SPRF-SC,DEL01-SC,UOP02-DEL01-SC,2025
734284.0,2025-11-25,terça-feira,11:45:00,SC,282,39.1,AGUAS MORNAS,Mal súbito do condutor,Saída de leito carroçável,Com Vítimas Feridas,Pleno dia,Decrescente,Céu Claro,Simples,Curva,Não,1,0,1,0,0,0,1,1,-27.71234755,-48.8611304,SPRF-SC,DEL01-SC,UOP03-DEL01-SC,2025
734319.0,2025-11-25,terça-feira,16:35:00,SC,282,16.5,PALHOCA,Ausência de reação do condutor,Colisão traseira,Com Vítimas Feridas,Pleno dia,Decrescente,Nublado,Simples,Reta,Sim,2,0,1,0,1,0,1,2,-27.663002,-48.685405,SPRF-SC,DEL01-SC,UOP02-DEL01-SC,2025
734357.0,2025-11-04,terça-feira,20:00:00,SC,480,124.0,CHAPECO,Pedestre andava na pista,Atropelamento de Pedestre,Com Vítimas Feridas,Plena Noite,Crescente,Céu Claro,Simples,Reta,Sim,3,0,3,0,0,0,3,2,-26.99880201,-52.64719248,SPRF-SC,DEL07-SC,UOP01-DEL07-SC,2025
734499.0,2025-11-26,quarta-feira,17:00:00,SC,282,20.8,PALHOCA,Trafegar com motocicleta (ou similar) entre as faixas,Colisão transversal,Com Vítimas Feridas,Pleno dia,Crescente,Céu Claro,Simples,Reta,Não,2,0,1,0,1,0,1,2,-27.68902608,-48.71782213,SPRF-SC,DEL01-SC,UOP02-DEL01-SC,2025
734530.0,2025-11-26,quarta-feira,18:40:00,SC,282,1.7,FLORIANOPOLIS,Manobra de mudança de faixa,Colisão lateral mesmo sentido,Com Vítimas Feridas,Anoitecer,Crescente,Nublado,Dupla,Reta,Sim,4,0,1,1,2,0,2,2,-27.603308,-48.587889,SPRF-SC,DEL01-SC,UOP01-DEL01-SC,2025
734580.0,2025-11-26,quarta-feira,22:20:00,SC,480,131.9,CHAPECO,Acessar a via sem observar a presença dos outros veículos,Colisão lateral mesmo sentido,Com Vítimas Feridas,Plena Noite,Decrescente,Céu Claro,Dupla,Reta,Sim,2,0,1,0,1,0,1,2,-27.063415,-52.633065,SPRF-SC,DEL07-SC,UOP01-DEL07-SC,2025
734678.0,2025-11-27,quinta-feira,11:05:00,SC,282,417.0,CATANDUVAS,Demais falhas mecânicas ou elétricas,Saída de leito carroçável,Com Vítimas Feridas,Pleno dia,Decrescente,Céu Claro,Simples,Curva,Não,5,0,3,0,2,0,3,1,-27.03787472,-51.71899796,SPRF-SC,DEL07-SC,UOP05-DEL07-SC,2025
734867.0,2025-11-28,sexta-feira,10:30:00,SC,282,69.7,RANCHO QUEIMADO,Reação tardia ou ineficiente do condutor,Saída de leito carroçável,Com Vítimas Feridas,Pleno dia,Decrescente,Nublado,Simples,Declive;Curva,Não,3,0,1,1,1,0,2,1,-27.694,-49.0906,SPRF-SC,DEL01-SC,UOP03-DEL01-SC,2025
735057.0,2025-11-28,sexta-feira,22:05:00,SC,282,491.5,FAXINAL DOS GUEDES,Condutor deixou de manter distância do veículo da frente,Colisão traseira,Com Vítimas Feridas,Plena Noite,Decrescente,Céu Claro,Simples,Reta,Não,2,0,2,0,0,0,2,2,-26.87422943,-52.2868615,SPRF-SC,DEL07-SC,UOP01-DEL07-SC,2025
735085.0,2025-11-29,sábado,03:30:00,SC,282,643.0,SAO MIGUEL DO OESTE,Ingestão de álcool pelo condutor,Colisão lateral sentido oposto,Sem Vítimas,Plena Noite,Decrescente,Céu Claro,Simples,Reta,Não,2,0,0,0,2,0,0,2,-26.76569039,-53.49346675,SPRF-SC,DEL07-SC,UOP03-DEL07-SC,2025
735100.0,2025-11-29,sábado,01:30:00,SC,282,586.9,PINHALZINHO,Velocidade Incompatível,Saída de leito carroçável,Com Vítimas Feridas,Plena Noite,Crescente,Céu Claro,Simples,Curva,Não,4,0,3,0,0,1,3,1,-26.82994645,-53.04559205,SPRF-SC,DEL07-SC,UOP02-DEL07-SC,2025
735142.0,2025-11-29,sábado,10:15:00,SC,282,5.4,SAO JOSE,Manobra de mudança de faixa,Colisão lateral mesmo sentido,Com Vítimas Feridas,Pleno dia,Crescente,Céu Claro,Dupla,Curva,Sim,3,0,2,0,1,0,2,2,-27.58374878,-48.61614196,SPRF-SC,DEL01-SC,UOP01-DEL01-SC,2025
735218.0,2025-11-29,sábado,15:05:00,SC,282,520.4,XAXIM,Pista Escorregadia,Tombamento,Com Vítimas Feridas,Pleno dia,Decrescente,Céu Claro,Simples,Curva;Aclive,Não,4,0,0,2,2,0,2,2,-26.95107487,-52.52531139,SPRF-SC,DEL07-SC,UOP01-DEL07-SC,2025
735313.0,2025-11-29,sábado,21:00:00,SC,282,638.5,DESCANSO,Ausência de reação do condutor,Saída de leito carroçável,Sem Vítimas,Plena Noite,Crescente,Céu Claro,Simples,Reta,Não,3,0,0,0,0,3,0,2,-26.7967909,-53.4497273,SPRF-SC,DEL07-SC,UOP03-DEL07-SC,2025
735355.0,2025-11-30,domingo,02:40:00,SC,282,19.0,PALHOCA,Ingestão de álcool pelo condutor,Colisão traseira,Sem Vítimas,Plena Noite,Crescente,Céu Claro,Simples,Reta,Não,2,0,0,0,2,0,0,2,-27.67642135,-48.6992383,SPRF-SC,DEL01-SC,UOP02-DEL01-SC,2025
735358.0,2025-11-30,domingo,02:00:00,SC,282,19.0,PALHOCA,Transitar na contramão,Colisão frontal,Com Vítimas Feridas,Plena Noite,Crescente,Nublado,Simples,Viaduto;Reta,Não,6,0,2,0,4,0,2,2,-27.677613,-48.70091,SPRF-SC,DEL01-SC,UOP02-DEL01-SC,2025
735392.0,2025-11-29,sábado,23:10:00,SC,282,407.3,CATANDUVAS,Condutor Dormindo,Saída de leito carroçável,Sem Vítimas,Plena Noite,Decrescente,Céu Claro,Simples,Reta,Não,1,0,0,0,0,1,0,1,-27.08775586,-51.66148838,SPRF-SC,DEL07-SC,UOP05-DEL07-SC,2025
735406.0,2025-11-30,domingo,04:50:00,SC,282,118.7,IRACEMINHA,Condutor Dormindo,Saída de leito carroçável,Com Vítimas Feridas,Amanhecer,Crescente,Céu Claro,Simples,Aclive;Em Obras;Curva,Não,1,0,0,1,0,0,1,1,-26.79519513,-53.30058429,SPRF-SC,DEL05-SC,UOP01-DEL05-SC,2025
735493.0,2025-11-30,domingo,17:29:00,SC,282,485.5,FAXINAL DOS GUEDES,Reação tardia ou ineficiente do condutor,Capotamento,Com Vítimas Feridas,Pleno dia,Decrescente,Nublado,Simples,Reta,Não,2,0,0,2,0,0,2,1,-26.8611986,-52.2393538,SPRF-SC,DEL07-SC,UOP01-DEL07-SC,2025
735542.0,2025-11-30,domingo,20:20:00,SC,282,504.0,XANXERE,Reação tardia ou ineficiente do condutor,Atropelamento de Pedestre,Com Vítimas Feridas,Plena Noite,Decrescente,Céu Claro,Simples,Reta,Não,2,0,1,0,0,1,1,2,-26.88481303,-52.39975739,SPRF-SC,DEL07-SC,UOP01-DEL07-SC,2025
735558.0,2025-11-30,domingo,22:00:00,SC,282,588.0,SAUDADES,Acumulo de água sobre o pavimento,Saída de leito carroçável,Com Vítimas Feridas,Plena Noite,Decrescente,Chuva,Simples,Declive;Reta,Não,3,0,3,0,0,0,3,1,-26.82621095,-53.08409905,SPRF-SC,DEL07-SC,UOP02-DEL07-SC,2025
735594.0,2025-12-01,segunda-feira,02:45:00,SC,282,5.2,SAO JOSE,Ingestão de álcool pelo condutor,Saída de leito carroçável,Sem Vítimas,Plena Noite,Crescente,Céu Claro,Dupla,Reta,Sim,1,0,0,0,1,0,0,1,-27.58733,-48.6147,SPRF-SC,DEL01-SC,UOP01-DEL01-SC,2025
735692.0,2025-11-30,domingo,21:52:00,SC,282,516.0,XAXIM,Demais falhas mecânicas ou elétricas,Saída de leito carroçável,Sem Vítimas,Pleno dia,Decrescente,Chuva,Simples,Curva;Declive,Não,1,0,0,0,0,1,0,1,-26.9288064,-52.49924468,SPRF-SC,DEL07-SC,UOP01-DEL07-SC,2025
735721.0,2025-12-01,segunda-feira,16:10:00,SC,282,4.5,SAO JOSE,Trafegar com motocicleta (ou similar) entre as faixas,Colisão lateral mesmo sentido,Com Vítimas Feridas,Pleno dia,Crescente,Nublado,Dupla,Reta,Sim,2,0,1,0,1,0,1,2,-27.58898311,-48.61144491,SPRF-SC,DEL01-SC,UOP01-DEL01-SC,2025
735729.0,2025-12-01,segunda-feira,15:00:00,SC,282,2.0,FLORIANOPOLIS,Ausência de reação do condutor,Colisão traseira,Com Vítimas Feridas,Pleno dia,Crescente,Chuva,Múltipla,Reta,Sim,3,0,1,0,2,0,1,3,-27.60362582,-48.58469423,SPRF-SC,DEL01-SC,UOP01-DEL01-SC,2025
735813.0,2025-12-01,segunda-feira,22:05:00,SC,282,502.0,XANXERE,Velocidade Incompatível,Saída de leito carroçável,Com Vítimas Feridas,Pleno dia,Crescente,Céu Claro,Dupla,Curva;Declive,Sim,3,0,1,0,2,0,1,1,-26.88506659,-52.39377234,SPRF-SC,DEL07-SC,UOP01-DEL07-SC,2025
735923.0,2025-12-02,terça-feira,09:30:00,SC,282,115.6,ALFREDO WAGNER,Ausência de reação do condutor,Capotamento,Com Vítimas Feridas,Pleno dia,Decrescente,Nublado,Simples,Declive;Curva,Não,2,0,2,0,0,0,2,1,-27.760035,-49.396965,SPRF-SC,DEL01-SC,UOP03-DEL01-SC,2025
736020.0,2025-11-01,sábado,03:40:00,SC,282,3.4,FLORIANOPOLIS,Ingestão de álcool pelo condutor,Saída de leito carroçável,Com Vítimas Feridas,Plena Noite,Crescente,Nublado,Simples,Reta,Não,5,0,4,0,0,1,4,1,-27.596585,-48.600494,SPRF-SC,DEL01-SC,UOP01-DEL01-SC,2025
736087.0,2025-12-03,quarta-feira,08:30:00,SC,282,406.0,CATANDUVAS,Condutor usando celular,Saída de leito carroçável,Com Vítimas Feridas,Pleno dia,Decrescente,Céu Claro,Simples,Reta,Não,1,0,1,0,0,0,1,1,-27.09553324,-51.65587043,SPRF-SC,DEL07-SC,UOP05-DEL07-SC,2025
736114.0,2025-12-03,quarta-feira,12:10:00,SC,282,341.8,CAMPOS NOVOS,Condutor deixou de manter distância do veículo da frente,Colisão traseira,Com Vítimas Feridas,Pleno dia,Crescente,Céu Claro,Simples,Reta;Aclive,Sim,4,0,2,0,2,0,2,3,-27.38995842,-51.21299235,SPRF-SC,DEL07-SC,UOP06-DEL07-SC,2025