id,data_inversa,dia_semana,horario,uf,br,km,municipio,causa_acidente,tipo_acidente,classificacao_acidente,fase_dia,sentido_via,condicao_metereologica,tipo_pista,tracado_via,uso_solo,pessoas,mortos,feridos_leves,feridos_graves,ilesos,ignorados,feridos,veiculos,latitude,longitude,regional,delegacia,uop,ano_arquivo
741353.0,2025-12-24,quarta-feira,10:35:00,SC,282,484.2,FAXINAL DOS GUEDES,Velocidade Incompatível,Saída de leito carroçável,Com Vítimas Feridas,Pleno dia,Decrescente,Nublado,Simples,Reta,Não,4,0,2,0,2,0,2,1,-26.8626976,-52.22465515,SPRF-SC,DEL07-SC,UOP01-DEL07-SC,2025
741357.0,2025-12-24,quarta-feira,11:55:00,SC,282,512.0,XANXERE,Acessar a via sem observar a presença dos outros veículos,Colisão transversal,Com Vítimas Feridas,Pleno dia,Crescente,Nublado,Simples,Reta;Declive,Não,3,0,2,0,1,0,2,2,-26.91325398,-52.47576563,SPRF-SC,DEL07-SC,UOP01-DEL07-SC,2025
741445.0,2025-12-25,quinta-feira,00:50:00,SC,480,130.3,CHAPECO,Reação tardia ou ineficiente do condutor,Saída de leito carroçável,Sem Vítimas,Plena Noite,Crescente,Nublado,Simples,Reta,Sim,1,0,0,0,1,0,0,1,-27.04101778,-52.63547357,SPRF-SC,DEL07-SC,UOP01-DEL07-SC,2025
741454.0,2025-12-25,quinta-feira,02:50:00,SC,282,362.0,ERVAL VELHO,Avarias e/ou desgaste excessivo no pneu,Saída de leito carroçável,Sem Vítimas,Plena Noite,Decrescente,Nublado,Simples,Reta;Declive,Não,1,0,0,0,1,0,0,1,-27.30535,-51.38055,SPRF-SC,DEL07-SC,UOP05-DEL07-SC,2025
741530.0,2025-12-25,quinta-feira,03:30:00,SC,282,503.8,XANXERE,Velocidade Incompatível,Capotamento,Sem Vítimas,Plena Noite,Decrescente,Nublado,Dupla,Curva,Sim,1,0,0,0,0,1,0,1,-26.8824092,-52.4046134,SPRF-SC,DEL07-SC,UOP01-DEL07-SC,2025
741535.0,2025-12-25,quinta-feira,10:20:00,SC,282,18.4,PALHOCA,Manobra de mudança de faixa,Colisão frontal,Com Vítimas Feridas,Pleno dia,Crescente,Sol,Simples,Reta,Sim,2,0,2,0,0,0,2,2,-27.67565,-48.69784,SPRF-SC,DEL01-SC,UOP02-DEL01-SC,2025
741565.0,2025-12-25,quinta-feira,15:00:00,SC,282,599.0,CUNHA PORA,Reação tardia ou ineficiente do condutor,Saída de leito carroçável,Com Vítimas Feridas,Pleno dia,Decrescente,Céu Claro,Simples,Curva,Não,1,0,1,0,0,0,1,1,-26.818664,-53.15798593,SPRF-SC,DEL07-SC,UOP02-DEL07-SC,2025
741596.0,2025-12-25,quinta-feira,13:30:00,SC,282,566.2,NOVA ERECHIM,Velocidade Incompatível,Colisão frontal,Com Vítimas Fatais,Pleno dia,Crescente,Chuva,Simples,Curva,Não,6,1,0,5,0,0,5,2,-26.90036339,-52.88863577,SPRF-SC,DEL07-SC,UOP02-DEL07-SC,2025
741715.0,2025-12-26,sexta-feira,13:20:00,SC,282,4.7,SAO JOSE,Demais falhas mecânicas ou elétricas,Queda de ocupante de veículo,Com Vítimas Feridas,Pleno dia,Crescente,Céu Claro,Múltipla,Reta,Sim,2,0,2,0,0,0,2,1,-27.589295,-48.61081,SPRF-SC,DEL01-SC,UOP01-DEL01-SC,2025
741737.0,2025-12-26,sexta-feira,15:15:00,SC,282,406.0,CATANDUVAS,Avarias e/ou desgaste excessivo no pneu,Saída de leito carroçável,Sem Vítimas,Pleno dia,Decrescente,Garoa/Chuvisco,Simples,Rotatória,Não,3,0,0,0,3,0,0,1,-27.097519,-51.652811,SPRF-SC,DEL07-SC,UOP05-DEL07-SC,2025
741761.0,2025-12-26,sexta-feira,15:30:00,SC,282,509.0,XANXERE,Afundamento ou ondulação no pavimento,Tombamento,Com Vítimas Feridas,Pleno dia,Crescente,Nublado,Simples,Reta,Não,1,0,0,1,0,0,1,1,-26.88772871,-52.45083311,SPRF-SC,DEL07-SC,UOP01-DEL07-SC,2025
741923.0,2025-12-27,sábado,10:50:00,SC,282,4.7,SAO JOSE,Condutor deixou de manter distância do veículo da frente,Colisão traseira,Com Vítimas Feridas,Pleno dia,Crescente,Céu Claro,Múltipla,Reta,Sim,1,0,0,1,0,0,1,1,-27.59055117,-48.60827319,SPRF-SC,DEL01-SC,UOP01-DEL01-SC,2025
742077.0,2025-12-28,domingo,03:45:00,SC,282,535.6,CHAPECO,Acessar a via sem observar a presença dos outros veículos,Colisão transversal,Com Vítimas Feridas,Plena Noite,Decrescente,Céu Claro,Dupla,Interseção de Vias;Reta;Rotatória,Não,4,0,2,0,2,0,2,2,-26.999488,-52.646107,SPRF-SC,DEL07-SC,UOP01-DEL07-SC,2025
742175.0,2025-12-28,domingo,13:20:00,SC,282,138.0,BOM RETIRO,Acessar a via sem observar a presença dos outros veículos,Colisão lateral mesmo sentido,Com Vítimas Feridas,Pleno dia,Decrescente,Céu Claro,Simples,Reta,Não,7,0,2,0,5,0,2,2,-27.82032795,-49.56248045,SPRF-SC,DEL05-SC,UOP01-DEL05-SC,2025
742177.0,2025-12-28,domingo,15:30:00,SC,282,337.5,CAMPOS NOVOS,Conversão proibida,Colisão transversal,Com Vítimas Feridas,Pleno dia,Crescente,Céu Claro,Simples,Curva,Não,8,0,4,0,4,0,4,2,-27.39417771,-51.18855453,SPRF-SC,DEL07-SC,UOP06-DEL07-SC,2025
742197.0,2025-12-28,domingo,16:40:00,SC,282,664.4,GUARACIABA,Acessar a via sem observar a presença dos outros veículos,Colisão transversal,Com Vítimas Feridas,Pleno dia,Crescente,Céu Claro,Simples,Curva,Não,4,0,1,0,3,0,1,2,-26.65762915,-53.60750763,SPRF-SC,DEL07-SC,UOP03-DEL07-SC,2025
742211.0,2025-12-28,domingo,18:30:00,SC,282,500.0,XANXERE,Acumulo de água sobre o pavimento,Saída de leito carroçável,Com Vítimas Feridas,Plena Noite,Crescente,Chuva,Dupla,Declive;Rotatória,Sim,3,0,3,0,0,0,3,1,-26.88070297,-52.35930157,SPRF-SC,DEL07-SC,UOP01-DEL07-SC,2025
742230.0,2025-12-28,domingo,18:00:00,SC,282,32.0,SANTO AMARO DA IMPERATRIZ,Ausência de reação do condutor,Saída de leito carroçável,Sem Vítimas,Pleno dia,Decrescente,Céu Claro,Simples,Reta,Não,1,0,0,0,1,0,0,1,-27.70077475,-48.79941193,SPRF-SC,DEL01-SC,UOP03-DEL01-SC,2025
742274.0,2025-12-29,segunda-feira,02:20:00,SC,282,275.0,SAO JOSE DO CERRITO,Velocidade Incompatível,Colisão com objeto,Sem Vítimas,Plena Noite,Crescente,Chuva,Simples,Declive;Curva,Não,1,0,0,0,0,1,0,1,-27.60294127,-50.72539743,SPRF-SC,DEL05-SC,UOP02-DEL05-SC,2025
742343.0,2025-12-23,terça-feira,11:35:00,SC,282,1.9,FLORIANOPOLIS,Ausência de reação do condutor,Colisão traseira,Sem Vítimas,Pleno dia,Crescente,Céu Claro,Dupla,Reta,Sim,3,0,0,0,2,1,0,2,-27.60143307,-48.5783665,SPRF-SC,DEL01-SC,UOP01-DEL01-SC,2025
742463.0,2025-12-29,segunda-feira,19:30:00,SC,282,183.0,BOCAINA DO SUL,Chuva,Colisão traseira,Com Vítimas Feridas,Plena Noite,Decrescente,Chuva,Simples,Reta;Declive,Não,3,0,1,0,2,0,1,2,-27.733428,-49.970278,SPRF-SC,DEL05-SC,UOP01-DEL05-SC,2025
742528.0,2025-12-30,terça-feira,08:10:00,SC,282,469.0,PONTE SERRADA,Reação tardia ou ineficiente do condutor,Saída de leito carroçável,Com Vítimas Feridas,Pleno dia,Decrescente,Céu Claro,Simples,Reta,Não,3,0,2,0,1,0,2,1,-26.854591,-52.094107,SPRF-SC,DEL07-SC,UOP04-DEL07-SC,2025
742655.0,2025-12-30,terça-feira,18:40:00,SC,282,5.0,SAO JOSE,Pista Escorregadia,Tombamento,Com Vítimas Feridas,Anoitecer,Crescente,Garoa/Chuvisco,Dupla,Curva,Sim,1,0,1,0,0,0,1,1,-27.58473003,-48.61749222,SPRF-SC,DEL01-SC,UOP01-DEL01-SC,2025
742705.0,2025-12-31,quarta-feira,02:20:00,SC,282,75.0,RANCHO QUEIMADO,Reação tardia ou ineficiente do condutor,Capotamento,Com Vítimas Feridas,Plena Noite,Decrescente,Chuva,Simples,Reta,Não,1,0,0,1,0,0,1,1,-27.6911,-49.1296,SPRF-SC,DEL01-SC,UOP03-DEL01-SC,2025
742734.0,2025-12-31,quarta-feira,08:05:00,SC,282,565.1,NOVA ERECHIM,Conversão proibida,Colisão transversal,Com Vítimas Feridas,Pleno dia,Crescente,Sol,Simples,Curva;Aclive,Não,4,0,1,0,3,0,1,2,-26.898589,-52.876605,SPRF-SC,DEL07-SC,UOP02-DEL07-SC,2025
742753.0,2025-12-31,quarta-feira,07:50:00,SC,282,642.6,SAO MIGUEL DO OESTE,Reação tardia ou ineficiente do condutor,Saída de leito carroçável,Com Vítimas Feridas,Pleno dia,Crescente,Nublado,Simples,Curva,Não,1,0,1,0,0,0,1,1,-26.76835339,-53.46704721,SPRF-SC,DEL07-SC,UOP03-DEL07-SC,2025
742754.0,2025-12-31,quarta-feira,10:00:00,SC,282,541.5,CHAPECO,Velocidade Incompatível,Tombamento,Com Vítimas Feridas,Pleno dia,Decrescente,Nublado,Simples,Curva;Retorno Regulamentado;Interseção de Vias,Não,1,0,1,0,0,0,1,1,-26.99754309,-52.70172857,SPRF-SC,DEL07-SC,UOP01-DEL07-SC,2025
742786.0,2025-12-31,quarta-feira,13:05:00,SC,282,343.0,CAMPOS NOVOS,Acessar a via sem observar a presença dos outros veículos,Colisão transversal,Com Vítimas Feridas,Pleno dia,Crescente,Nublado,Simples,Reta;Declive,Não,4,0,2,0,2,0,2,2,-27.39008747,-51.22418404,SPRF-SC,DEL07-SC,UOP06-DEL07-SC,2025
744282.0,2025-12-30,terça-feira,19:00:00,SC,282,3.0,FLORIANOPOLIS,Ausência de reação do condutor,Queda de ocupante de veículo,Com Vítimas Feridas,Anoitecer,Crescente,Garoa/Chuvisco,Múltipla,Reta,Sim,2,0,1,0,1,0,1,2,-27.59938534,-48.60022254,SPRF-SC,DEL01-SC,UOP01-DEL01-SC,2025
745403.0,2025-12-02,terça-feira,16:10:00,SC,282,404.7,JOACABA,Acessar a via sem observar a presença dos outros veículos,Colisão transversal,Com Vítimas Feridas,Pleno dia,Crescente,Céu Claro,Simples,Reta,Não,2,0,1,1,0,0,2,2,-27.10503931,-51.64416282,SPRF-SC,DEL07-SC,UOP05-DEL07-SC,2025
747054.0,2025-12-21,domingo,08:00:00,SC,282,55.8,AGUAS MORNAS,Velocidade Incompatível,Saída de leito carroçável,Com Vítimas Fatais,Pleno dia,Decrescente,Nublado,Simples,Curva;Aclive,Não,1,1,0,0,0,0,0,1,-27.69195872,-48.98895677,SPRF-SC,DEL01-SC,UOP03-DEL01-SC,2025
750220.0,2025-12-26,sexta-feira,15:00:00,SC,282,45.0,AGUAS MORNAS,Mal súbito do condutor,Saída de leito carroçável,Com Vítimas Feridas,Pleno dia,Crescente,Garoa/Chuvisco,Simples,Curva,Não,1,0,1,0,0,0,1,1,-27.70475528,-48.82304639,SPRF-SC,DEL01-SC,UOP03-DEL01-SC,2025
757492.0,2025-09-27,sábado,13:50:00,SC,282,381.0,HERVAL DOESTE,Conversão proibida,Colisão transversal,Com Vítimas Feridas,Pleno dia,Decrescente,Céu Claro,Simples,Reta;Declive,Não,4,0,1,1,0,2,2,3,-27.2096,-51.50077,SPRF-SC,DEL07-SC,UOP05-DEL07-SC,2025
743697.0,04/01/2026,domingo,16:15:00,SC,282,324.0,CAMPOS NOVOS,Velocidade Incompatível,Tombamento,Com Vítimas Feridas,Pleno dia,Decrescente,Nublado,Simples,Interseção de Vias,Não,2,0,0,1,0,0,1,2,-27.37475716,-51.06646411,SPRF-SC,DEL07/SC,UOP06-DEL07-SC,2026
744608.0,09/01/2026,sexta-feira,14:15:00,SC,282,406.9,CATANDUVAS,Reação tardia ou ineficiente do condutor,Colisão lateral sentido oposto,Com Vítimas Feridas,Pleno dia,Crescente,Chuva,Simples,Declive;Curva,Não,3,0,1,0,1,0,1,3,-27.08396,-51.66165,SPRF-SC,DEL07/SC,UOP05-DEL07-SC,2026
744750.0,07/01/2026,quarta-feira,02:03:00,SC,282,558.1,NOVA ITABERABA,Transitar na contramão,Colisão lateral sentido oposto,Com Vítimas Feridas,Plena Noite,Decrescente,Nublado,Simples,Aclive;Curva,Não,2,0,1,0,1,0,1,2,-26.93070252,-52.82727448,SPRF-SC,DEL07/SC,UOP01-DEL07-SC,2026
745054.0,11/01/2026,domingo,14:05:00,SC,282,593.6,SAUDADES,Frear bruscamente,Saída de leito carroçável,Sem Vítimas,Pleno dia,Crescente,Chuva,Simples,Curva,Não,1,0,0,0,1,0,0,1,-26.8240386,-53.1043951,SPRF-SC,DEL07/SC,UOP02-DEL07-SC,2026
745126.0,11/01/2026,domingo,23:00:00,SC,282,81.9,ALFREDO WAGNER,Demais falhas mecânicas ou elétricas,Incêndio,Sem Vítimas,Plena Noite,Crescente,Céu Claro,Simples,Declive,Não,2,0,0,0,1,0,0,3,-27.69754662,-49.30130705,SPRF-SC,DEL01/SC,UOP03-DEL01-SC,2026
745252.0,12/01/2026,segunda-feira,15:15:00,SC,282,24.0,SANTO AMARO DA IMPERATRIZ,Condutor deixou de manter distância do veículo da frente,Colisão traseira,Sem Vítimas,Pleno dia,Decrescente,Nublado,Simples,Aclive,Não,2,0,0,0,2,0,0,2,-27.67635721,-48.76709685,SPRF-SC,DEL01/SC,UOP03-DEL01-SC,2026
745571.0,14/01/2026,quarta-feira,14:00:00,SC,282,16.6,PALHOCA,Acessar a via sem observar a presença dos outros veículos,Colisão transversal,Com Vítimas Feridas,Pleno dia,Crescente,Céu Claro,Simples,Reta,Sim,3,0,1,0,1,0,1,3,-27.662848,-48.685772,SPRF-SC,DEL01/SC,UOP02-DEL01-SC,2026
745741.0,14/01/2026,quarta-feira,18:15:00,SC,282,509.5,XANXERE,Reação tardia ou ineficiente do condutor,Engavetamento,Com Vítimas Feridas,Pleno dia,Decrescente,Céu Claro,Simples,Reta,Não,7,0,1,0,5,0,1,4,-26.89140541,-52.45794535,SPRF-SC,DEL07/SC,UOP01-DEL07-SC,2026
746205.0,17/01/2026,sábado,14:20:00,SC,282,108.0,ALFREDO WAGNER,Pista Escorregadia,Saída de leito carroçável,Com Vítimas Feridas,Pleno dia,Crescente,Garoa/Chuvisco,Simples,Curva,Não,2,0,1,0,1,0,1,2,-27.71121806,-49.35662873,SPRF-SC,DEL01/SC,UOP03-DEL01-SC,2026
746605.0,18/01/2026,domingo,23:45:00,SC,282,620.3,IRACEMINHA,Condutor Dormindo,Saída de leito carroçável,Com Vítimas Fatais,Plena Noite,Decrescente,Ignorado,Simples,Curva;Aclive,Não,1,1,0,0,0,0,0,1,-26.80291044,-53.31177033,SPRF-SC,DEL07/SC,UOP02-DEL07-SC,2026
746704.0,19/01/2026,segunda-feira,08:10:00,SC,282,417.0,JOACABA,Transitar na contramão,Colisão lateral sentido oposto,Com Vítimas Feridas,Pleno dia,Crescente,Céu Claro,Simples,Curva,Não,3,0,2,0,1,0,2,2,-27.17385,-51.55254063,SPRF-SC,DEL07/SC,UOP05-DEL07-SC,2026
746751.0,19/01/2026,segunda-feira,18:00:00,SC,282,22.4,SANTO AMARO DA IMPERATRIZ,Reação tardia ou ineficiente do condutor,Colisão traseira,Com Vítimas Feridas,Pleno dia,Crescente,Nublado,Simples,Reta,Sim,4,0,1,0,3,0,1,3,-27.68915,-48.73164,SPRF-SC,DEL01/SC,UOP02-DEL01-SC,2026
746944.0,20/01/2026,terça-feira,11:00:00,SC,282,423.8,VARGEM BONITA,Velocidade Incompatível,Tombamento,Com Vítimas Feridas,Pleno dia,Decrescente,Céu Claro,Simples,Curva;Declive,Não,2,0,1,0,0,0,1,2,-26.99233694,-51.75195979,SPRF-SC,DEL07/SC,UOP05-DEL07-SC,2026
747053.0,12/01/2026,segunda-feira,03:37:00,SC,282,42.0,AGUAS MORNAS,Velocidade Incompatível,Colisão lateral sentido oposto,Com Vítimas Fatais,Plena Noite,Decrescente,Nublado,Simples,Aclive;Curva,Sim,3,1,1,0,0,0,1,3,-27.7206,-48.8875,SPRF-SC,DEL01/SC,UOP03-DEL01-SC,2026
747210.0,21/01/2026,quarta-feira,19:05:00,SC,282,643.3,SAO MIGUEL DO OESTE,Acessar a via sem observar a presença dos outros veículos,Colisão transversal,Com Vítimas Feridas,Pleno dia,Decrescente,Céu Claro,Simples,Reta,Não,4,0,2,0,1,0,2,3,-26.76997658,-53.47411601,SPRF-SC,DEL07/SC,UOP03-DEL07-SC,2026
747282.0,22/01/2026,quinta-feira,09:30:00,SC,282,452.5,PONTE SERRADA,Reação tardia ou ineficiente do condutor,Colisão traseira,Com Vítimas Feridas,Pleno dia,Crescente,Céu Claro,Dupla,Curva,Não,2,0,1,0,1,0,1,2,-26.91992709,-51.94747925,SPRF-SC,DEL07/SC,UOP04-DEL07-SC,2026
747451.0,23/01/2026,sexta-feira,06:04:00,SC,282,16.4,PALHOCA,Acessar a via sem observar a presença dos outros veículos,Colisão lateral sentido oposto,Com Vítimas Feridas,Pleno dia,Decrescente,Céu Claro,Simples,Interseção de Vias;Reta,Sim,3,0,1,0,2,0,1,3,-27.6617831,-48.68456352,SPRF-SC,DEL01/SC,UOP02-DEL01-SC,2026
747654.0,24/01/2026,sábado,01:30:00,SC,282,644.5,SAO MIGUEL DO OESTE,Velocidade Incompatível,Saída de leito carroçável,Com Vítimas Feridas,Plena Noite,Decrescente,Céu Claro,Simples,Curva,Não,2,0,1,0,1,0,1,2,-26.76503374,-53.48541347,SPRF-SC,DEL07/SC,UOP03-DEL07-SC,2026
748044.0,25/01/2026,domingo,09:00:00,SC,282,443.0,PONTE SERRADA,Velocidade Incompatível,Colisão com objeto,Com Vítimas Feridas,Pleno dia,Crescente,Sol,Simples,Curva,Não,2,0,1,0,0,0,1,2,-26.9227405,-51.87943053,SPRF-SC,DEL07/SC,UOP04-DEL07-SC,2026
748254.0,27/01/2026,terça-feira,08:05:00,SC,282,220.0,LAGES,Ultrapassagem Indevida,Colisão lateral mesmo sentido,Sem Vítimas,Pleno dia,Crescente,Céu Claro,Simples,Rotatória,Sim,3,0,0,0,3,0,0,2,-27.794612,-50.327574,SPRF-SC,DEL05/SC,UOP01-DEL05-SC,2026
748755.0,29/01/2026,quinta-feira,17:45:00,SC,282,541.9,CHAPECO,Velocidade Incompatível,Colisão lateral sentido oposto,Com Vítimas Feridas,Pleno dia,Crescente,Chuva,Simples,Reta,Não,2,0,1,0,1,0,1,2,-26.999467,-52.705615,SPRF-SC,DEL07/SC,UOP01-DEL07-SC,2026
748978.0,30/01/2026,sexta-feira,15:20:00,SC,282,47.3,AGUAS MORNAS,Velocidade Incompatível,Saída de leito carroçável,Com Vítimas Feridas,Pleno dia,Decrescente,Nublado,Simples,Curva,Não,1,0,0,1,0,0,1,1,-27.718978,-48.937985,SPRF-SC,DEL01/SC,UOP03-DEL01-SC,2026
749032.0,30/01/2026,sexta-feira,19:30:00,SC,282,337.2,CAMPOS NOVOS,Transtornos Mentais (exceto suicidio),Colisão frontal,Sem Vítimas,Plena Noite,Decrescente,Chuva,Simples,Curva,Não,3,0,0,0,3,0,0,2,-27.39393505,-51.16905626,SPRF-SC,DEL07/SC,UOP06-DEL07-SC,2026
749196.0,31/01/2026,sábado,15:19:00,SC,282,118.0,ALFREDO WAGNER,Reação tardia ou ineficiente do condutor,Colisão frontal,Com Vítimas Feridas,Pleno dia,Crescente,Chuva,Simples,Curva,Não,4,0,1,0,1,0,1,4,-27.77732,-49.41185,SPRF-SC,DEL05/SC,UOP01-DEL05-SC,2026
749503.0,02/02/2026,segunda-feira,00:58:00,SC,282,594.0,SAUDADES,Condutor Dormindo,Tombamento,Com Vítimas Feridas,Plena Noite,Decrescente,Céu Claro,Simples,Curva,Não,2,0,1,0,0,0,1,2,-26.82897275,-53.11340332,SPRF-SC,DEL07/SC,UOP02-DEL07-SC,2026
749644.0,02/02/2026,segunda-feira,16:55:00,SC,282,483.0,FAXINAL DOS GUEDES,Condutor deixou de manter distância do veículo da frente,Saída de leito carroçável,Com Vítimas Feridas,Pleno dia,Crescente,Céu Claro,Simples,Reta,Não,3,0,1,0,1,0,1,3,-26.88360414,-52.17792258,SPRF-SC,DEL07/SC,UOP01-DEL07-SC,2026
749962.0,04/02/2026,quarta-feira,07:20:00,SC,282,45.7,AGUAS MORNAS,Transitar na contramão,Colisão lateral sentido oposto,Com Vítimas Feridas,Pleno dia,Crescente,Céu Claro,Simples,Aclive;Curva,Não,6,0,1,2,2,0,3,4,-27.719679,-48.92305,SPRF-SC,DEL01/SC,UOP03-DEL01-SC,2026
749990.0,04/02/2026,quarta-feira,07:00:00,SC,282,174.0,BOCAINA DO SUL,Demais falhas mecânicas ou elétricas,Incêndio,Sem Vítimas,Pleno dia,Crescente,Céu Claro,Simples,Reta;Declive,Não,2,0,0,0,1,0,0,2,-27.742872,-49.883722,SPRF-SC,DEL05/SC,UOP01-DEL05-SC,2026
750001.0,04/02/2026,quarta-feira,12:17:00,SC,480,128.3,CHAPECO,Velocidade Incompatível,Saída de leito carroçável,Com Vítimas Feridas,Pleno dia,Crescente,Céu Claro,Múltipla,Reta,Sim,4,0,1,0,1,0,1,5,-27.0346017,-52.6339815,SPRF-SC,DEL07/SC,UOP01-DEL07-SC,2026
750099.0,04/02/2026,quarta-feira,20:00:00,SC,480,127.5,CHAPECO,Desrespeitar a preferência no cruzamento,Colisão frontal,Com Vítimas Feridas,Plena Noite,Decrescente,Céu Claro,Simples,Aclive;Reta,Não,2,0,0,1,1,0,1,2,-27.03948493,-52.63458475,SPRF-SC,DEL07/SC,UOP01-DEL07-SC,2026
750383.0,29/01/2026,quinta-feira,14:45:00,SC,282,112.0,ALFREDO WAGNER,Velocidade Incompatível,Colisão lateral sentido oposto,Com Vítimas Feridas,Pleno dia,Crescente,Chuva,Simples,Curva;Aclive,Não,6,0,2,2,1,0,4,3,-27.732822,-49.371183,SPRF-SC,DEL01/SC,UOP03-DEL01-SC,2026
750413.0,06/02/2026,sexta-feira,10:40:00,SC,282,322.0,CAMPOS NOVOS,Velocidade Incompatível,Tombamento,Com Vítimas Feridas,Pleno dia,Decrescente,Céu Claro,Simples,Interseção de Vias;Curva,Não,3,0,2,0,0,0,2,2,-27.3751062,-51.0725009,SPRF-SC,DEL07/SC,UOP06-DEL07-SC,2026
750426.0,06/02/2026,sexta-feira,12:40:00,SC,282,499.0,XANXERE,Condutor deixou de manter distância do veículo da frente,Colisão lateral mesmo sentido,Com Vítimas Feridas,Pleno dia,Crescente,Céu Claro,Simples,Reta,Não,3,0,1,0,1,0,1,3,-26.8799694,-52.3549611,SPRF-SC,DEL07/SC,UOP01-DEL07-SC,2026
750679.0,07/02/2026,sábado,14:30:00,SC,282,383.0,HERVAL DOESTE,Chuva,Saída de leito carroçável,Com Vítimas Feridas,Pleno dia,Decrescente,Chuva,Múltipla,Curva;Aclive,Não,5,0,1,2,1,0,3,3,-27.1957889,-51.5068898,SPRF-SC,DEL07/SC,UOP05-DEL07-SC,2026
750737.0,07/02/2026,sábado,15:25:00,SC,282,230.0,LAGES,Velocidade Incompatível,Tombamento,Com Vítimas Feridas,Pleno dia,Crescente,Chuva,Simples,Curva;Declive,Não,3,0,1,0,1,0,1,2,-27.78756266,-50.42530267,SPRF-SC,DEL05/SC,UOP02-DEL05-SC,2026
751112.0,29/01/2026,quinta-feira,06:10:00,SC,282,38.5,AGUAS MORNAS,Ingestão de álcool pelo condutor,Colisão lateral sentido oposto,Sem Vítimas,Pleno dia,Decrescente,Céu Claro,Simples,Reta;Declive,Sim,5,0,0,0,4,0,0,5,-27.71543524,-48.86848998,SPRF-SC,DEL01/SC,UOP03-DEL01-SC,2026
751601.0,11/02/2026,quarta-feira,10:10:00,SC,282,202.6,LAGES,Reação tardia ou ineficiente do condutor,Colisão lateral mesmo sentido,Sem Vítimas,Pleno dia,Decrescente,Céu Claro,Simples,Reta,Não,3,0,0,0,3,0,0,2,-27.7718581,-50.19125462,SPRF-SC,DEL05/SC,UOP01-DEL05-SC,2026
752077.0,13/02/2026,sexta-feira,14:30:00,SC,282,72.0,RANCHO QUEIMADO,Ausência de reação do condutor,Colisão lateral mesmo sentido,Com Vítimas Feridas,Pleno dia,Decrescente,Chuva,Simples,Curva,Não,4,0,1,1,2,0,2,2,-27.68340019,-49.10549164,SPRF-SC,DEL01/SC,UOP03-DEL01-SC,2026
752147.0,13/02/2026,sexta-feira,19:30:00,SC,282,591.1,SAUDADES,Ausência de reação do condutor,Colisão com objeto,Com Vítimas Feridas,Plena Noite,Decrescente,Chuva,Simples,Interseção de Vias,Não,2,0,0,1,0,0,1,2,-26.8259647,-53.09112422,SPRF-SC,DEL07/SC,UOP02-DEL07-SC,2026
752160.0,13/02/2026,sexta-feira,19:43:00,SC,282,105.5,ALFREDO WAGNER,Transitar na contramão,Colisão frontal,Com Vítimas Fatais,Plena Noite,Crescente,Chuva,Simples,Curva;Declive,Não,3,1,0,0,1,0,0,3,-27.694495,-49.347697,SPRF-SC,DEL01/SC,UOP03-DEL01-SC,2026
752192.0,13/02/2026,sexta-feira,23:00:00,SC,282,21.7,PALHOCA,Reação tardia ou ineficiente do condutor,Saída de leito carroçável,Sem Vítimas,Plena Noite,Crescente,Chuva,Simples,Reta,Não,2,0,0,0,1,0,0,2,-27.687225,-48.713682,SPRF-SC,DEL01/SC,UOP02-DEL01-SC,2026
752608.0,18/01/2026,domingo,14:45:00,SC,282,508.0,XANXERE,Transitar na contramão,Colisão lateral sentido oposto,Com Vítimas Fatais,Pleno dia,Crescente,Chuva,Simples,Declive;Curva,Não,5,1,2,0,1,0,2,3,-26.88550618,-52.44488955,SPRF-SC,DEL07/SC,UOP01-DEL07-SC,2026
752636.0,15/02/2026,domingo,18:10:00,SC,282,54.3,AGUAS MORNAS,Velocidade Incompatível,Colisão frontal,Com Vítimas Fatais,Pleno dia,Crescente,Chuva,Simples,Curva,Não,5,2,3,0,0,0,3,2,-27.68801,-48.977585,SPRF-SC,DEL01/SC,UOP03-DEL01-SC,2026
752667.0,15/02/2026,domingo,23:25:00,SC,282,16.0,PALHOCA,Ultrapassagem Indevida,Colisão frontal,Com Vítimas Fatais,Plena Noite,Decrescente,Céu Claro,Simples,Reta,Sim,3,1,0,0,2,0,0,2,-27.658833,-48.68205,SPRF-SC,DEL01/SC,UOP02-DEL01-SC,2026
752720.0,11/02/2026,quarta-feira,08:40:00,SC,282,356.5,CAMPOS NOVOS,Transitar na contramão,Colisão lateral sentido oposto,Com Vítimas Feridas,Pleno dia,Crescente,Céu Claro,Simples,Curva;Aclive,Não,3,0,0,1,1,0,1,4,-27.34479814,-51.33970963,SPRF-SC,DEL07/SC,UOP05-DEL07-SC,2026
752828.0,16/02/2026,segunda-feira,23:00:00,SC,282,83.2,ALFREDO WAGNER,Pista Escorregadia,Colisão frontal,Com Vítimas Feridas,Anoitecer,Crescente,Nublado,Simples,Curva,Não,4,0,2,0,2,0,2,2,-27.667964,-49.176111,SPRF-SC,DEL01/SC,UOP03-DEL01-SC,2026
752884.0,17/02/2026,terça-feira,08:25:00,SC,282,451.2,PONTE SERRADA,Ausência de reação do condutor,Tombamento,Com Vítimas Feridas,Pleno dia,Decrescente,Nublado,Dupla,Aclive;Curva,Não,2,0,1,0,0,0,1,2,-26.90180714,-51.9829917,SPRF-SC,DEL07/SC,UOP04-DEL07-SC,2026