id,data_inversa,dia_semana,horario,uf,br,km,municipio,causa_acidente,tipo_acidente,classificacao_acidente,fase_dia,sentido_via,condicao_metereologica,tipo_pista,tracado_via,uso_solo,pessoas,mortos,feridos_leves,feridos_graves,ilesos,ignorados,feridos,veiculos,latitude,longitude,regional,delegacia,uop,ano_arquivo
746191.0,17/01/2026,sábado,12:45:00,SC,282,26.7,SANTO AMARO DA IMPERATRIZ,Acessar a via sem observar a presença dos outros veículos,Colisão transversal,Com Vítimas Feridas,Pleno dia,Crescente,Nublado,Simples,Interseção de Vias;Reta,Sim,4,0,1,0,3,0,1,2,-27.675539,-48.767767,SPRF-SC,DEL01/SC,UOP03-DEL01-SC,2026
746293.0,17/01/2026,sábado,18:35:00,SC,282,503.0,XANXERE,Velocidade Incompatível,Colisão com objeto,Com Vítimas Feridas,Anoitecer,Decrescente,Céu Claro,Dupla,Curva,Não,1,0,1,0,0,0,1,1,-26.882353,-52.404127,SPRF-SC,DEL07/SC,UOP01-DEL07-SC,2026
746308.0,17/01/2026,sábado,18:00:00,SC,282,569.9,NOVA ERECHIM,Acessar a via sem observar a presença dos outros veículos,Colisão transversal,Com Vítimas Feridas,Anoitecer,Crescente,Nublado,Simples,Interseção de Vias;Reta,Sim,2,0,1,0,1,0,1,2,-26.8964049,-52.9183741,SPRF-SC,DEL07/SC,UOP02-DEL07-SC,2026
746385.0,18/01/2026,domingo,07:00:00,SC,282,1.3,FLORIANOPOLIS,Reação tardia ou ineficiente do condutor,Colisão com objeto,Sem Vítimas,Pleno dia,Decrescente,Nublado,Múltipla,Reta,Sim,1,0,0,0,1,0,0,1,-27.603702,-48.58402,SPRF-SC,DEL01/SC,UOP01-DEL01-SC,2026
746395.0,18/01/2026,domingo,08:10:00,SC,282,521.7,XAXIM,Desrespeitar a preferência no cruzamento,Colisão transversal,Com Vítimas Feridas,Pleno dia,Crescente,Céu Claro,Múltipla,Interseção de Vias;Rotatória,Sim,3,0,1,0,2,0,1,2,-26.9535573,-52.5380137,SPRF-SC,DEL07/SC,UOP01-DEL07-SC,2026
746475.0,18/01/2026,domingo,08:15:00,SC,282,349.5,CAMPOS NOVOS,Velocidade Incompatível,Colisão frontal,Com Vítimas Fatais,Pleno dia,Crescente,Chuva,Simples,Aclive;Reta,Não,3,2,0,1,0,0,1,2,-27.359218,-51.279318,SPRF-SC,DEL07/SC,UOP06-DEL07-SC,2026
746491.0,10/01/2026,sábado,08:45:00,SC,282,72.1,RANCHO QUEIMADO,Velocidade Incompatível,Colisão frontal,Com Vítimas Feridas,Pleno dia,Crescente,Garoa/Chuvisco,Simples,Curva,Sim,7,0,7,0,0,0,7,2,-27.683333,-49.10622,SPRF-SC,DEL01/SC,UOP03-DEL01-SC,2026
746498.0,18/01/2026,domingo,17:00:00,SC,282,530.5,CORDILHEIRA ALTA,Acumulo de água sobre o pavimento,Tombamento,Com Vítimas Feridas,Pleno dia,Crescente,Chuva,Múltipla,Declive;Curva,Sim,1,0,1,0,0,0,1,1,-26.98661723,-52.60975454,SPRF-SC,DEL07/SC,UOP01-DEL07-SC,2026
746511.0,18/01/2026,domingo,17:20:00,SC,480,130.0,CHAPECO,Ingestão de álcool pelo condutor,Colisão com objeto,Com Vítimas Feridas,Pleno dia,Crescente,Céu Claro,Simples,Curva,Sim,1,0,1,0,0,0,1,1,-27.0445966,-52.635907,SPRF-SC,DEL07/SC,UOP01-DEL07-SC,2026
746530.0,18/01/2026,domingo,17:00:00,SC,282,42.0,AGUAS MORNAS,Velocidade Incompatível,Saída de leito carroçável,Com Vítimas Feridas,Pleno dia,Decrescente,Chuva,Simples,Declive;Curva,Não,2,0,1,0,1,0,1,1,-27.72032663,-48.90292038,SPRF-SC,DEL01/SC,UOP03-DEL01-SC,2026
746654.0,19/01/2026,segunda-feira,08:30:00,SC,282,2.0,FLORIANOPOLIS,Condutor deixou de manter distância do veículo da frente,Colisão traseira,Com Vítimas Feridas,Pleno dia,Decrescente,Nublado,Múltipla,Reta,Sim,5,0,1,0,4,0,1,5,-27.60349127,-48.58791113,SPRF-SC,DEL01/SC,UOP01-DEL01-SC,2026
746743.0,19/01/2026,segunda-feira,16:20:00,SC,282,492.8,FAXINAL DOS GUEDES,Ultrapassagem Indevida,Colisão lateral mesmo sentido,Com Vítimas Feridas,Pleno dia,Decrescente,Céu Claro,Simples,Rotatória,Não,2,0,1,0,1,0,1,2,-26.872111,-52.297774,SPRF-SC,DEL07/SC,UOP01-DEL07-SC,2026
746801.0,19/01/2026,segunda-feira,21:49:00,SC,282,31.0,SANTO AMARO DA IMPERATRIZ,Ingestão de álcool pelo condutor,Saída de leito carroçável,Sem Vítimas,Plena Noite,Crescente,Nublado,Simples,Reta,Não,1,0,0,0,1,0,0,1,-27.699409,-48.797101,SPRF-SC,DEL01/SC,UOP03-DEL01-SC,2026
746922.0,20/01/2026,terça-feira,10:40:00,SC,282,0.8,FLORIANOPOLIS,Manobra de mudança de faixa,Colisão traseira,Com Vítimas Feridas,Pleno dia,Decrescente,Céu Claro,Dupla,Reta,Sim,2,0,0,1,0,0,1,2,-27.599964,-48.5761,SPRF-SC,DEL01/SC,UOP01-DEL01-SC,2026
746925.0,08/01/2026,quinta-feira,15:20:00,SC,282,270.0,SAO JOSE DO CERRITO,Ausência de reação do condutor,Colisão traseira,Com Vítimas Feridas,Pleno dia,Decrescente,Céu Claro,Simples,Reta,Não,5,0,4,0,1,0,4,2,-27.616086,-50.6834,SPRF-SC,DEL05/SC,UOP02-DEL05-SC,2026
746969.0,11/01/2026,domingo,15:00:00,SC,282,546.8,CHAPECO,Reação tardia ou ineficiente do condutor,Capotamento,Com Vítimas Feridas,Pleno dia,Crescente,Nublado,Simples,Curva,Não,7,0,1,0,6,0,1,1,-26.978832,-52.736538,SPRF-SC,DEL07/SC,UOP01-DEL07-SC,2026
747046.0,21/01/2026,quarta-feira,08:00:00,SC,282,521.6,XAXIM,Acessar a via sem observar a presença dos outros veículos,Colisão transversal,Com Vítimas Feridas,Pleno dia,Decrescente,Céu Claro,Simples,Rotatória,Não,2,0,1,0,1,0,1,2,-26.95297368,-52.53819823,SPRF-SC,DEL07/SC,UOP01-DEL07-SC,2026
747056.0,21/01/2026,quarta-feira,09:20:00,SC,282,5.0,SAO JOSE,Demais falhas mecânicas ou elétricas,Queda de ocupante de veículo,Com Vítimas Feridas,Pleno dia,Decrescente,Nublado,Dupla,Curva,Sim,2,0,2,0,0,0,2,1,-27.5834431,-48.6145682,SPRF-SC,DEL01/SC,UOP01-DEL01-SC,2026
747059.0,21/01/2026,quarta-feira,09:20:00,SC,282,2.6,FLORIANOPOLIS,Reação tardia ou ineficiente do condutor,Colisão lateral mesmo sentido,Com Vítimas Feridas,Pleno dia,Decrescente,Nublado,Múltipla,Reta,Sim,4,0,2,0,2,0,2,3,-27.60281856,-48.59398842,SPRF-SC,DEL01/SC,UOP01-DEL01-SC,2026
747175.0,21/01/2026,quarta-feira,16:40:00,SC,282,643.3,SAO MIGUEL DO OESTE,Acessar a via sem observar a presença dos outros veículos,Colisão transversal,Sem Vítimas,Pleno dia,Decrescente,Céu Claro,Simples,Declive;Curva,Não,3,0,0,0,3,0,0,2,-26.77002882,-53.47408231,SPRF-SC,DEL07/SC,UOP03-DEL07-SC,2026
747204.0,21/01/2026,quarta-feira,16:50:00,SC,282,601.0,CUNHA PORA,Ausência de reação do condutor,Saída de leito carroçável,Com Vítimas Feridas,Pleno dia,Crescente,Céu Claro,Simples,Reta;Declive,Não,1,0,0,1,0,0,1,1,-26.806556,-53.175906,SPRF-SC,DEL07/SC,UOP02-DEL07-SC,2026
747237.0,22/01/2026,quinta-feira,05:30:00,SC,282,80.5,RANCHO QUEIMADO,Condutor Dormindo,Colisão frontal,Com Vítimas Feridas,Amanhecer,Crescente,Nublado,Simples,Reta,Não,9,0,4,0,5,0,4,3,-27.66124,-49.16465,SPRF-SC,DEL01/SC,UOP03-DEL01-SC,2026
747254.0,22/01/2026,quinta-feira,07:50:00,SC,282,4.0,FLORIANOPOLIS,Manobra de mudança de faixa,Colisão traseira,Com Vítimas Feridas,Pleno dia,Decrescente,Céu Claro,Múltipla,Reta,Sim,2,0,1,0,1,0,1,2,-27.59248,-48.60446,SPRF-SC,DEL01/SC,UOP01-DEL01-SC,2026
747360.0,22/01/2026,quinta-feira,16:25:00,SC,282,530.0,CORDILHEIRA ALTA,Acessar a via sem observar a presença dos outros veículos,Colisão transversal,Com Vítimas Feridas,Pleno dia,Decrescente,Céu Claro,Simples,Aclive;Curva;Interseção de Vias,Sim,4,0,1,0,3,0,1,2,-26.98669661,-52.60542202,SPRF-SC,DEL07/SC,UOP01-DEL07-SC,2026
747462.0,23/01/2026,sexta-feira,07:30:00,SC,282,1.6,FLORIANOPOLIS,Trafegar com motocicleta (ou similar) entre as faixas,Colisão lateral mesmo sentido,Com Vítimas Feridas,Pleno dia,Decrescente,Céu Claro,Múltipla,Reta,Sim,2,0,1,0,0,0,1,2,-27.60362718,-48.58640783,SPRF-SC,DEL01/SC,UOP01-DEL01-SC,2026
747505.0,23/01/2026,sexta-feira,12:15:00,SC,282,128.0,BOM RETIRO,Ingestão de álcool pelo condutor,Saída de leito carroçável,Com Vítimas Feridas,Pleno dia,Decrescente,Céu Claro,Simples,Curva,Não,1,0,1,0,0,0,1,1,-27.803262,-49.492016,SPRF-SC,DEL05/SC,UOP01-DEL05-SC,2026
747567.0,23/01/2026,sexta-feira,16:44:00,SC,282,516.5,XAXIM,Reação tardia ou ineficiente do condutor,Tombamento,Com Vítimas Feridas,Pleno dia,Decrescente,Céu Claro,Simples,Aclive;Curva,Não,1,0,1,0,0,0,1,1,-26.93354942,-52.49827368,SPRF-SC,DEL07/SC,UOP01-DEL07-SC,2026
747709.0,24/01/2026,sábado,08:50:00,SC,282,21.8,SANTO AMARO DA IMPERATRIZ,Acessar a via sem observar a presença dos outros veículos,Colisão transversal,Com Vítimas Feridas,Pleno dia,Crescente,Céu Claro,Simples,Reta,Sim,2,0,1,0,1,0,1,2,-27.68922315,-48.73073665,SPRF-SC,DEL01/SC,UOP02-DEL01-SC,2026
747750.0,24/01/2026,sábado,13:50:00,SC,282,17.0,PALHOCA,Ausência de reação do condutor,Colisão lateral mesmo sentido,Com Vítimas Feridas,Pleno dia,Crescente,Céu Claro,Simples,Reta,Sim,5,0,0,1,4,0,1,2,-27.669657,-48.690739,SPRF-SC,DEL01/SC,UOP02-DEL01-SC,2026
747751.0,24/01/2026,sábado,10:25:00,SC,282,72.0,RANCHO QUEIMADO,Ultrapassagem Indevida,Colisão frontal,Com Vítimas Feridas,Pleno dia,Decrescente,Céu Claro,Simples,Declive;Curva,Não,3,0,0,1,2,0,1,3,-27.68336003,-49.10589361,SPRF-SC,DEL01/SC,UOP03-DEL01-SC,2026
747800.0,24/01/2026,sábado,16:00:00,SC,282,3.5,FLORIANOPOLIS,Ingestão de álcool pelo condutor,Saída de leito carroçável,Com Vítimas Feridas,Pleno dia,Crescente,Céu Claro,Dupla,Curva,Sim,2,0,2,0,0,0,2,1,-27.59489879,-48.60155106,SPRF-SC,DEL01/SC,UOP01-DEL01-SC,2026
747827.0,24/01/2026,sábado,18:45:00,SC,282,441.7,PONTE SERRADA,Frear bruscamente,Saída de leito carroçável,Com Vítimas Feridas,Anoitecer,Decrescente,Céu Claro,Dupla,Reta,Não,4,0,2,0,2,0,2,1,-26.91592549,-51.92147104,SPRF-SC,DEL07/SC,UOP04-DEL07-SC,2026
747929.0,25/01/2026,domingo,09:00:00,SC,282,207.4,LAGES,Retorno proibido,Colisão transversal,Sem Vítimas,Pleno dia,Decrescente,Céu Claro,Simples,Declive,Sim,5,0,0,0,5,0,0,2,-27.77388418,-50.20381881,SPRF-SC,DEL05/SC,UOP01-DEL05-SC,2026
748030.0,25/01/2026,domingo,06:30:00,SC,282,368.8,ERVAL VELHO,Ingestão de álcool pelo condutor,Saída de leito carroçável,Com Vítimas Feridas,Pleno dia,Decrescente,Céu Claro,Simples,Reta,Sim,1,0,1,0,0,0,1,1,-27.284264,-51.433896,SPRF-SC,DEL07/SC,UOP05-DEL07-SC,2026
748098.0,26/01/2026,segunda-feira,09:15:00,SC,282,18.0,PALHOCA,Ausência de reação do condutor,Colisão traseira,Com Vítimas Feridas,Pleno dia,Crescente,Céu Claro,Simples,Reta,Sim,2,0,1,0,1,0,1,2,-27.672927,-48.694433,SPRF-SC,DEL01/SC,UOP02-DEL01-SC,2026
748101.0,21/01/2026,quarta-feira,15:50:00,SC,282,625.0,IRACEMINHA,Condutor deixou de manter distância do veículo da frente,Colisão traseira,Com Vítimas Feridas,Pleno dia,Decrescente,Céu Claro,Simples,Reta,Não,2,0,0,1,1,0,1,2,-26.80021566,-53.35119573,SPRF-SC,DEL07/SC,UOP02-DEL07-SC,2026
748247.0,27/01/2026,terça-feira,05:30:00,SC,282,19.9,PALHOCA,Reação tardia ou ineficiente do condutor,Colisão traseira,Com Vítimas Feridas,Amanhecer,Decrescente,Céu Claro,Simples,Reta,Sim,2,0,1,0,0,0,1,2,-27.68384,-48.70983,SPRF-SC,DEL01/SC,UOP02-DEL01-SC,2026
748420.0,27/01/2026,terça-feira,19:00:00,SC,282,567.0,NOVA ERECHIM,Ingestão de álcool pelo condutor,Colisão transversal,Com Vítimas Feridas,Anoitecer,Crescente,Céu Claro,Simples,Interseção de Vias,Sim,2,0,1,0,1,0,1,2,-26.896136,-52.918775,SPRF-SC,DEL07/SC,UOP02-DEL07-SC,2026
748449.0,28/01/2026,quarta-feira,08:50:00,SC,282,4.7,SAO JOSE,Condutor deixou de manter distância do veículo da frente,Colisão traseira,Com Vítimas Feridas,Pleno dia,Decrescente,Céu Claro,Múltipla,Reta,Sim,3,0,1,0,2,0,1,3,-27.59039561,-48.60881416,SPRF-SC,DEL01/SC,UOP01-DEL01-SC,2026
748509.0,28/01/2026,quarta-feira,14:15:00,SC,282,22.6,SANTO AMARO DA IMPERATRIZ,Velocidade Incompatível,Atropelamento de Pedestre,Com Vítimas Feridas,Pleno dia,Decrescente,Céu Claro,Simples,Curva,Sim,2,0,0,1,1,0,1,2,-27.689717,-48.733575,SPRF-SC,DEL01/SC,UOP02-DEL01-SC,2026
748750.0,29/01/2026,quinta-feira,17:15:00,SC,282,3.0,FLORIANOPOLIS,Reação tardia ou ineficiente do condutor,Tombamento,Com Vítimas Feridas,Pleno dia,Crescente,Chuva,Múltipla,Curva,Sim,1,0,1,0,0,0,1,1,-27.6000782,-48.59987998,SPRF-SC,DEL01/SC,UOP01-DEL01-SC,2026
748882.0,30/01/2026,sexta-feira,08:58:00,SC,282,27.0,SANTO AMARO DA IMPERATRIZ,Ultrapassagem Indevida,Colisão lateral sentido oposto,Com Vítimas Feridas,Pleno dia,Decrescente,Céu Claro,Simples,Curva,Sim,3,0,0,1,2,0,1,3,-27.67304314,-48.77169935,SPRF-SC,DEL01/SC,UOP03-DEL01-SC,2026
748962.0,30/01/2026,sexta-feira,15:50:00,SC,282,19.8,PALHOCA,Reação tardia ou ineficiente do condutor,Tombamento,Com Vítimas Feridas,Pleno dia,Decrescente,Nublado,Simples,Reta,Sim,2,0,0,1,1,0,1,2,-27.68335707,-48.7091732,SPRF-SC,DEL01/SC,UOP02-DEL01-SC,2026
749095.0,31/01/2026,sábado,05:20:00,SC,480,128.1,CHAPECO,Ingestão de álcool pelo condutor,Saída de leito carroçável,Com Vítimas Feridas,Amanhecer,Decrescente,Céu Claro,Simples,Reta,Sim,5,0,2,0,3,0,2,1,-27.032845,-52.633345,SPRF-SC,DEL07/SC,UOP01-DEL07-SC,2026
749137.0,31/01/2026,sábado,11:20:00,SC,282,47.4,AGUAS MORNAS,Reação tardia ou ineficiente do condutor,Engavetamento,Com Vítimas Feridas,Pleno dia,Crescente,Céu Claro,Simples,Reta;Em Obras,Não,4,0,1,0,3,0,1,3,-27.718763,-48.93821,SPRF-SC,DEL01/SC,UOP03-DEL01-SC,2026
749162.0,31/01/2026,sábado,12:00:00,SC,282,379.0,HERVAL DOESTE,Velocidade Incompatível,Saída de leito carroçável,Com Vítimas Feridas,Pleno dia,Decrescente,Céu Claro,Simples,Reta,Não,2,0,2,0,0,0,2,1,-27.21759897,-51.46868259,SPRF-SC,DEL07/SC,UOP05-DEL07-SC,2026
749273.0,01/02/2026,domingo,00:20:00,SC,282,521.0,XAXIM,Ingestão de álcool pelo condutor,Capotamento,Com Vítimas Feridas,Plena Noite,Crescente,Céu Claro,Simples,Reta;Declive,Não,5,0,3,1,1,0,4,1,-26.9500347,-52.5326215,SPRF-SC,DEL07/SC,UOP01-DEL07-SC,2026
749303.0,01/02/2026,domingo,03:15:00,SC,282,4.8,SAO JOSE,Velocidade Incompatível,Saída de leito carroçável,Sem Vítimas,Plena Noite,Decrescente,Céu Claro,Múltipla,Reta,Não,1,0,0,0,0,1,0,1,-27.589312,-48.61116,SPRF-SC,DEL01/SC,UOP01-DEL01-SC,2026
749406.0,01/02/2026,domingo,13:45:00,SC,282,370.5,ERVAL VELHO,Condutor deixou de manter distância do veículo da frente,Colisão traseira,Com Vítimas Feridas,Pleno dia,Crescente,Sol,Simples,Reta,Não,9,0,2,0,7,0,2,3,-27.2688643,-51.4437087,SPRF-SC,DEL07/SC,UOP05-DEL07-SC,2026
749428.0,01/02/2026,domingo,20:05:00,SC,282,373.9,ERVAL VELHO,Acessar a via sem observar a presença dos outros veículos,Colisão transversal,Com Vítimas Fatais,Plena Noite,Crescente,Céu Claro,Simples,Rotatória;Curva,Sim,4,1,0,1,2,0,1,2,-27.2429777,-51.447505,SPRF-SC,DEL07/SC,UOP05-DEL07-SC,2026
749442.0,01/02/2026,domingo,21:00:00,SC,282,26.7,SANTO AMARO DA IMPERATRIZ,Desrespeitar a preferência no cruzamento,Colisão transversal,Com Vítimas Feridas,Plena Noite,Decrescente,Céu Claro,Simples,Reta,Sim,2,0,1,1,0,0,2,2,-27.67558003,-48.76788709,SPRF-SC,DEL01/SC,UOP03-DEL01-SC,2026
749488.0,01/02/2026,domingo,21:20:00,SC,282,292.0,VARGEM,Animais na Pista,Atropelamento de Animal,Com Vítimas Feridas,Plena Noite,Crescente,Céu Claro,Simples,Reta;Aclive,Não,2,0,1,1,0,0,2,1,-27.53783759,-50.86341469,SPRF-SC,DEL05/SC,UOP02-DEL05-SC,2026
749504.0,02/02/2026,segunda-feira,06:35:00,SC,282,4.3,SAO JOSE,Trafegar com motocicleta (ou similar) entre as faixas,Colisão transversal,Com Vítimas Feridas,Pleno dia,Decrescente,Céu Claro,Simples,Reta,Sim,2,0,1,0,1,0,1,2,-27.59099,-48.6074,SPRF-SC,DEL01/SC,UOP01-DEL01-SC,2026
749543.0,02/02/2026,segunda-feira,09:00:00,SC,282,27.0,SANTO AMARO DA IMPERATRIZ,Acessar a via sem observar a presença dos outros veículos,Colisão transversal,Com Vítimas Feridas,Pleno dia,Crescente,Céu Claro,Simples,Reta,Sim,3,0,1,1,1,0,2,2,-27.676,-48.768,SPRF-SC,DEL01/SC,UOP03-DEL01-SC,2026
749580.0,02/02/2026,segunda-feira,12:10:00,SC,282,220.3,LAGES,Transitar na contramão,Colisão transversal,Com Vítimas Feridas,Pleno dia,Crescente,Céu Claro,Simples,Reta,Sim,2,0,1,0,1,0,1,2,-27.79384592,-50.33484785,SPRF-SC,DEL05/SC,UOP01-DEL05-SC,2026
749628.0,02/02/2026,segunda-feira,07:45:00,SC,480,130.2,CHAPECO,Ultrapassagem Indevida,Colisão lateral mesmo sentido,Com Vítimas Feridas,Pleno dia,Decrescente,Sol,Simples,Interseção de Vias,Sim,2,0,1,0,1,0,1,2,-27.02406943,-52.63504241,SPRF-SC,DEL07/SC,UOP01-DEL07-SC,2026
749638.0,02/02/2026,segunda-feira,16:50:00,SC,282,3.8,FLORIANOPOLIS,Condutor deixou de manter distância do veículo da frente,Colisão traseira,Com Vítimas Feridas,Pleno dia,Crescente,Céu Claro,Dupla,Curva;Interseção de Vias,Sim,2,0,0,1,0,0,1,2,-27.59503579,-48.60095361,SPRF-SC,DEL01/SC,UOP01-DEL01-SC,2026
749734.0,03/02/2026,terça-feira,07:30:00,SC,282,21.7,SANTO AMARO DA IMPERATRIZ,Ingestão de álcool pelo condutor,Colisão traseira,Com Vítimas Feridas,Pleno dia,Crescente,Chuva,Simples,Reta,Sim,2,0,1,0,1,0,1,2,-27.68824982,-48.72633934,SPRF-SC,DEL01/SC,UOP02-DEL01-SC,2026
749771.0,03/02/2026,terça-feira,07:20:00,SC,282,101.7,ALFREDO WAGNER,Velocidade Incompatível,Saída de leito carroçável,Com Vítimas Feridas,Pleno dia,Decrescente,Garoa/Chuvisco,Simples,Reta,Não,5,0,4,1,0,0,5,1,-27.694173,-49.312033,SPRF-SC,DEL01/SC,UOP03-DEL01-SC,2026
749794.0,11/01/2026,domingo,16:50:00,SC,282,446.0,PONTE SERRADA,Ultrapassagem Indevida,Saída de leito carroçável,Com Vítimas Feridas,Pleno dia,Crescente,Céu Claro,Simples,Curva,Não,2,0,0,1,0,0,1,2,-26.9123695,-51.90526128,SPRF-SC,DEL07/SC,UOP04-DEL07-SC,2026
749804.0,03/02/2026,terça-feira,11:50:00,SC,282,580.9,PINHALZINHO,Acessar a via sem observar a presença dos outros veículos,Colisão transversal,Com Vítimas Feridas,Pleno dia,Crescente,Chuva,Simples,Reta,Sim,2,0,1,1,0,0,2,2,-26.83603632,-52.98997276,SPRF-SC,DEL07/SC,UOP02-DEL07-SC,2026
749988.0,04/02/2026,quarta-feira,06:46:00,SC,282,1.0,FLORIANOPOLIS,Condutor deixou de manter distância do veículo da frente,Colisão traseira,Com Vítimas Feridas,Pleno dia,Decrescente,Céu Claro,Dupla,Reta,Sim,2,0,1,0,1,0,1,2,-27.60357397,-48.5820028,SPRF-SC,DEL01/SC,UOP01-DEL01-SC,2026
750078.0,04/02/2026,quarta-feira,16:40:00,SC,282,569.8,NOVA ERECHIM,Acessar a via sem observar a presença dos outros veículos,Colisão transversal,Com Vítimas Feridas,Pleno dia,Crescente,Sol,Simples,Reta;Retorno Regulamentado,Não,3,0,1,0,2,0,1,2,-26.89640121,-52.91846037,SPRF-SC,DEL07/SC,UOP02-DEL07-SC,2026
750110.0,04/02/2026,quarta-feira,20:50:00,SC,282,160.0,BOM RETIRO,Reação tardia ou ineficiente do condutor,Saída de leito carroçável,Com Vítimas Feridas,Plena Noite,Decrescente,Chuva,Simples,Reta,Não,4,0,3,0,1,0,3,1,-27.732353,-49.75843,SPRF-SC,DEL05/SC,UOP01-DEL05-SC,2026
750208.0,05/02/2026,quinta-feira,12:50:00,SC,282,4.7,SAO JOSE,Condutor deixou de manter distância do veículo da frente,Colisão traseira,Com Vítimas Feridas,Pleno dia,Crescente,Céu Claro,Múltipla,Reta;Declive,Sim,3,0,1,0,2,0,1,3,-27.59286742,-48.60349115,SPRF-SC,DEL01/SC,UOP01-DEL01-SC,2026
750227.0,16/01/2026,sexta-feira,19:35:00,SC,282,3.5,FLORIANOPOLIS,Manobra de mudança de faixa,Colisão lateral mesmo sentido,Com Vítimas Feridas,Plena Noite,Crescente,Céu Claro,Dupla,Curva,Não,2,0,1,0,1,0,1,2,-27.595322,-48.601271,SPRF-SC,DEL01/SC,UOP01-DEL01-SC,2026
750238.0,05/02/2026,quinta-feira,15:20:00,SC,282,3.7,FLORIANOPOLIS,Condutor deixou de manter distância do veículo da frente,Colisão traseira,Com Vítimas Feridas,Pleno dia,Crescente,Céu Claro,Dupla,Reta,Sim,3,0,1,0,2,0,1,2,-27.59273994,-48.60385895,SPRF-SC,DEL01/SC,UOP01-DEL01-SC,2026
750276.0,05/02/2026,quinta-feira,18:30:00,SC,282,17.0,PALHOCA,Condutor deixou de manter distância do veículo da frente,Colisão lateral mesmo sentido,Com Vítimas Feridas,Anoitecer,Decrescente,Nublado,Simples,Reta,Sim,3,0,0,2,1,0,2,2,-27.6587906,-48.6760225,SPRF-SC,DEL01/SC,UOP02-DEL01-SC,2026
750329.0,06/02/2026,sexta-feira,00:05:00,SC,282,556.1,NOVA ITABERABA,Condutor Dormindo,Colisão com objeto,Sem Vítimas,Plena Noite,Decrescente,Céu Claro,Dupla,Reta,Não,2,0,0,0,2,0,0,1,-26.933674,-52.813163,SPRF-SC,DEL07/SC,UOP01-DEL07-SC,2026
750351.0,06/02/2026,sexta-feira,06:20:00,SC,282,343.0,CAMPOS NOVOS,Ausência de reação do condutor,Colisão traseira,Com Vítimas Feridas,Pleno dia,Decrescente,Sol,Simples,Reta,Não,3,0,1,1,1,0,2,2,-27.38933491,-51.2268877,SPRF-SC,DEL07/SC,UOP06-DEL07-SC,2026
750392.0,06/02/2026,sexta-feira,09:30:00,SC,282,137.9,BOM RETIRO,Acessar a via sem observar a presença dos outros veículos,Colisão transversal,Com Vítimas Feridas,Pleno dia,Decrescente,Céu Claro,Simples,Reta,Não,6,0,3,0,3,0,3,2,-27.82559,-49.57519,SPRF-SC,DEL05/SC,UOP01-DEL05-SC,2026
750419.0,24/01/2026,sábado,09:15:00,SC,282,568.0,NOVA ERECHIM,Ultrapassagem Indevida,Saída de leito carroçável,Com Vítimas Feridas,Pleno dia,Crescente,Céu Claro,Simples,Reta,Não,3,0,2,0,0,0,2,2,-26.90393117,-52.91135788,SPRF-SC,DEL07/SC,UOP02-DEL07-SC,2026
750470.0,06/02/2026,sexta-feira,17:00:00,SC,282,18.0,PALHOCA,Acessar a via sem observar a presença dos outros veículos,Colisão transversal,Com Vítimas Feridas,Pleno dia,Crescente,Céu Claro,Simples,Reta,Sim,3,0,1,0,2,0,1,2,-27.67274428,-48.69419575,SPRF-SC,DEL01/SC,UOP02-DEL01-SC,2026
750486.0,06/02/2026,sexta-feira,17:30:00,SC,282,4.8,SAO JOSE,Reação tardia ou ineficiente do condutor,Colisão lateral mesmo sentido,Com Vítimas Feridas,Pleno dia,Crescente,Céu Claro,Múltipla,Reta,Sim,2,0,1,0,1,0,1,2,-27.58825612,-48.61008016,SPRF-SC,DEL01/SC,UOP01-DEL01-SC,2026
750502.0,06/02/2026,sexta-feira,18:00:00,SC,282,584.0,FAXINAL DOS GUEDES,Acessar a via sem observar a presença dos outros veículos,Colisão transversal,Sem Vítimas,Anoitecer,Crescente,Céu Claro,Simples,Curva,Não,2,0,0,0,2,0,0,2,-26.8615842,-52.23722553,SPRF-SC,DEL07/SC,UOP02-DEL07-SC,2026
750515.0,06/02/2026,sexta-feira,19:30:00,SC,282,538.3,CHAPECO,Reação tardia ou ineficiente do condutor,Tombamento,Com Vítimas Feridas,Plena Noite,Decrescente,Céu Claro,Simples,Reta,Não,1,0,1,0,0,0,1,1,-26.99751237,-52.67446482,SPRF-SC,DEL07/SC,UOP01-DEL07-SC,2026
750609.0,07/02/2026,sábado,05:00:00,SC,282,587.0,PINHALZINHO,Ingestão de álcool pelo condutor,Colisão com objeto,Sem Vítimas,Plena Noite,Decrescente,Céu Claro,Simples,Reta;Ponte,Não,1,0,0,0,1,0,0,1,-26.82984992,-53.04576873,SPRF-SC,DEL07/SC,UOP02-DEL07-SC,2026
750647.0,07/02/2026,sábado,11:40:00,SC,282,1.0,FLORIANOPOLIS,Condutor deixou de manter distância do veículo da frente,Colisão traseira,Com Vítimas Feridas,Pleno dia,Decrescente,Céu Claro,Múltipla,Reta,Não,2,0,1,0,1,0,1,2,-27.60344086,-48.58194916,SPRF-SC,DEL01/SC,UOP01-DEL01-SC,2026