id,data_inversa,dia_semana,horario,uf,br,km,municipio,causa_acidente,tipo_acidente,classificacao_acidente,fase_dia,sentido_via,condicao_metereologica,tipo_pista,tracado_via,uso_solo,pessoas,mortos,feridos_leves,feridos_graves,ilesos,ignorados,feridos,veiculos,latitude,longitude,regional,delegacia,uop,ano_arquivo
750688.0,07/02/2026,sábado,15:10:00,SC,282,595.0,SAUDADES,Avarias e/ou desgaste excessivo no pneu,Saída de leito carroçável,Com Vítimas Feridas,Pleno dia,Crescente,Chuva,Simples,Curva,Não,2,0,1,0,1,0,1,1,-26.8284298,-53.10930276,SPRF-SC,DEL07/SC,UOP02-DEL07-SC,2026
750759.0,07/02/2026,sábado,18:45:00,SC,282,84.9,ALFREDO WAGNER,Ausência de reação do condutor,Colisão traseira,Com Vítimas Feridas,Plena Noite,Decrescente,Nublado,Simples,Curva,Não,2,0,1,0,1,0,1,2,-27.667317,-49.192235,SPRF-SC,DEL01/SC,UOP03-DEL01-SC,2026
750828.0,08/02/2026,domingo,02:20:00,SC,282,35.6,AGUAS MORNAS,Velocidade Incompatível,Saída de leito carroçável,Com Vítimas Feridas,Plena Noite,Decrescente,Nublado,Simples,Reta,Sim,1,0,1,0,0,0,1,1,-27.703445,-48.83079,SPRF-SC,DEL01/SC,UOP03-DEL01-SC,2026
750842.0,08/02/2026,domingo,05:30:00,SC,282,222.6,LAGES,Ausência de reação do condutor,Saída de leito carroçável,Sem Vítimas,Amanhecer,Crescente,Nublado,Simples,Curva,Sim,1,0,0,0,0,1,0,1,-27.79852608,-50.35913944,SPRF-SC,DEL05/SC,UOP01-DEL05-SC,2026
751086.0,08/02/2026,domingo,21:20:00,SC,282,656.8,SAO MIGUEL DO OESTE,Velocidade Incompatível,Colisão com objeto,Com Vítimas Feridas,Plena Noite,Decrescente,Céu Claro,Simples,Curva;Ponte,Não,2,0,0,1,1,0,1,1,-26.68794583,-53.54906499,SPRF-SC,DEL07/SC,UOP03-DEL07-SC,2026
751262.0,09/02/2026,segunda-feira,17:30:00,SC,282,641.6,SAO MIGUEL DO OESTE,Conversão proibida,Colisão lateral mesmo sentido,Com Vítimas Feridas,Pleno dia,Decrescente,Céu Claro,Simples,Reta,Não,6,0,1,0,5,0,1,2,-26.77228174,-53.46181065,SPRF-SC,DEL07/SC,UOP03-DEL07-SC,2026
751348.0,10/02/2026,terça-feira,09:50:00,SC,282,212.0,LAGES,Condutor Dormindo,Saída de leito carroçável,Com Vítimas Feridas,Pleno dia,Crescente,Céu Claro,Simples,Reta,Não,2,0,1,0,1,0,1,1,-27.7820879,-50.2505854,SPRF-SC,DEL05/SC,UOP01-DEL05-SC,2026
751381.0,10/02/2026,terça-feira,13:10:00,SC,282,19.0,PALHOCA,Transitar na contramão,Colisão frontal,Com Vítimas Feridas,Pleno dia,Crescente,Céu Claro,Simples,Reta;Interseção de Vias,Sim,4,0,1,1,2,0,2,3,-27.67876607,-48.70224606,SPRF-SC,DEL01/SC,UOP02-DEL01-SC,2026
751437.0,10/02/2026,terça-feira,17:10:00,SC,282,318.0,VARGEM,Condutor Dormindo,Saída de leito carroçável,Com Vítimas Feridas,Pleno dia,Decrescente,Céu Claro,Simples,Declive;Curva,Não,1,0,1,0,0,0,1,1,-27.4361689,-51.02018293,SPRF-SC,DEL07/SC,UOP06-DEL07-SC,2026
751442.0,10/02/2026,terça-feira,18:25:00,SC,480,132.5,CHAPECO,Conversão proibida,Colisão transversal,Com Vítimas Feridas,Pleno dia,Crescente,Sol,Simples,Interseção de Vias,Sim,2,0,1,0,1,0,1,2,-27.05535491,-52.61993408,SPRF-SC,DEL07/SC,UOP01-DEL07-SC,2026
751456.0,10/02/2026,terça-feira,18:10:00,SC,480,132.6,CHAPECO,Condutor deixou de manter distância do veículo da frente,Colisão traseira,Com Vítimas Feridas,Anoitecer,Crescente,Céu Claro,Dupla,Reta,Não,2,0,1,0,1,0,1,2,-27.06767667,-52.62876034,SPRF-SC,DEL07/SC,UOP01-DEL07-SC,2026
751503.0,11/02/2026,quarta-feira,07:20:00,SC,282,1.8,FLORIANOPOLIS,Trafegar com motocicleta (ou similar) entre as faixas,Colisão traseira,Com Vítimas Feridas,Pleno dia,Decrescente,Sol,Múltipla,Reta,Sim,5,0,2,0,3,0,2,4,-27.60203372,-48.57893083,SPRF-SC,DEL01/SC,UOP01-DEL01-SC,2026
751509.0,11/02/2026,quarta-feira,07:30:00,SC,282,16.2,PALHOCA,Acesso irregular,Colisão transversal,Com Vítimas Feridas,Pleno dia,Crescente,Céu Claro,Dupla,Reta,Sim,2,0,1,0,1,0,1,2,-27.6606,-48.68384,SPRF-SC,DEL01/SC,UOP02-DEL01-SC,2026
751511.0,11/02/2026,quarta-feira,08:00:00,SC,282,1.7,FLORIANOPOLIS,Manobra de mudança de faixa,Colisão lateral mesmo sentido,Com Vítimas Feridas,Pleno dia,Crescente,Sol,Múltipla,Reta,Sim,2,0,1,0,1,0,1,2,-27.603093,-48.587688,SPRF-SC,DEL01/SC,UOP01-DEL01-SC,2026
751662.0,11/02/2026,quarta-feira,13:35:00,SC,282,503.4,XANXERE,Ausência de reação do condutor,Saída de leito carroçável,Com Vítimas Feridas,Pleno dia,Decrescente,Céu Claro,Dupla,Reta;Aclive,Sim,1,0,1,0,0,0,1,1,-26.88292307,-52.40324942,SPRF-SC,DEL07/SC,UOP01-DEL07-SC,2026
751748.0,12/02/2026,quinta-feira,09:15:00,SC,282,1.9,FLORIANOPOLIS,Manobra de mudança de faixa,Colisão lateral mesmo sentido,Com Vítimas Feridas,Pleno dia,Decrescente,Céu Claro,Múltipla,Reta,Sim,2,0,2,0,0,0,2,2,-27.60357397,-48.58718483,SPRF-SC,DEL01/SC,UOP01-DEL01-SC,2026
751755.0,12/02/2026,quinta-feira,10:30:00,SC,282,58.3,RANCHO QUEIMADO,Acessar a via sem observar a presença dos outros veículos,Colisão transversal,Com Vítimas Feridas,Pleno dia,Decrescente,Céu Claro,Simples,Interseção de Vias,Não,2,0,1,0,1,0,1,2,-27.68709315,-49.00105923,SPRF-SC,DEL01/SC,UOP03-DEL01-SC,2026
751760.0,12/02/2026,quinta-feira,10:50:00,SC,282,106.0,ALFREDO WAGNER,Manobra de mudança de faixa,Colisão traseira,Com Vítimas Feridas,Pleno dia,Decrescente,Céu Claro,Simples,Curva;Aclive,Não,2,0,1,0,1,0,1,2,-27.697907,-49.344325,SPRF-SC,DEL01/SC,UOP03-DEL01-SC,2026
751910.0,12/02/2026,quinta-feira,22:30:00,SC,282,220.0,LAGES,Velocidade Incompatível,Saída de leito carroçável,Com Vítimas Feridas,Plena Noite,Crescente,Nublado,Simples,Rotatória,Sim,2,0,2,0,0,0,2,1,-27.79462938,-50.32815456,SPRF-SC,DEL05/SC,UOP01-DEL05-SC,2026
752037.0,13/02/2026,sexta-feira,14:30:00,SC,282,0.4,FLORIANOPOLIS,Condutor deixou de manter distância do veículo da frente,Colisão traseira,Com Vítimas Feridas,Pleno dia,Decrescente,Chuva,Múltipla,Reta;Declive,Sim,3,0,1,0,1,0,1,3,-27.5989398,-48.5736025,SPRF-SC,DEL01/SC,UOP01-DEL01-SC,2026
752039.0,13/02/2026,sexta-feira,09:00:00,SC,282,2.0,FLORIANOPOLIS,Trafegar com motocicleta (ou similar) entre as faixas,Colisão lateral mesmo sentido,Com Vítimas Feridas,Pleno dia,Decrescente,Céu Claro,Múltipla,Reta,Sim,3,0,1,0,2,0,1,2,-27.60337465,-48.58944702,SPRF-SC,DEL01/SC,UOP01-DEL01-SC,2026
752042.0,13/02/2026,sexta-feira,15:30:00,SC,282,530.7,CORDILHEIRA ALTA,Velocidade Incompatível,Saída de leito carroçável,Sem Vítimas,Pleno dia,Decrescente,Chuva,Simples,Reta,Não,1,0,0,0,0,1,0,1,-26.989097,-52.610505,SPRF-SC,DEL07/SC,UOP01-DEL07-SC,2026
752070.0,13/02/2026,sexta-feira,15:10:00,SC,282,3.0,FLORIANOPOLIS,Condutor deixou de manter distância do veículo da frente,Colisão traseira,Com Vítimas Feridas,Pleno dia,Crescente,Chuva,Dupla,Reta,Sim,2,0,1,0,1,0,1,2,-27.59667315,-48.60096786,SPRF-SC,DEL01/SC,UOP01-DEL01-SC,2026
752108.0,13/02/2026,sexta-feira,18:20:00,SC,282,225.3,LAGES,Reação tardia ou ineficiente do condutor,Colisão frontal,Com Vítimas Feridas,Anoitecer,Crescente,Chuva,Simples,Curva,Não,5,0,1,1,3,0,2,2,-27.7957428,-50.3849085,SPRF-SC,DEL05/SC,UOP02-DEL05-SC,2026
752113.0,13/02/2026,sexta-feira,15:00:00,SC,282,591.0,SAUDADES,Chuva,Saída de leito carroçável,Sem Vítimas,Pleno dia,Crescente,Chuva,Simples,Curva,Não,2,0,0,0,2,0,0,1,-26.82636,-53.100651,SPRF-SC,DEL07/SC,UOP02-DEL07-SC,2026
752168.0,13/02/2026,sexta-feira,14:30:00,SC,282,30.0,AGUAS MORNAS,Transitar na contramão,Colisão frontal,Com Vítimas Feridas,Pleno dia,Crescente,Garoa/Chuvisco,Simples,Declive,Não,2,0,1,0,1,0,1,2,-27.70351525,-48.82563374,SPRF-SC,DEL01/SC,UOP03-DEL01-SC,2026
752196.0,10/01/2026,sábado,15:50:00,SC,282,44.0,AGUAS MORNAS,Reação tardia ou ineficiente do condutor,Colisão transversal,Com Vítimas Feridas,Pleno dia,Crescente,Nublado,Simples,Curva,Não,5,0,3,0,2,0,3,2,-27.721617,-48.908061,SPRF-SC,DEL01/SC,UOP03-DEL01-SC,2026
752234.0,14/02/2026,sábado,03:30:00,SC,282,396.8,JOACABA,Transitar na contramão,Colisão frontal,Com Vítimas Feridas,Plena Noite,Crescente,Céu Claro,Simples,Curva,Não,2,0,1,0,1,0,1,2,-27.156317,-51.600673,SPRF-SC,DEL07/SC,UOP05-DEL07-SC,2026
752319.0,14/02/2026,sábado,09:30:00,SC,282,395.1,JOACABA,Demais falhas mecânicas ou elétricas,Saída de leito carroçável,Com Vítimas Feridas,Pleno dia,Decrescente,Chuva,Simples,Declive;Curva,Não,1,0,1,0,0,0,1,1,-27.158738,-51.586513,SPRF-SC,DEL07/SC,UOP05-DEL07-SC,2026
752322.0,14/02/2026,sábado,10:40:00,SC,282,376.0,HERVAL DOESTE,Chuva,Saída de leito carroçável,Com Vítimas Feridas,Pleno dia,Crescente,Chuva,Simples,Curva,Não,1,0,1,0,0,0,1,1,-27.2205747,-51.46086216,SPRF-SC,DEL07/SC,UOP05-DEL07-SC,2026
752386.0,14/02/2026,sábado,15:35:00,SC,282,30.2,SANTO AMARO DA IMPERATRIZ,Velocidade Incompatível,Colisão frontal,Com Vítimas Fatais,Pleno dia,Crescente,Nublado,Simples,Aclive;Reta,Não,7,1,1,4,0,0,5,3,-27.68885,-48.79233,SPRF-SC,DEL01/SC,UOP03-DEL01-SC,2026
752476.0,15/02/2026,domingo,02:20:00,SC,282,656.9,SAO MIGUEL DO OESTE,Velocidade Incompatível,Colisão com objeto,Com Vítimas Feridas,Plena Noite,Decrescente,Nublado,Simples,Curva;Ponte;Declive,Não,1,0,0,1,0,0,1,1,-26.68784148,-53.54906917,SPRF-SC,DEL07/SC,UOP03-DEL07-SC,2026
752500.0,15/02/2026,domingo,01:15:00,SC,282,460.6,PONTE SERRADA,Ausência de reação do condutor,Colisão com objeto,Com Vítimas Feridas,Plena Noite,Decrescente,Céu Claro,Simples,Rotatória,Sim,1,0,1,0,0,0,1,1,-26.873576,-52.018231,SPRF-SC,DEL07/SC,UOP04-DEL07-SC,2026
752538.0,15/02/2026,domingo,10:25:00,SC,282,48.5,AGUAS MORNAS,Velocidade Incompatível,Colisão com objeto,Com Vítimas Feridas,Pleno dia,Crescente,Chuva,Simples,Curva;Aclive,Não,4,0,4,0,0,0,4,1,-27.716072,-48.942812,SPRF-SC,DEL01/SC,UOP03-DEL01-SC,2026
752554.0,15/02/2026,domingo,12:20:00,SC,282,5.3,SAO JOSE,Reação tardia ou ineficiente do condutor,Tombamento,Com Vítimas Feridas,Pleno dia,Decrescente,Garoa/Chuvisco,Múltipla,Curva,Sim,2,0,2,0,0,0,2,1,-27.58535154,-48.61620784,SPRF-SC,DEL01/SC,UOP01-DEL01-SC,2026
752555.0,15/02/2026,domingo,10:00:00,SC,282,0.8,FLORIANOPOLIS,Reação tardia ou ineficiente do condutor,Saída de leito carroçável,Com Vítimas Feridas,Pleno dia,Decrescente,Céu Claro,Múltipla,Reta,Sim,2,0,1,1,0,0,2,1,-27.59877,-48.57458,SPRF-SC,DEL01/SC,UOP01-DEL01-SC,2026
752560.0,15/02/2026,domingo,13:25:00,SC,282,537.9,CHAPECO,Reação tardia ou ineficiente do condutor,Saída de leito carroçável,Com Vítimas Feridas,Pleno dia,Crescente,Chuva,Simples,Curva;Aclive,Não,3,0,3,0,0,0,3,1,-27.00023648,-52.67097831,SPRF-SC,DEL07/SC,UOP01-DEL07-SC,2026
752563.0,15/02/2026,domingo,13:00:00,SC,282,86.9,ALFREDO WAGNER,Velocidade Incompatível,Colisão frontal,Com Vítimas Feridas,Pleno dia,Crescente,Chuva,Simples,Curva,Sim,6,0,4,0,2,0,4,2,-27.664208,-49.205722,SPRF-SC,DEL01/SC,UOP03-DEL01-SC,2026
752646.0,15/02/2026,domingo,21:10:00,SC,282,2.8,FLORIANOPOLIS,Reação tardia ou ineficiente do condutor,Engavetamento,Com Vítimas Feridas,Plena Noite,Decrescente,Garoa/Chuvisco,Múltipla,Curva,Não,3,0,1,0,2,0,1,3,-27.601205,-48.598747,SPRF-SC,DEL01/SC,UOP01-DEL01-SC,2026
752652.0,15/02/2026,domingo,21:45:00,SC,282,4.0,FLORIANOPOLIS,Reação tardia ou ineficiente do condutor,Colisão com objeto,Com Vítimas Feridas,Plena Noite,Crescente,Céu Claro,Múltipla,Reta,Sim,1,0,1,0,0,0,1,1,-27.59252,-48.60424,SPRF-SC,DEL01/SC,UOP01-DEL01-SC,2026
752689.0,16/02/2026,segunda-feira,03:45:00,SC,282,0.6,FLORIANOPOLIS,Ausência de reação do condutor,Atropelamento de Pedestre,Com Vítimas Fatais,Plena Noite,Crescente,Garoa/Chuvisco,Múltipla,Reta;Aclive,Não,3,1,0,0,0,0,0,2,-27.60094172,-48.57776332,SPRF-SC,DEL01/SC,UOP01-DEL01-SC,2026
752735.0,16/02/2026,segunda-feira,10:55:00,SC,282,504.5,XANXERE,Acessar a via sem observar a presença dos outros veículos,Colisão frontal,Com Vítimas Feridas,Pleno dia,Decrescente,Céu Claro,Simples,Interseção de Vias;Viaduto,Sim,2,0,1,0,1,0,1,2,-26.88589605,-52.41452074,SPRF-SC,DEL07/SC,UOP01-DEL07-SC,2026
752869.0,29/01/2026,quinta-feira,14:00:00,SC,282,68.0,RANCHO QUEIMADO,Ausência de reação do condutor,Colisão frontal,Com Vítimas Feridas,Pleno dia,Decrescente,Chuva,Simples,Curva,Não,5,0,2,1,2,0,3,2,-27.6935,-49.080508,SPRF-SC,DEL01/SC,UOP03-DEL01-SC,2026
752967.0,17/02/2026,terça-feira,18:00:00,SC,282,48.5,AGUAS MORNAS,Ausência de reação do condutor,Colisão lateral mesmo sentido,Com Vítimas Feridas,Amanhecer,Decrescente,Chuva,Simples,Curva,Não,3,0,1,0,0,0,1,3,-27.716072,-48.942812,SPRF-SC,DEL01/SC,UOP03-DEL01-SC,2026
753033.0,18/02/2026,quarta-feira,02:55:00,SC,282,3.1,FLORIANOPOLIS,Ingestão de álcool pelo condutor,Colisão com objeto,Com Vítimas Feridas,Plena Noite,Crescente,Nublado,Múltipla,Curva,Sim,7,0,0,7,0,0,7,1,-27.60092562,-48.59913524,SPRF-SC,DEL01/SC,UOP01-DEL01-SC,2026
753078.0,18/02/2026,quarta-feira,06:12:00,SC,282,588.0,SAUDADES,Reação tardia ou ineficiente do condutor,Colisão lateral sentido oposto,Sem Vítimas,Amanhecer,Crescente,Nevoeiro/Neblina,Dupla,Reta,Não,3,0,0,0,3,0,0,2,-26.826609,-53.057902,SPRF-SC,DEL07/SC,UOP02-DEL07-SC,2026
753185.0,18/02/2026,quarta-feira,15:50:00,SC,282,4.5,SAO JOSE,Condutor deixou de manter distância do veículo da frente,Queda de ocupante de veículo,Com Vítimas Feridas,Pleno dia,Crescente,Céu Claro,Múltipla,Declive,Sim,2,0,1,0,1,0,1,2,-27.58845214,-48.61295712,SPRF-SC,DEL01/SC,UOP01-DEL01-SC,2026
753238.0,18/02/2026,quarta-feira,20:55:00,SC,282,256.5,SAO JOSE DO CERRITO,Velocidade Incompatível,Saída de leito carroçável,Com Vítimas Feridas,Plena Noite,Crescente,Céu Claro,Simples,Curva,Não,1,0,1,0,0,0,1,1,-27.66250106,-50.58482051,SPRF-SC,DEL05/SC,UOP02-DEL05-SC,2026
753292.0,19/02/2026,quinta-feira,07:30:00,SC,282,530.0,CORDILHEIRA ALTA,Acessar a via sem observar a presença dos outros veículos,Colisão transversal,Com Vítimas Feridas,Pleno dia,Decrescente,Céu Claro,Simples,Curva;Aclive;Interseção de Vias,Sim,2,0,1,0,1,0,1,2,-26.98656701,-52.60543275,SPRF-SC,DEL07/SC,UOP01-DEL07-SC,2026
753298.0,19/02/2026,quinta-feira,08:40:00,SC,282,16.2,PALHOCA,Transitar no Acostamento,Colisão lateral mesmo sentido,Com Vítimas Feridas,Pleno dia,Decrescente,Céu Claro,Simples,Interseção de Vias;Reta,Sim,2,0,1,0,1,0,1,2,-27.66103571,-48.68393188,SPRF-SC,DEL01/SC,UOP02-DEL01-SC,2026
753306.0,01/02/2026,domingo,04:30:00,SC,282,0.0,FLORIANOPOLIS,Acesso irregular,Colisão traseira,Com Vítimas Feridas,Plena Noite,Crescente,Céu Claro,Dupla,Reta,Não,3,0,1,0,1,0,1,3,-27.5981555,-48.571335,SPRF-SC,DEL01/SC,UOP01-DEL01-SC,2026
753379.0,03/02/2026,terça-feira,16:00:00,SC,282,30.9,SANTO AMARO DA IMPERATRIZ,Retorno proibido,Colisão lateral mesmo sentido,Com Vítimas Feridas,Pleno dia,Crescente,Garoa/Chuvisco,Simples,Reta,Sim,2,0,1,0,1,0,1,2,-27.694752,-48.793422,SPRF-SC,DEL01/SC,UOP03-DEL01-SC,2026
753398.0,19/02/2026,quinta-feira,19:10:00,SC,282,548.5,CHAPECO,Acessar a via sem observar a presença dos outros veículos,Colisão lateral mesmo sentido,Sem Vítimas,Plena Noite,Crescente,Chuva,Simples,Reta,Sim,4,0,0,0,4,0,0,2,-26.96819768,-52.75405169,SPRF-SC,DEL07/SC,UOP01-DEL07-SC,2026
753425.0,19/02/2026,quinta-feira,22:10:00,SC,282,16.4,PALHOCA,Acessar a via sem observar a presença dos outros veículos,Colisão transversal,Com Vítimas Feridas,Plena Noite,Crescente,Céu Claro,Simples,Interseção de Vias;Reta,Sim,3,0,2,0,1,0,2,2,-27.66176058,-48.68454752,SPRF-SC,DEL01/SC,UOP02-DEL01-SC,2026
753443.0,20/02/2026,sexta-feira,01:35:00,SC,282,512.9,XANXERE,Velocidade Incompatível,Saída de leito carroçável,Com Vítimas Feridas,Plena Noite,Decrescente,Céu Claro,Simples,Curva;Aclive,Não,1,0,1,0,0,0,1,1,-26.91382939,-52.47646833,SPRF-SC,DEL07/SC,UOP01-DEL07-SC,2026
753458.0,20/02/2026,sexta-feira,03:55:00,SC,282,470.8,VARGEAO,Ausência de reação do condutor,Saída de leito carroçável,Com Vítimas Feridas,Plena Noite,Decrescente,Nublado,Simples,Reta,Não,3,0,1,0,2,0,1,1,-26.863338,-52.128822,SPRF-SC,DEL07/SC,UOP01-DEL07-SC,2026
753462.0,20/02/2026,sexta-feira,03:50:00,SC,282,646.0,SAO MIGUEL DO OESTE,Ausência de reação do condutor,Saída de leito carroçável,Sem Vítimas,Plena Noite,Decrescente,Céu Claro,Simples,Reta;Declive,Não,1,0,0,0,1,0,0,1,-26.76520811,-53.49517671,SPRF-SC,DEL07/SC,UOP03-DEL07-SC,2026
753494.0,20/02/2026,sexta-feira,09:05:00,SC,282,1.0,FLORIANOPOLIS,Reação tardia ou ineficiente do condutor,Tombamento,Com Vítimas Feridas,Pleno dia,Decrescente,Nublado,Múltipla,Reta,Sim,2,0,2,0,0,0,2,1,-27.602764,-48.580606,SPRF-SC,DEL01/SC,UOP01-DEL01-SC,2026
753621.0,20/02/2026,sexta-feira,20:00:00,SC,282,23.7,SANTO AMARO DA IMPERATRIZ,Ingestão de álcool pelo condutor,Saída de leito carroçável,Sem Vítimas,Plena Noite,Crescente,Chuva,Simples,Reta,Não,1,0,0,0,1,0,0,1,-27.68494798,-48.74289243,SPRF-SC,DEL01/SC,UOP03-DEL01-SC,2026
753661.0,20/02/2026,sexta-feira,18:40:00,SC,282,419.7,VARGEM BONITA,Acesso irregular,Tombamento,Com Vítimas Feridas,Plena Noite,Crescente,Céu Claro,Simples,Curva,Não,2,0,1,0,1,0,1,2,-27.01609797,-51.73339843,SPRF-SC,DEL07/SC,UOP05-DEL07-SC,2026
753688.0,21/02/2026,sábado,02:50:00,SC,282,481.5,VARGEAO,Acessar a via sem observar a presença dos outros veículos,Colisão transversal,Sem Vítimas,Plena Noite,Crescente,Céu Claro,Simples,Reta,Não,2,0,0,0,1,0,0,2,-26.870557,-52.198217,SPRF-SC,DEL07/SC,UOP01-DEL07-SC,2026
753764.0,21/02/2026,sábado,14:00:00,SC,282,617.0,IRACEMINHA,Acessar a via sem observar a presença dos outros veículos,Colisão transversal,Com Vítimas Feridas,Pleno dia,Decrescente,Céu Claro,Simples,Rotatória,Não,4,0,2,0,2,0,2,2,-26.78258341,-53.28433782,SPRF-SC,DEL07/SC,UOP02-DEL07-SC,2026
753769.0,21/02/2026,sábado,16:00:00,SC,282,536.4,CHAPECO,Velocidade Incompatível,Colisão com objeto,Com Vítimas Feridas,Pleno dia,Crescente,Céu Claro,Simples,Curva;Viaduto,Não,1,0,1,0,0,0,1,1,-26.99920174,-52.6461181,SPRF-SC,DEL07/SC,UOP01-DEL07-SC,2026
753906.0,22/02/2026,domingo,05:30:00,SC,282,207.4,LAGES,Desrespeitar a preferência no cruzamento,Colisão transversal,Com Vítimas Feridas,Pleno dia,Crescente,Céu Claro,Simples,Rotatória,Não,7,0,1,0,6,0,1,2,-27.7734656,-50.2020825,SPRF-SC,DEL05/SC,UOP01-DEL05-SC,2026
754029.0,22/02/2026,domingo,20:15:00,SC,282,5.3,SAO JOSE,Reação tardia ou ineficiente do condutor,Engavetamento,Sem Vítimas,Plena Noite,Decrescente,Nublado,Dupla,Reta,Sim,5,0,0,0,5,0,0,3,-27.58722484,-48.61539245,SPRF-SC,DEL01/SC,UOP01-DEL01-SC,2026
754046.0,22/02/2026,domingo,20:40:00,SC,282,555.7,NOVA ITABERABA,Ingestão de álcool pelo condutor,Colisão lateral sentido oposto,Com Vítimas Feridas,Plena Noite,Crescente,Céu Claro,Simples,Curva,Não,2,0,2,0,0,0,2,2,-26.93691901,-52.80948978,SPRF-SC,DEL07/SC,UOP01-DEL07-SC,2026
754151.0,23/02/2026,segunda-feira,10:00:00,SC,282,461.0,PONTE SERRADA,Acessar a via sem observar a presença dos outros veículos,Colisão transversal,Com Vítimas Feridas,Pleno dia,Decrescente,Céu Claro,Simples,Interseção de Vias,Sim,3,0,2,0,1,0,2,2,-26.8662659,-52.0225875,SPRF-SC,DEL07/SC,UOP04-DEL07-SC,2026
754192.0,07/02/2026,sábado,21:10:00,SC,282,532.7,CORDILHEIRA ALTA,Ingestão de álcool pelo condutor,Colisão lateral sentido oposto,Com Vítimas Feridas,Plena Noite,Crescente,Nublado,Simples,Reta;Declive,Não,11,0,2,5,4,0,7,4,-26.995733,-52.623628,SPRF-SC,DEL07/SC,UOP01-DEL07-SC,2026
754210.0,23/02/2026,segunda-feira,11:40:00,SC,282,83.4,ALFREDO WAGNER,Transitar na contramão,Colisão frontal,Com Vítimas Feridas,Pleno dia,Crescente,Céu Claro,Simples,Declive;Reta,Não,3,0,0,1,2,0,1,2,-27.66771,-49.17762,SPRF-SC,DEL01/SC,UOP03-DEL01-SC,2026
754297.0,23/02/2026,segunda-feira,23:35:00,SC,282,4.5,SAO JOSE,Reação tardia ou ineficiente do condutor,Colisão traseira,Com Vítimas Feridas,Pleno dia,Decrescente,Chuva,Múltipla,Reta,Sim,3,0,2,0,1,0,2,2,-27.59006711,-48.6094993,SPRF-SC,DEL01/SC,UOP01-DEL01-SC,2026
754345.0,24/02/2026,terça-feira,08:35:00,SC,282,4.8,SAO JOSE,Reação tardia ou ineficiente do condutor,Queda de ocupante de veículo,Com Vítimas Feridas,Pleno dia,Crescente,Garoa/Chuvisco,Múltipla,Aclive;Reta,Sim,1,0,0,1,0,0,1,1,-27.589068,-48.611117,SPRF-SC,DEL01/SC,UOP01-DEL01-SC,2026
754436.0,20/02/2026,sexta-feira,20:30:00,SC,282,136.0,BOM RETIRO,Reação tardia ou ineficiente do condutor,Colisão transversal,Com Vítimas Feridas,Plena Noite,Decrescente,Céu Claro,Simples,Reta,Não,3,0,2,0,1,0,2,2,-27.82017,-49.56184,SPRF-SC,DEL05/SC,UOP01-DEL05-SC,2026
754473.0,21/02/2026,sábado,05:00:00,SC,282,644.9,SAO MIGUEL DO OESTE,Acessar a via sem observar a presença dos outros veículos,Colisão traseira,Com Vítimas Feridas,Amanhecer,Decrescente,Nublado,Simples,Reta,Não,4,0,0,1,3,0,1,2,-26.76561687,-53.48912299,SPRF-SC,DEL07/SC,UOP03-DEL07-SC,2026
754616.0,17/02/2026,terça-feira,18:20:00,SC,282,40.0,AGUAS MORNAS,Acessar a via sem observar a presença dos outros veículos,Colisão transversal,Com Vítimas Feridas,Anoitecer,Decrescente,Nublado,Simples,Curva,Não,3,0,0,2,1,0,2,2,-27.7152662,-48.8765763,SPRF-SC,DEL01/SC,UOP03-DEL01-SC,2026
754625.0,25/02/2026,quarta-feira,16:50:00,SC,282,531.6,CORDILHEIRA ALTA,Acessar a via sem observar a presença dos outros veículos,Colisão transversal,Com Vítimas Feridas,Pleno dia,Decrescente,Céu Claro,Simples,Interseção de Vias;Reta,Sim,2,0,1,0,1,0,1,2,-26.99407162,-52.61128855,SPRF-SC,DEL07/SC,UOP01-DEL07-SC,2026
754794.0,13/02/2026,sexta-feira,10:00:00,SC,282,223.0,LAGES,Acessar a via sem observar a presença dos outros veículos,Colisão transversal,Com Vítimas Feridas,Pleno dia,Decrescente,Céu Claro,Simples,Reta,Sim,2,0,1,0,1,0,1,2,-27.7996071,-50.3642438,SPRF-SC,DEL05/SC,UOP01-DEL05-SC,2026
754856.0,18/02/2026,quarta-feira,18:05:00,SC,282,516.0,XAXIM,Acessar a via sem observar a presença dos outros veículos,Queda de ocupante de veículo,Com Vítimas Feridas,Anoitecer,Decrescente,Céu Claro,Simples,Curva,Não,3,0,2,0,0,0,2,2,-26.916404,-52.492522,SPRF-SC,DEL07/SC,UOP01-DEL07-SC,2026
754957.0,27/02/2026,sexta-feira,07:00:00,SC,282,3.0,FLORIANOPOLIS,Ausência de reação do condutor,Colisão lateral mesmo sentido,Com Vítimas Feridas,Pleno dia,Crescente,Céu Claro,Múltipla,Reta,Sim,2,0,1,0,1,0,1,2,-27.60362,-48.59017,SPRF-SC,DEL01/SC,UOP01-DEL01-SC,2026