id,data_inversa,dia_semana,horario,uf,br,km,municipio,causa_acidente,tipo_acidente,classificacao_acidente,fase_dia,sentido_via,condicao_metereologica,tipo_pista,tracado_via,uso_solo,pessoas,mortos,feridos_leves,feridos_graves,ilesos,ignorados,feridos,veiculos,latitude,longitude,regional,delegacia,uop,ano_arquivo
764614.0,12/04/2026,domingo,14:05:00,SC,282,471.4,VARGEAO,Reação tardia ou ineficiente do condutor,Saída de leito carroçável,Com Vítimas Feridas,Pleno dia,Crescente,Chuva,Simples,Declive;Curva,Não,3,0,3,0,0,0,3,1,-26.865367,-52.13394,SPRF-SC,DEL07/SC,UOP01-DEL07-SC,2026
764635.0,12/04/2026,domingo,14:30:00,SC,282,308.0,VARGEM,Chuva,Saída de leito carroçável,Com Vítimas Feridas,Pleno dia,Crescente,Chuva,Simples,Curva;Declive,Não,1,0,1,0,0,0,1,1,-27.492637,-50.972367,SPRF-SC,DEL07/SC,UOP06-DEL07-SC,2026
764688.0,22/03/2026,domingo,10:55:00,SC,282,195.3,LAGES,Reação tardia ou ineficiente do condutor,Colisão com objeto,Sem Vítimas,Pleno dia,Decrescente,Céu Claro,Simples,Declive;Reta,Não,4,0,0,0,2,0,0,2,-27.74781922,-50.08735657,SPRF-SC,DEL05/SC,UOP01-DEL05-SC,2026
764741.0,13/04/2026,segunda-feira,05:50:00,SC,282,88.9,ALFREDO WAGNER,Condutor Dormindo,Colisão frontal,Com Vítimas Feridas,Amanhecer,Decrescente,Céu Claro,Simples,Curva;Declive,Não,6,0,5,0,1,0,5,3,-27.67806568,-49.21549275,SPRF-SC,DEL01/SC,UOP03-DEL01-SC,2026
764887.0,13/04/2026,segunda-feira,20:30:00,SC,282,16.0,PALHOCA,Desrespeitar a preferência no cruzamento,Colisão transversal,Com Vítimas Feridas,Plena Noite,Crescente,Céu Claro,Dupla,Reta;Interseção de Vias,Sim,2,0,2,0,0,0,2,2,-27.66044898,-48.68351452,SPRF-SC,DEL01/SC,UOP02-DEL01-SC,2026
764962.0,14/04/2026,terça-feira,07:50:00,SC,282,3.0,FLORIANOPOLIS,Trafegar com motocicleta (ou similar) entre as faixas,Queda de ocupante de veículo,Com Vítimas Feridas,Pleno dia,Decrescente,Nublado,Dupla,Reta,Sim,1,0,1,0,0,0,1,1,-27.59570705,-48.60124862,SPRF-SC,DEL01/SC,UOP01-DEL01-SC,2026
764972.0,01/04/2026,quarta-feira,15:55:00,SC,282,480.9,FAXINAL DOS GUEDES,Ultrapassagem Indevida,Colisão lateral mesmo sentido,Com Vítimas Feridas,Pleno dia,Decrescente,Céu Claro,Simples,Reta,Não,2,0,1,0,1,0,1,2,-26.875653,-52.193108,SPRF-SC,DEL07/SC,UOP01-DEL07-SC,2026
765026.0,14/04/2026,terça-feira,15:30:00,SC,282,606.0,MARAVILHA,Desrespeitar a preferência no cruzamento,Colisão transversal,Com Vítimas Feridas,Pleno dia,Crescente,Céu Claro,Simples,Interseção de Vias,Sim,5,0,1,0,4,0,1,2,-26.77468074,-53.20368355,SPRF-SC,DEL07/SC,UOP02-DEL07-SC,2026
765136.0,15/04/2026,quarta-feira,02:30:00,SC,282,217.7,LAGES,Acessar a via sem observar a presença dos outros veículos,Colisão transversal,Com Vítimas Fatais,Plena Noite,Crescente,Céu Claro,Simples,Viaduto;Rotatória,Sim,3,1,1,1,0,0,2,2,-27.79758104,-50.31116009,SPRF-SC,DEL05/SC,UOP01-DEL05-SC,2026
765177.0,15/04/2026,quarta-feira,08:15:00,SC,282,18.5,PALHOCA,Conversão proibida,Colisão transversal,Com Vítimas Feridas,Pleno dia,Decrescente,Céu Claro,Simples,Reta,Sim,3,0,0,2,1,0,2,2,-27.67538,-48.697176,SPRF-SC,DEL01/SC,UOP02-DEL01-SC,2026
765189.0,15/04/2026,quarta-feira,09:10:00,SC,282,223.1,LAGES,Ausência de reação do condutor,Colisão traseira,Sem Vítimas,Pleno dia,Decrescente,Nublado,Simples,Reta,Sim,2,0,0,0,2,0,0,2,-27.79942634,-50.36439443,SPRF-SC,DEL05/SC,UOP01-DEL05-SC,2026
765310.0,15/04/2026,quarta-feira,19:35:00,SC,282,260.1,SAO JOSE DO CERRITO,Desrespeitar a preferência no cruzamento,Colisão transversal,Com Vítimas Feridas,Plena Noite,Decrescente,Céu Claro,Simples,Reta,Não,3,0,2,0,1,0,2,2,-27.63952931,-50.59727065,SPRF-SC,DEL05/SC,UOP02-DEL05-SC,2026
765358.0,16/04/2026,quinta-feira,06:30:00,SC,282,584.4,PINHALZINHO,Ausência de reação do condutor,Colisão transversal,Sem Vítimas,Pleno dia,Decrescente,Nublado,Dupla,Curva,Não,2,0,0,0,2,0,0,2,-26.832203,-53.022388,SPRF-SC,DEL07/SC,UOP02-DEL07-SC,2026
765465.0,16/04/2026,quinta-feira,17:25:00,SC,282,2.0,FLORIANOPOLIS,Trafegar com motocicleta (ou similar) entre as faixas,Colisão traseira,Com Vítimas Feridas,Pleno dia,Crescente,Céu Claro,Múltipla,Reta,Não,2,0,0,1,1,0,1,2,-27.60343136,-48.58768908,SPRF-SC,DEL01/SC,UOP01-DEL01-SC,2026
765517.0,16/04/2026,quinta-feira,18:30:00,SC,282,213.4,LAGES,Entrada inopinada do pedestre,Atropelamento de Pedestre,Com Vítimas Feridas,Plena Noite,Crescente,Céu Claro,Simples,Reta;Declive,Sim,5,0,0,1,4,0,1,2,-27.78108025,-50.24678969,SPRF-SC,DEL05/SC,UOP01-DEL05-SC,2026
765519.0,16/04/2026,quinta-feira,20:15:00,SC,282,486.3,FAXINAL DOS GUEDES,Ingestão de álcool pelo condutor,Colisão transversal,Sem Vítimas,Plena Noite,Crescente,Nublado,Simples,Interseção de Vias,Sim,2,0,0,0,2,0,0,2,-26.85572881,-52.25738168,SPRF-SC,DEL07/SC,UOP01-DEL07-SC,2026
765524.0,16/04/2026,quinta-feira,20:30:00,SC,282,611.5,MARAVILHA,Objeto estático sobre o leito carroçável,Colisão com objeto,Com Vítimas Feridas,Plena Noite,Decrescente,Nublado,Simples,Declive,Não,3,0,1,1,1,0,2,1,-26.75674729,-53.24414341,SPRF-SC,DEL07/SC,UOP02-DEL07-SC,2026
765645.0,17/04/2026,sexta-feira,14:00:00,SC,282,157.1,BOM RETIRO,Ausência de reação do condutor,Colisão lateral sentido oposto,Com Vítimas Feridas,Pleno dia,Decrescente,Céu Claro,Simples,Reta,Não,6,0,0,2,3,0,2,3,-27.74269,-49.72714,SPRF-SC,DEL05/SC,UOP01-DEL05-SC,2026
765724.0,17/04/2026,sexta-feira,18:50:00,SC,282,525.9,XAXIM,Mal súbito do condutor,Saída de leito carroçável,Com Vítimas Feridas,Plena Noite,Crescente,Céu Claro,Simples,Curva,Não,1,0,1,0,0,0,1,1,-26.96739552,-52.57131243,SPRF-SC,DEL07/SC,UOP01-DEL07-SC,2026
765733.0,17/04/2026,sexta-feira,19:45:00,SC,282,4.7,SAO JOSE,Manobra de mudança de faixa,Colisão lateral mesmo sentido,Com Vítimas Feridas,Plena Noite,Decrescente,Céu Claro,Múltipla,Reta,Sim,2,0,1,0,1,0,1,2,-27.589643,-48.610412,SPRF-SC,DEL01/SC,UOP01-DEL01-SC,2026
765753.0,05/04/2026,domingo,10:10:00,SC,282,15.8,PALHOCA,Retorno proibido,Colisão transversal,Com Vítimas Feridas,Pleno dia,Crescente,Chuva,Simples,Reta,Sim,3,0,0,2,1,0,2,2,-27.657197,-48.680625,SPRF-SC,DEL01/SC,UOP02-DEL01-SC,2026
765867.0,18/04/2026,sábado,09:30:00,SC,282,0.6,FLORIANOPOLIS,Condutor deixou de manter distância do veículo da frente,Colisão traseira,Com Vítimas Feridas,Pleno dia,Decrescente,Céu Claro,Dupla,Declive;Reta,Sim,3,0,2,0,1,0,2,2,-27.599886,-48.575844,SPRF-SC,DEL01/SC,UOP01-DEL01-SC,2026
766071.0,19/04/2026,domingo,03:55:00,SC,480,129.6,CHAPECO,Velocidade Incompatível,Colisão com objeto,Com Vítimas Feridas,Plena Noite,Crescente,Céu Claro,Dupla,Curva;Aclive,Sim,1,0,1,0,0,0,1,1,-27.052198,-52.635777,SPRF-SC,DEL07/SC,UOP01-DEL07-SC,2026
766114.0,19/04/2026,domingo,06:00:00,SC,282,619.0,IRACEMINHA,Ingestão de álcool pelo condutor,Colisão frontal,Com Vítimas Feridas,Plena Noite,Decrescente,Céu Claro,Múltipla,Declive;Curva,Não,3,0,1,1,1,0,2,2,-26.7939458,-53.29768181,SPRF-SC,DEL07/SC,UOP02-DEL07-SC,2026
766128.0,19/04/2026,domingo,08:30:00,SC,282,40.0,AGUAS MORNAS,Conversão proibida,Colisão traseira,Com Vítimas Feridas,Pleno dia,Crescente,Céu Claro,Simples,Curva,Sim,3,0,1,1,1,0,2,2,-27.71523674,-48.87449384,SPRF-SC,DEL01/SC,UOP03-DEL01-SC,2026
766130.0,19/04/2026,domingo,09:50:00,SC,282,81.4,RANCHO QUEIMADO,Ausência de reação do condutor,Colisão frontal,Com Vítimas Fatais,Pleno dia,Crescente,Céu Claro,Simples,Aclive;Curva,Não,7,1,4,1,0,0,5,3,-27.66112,-49.17262,SPRF-SC,DEL01/SC,UOP03-DEL01-SC,2026
766139.0,19/04/2026,domingo,10:05:00,SC,282,458.0,PONTE SERRADA,Condutor deixou de manter distância do veículo da frente,Colisão traseira,Com Vítimas Feridas,Pleno dia,Decrescente,Céu Claro,Simples,Reta,Não,4,0,4,0,0,0,4,2,-26.888598,-51.995606,SPRF-SC,DEL07/SC,UOP04-DEL07-SC,2026
766213.0,19/04/2026,domingo,17:30:00,SC,282,581.2,PINHALZINHO,Ingestão de álcool pelo condutor,Colisão lateral sentido oposto,Com Vítimas Feridas,Anoitecer,Crescente,Céu Claro,Simples,Reta,Sim,6,0,2,0,4,0,2,3,-26.83015199,-52.99630396,SPRF-SC,DEL07/SC,UOP02-DEL07-SC,2026
766269.0,19/04/2026,domingo,18:40:00,SC,282,641.4,DESCANSO,Ausência de reação do condutor,Saída de leito carroçável,Com Vítimas Feridas,Plena Noite,Crescente,Céu Claro,Simples,Aclive;Curva,Não,5,0,1,0,4,0,1,1,-26.77553747,-53.45882893,SPRF-SC,DEL07/SC,UOP03-DEL07-SC,2026
766305.0,19/04/2026,domingo,20:45:00,SC,282,570.0,PINHALZINHO,Ultrapassagem Indevida,Colisão frontal,Com Vítimas Feridas,Plena Noite,Crescente,Céu Claro,Simples,Reta,Sim,2,0,1,1,0,0,2,2,-26.861764,-52.9787675,SPRF-SC,DEL07/SC,UOP02-DEL07-SC,2026
766448.0,05/04/2026,domingo,06:45:00,SC,480,125.2,CHAPECO,Manobra de mudança de faixa,Colisão lateral mesmo sentido,Com Vítimas Feridas,Pleno dia,Decrescente,Céu Claro,Dupla,Reta;Aclive,Não,2,0,0,1,1,0,1,2,-27.00588975,-52.64296381,SPRF-SC,DEL07/SC,UOP01-DEL07-SC,2026
766524.0,21/04/2026,terça-feira,07:00:00,SC,282,603.0,MARAVILHA,Ausência de reação do condutor,Saída de leito carroçável,Com Vítimas Feridas,Amanhecer,Decrescente,Céu Claro,Simples,Curva,Não,1,0,1,0,0,0,1,1,-26.80267,-53.188877,SPRF-SC,DEL07/SC,UOP02-DEL07-SC,2026
766547.0,21/04/2026,terça-feira,13:10:00,SC,282,96.3,ALFREDO WAGNER,Conversão proibida,Colisão frontal,Com Vítimas Feridas,Pleno dia,Decrescente,Céu Claro,Simples,Reta,Não,3,0,1,1,1,0,2,2,-27.7103685,-49.26755397,SPRF-SC,DEL01/SC,UOP03-DEL01-SC,2026
766607.0,21/04/2026,terça-feira,19:20:00,SC,282,4.2,SAO JOSE,Ausência de reação do condutor,Colisão traseira,Com Vítimas Feridas,Plena Noite,Decrescente,Céu Claro,Múltipla,Aclive;Reta,Sim,3,0,2,0,1,0,2,2,-27.59145,-48.60665,SPRF-SC,DEL01/SC,UOP01-DEL01-SC,2026
766789.0,22/04/2026,quarta-feira,16:20:00,SC,282,590.5,SAUDADES,Ingestão de álcool pelo condutor,Saída de leito carroçável,Sem Vítimas,Pleno dia,Decrescente,Céu Claro,Simples,Reta,Não,1,0,0,0,1,0,0,1,-26.82565163,-53.08685433,SPRF-SC,DEL07/SC,UOP02-DEL07-SC,2026
766938.0,23/04/2026,quinta-feira,11:00:00,SC,282,643.7,SAO MIGUEL DO OESTE,Reação tardia ou ineficiente do condutor,Tombamento,Com Vítimas Feridas,Pleno dia,Decrescente,Céu Claro,Simples,Curva,Não,1,0,0,1,0,0,1,1,-26.77027343,-53.47657296,SPRF-SC,DEL07/SC,UOP03-DEL07-SC,2026
767013.0,23/04/2026,quinta-feira,19:00:00,SC,282,505.7,XANXERE,Reação tardia ou ineficiente do condutor,Queda de ocupante de veículo,Com Vítimas Feridas,Plena Noite,Crescente,Céu Claro,Dupla,Reta,Não,1,0,1,0,0,0,1,1,-26.88599729,-52.42563558,SPRF-SC,DEL07/SC,UOP01-DEL07-SC,2026
767245.0,24/04/2026,sexta-feira,22:50:00,SC,282,20.3,PALHOCA,Reação tardia ou ineficiente do condutor,Tombamento,Com Vítimas Feridas,Plena Noite,Crescente,Céu Claro,Simples,Aclive;Reta,Sim,1,0,0,1,0,0,1,1,-27.68555,-48.71263,SPRF-SC,DEL01/SC,UOP02-DEL01-SC,2026
767335.0,25/04/2026,sábado,12:45:00,SC,282,3.9,FLORIANOPOLIS,Pedestre cruzava a pista fora da faixa,Tombamento,Com Vítimas Feridas,Pleno dia,Crescente,Garoa/Chuvisco,Múltipla,Reta,Sim,1,0,1,0,0,0,1,1,-27.592388,-48.604041,SPRF-SC,DEL01/SC,UOP01-DEL01-SC,2026
767336.0,25/04/2026,sábado,12:30:00,SC,480,128.1,CHAPECO,Acessar a via sem observar a presença dos outros veículos,Colisão frontal,Com Vítimas Fatais,Pleno dia,Crescente,Nublado,Simples,Reta,Sim,5,1,0,0,4,0,0,2,-27.03311038,-52.63384078,SPRF-SC,DEL07/SC,UOP01-DEL07-SC,2026
767367.0,25/04/2026,sábado,15:40:00,SC,282,38.1,AGUAS MORNAS,Condutor deixou de manter distância do veículo da frente,Colisão traseira,Com Vítimas Feridas,Pleno dia,Crescente,Céu Claro,Simples,Aclive;Reta,Não,2,0,1,0,1,0,1,2,-27.70984,-48.85372,SPRF-SC,DEL01/SC,UOP03-DEL01-SC,2026
767526.0,26/04/2026,domingo,11:30:00,SC,282,547.4,CHAPECO,Acessar a via sem observar a presença dos outros veículos,Colisão transversal,Sem Vítimas,Pleno dia,Crescente,Nublado,Simples,Interseção de Vias,Não,2,0,0,0,1,0,0,2,-26.9741643,-52.7445376,SPRF-SC,DEL07/SC,UOP01-DEL07-SC,2026
767547.0,26/04/2026,domingo,14:10:00,SC,282,556.0,NOVA ITABERABA,Ingestão de álcool pelo condutor,Colisão com objeto,Sem Vítimas,Pleno dia,Decrescente,Nublado,Simples,Curva;Retorno Regulamentado,Não,1,0,0,0,1,0,0,1,-26.9339432,-52.8118035,SPRF-SC,DEL07/SC,UOP01-DEL07-SC,2026
767566.0,26/04/2026,domingo,15:30:00,SC,282,5.7,SAO JOSE,Objeto estático sobre o leito carroçável,Colisão lateral mesmo sentido,Com Vítimas Feridas,Pleno dia,Crescente,Nublado,Dupla,Curva,Sim,4,0,0,1,2,0,1,3,-27.582917,-48.615187,SPRF-SC,DEL01/SC,UOP01-DEL01-SC,2026
767567.0,26/04/2026,domingo,13:30:00,SC,282,108.0,ALFREDO WAGNER,Ausência de reação do condutor,Saída de leito carroçável,Com Vítimas Feridas,Pleno dia,Decrescente,Nublado,Simples,Curva,Não,3,0,1,0,2,0,1,1,-27.70379886,-49.34899203,SPRF-SC,DEL01/SC,UOP03-DEL01-SC,2026
767686.0,27/04/2026,segunda-feira,05:15:00,SC,282,19.3,PALHOCA,Condutor Dormindo,Colisão frontal,Com Vítimas Feridas,Plena Noite,Decrescente,Céu Claro,Simples,Reta,Sim,5,0,4,1,0,0,5,2,-27.68077655,-48.70520938,SPRF-SC,DEL01/SC,UOP02-DEL01-SC,2026
767810.0,27/04/2026,segunda-feira,15:30:00,SC,282,16.0,PALHOCA,Ausência de reação do condutor,Colisão lateral mesmo sentido,Com Vítimas Feridas,Pleno dia,Crescente,Céu Claro,Simples,Reta,Sim,2,0,1,0,1,0,1,2,-27.65722705,-48.68071222,SPRF-SC,DEL01/SC,UOP02-DEL01-SC,2026
767869.0,27/04/2026,segunda-feira,18:30:00,SC,282,383.4,JOACABA,Reação tardia ou ineficiente do condutor,Colisão lateral mesmo sentido,Com Vítimas Feridas,Plena Noite,Decrescente,Céu Claro,Simples,Interseção de Vias,Sim,2,0,1,0,1,0,1,2,-27.2035,-51.5103,SPRF-SC,DEL07/SC,UOP05-DEL07-SC,2026
767976.0,28/04/2026,terça-feira,11:13:00,SC,282,505.9,XANXERE,Ausência de reação do condutor,Colisão traseira,Com Vítimas Feridas,Pleno dia,Crescente,Céu Claro,Dupla,Em Obras;Declive;Reta,Não,3,0,2,0,1,0,2,2,-26.8859809,-52.42581367,SPRF-SC,DEL07/SC,UOP01-DEL07-SC,2026
768095.0,28/04/2026,terça-feira,20:35:00,SC,282,503.8,XANXERE,Velocidade Incompatível,Saída de leito carroçável,Com Vítimas Fatais,Plena Noite,Decrescente,Chuva,Dupla,Curva,Sim,3,1,2,0,0,0,2,1,-26.88254446,-52.40420866,SPRF-SC,DEL07/SC,UOP01-DEL07-SC,2026
768144.0,29/04/2026,quarta-feira,08:40:00,SC,282,4.1,FLORIANOPOLIS,Manobra de mudança de faixa,Colisão lateral mesmo sentido,Com Vítimas Feridas,Pleno dia,Crescente,Chuva,Dupla,Reta,Sim,2,0,1,0,1,0,1,2,-27.59271053,-48.60355552,SPRF-SC,DEL01/SC,UOP01-DEL01-SC,2026
768178.0,29/04/2026,quarta-feira,11:25:00,SC,282,428.0,VARGEM BONITA,Chuva,Capotamento,Sem Vítimas,Pleno dia,Crescente,Chuva,Simples,Curva,Não,1,0,0,0,1,0,0,1,-26.97983622,-51.79763854,SPRF-SC,DEL07/SC,UOP05-DEL07-SC,2026
768255.0,29/04/2026,quarta-feira,12:15:00,SC,282,503.3,XANXERE,Ausência de reação do condutor,Colisão lateral mesmo sentido,Com Vítimas Feridas,Pleno dia,Crescente,Céu Claro,Simples,Reta,Não,3,0,0,1,2,0,1,2,-26.884335,-52.40049362,SPRF-SC,DEL07/SC,UOP01-DEL07-SC,2026
768333.0,30/04/2026,quinta-feira,02:20:00,SC,282,589.8,SAUDADES,Condutor Dormindo,Saída de leito carroçável,Com Vítimas Feridas,Plena Noite,Crescente,Garoa/Chuvisco,Simples,Aclive,Não,1,0,1,0,0,0,1,1,-26.82630069,-53.05080827,SPRF-SC,DEL07/SC,UOP02-DEL07-SC,2026
768483.0,22/04/2026,quarta-feira,19:21:00,SC,282,137.0,BOM RETIRO,Condutor deixou de manter distância do veículo da frente,Colisão traseira,Com Vítimas Feridas,Plena Noite,Crescente,Céu Claro,Simples,Reta,Sim,3,0,2,0,1,0,2,2,-27.82196569,-49.56762719,SPRF-SC,DEL05/SC,UOP01-DEL05-SC,2026
768526.0,30/04/2026,quinta-feira,18:45:00,SC,282,225.0,LAGES,Animais na Pista,Atropelamento de Animal,Com Vítimas Feridas,Plena Noite,Decrescente,Céu Claro,Simples,Reta,Não,6,0,1,1,4,0,2,4,-27.7949031,-50.3862059,SPRF-SC,DEL05/SC,UOP02-DEL05-SC,2026
768583.0,30/04/2026,quinta-feira,16:30:00,SC,282,501.4,XANXERE,Acessar a via sem observar a presença dos outros veículos,Colisão transversal,Com Vítimas Fatais,Pleno dia,Crescente,Sol,Dupla,Rotatória,Não,2,1,0,0,1,0,0,2,-26.8828766,-52.3806443,SPRF-SC,DEL07/SC,UOP01-DEL07-SC,2026
768610.0,01/05/2026,sexta-feira,05:00:00,SC,282,16.0,PALHOCA,Reação tardia ou ineficiente do condutor,Saída de leito carroçável,Sem Vítimas,Plena Noite,Decrescente,Nublado,Simples,Reta,Sim,1,0,0,0,1,0,0,1,-27.64325,-48.686741,SPRF-SC,DEL01/SC,UOP02-DEL01-SC,2026
768729.0,01/05/2026,sexta-feira,14:45:00,SC,282,429.0,VARGEM BONITA,Ingestão de álcool pelo condutor,Saída de leito carroçável,Com Vítimas Feridas,Pleno dia,Decrescente,Céu Claro,Simples,Declive;Reta,Não,3,0,0,3,0,0,3,1,-26.978993,-51.783684,SPRF-SC,DEL07/SC,UOP05-DEL07-SC,2026
768743.0,01/05/2026,sexta-feira,16:00:00,SC,282,456.0,PONTE SERRADA,Acessar a via sem observar a presença dos outros veículos,Colisão transversal,Com Vítimas Fatais,Pleno dia,Crescente,Céu Claro,Simples,Interseção de Vias,Não,4,1,0,2,0,0,2,4,-26.890564,-51.985697,SPRF-SC,DEL07/SC,UOP04-DEL07-SC,2026
768827.0,01/05/2026,sexta-feira,23:35:00,SC,282,33.0,AGUAS MORNAS,Velocidade Incompatível,Saída de leito carroçável,Com Vítimas Feridas,Plena Noite,Decrescente,Céu Claro,Simples,Curva;Declive,Não,1,0,1,0,0,0,1,1,-27.7066,-48.8083,SPRF-SC,DEL01/SC,UOP03-DEL01-SC,2026
768904.0,02/05/2026,sábado,09:40:00,SC,282,49.7,AGUAS MORNAS,Velocidade Incompatível,Colisão frontal,Com Vítimas Feridas,Pleno dia,Crescente,Chuva,Simples,Curva;Aclive,Não,4,0,0,2,2,0,2,2,-27.7091907,-48.95051686,SPRF-SC,DEL01/SC,UOP03-DEL01-SC,2026
768922.0,10/04/2026,sexta-feira,06:45:00,SC,282,17.1,PALHOCA,Ausência de reação do condutor,Colisão lateral mesmo sentido,Com Vítimas Feridas,Pleno dia,Decrescente,Nublado,Simples,Reta,Sim,2,0,0,2,0,0,2,2,-27.666895,-48.688907,SPRF-SC,DEL01/SC,UOP02-DEL01-SC,2026
769224.0,03/05/2026,domingo,18:15:00,SC,282,1.4,FLORIANOPOLIS,Reação tardia ou ineficiente do condutor,Colisão traseira,Com Vítimas Feridas,Anoitecer,Decrescente,Céu Claro,Múltipla,Reta,Não,2,0,1,0,1,0,1,2,-27.603489,-48.588442,SPRF-SC,DEL01/SC,UOP01-DEL01-SC,2026
769265.0,30/04/2026,quinta-feira,21:00:00,SC,282,543.8,CHAPECO,Ingestão de álcool pelo condutor,Colisão traseira,Com Vítimas Feridas,Plena Noite,Decrescente,Nublado,Simples,Aclive;Reta,Não,3,0,0,1,1,0,1,3,-27.000393,-52.712055,SPRF-SC,DEL07/SC,UOP01-DEL07-SC,2026
769278.0,03/05/2026,domingo,20:45:00,SC,282,108.2,ALFREDO WAGNER,Reação tardia ou ineficiente do condutor,Saída de leito carroçável,Com Vítimas Feridas,Plena Noite,Crescente,Nublado,Simples,Aclive;Reta,Não,6,0,1,3,2,0,4,1,-27.71132,-49.35679,SPRF-SC,DEL01/SC,UOP03-DEL01-SC,2026
769432.0,02/05/2026,sábado,09:40:00,SC,282,618.0,IRACEMINHA,Chuva,Saída de leito carroçável,Com Vítimas Feridas,Pleno dia,Decrescente,Chuva,Simples,Curva,Não,3,0,1,0,2,0,1,1,-26.78265455,-53.28575749,SPRF-SC,DEL07/SC,UOP02-DEL07-SC,2026
769520.0,04/05/2026,segunda-feira,21:50:00,SC,282,38.9,AGUAS MORNAS,Velocidade Incompatível,Saída de leito carroçável,Com Vítimas Feridas,Plena Noite,Decrescente,Chuva,Simples,Curva,Não,3,0,1,0,2,0,1,1,-27.71268,-48.8597,SPRF-SC,DEL01/SC,UOP03-DEL01-SC,2026
769522.0,04/05/2026,segunda-feira,22:25:00,SC,282,218.0,LAGES,Velocidade Incompatível,Colisão com objeto,Com Vítimas Feridas,Plena Noite,Crescente,Garoa/Chuvisco,Dupla,Reta,Sim,1,0,0,1,0,0,1,1,-27.79773956,-50.31019298,SPRF-SC,DEL05/SC,UOP01-DEL05-SC,2026
769524.0,04/05/2026,segunda-feira,23:00:00,SC,282,547.0,CHAPECO,Velocidade Incompatível,Saída de leito carroçável,Com Vítimas Feridas,Plena Noite,Crescente,Céu Claro,Simples,Interseção de Vias;Rotatória,Não,2,0,1,0,1,0,1,1,-26.9743497,-52.7449745,SPRF-SC,DEL07/SC,UOP01-DEL07-SC,2026
769539.0,05/05/2026,terça-feira,04:10:00,SC,282,56.1,RANCHO QUEIMADO,Ausência de reação do condutor,Saída de leito carroçável,Com Vítimas Feridas,Plena Noite,Crescente,Nublado,Simples,Reta,Não,2,0,0,2,0,0,2,1,-27.690238,-48.992125,SPRF-SC,DEL01/SC,UOP03-DEL01-SC,2026
769643.0,05/05/2026,terça-feira,17:35:00,SC,282,16.8,PALHOCA,Conversão proibida,Colisão traseira,Com Vítimas Feridas,Anoitecer,Decrescente,Céu Claro,Simples,Reta,Sim,2,0,1,0,1,0,1,2,-27.66454233,-48.68715419,SPRF-SC,DEL01/SC,UOP02-DEL01-SC,2026
769657.0,05/05/2026,terça-feira,18:00:00,SC,282,2.2,FLORIANOPOLIS,Condutor deixou de manter distância do veículo da frente,Colisão traseira,Com Vítimas Feridas,Anoitecer,Decrescente,Céu Claro,Múltipla,Reta,Sim,3,0,1,0,1,0,1,3,-27.60322412,-48.59132616,SPRF-SC,DEL01/SC,UOP01-DEL01-SC,2026
769663.0,05/05/2026,terça-feira,18:30:00,SC,282,3.7,FLORIANOPOLIS,Trafegar com motocicleta (ou similar) entre as faixas,Colisão transversal,Com Vítimas Feridas,Plena Noite,Crescente,Céu Claro,Simples,Reta,Sim,3,0,2,0,1,0,2,2,-27.59355,-48.60223,SPRF-SC,DEL01/SC,UOP01-DEL01-SC,2026
769846.0,06/05/2026,quarta-feira,14:20:00,SC,282,31.7,ARAQUARI,Desrespeitar a preferência no cruzamento,Colisão transversal,Sem Vítimas,Pleno dia,Decrescente,Sol,Simples,Rotatória,Sim,2,0,0,0,2,0,0,2,-26.418017,-48.778603,SPRF-SC,DEL01/SC,UOP03-DEL01-SC,2026
769853.0,06/05/2026,quarta-feira,14:45:00,SC,282,4.6,SAO JOSE,Condutor deixou de manter distância do veículo da frente,Colisão traseira,Com Vítimas Feridas,Pleno dia,Crescente,Sol,Múltipla,Reta,Sim,3,0,2,0,1,0,2,2,-27.58986,-48.60956,SPRF-SC,DEL01/SC,UOP01-DEL01-SC,2026
769876.0,06/05/2026,quarta-feira,16:00:00,SC,282,32.6,SANTO AMARO DA IMPERATRIZ,Acessar a via sem observar a presença dos outros veículos,Tombamento,Com Vítimas Feridas,Pleno dia,Crescente,Céu Claro,Simples,Curva;Interseção de Vias;Rotatória,Sim,2,0,1,0,0,0,1,2,-27.704283,-48.805555,SPRF-SC,DEL01/SC,UOP03-DEL01-SC,2026
770135.0,07/05/2026,quinta-feira,22:50:00,SC,282,30.9,SANTO AMARO DA IMPERATRIZ,Velocidade Incompatível,Saída de leito carroçável,Com Vítimas Feridas,Plena Noite,Decrescente,Nublado,Simples,Curva,Não,1,0,0,1,0,0,1,1,-27.695463,-48.793202,SPRF-SC,DEL01/SC,UOP03-DEL01-SC,2026
770305.0,08/05/2026,sexta-feira,16:00:00,SC,282,128.0,BOM RETIRO,Acessar a via sem observar a presença dos outros veículos,Colisão transversal,Com Vítimas Feridas,Pleno dia,Crescente,Chuva,Simples,Reta;Interseção de Vias,Sim,4,0,1,0,3,0,1,2,-27.8039387,-49.4877419,SPRF-SC,DEL05/SC,UOP01-DEL05-SC,2026