id,data_inversa,dia_semana,horario,uf,br,km,municipio,causa_acidente,tipo_acidente,classificacao_acidente,fase_dia,sentido_via,condicao_metereologica,tipo_pista,tracado_via,uso_solo,pessoas,mortos,feridos_leves,feridos_graves,ilesos,ignorados,feridos,veiculos,latitude,longitude,regional,delegacia,uop,ano_arquivo
770552.0,09/05/2026,sábado,17:30:00,SC,282,479.0,FAXINAL DOS GUEDES,Reação tardia ou ineficiente do condutor,Saída de leito carroçável,Com Vítimas Feridas,Pleno dia,Crescente,Nublado,Simples,Curva,Não,1,0,0,1,0,0,1,1,-26.865703,-52.2072679,SPRF-SC,DEL07/SC,UOP01-DEL07-SC,2026
770571.0,09/05/2026,sábado,17:10:00,SC,282,334.0,CAMPOS NOVOS,Reação tardia ou ineficiente do condutor,Colisão lateral mesmo sentido,Sem Vítimas,Anoitecer,Crescente,Garoa/Chuvisco,Simples,Reta;Declive,Não,2,0,0,0,2,0,0,2,-27.393453,-51.14018,SPRF-SC,DEL07/SC,UOP06-DEL07-SC,2026
770612.0,09/05/2026,sábado,20:30:00,SC,282,247.0,SAO JOSE DO CERRITO,Ingestão de álcool pelo condutor,Saída de leito carroçável,Com Vítimas Feridas,Plena Noite,Decrescente,Nublado,Simples,Declive;Reta,Não,1,0,1,0,0,0,1,1,-27.7155872,-50.5290654,SPRF-SC,DEL05/SC,UOP02-DEL05-SC,2026
770620.0,09/05/2026,sábado,21:00:00,SC,282,38.0,AGUAS MORNAS,Velocidade Incompatível,Saída de leito carroçável,Com Vítimas Feridas,Plena Noite,Decrescente,Chuva,Simples,Curva,Não,2,0,1,0,1,0,1,1,-27.71326,-48.85811,SPRF-SC,DEL01/SC,UOP03-DEL01-SC,2026
770632.0,09/05/2026,sábado,21:50:00,SC,282,576.0,PINHALZINHO,Ausência de reação do condutor,Capotamento,Com Vítimas Feridas,Plena Noite,Crescente,Céu Claro,Simples,Reta,Não,2,0,2,0,0,0,2,1,-26.867384,-52.965162,SPRF-SC,DEL07/SC,UOP02-DEL07-SC,2026
770634.0,09/05/2026,sábado,22:20:00,SC,282,224.4,LAGES,Ausência de reação do condutor,Saída de leito carroçável,Com Vítimas Feridas,Plena Noite,Crescente,Nublado,Simples,Curva,Não,2,0,1,0,1,0,1,1,-27.7932169,-50.3719956,SPRF-SC,DEL05/SC,UOP02-DEL05-SC,2026
770685.0,10/05/2026,domingo,04:20:00,SC,282,0.4,FLORIANOPOLIS,Reação tardia ou ineficiente do condutor,Colisão com objeto,Com Vítimas Feridas,Plena Noite,Crescente,Chuva,Dupla,Reta,Sim,1,0,1,0,0,0,1,1,-27.59928,-48.57528,SPRF-SC,DEL01/SC,UOP01-DEL01-SC,2026
770747.0,10/05/2026,domingo,11:40:00,SC,282,196.0,BIGUACU,Condutor deixou de manter distância do veículo da frente,Colisão traseira,Com Vítimas Feridas,Pleno dia,Decrescente,Céu Claro,Dupla,Reta,Sim,3,0,1,0,1,0,1,2,-27.51091838,-48.64285195,SPRF-SC,DEL05/SC,UOP01-DEL05-SC,2026
770825.0,10/05/2026,domingo,15:10:00,SC,282,658.0,SAO MIGUEL DO OESTE,Ingestão de álcool pelo condutor,Saída de leito carroçável,Com Vítimas Feridas,Pleno dia,Crescente,Nublado,Simples,Declive;Reta,Não,1,0,1,0,0,0,1,1,-26.67858117,-53.55937958,SPRF-SC,DEL07/SC,UOP03-DEL07-SC,2026
770853.0,10/05/2026,domingo,18:15:00,SC,282,575.0,PINHALZINHO,Condutor deixou de manter distância do veículo da frente,Colisão traseira,Sem Vítimas,Plena Noite,Crescente,Nublado,Simples,Reta,Não,2,0,0,0,2,0,0,2,-26.86861532,-52.96330114,SPRF-SC,DEL07/SC,UOP02-DEL07-SC,2026
770939.0,11/05/2026,segunda-feira,00:10:00,SC,480,127.5,CHAPECO,Velocidade Incompatível,Saída de leito carroçável,Com Vítimas Fatais,Plena Noite,Decrescente,Céu Claro,Múltipla,Reta;Aclive,Não,1,1,0,0,0,0,0,1,-27.02338164,-52.63479614,SPRF-SC,DEL07/SC,UOP01-DEL07-SC,2026
771002.0,11/05/2026,segunda-feira,09:45:00,SC,282,3.0,FLORIANOPOLIS,Manobra de mudança de faixa,Queda de ocupante de veículo,Com Vítimas Feridas,Pleno dia,Decrescente,Sol,Múltipla,Reta,Sim,1,0,1,0,0,0,1,1,-27.60012785,-48.59984636,SPRF-SC,DEL01/SC,UOP01-DEL01-SC,2026
771052.0,11/05/2026,segunda-feira,14:05:00,SC,282,32.9,AGUAS MORNAS,Condutor Dormindo,Colisão frontal,Com Vítimas Feridas,Pleno dia,Crescente,Céu Claro,Simples,Reta;Declive,Não,4,0,3,0,1,0,3,2,-27.7047,-48.81192,SPRF-SC,DEL01/SC,UOP03-DEL01-SC,2026
771056.0,11/05/2026,segunda-feira,15:30:00,SC,282,538.8,CHAPECO,Demais falhas na via,Saída de leito carroçável,Com Vítimas Feridas,Pleno dia,Crescente,Céu Claro,Simples,Curva,Não,1,0,0,1,0,0,1,1,-26.991309,-52.686318,SPRF-SC,DEL07/SC,UOP01-DEL07-SC,2026
771058.0,11/05/2026,segunda-feira,15:30:00,SC,282,5.6,SAO JOSE,Mal súbito do condutor,Colisão lateral mesmo sentido,Com Vítimas Feridas,Pleno dia,Crescente,Céu Claro,Dupla,Curva,Sim,3,0,1,0,2,0,1,2,-27.58455,-48.616992,SPRF-SC,DEL01/SC,UOP01-DEL01-SC,2026
771234.0,12/05/2026,terça-feira,07:55:00,SC,282,617.0,IRACEMINHA,Transitar na contramão,Colisão frontal,Com Vítimas Feridas,Pleno dia,Crescente,Céu Claro,Simples,Curva,Não,4,0,2,0,2,0,2,2,-26.783146,-53.288056,SPRF-SC,DEL07/SC,UOP02-DEL07-SC,2026
771251.0,28/04/2026,terça-feira,11:45:00,SC,282,580.0,PINHALZINHO,Condutor deixou de manter distância do veículo da frente,Colisão traseira,Com Vítimas Feridas,Pleno dia,Decrescente,Céu Claro,Simples,Reta,Sim,2,0,1,0,1,0,1,2,-26.836677,-52.988268,SPRF-SC,DEL07/SC,UOP02-DEL07-SC,2026
771258.0,12/05/2026,terça-feira,08:00:00,SC,480,128.0,CHAPECO,Condutor deixou de manter distância do veículo da frente,Colisão traseira,Com Vítimas Feridas,Pleno dia,Crescente,Céu Claro,Simples,Reta,Não,2,0,1,0,1,0,1,2,-27.03408082,-52.63375998,SPRF-SC,DEL07/SC,UOP01-DEL07-SC,2026
771638.0,14/05/2026,quinta-feira,12:10:00,SC,282,606.0,MARAVILHA,Desrespeitar a preferência no cruzamento,Colisão transversal,Com Vítimas Feridas,Pleno dia,Decrescente,Sol,Simples,Reta;Em Obras;Desvio Temporário,Sim,2,0,0,1,1,0,1,2,-26.77440826,-53.20400398,SPRF-SC,DEL07/SC,UOP02-DEL07-SC,2026
771688.0,14/05/2026,quinta-feira,19:00:00,SC,282,3.9,FLORIANOPOLIS,Reação tardia ou ineficiente do condutor,Colisão traseira,Sem Vítimas,Plena Noite,Crescente,Céu Claro,Múltipla,Reta,Não,2,0,0,0,2,0,0,2,-27.59618868,-48.6009392,SPRF-SC,DEL01/SC,UOP01-DEL01-SC,2026
771694.0,14/05/2026,quinta-feira,19:00:00,SC,282,3.9,FLORIANOPOLIS,Manobra de mudança de faixa,Colisão lateral mesmo sentido,Com Vítimas Feridas,Plena Noite,Crescente,Céu Claro,Múltipla,Reta,Sim,4,0,2,0,2,0,2,4,-27.595275,-48.601171,SPRF-SC,DEL01/SC,UOP01-DEL01-SC,2026
771719.0,14/05/2026,quinta-feira,18:20:00,SC,480,130.8,CHAPECO,Reação tardia ou ineficiente do condutor,Colisão traseira,Com Vítimas Feridas,Plena Noite,Crescente,Céu Claro,Simples,Interseção de Vias;Reta,Não,2,0,1,0,1,0,1,2,-27.057467,-52.636597,SPRF-SC,DEL07/SC,UOP01-DEL07-SC,2026
771751.0,15/05/2026,sexta-feira,03:49:00,SC,282,492.0,FAXINAL DOS GUEDES,Reação tardia ou ineficiente do condutor,Saída de leito carroçável,Sem Vítimas,Plena Noite,Decrescente,Chuva,Simples,Rotatória,Não,1,0,0,0,1,0,0,1,-26.87182234,-52.3001408,SPRF-SC,DEL07/SC,UOP01-DEL07-SC,2026
771778.0,15/05/2026,sexta-feira,07:30:00,SC,282,17.4,PALHOCA,Ultrapassagem Indevida,Colisão lateral mesmo sentido,Com Vítimas Feridas,Amanhecer,Crescente,Nublado,Simples,Reta,Sim,2,0,1,0,0,0,1,2,-27.66913,-48.69127,SPRF-SC,DEL01/SC,UOP02-DEL01-SC,2026
771962.0,16/05/2026,sábado,03:20:00,SC,282,533.0,CORDILHEIRA ALTA,Ingestão de álcool pelo condutor,Saída de leito carroçável,Com Vítimas Feridas,Plena Noite,Crescente,Nevoeiro/Neblina,Múltipla,Curva;Aclive,Não,1,0,1,0,0,0,1,1,-26.99486828,-52.62720156,SPRF-SC,DEL07/SC,UOP01-DEL07-SC,2026
772139.0,16/05/2026,sábado,20:15:00,SC,282,15.7,PALHOCA,Condutor deixou de manter distância do veículo da frente,Colisão lateral mesmo sentido,Com Vítimas Feridas,Plena Noite,Crescente,Nublado,Simples,Reta,Sim,2,0,1,0,1,0,1,2,-27.657565,-48.680275,SPRF-SC,DEL01/SC,UOP02-DEL01-SC,2026
772313.0,17/05/2026,domingo,15:30:00,SC,282,160.5,BOM RETIRO,Falta de elemento de contenção que evite a saída do leito carroçável,Saída de leito carroçável,Com Vítimas Feridas,Pleno dia,Decrescente,Céu Claro,Simples,Aclive;Curva,Não,4,0,1,0,3,0,1,1,-27.7324724,-49.758074,SPRF-SC,DEL05/SC,UOP01-DEL05-SC,2026
772373.0,17/05/2026,domingo,20:30:00,SC,282,5.4,SAO JOSE,Reação tardia ou ineficiente do condutor,Tombamento,Com Vítimas Feridas,Plena Noite,Decrescente,Garoa/Chuvisco,Múltipla,Curva,Não,1,0,1,0,0,0,1,1,-27.584591,-48.6172305,SPRF-SC,DEL01/SC,UOP01-DEL01-SC,2026
772544.0,18/05/2026,segunda-feira,12:20:00,SC,282,216.0,LAGES,Acessar a via sem observar a presença dos outros veículos,Colisão traseira,Sem Vítimas,Pleno dia,Crescente,Céu Claro,Simples,Aclive;Reta,Sim,2,0,0,0,2,0,0,2,-27.797607,-50.293588,SPRF-SC,DEL05/SC,UOP01-DEL05-SC,2026
772546.0,06/05/2026,quarta-feira,06:50:00,SC,282,398.6,JOACABA,Condutor deixou de manter distância do veículo da frente,Colisão traseira,Com Vítimas Feridas,Pleno dia,Decrescente,Céu Claro,Simples,Reta,Não,2,0,1,0,1,0,1,2,-27.146492,-51.61275,SPRF-SC,DEL07/SC,UOP05-DEL07-SC,2026
772577.0,13/05/2026,quarta-feira,10:30:00,SC,282,0.5,FLORIANOPOLIS,Reação tardia ou ineficiente do condutor,Engavetamento,Com Vítimas Feridas,Pleno dia,Decrescente,Céu Claro,Múltipla,Declive;Reta,Sim,9,0,2,0,7,0,2,7,-27.59839219,-48.57259361,SPRF-SC,DEL01/SC,UOP01-DEL01-SC,2026
772664.0,19/05/2026,terça-feira,00:36:00,SC,282,0.0,FLORIANOPOLIS,Ingestão de álcool pelo condutor,Tombamento,Sem Vítimas,Plena Noite,Crescente,Céu Claro,Múltipla,Reta,Sim,1,0,0,0,1,0,0,1,-27.59865,-48.57363,SPRF-SC,DEL01/SC,UOP01-DEL01-SC,2026
772694.0,19/05/2026,terça-feira,07:30:00,SC,282,17.3,PALHOCA,Animais na Pista,Atropelamento de Animal,Com Vítimas Feridas,Pleno dia,Crescente,Céu Claro,Simples,Reta,Não,2,0,2,0,0,0,2,1,-27.66607989,-48.68770346,SPRF-SC,DEL01/SC,UOP02-DEL01-SC,2026
772730.0,19/05/2026,terça-feira,09:55:00,SC,282,392.0,JOACABA,Acesso irregular,Colisão transversal,Com Vítimas Feridas,Pleno dia,Crescente,Céu Claro,Simples,Interseção de Vias,Não,4,0,1,0,3,0,1,2,-27.16775731,-51.56005111,SPRF-SC,DEL07/SC,UOP05-DEL07-SC,2026
772764.0,19/05/2026,terça-feira,13:40:00,SC,282,1.5,FLORIANOPOLIS,Manobra de mudança de faixa,Colisão traseira,Com Vítimas Feridas,Pleno dia,Decrescente,Céu Claro,Múltipla,Reta,Sim,3,0,2,0,1,0,2,2,-27.599518,-48.575458,SPRF-SC,DEL01/SC,UOP01-DEL01-SC,2026
772769.0,19/05/2026,terça-feira,01:30:00,SC,282,68.4,RANCHO QUEIMADO,Reação tardia ou ineficiente do condutor,Colisão frontal,Com Vítimas Feridas,Plena Noite,Decrescente,Nublado,Simples,Curva,Não,2,0,0,1,0,0,1,2,-27.70000962,-49.06289287,SPRF-SC,DEL01/SC,UOP03-DEL01-SC,2026
772832.0,19/05/2026,terça-feira,20:10:00,SC,282,16.4,PALHOCA,Reação tardia ou ineficiente do condutor,Colisão traseira,Com Vítimas Feridas,Plena Noite,Crescente,Nublado,Simples,Reta,Sim,2,0,1,0,1,0,1,2,-27.6621682,-48.6850932,SPRF-SC,DEL01/SC,UOP02-DEL01-SC,2026
772848.0,19/05/2026,terça-feira,16:19:00,SC,282,36.3,AGUAS MORNAS,Ausência de reação do condutor,Colisão traseira,Com Vítimas Feridas,Pleno dia,Crescente,Nublado,Simples,Curva,Não,2,0,1,0,1,0,1,2,-27.70423,-48.83714,SPRF-SC,DEL01/SC,UOP03-DEL01-SC,2026
772849.0,19/05/2026,terça-feira,16:20:00,SC,282,32.6,SANTO AMARO DA IMPERATRIZ,Ausência de reação do condutor,Colisão traseira,Com Vítimas Feridas,Pleno dia,Decrescente,Nublado,Simples,Interseção de Vias,Sim,2,0,1,0,1,0,1,2,-27.70472,-48.80528,SPRF-SC,DEL01/SC,UOP03-DEL01-SC,2026
772870.0,16/05/2026,sábado,04:00:00,SC,282,646.0,SAO MIGUEL DO OESTE,Ingestão de álcool pelo condutor,Colisão lateral sentido oposto,Sem Vítimas,Plena Noite,Decrescente,Céu Claro,Múltipla,Reta,Sim,2,0,0,0,1,0,0,2,-26.76229005,-53.49909352,SPRF-SC,DEL07/SC,UOP03-DEL07-SC,2026
772980.0,20/05/2026,quarta-feira,18:00:00,SC,282,510.2,XANXERE,Acessar a via sem observar a presença dos outros veículos,Colisão transversal,Com Vítimas Feridas,Plena Noite,Crescente,Céu Claro,Simples,Reta,Não,2,0,1,0,1,0,1,2,-26.89535542,-52.46259062,SPRF-SC,DEL07/SC,UOP01-DEL07-SC,2026
773276.0,12/02/2026,quinta-feira,18:10:00,SC,282,645.0,SAO MIGUEL DO OESTE,Acessar a via sem observar a presença dos outros veículos,Tombamento,Com Vítimas Feridas,Plena Noite,Decrescente,Céu Claro,Simples,Reta,Sim,4,0,1,0,2,0,1,2,-26.76211634,-53.49940237,SPRF-SC,DEL07/SC,UOP03-DEL07-SC,2026
773371.0,22/05/2026,sexta-feira,12:20:00,SC,282,553.5,NOVA ITABERABA,Acessar a via sem observar a presença dos outros veículos,Colisão transversal,Com Vítimas Feridas,Pleno dia,Crescente,Nublado,Simples,Declive,Não,4,0,2,0,2,0,2,2,-26.939407,-52.790882,SPRF-SC,DEL07/SC,UOP01-DEL07-SC,2026
773424.0,22/05/2026,sexta-feira,17:00:00,SC,282,612.8,MARAVILHA,Velocidade Incompatível,Colisão frontal,Com Vítimas Fatais,Pleno dia,Crescente,Chuva,Simples,Reta,Não,3,1,1,0,0,0,1,3,-26.764303,-53.25412,SPRF-SC,DEL07/SC,UOP02-DEL07-SC,2026
773474.0,23/05/2026,sábado,02:00:00,SC,282,384.0,JOACABA,Desvio temporário,Colisão traseira,Sem Vítimas,Plena Noite,Decrescente,Chuva,Simples,Reta;Ponte;Em Obras,Não,2,0,0,0,2,0,0,2,-27.2014727,-51.50875568,SPRF-SC,DEL07/SC,UOP05-DEL07-SC,2026
773502.0,23/05/2026,sábado,06:00:00,SC,282,5.1,SAO JOSE,Ausência de sinalização,Colisão traseira,Sem Vítimas,Plena Noite,Crescente,Céu Claro,Dupla,Reta,Sim,3,0,0,0,2,0,0,2,-27.587885,-48.61361,SPRF-SC,DEL01/SC,UOP01-DEL01-SC,2026
773535.0,23/05/2026,sábado,08:30:00,SC,282,515.7,XAXIM,Acumulo de água sobre o pavimento,Saída de leito carroçável,Com Vítimas Feridas,Pleno dia,Decrescente,Nevoeiro/Neblina,Múltipla,Curva;Declive,Não,1,0,1,0,0,0,1,1,-26.928387,-52.499141,SPRF-SC,DEL07/SC,UOP01-DEL07-SC,2026
773548.0,23/05/2026,sábado,06:20:00,SC,282,629.9,IRACEMINHA,Neblina,Saída de leito carroçável,Com Vítimas Feridas,Amanhecer,Crescente,Nevoeiro/Neblina,Simples,Curva;Ponte,Não,2,0,1,1,0,0,2,1,-26.82104,-53.38267414,SPRF-SC,DEL07/SC,UOP03-DEL07-SC,2026
773564.0,23/05/2026,sábado,13:30:00,SC,282,4.9,SAO JOSE,Ausência de reação do condutor,Tombamento,Com Vítimas Feridas,Pleno dia,Decrescente,Nublado,Dupla,Reta,Sim,2,0,1,0,0,0,1,1,-27.58848,-48.61284,SPRF-SC,DEL01/SC,UOP01-DEL01-SC,2026
773570.0,23/05/2026,sábado,14:15:00,SC,282,535.0,CHAPECO,Acessar a via sem observar a presença dos outros veículos,Colisão transversal,Com Vítimas Feridas,Pleno dia,Crescente,Nublado,Simples,Curva;Rotatória,Não,7,0,1,0,6,0,1,2,-26.99963653,-52.64640634,SPRF-SC,DEL07/SC,UOP01-DEL07-SC,2026
773598.0,23/05/2026,sábado,15:00:00,SC,282,445.7,PONTE SERRADA,Reação tardia ou ineficiente do condutor,Colisão traseira,Com Vítimas Feridas,Pleno dia,Decrescente,Nublado,Simples,Curva;Aclive,Não,3,0,2,0,1,0,2,2,-26.9153352,-51.90422058,SPRF-SC,DEL07/SC,UOP04-DEL07-SC,2026
773679.0,23/05/2026,sábado,23:50:00,SC,282,335.7,CAMPOS NOVOS,Velocidade Incompatível,Colisão com objeto,Com Vítimas Feridas,Plena Noite,Crescente,Céu Claro,Simples,Reta;Ponte,Não,1,0,0,1,0,0,1,1,-27.387224,-51.113983,SPRF-SC,DEL07/SC,UOP06-DEL07-SC,2026
773681.0,23/05/2026,sábado,23:35:00,SC,282,342.7,CAMPOS NOVOS,Ingestão de álcool pelo condutor,Colisão traseira,Com Vítimas Feridas,Plena Noite,Crescente,Nublado,Simples,Declive;Reta,Sim,2,0,0,1,1,0,1,2,-27.388397,-51.230023,SPRF-SC,DEL07/SC,UOP06-DEL07-SC,2026
773695.0,24/05/2026,domingo,02:05:00,SC,282,559.0,NOVA ITABERABA,Ingestão de álcool pelo condutor,Saída de leito carroçável,Com Vítimas Feridas,Plena Noite,Decrescente,Nevoeiro/Neblina,Simples,Curva,Não,3,0,2,0,1,0,2,1,-26.927376,-52.855829,SPRF-SC,DEL07/SC,UOP01-DEL07-SC,2026
773747.0,23/05/2026,sábado,05:30:00,SC,282,592.8,SAUDADES,Ingestão de álcool pelo condutor,Saída de leito carroçável,Sem Vítimas,Plena Noite,Crescente,Nevoeiro/Neblina,Simples,Curva;Declive,Não,1,0,0,0,0,1,0,1,-26.82597706,-53.1018392,SPRF-SC,DEL07/SC,UOP02-DEL07-SC,2026
773816.0,24/05/2026,domingo,15:00:00,SC,282,160.0,BOM RETIRO,Acessar a via sem observar a presença dos outros veículos,Colisão transversal,Com Vítimas Fatais,Pleno dia,Decrescente,Céu Claro,Simples,Reta,Não,4,1,1,0,1,0,1,3,-27.7346233,-49.753395,SPRF-SC,DEL05/SC,UOP01-DEL05-SC,2026
773853.0,24/05/2026,domingo,17:20:00,SC,282,343.1,CAMPOS NOVOS,Velocidade Incompatível,Saída de leito carroçável,Com Vítimas Feridas,Pleno dia,Crescente,Céu Claro,Simples,Rotatória,Sim,1,0,0,1,0,0,1,1,-27.385648,-51.234937,SPRF-SC,DEL07/SC,UOP06-DEL07-SC,2026
773878.0,24/05/2026,domingo,19:20:00,SC,282,3.1,FLORIANOPOLIS,Manobra de mudança de faixa,Colisão lateral mesmo sentido,Com Vítimas Feridas,Plena Noite,Decrescente,Nublado,Dupla,Reta,Sim,2,0,1,0,1,0,1,2,-27.600027,-48.59988,SPRF-SC,DEL01/SC,UOP01-DEL01-SC,2026
773898.0,24/05/2026,domingo,19:50:00,SC,282,221.5,LAGES,Avarias e/ou desgaste excessivo no pneu,Queda de ocupante de veículo,Com Vítimas Feridas,Plena Noite,Decrescente,Céu Claro,Simples,Reta,Sim,2,0,1,0,1,0,1,1,-27.7968963,-50.3476679,SPRF-SC,DEL05/SC,UOP01-DEL05-SC,2026
773972.0,25/05/2026,segunda-feira,06:55:00,SC,282,4.2,FLORIANOPOLIS,Manobra de mudança de faixa,Colisão lateral mesmo sentido,Com Vítimas Feridas,Pleno dia,Decrescente,Céu Claro,Múltipla,Reta,Sim,2,0,1,0,1,0,1,2,-27.59157,-48.60579,SPRF-SC,DEL01/SC,UOP01-DEL01-SC,2026
773996.0,25/05/2026,segunda-feira,08:30:00,SC,282,1.7,FLORIANOPOLIS,Reação tardia ou ineficiente do condutor,Colisão lateral mesmo sentido,Com Vítimas Feridas,Pleno dia,Crescente,Nublado,Múltipla,Reta,Sim,2,0,1,0,1,0,1,2,-27.60365954,-48.58444897,SPRF-SC,DEL01/SC,UOP01-DEL01-SC,2026
774078.0,25/05/2026,segunda-feira,16:20:00,SC,282,5.4,SAO JOSE,Pista Escorregadia,Tombamento,Com Vítimas Feridas,Pleno dia,Decrescente,Nublado,Múltipla,Curva;Declive,Sim,1,0,1,0,0,0,1,1,-27.5849,-48.61764,SPRF-SC,DEL01/SC,UOP01-DEL01-SC,2026
774142.0,25/05/2026,segunda-feira,19:30:00,SC,282,263.7,SAO JOSE DO CERRITO,Condutor deixou de manter distância do veículo da frente,Engavetamento,Com Vítimas Feridas,Plena Noite,Crescente,Chuva,Simples,Reta;Interseção de Vias,Não,8,0,1,0,6,0,1,4,-27.62689369,-50.62442986,SPRF-SC,DEL05/SC,UOP02-DEL05-SC,2026
774714.0,08/05/2026,sexta-feira,08:22:00,SC,282,429.0,VARGEM BONITA,Deficiência do Sistema de Iluminação/Sinalização,Colisão traseira,Com Vítimas Feridas,Pleno dia,Decrescente,Nevoeiro/Neblina,Simples,Curva,Não,3,0,2,0,1,0,2,2,-26.981468,-51.786348,SPRF-SC,DEL07/SC,UOP05-DEL07-SC,2026
774715.0,28/05/2026,quinta-feira,17:05:00,SC,282,0.5,FLORIANOPOLIS,Reação tardia ou ineficiente do condutor,Colisão traseira,Com Vítimas Feridas,Pleno dia,Crescente,Céu Claro,Múltipla,Reta;Aclive,Não,2,0,1,0,1,0,1,2,-27.60088848,-48.57758403,SPRF-SC,DEL01/SC,UOP01-DEL01-SC,2026
774913.0,29/05/2026,sexta-feira,14:20:00,SC,282,3.0,FLORIANOPOLIS,Ausência de reação do condutor,Queda de ocupante de veículo,Com Vítimas Feridas,Pleno dia,Crescente,Céu Claro,Múltipla,Reta,Não,2,0,1,0,1,0,1,2,-27.60219872,-48.59656351,SPRF-SC,DEL01/SC,UOP01-DEL01-SC,2026
774975.0,29/05/2026,sexta-feira,18:11:00,SC,282,2.5,FLORIANOPOLIS,Reação tardia ou ineficiente do condutor,Colisão traseira,Com Vítimas Feridas,Anoitecer,Decrescente,Céu Claro,Dupla,Reta,Sim,2,0,1,0,1,0,1,2,-27.60242,-48.59527,SPRF-SC,DEL01/SC,UOP01-DEL01-SC,2026
775004.0,29/05/2026,sexta-feira,18:45:00,SC,282,24.8,SANTO AMARO DA IMPERATRIZ,Desrespeitar a preferência no cruzamento,Colisão lateral sentido oposto,Com Vítimas Feridas,Plena Noite,Crescente,Nublado,Simples,Reta;Interseção de Vias;Viaduto,Sim,2,0,1,0,1,0,1,2,-27.6784,-48.7511,SPRF-SC,DEL01/SC,UOP03-DEL01-SC,2026
775087.0,30/05/2026,sábado,03:40:00,SC,282,460.0,PONTE SERRADA,Condutor deixou de manter distância do veículo da frente,Colisão traseira,Sem Vítimas,Plena Noite,Decrescente,Chuva,Simples,Interseção de Vias,Sim,2,0,0,0,2,0,0,2,-26.8730705,-52.01852258,SPRF-SC,DEL07/SC,UOP04-DEL07-SC,2026
775186.0,30/05/2026,sábado,14:45:00,SC,282,348.0,CAMPOS NOVOS,Reação tardia ou ineficiente do condutor,Saída de leito carroçável,Com Vítimas Feridas,Pleno dia,Crescente,Céu Claro,Simples,Reta,Não,4,0,4,0,0,0,4,1,-27.361623,-51.273125,SPRF-SC,DEL07/SC,UOP06-DEL07-SC,2026
775249.0,30/05/2026,sábado,18:45:00,SC,282,242.5,SAO JOSE DO CERRITO,Demais falhas mecânicas ou elétricas,Incêndio,Sem Vítimas,Plena Noite,Decrescente,Céu Claro,Simples,Reta,Não,1,0,0,0,1,0,0,1,-27.7440777,-50.5097892,SPRF-SC,DEL05/SC,UOP02-DEL05-SC,2026
775261.0,30/05/2026,sábado,19:40:00,SC,282,492.9,FAXINAL DOS GUEDES,Ingestão de álcool pelo condutor,Capotamento,Com Vítimas Feridas,Plena Noite,Decrescente,Céu Claro,Simples,Rotatória;Curva,Não,4,0,4,0,0,0,4,1,-26.87178374,-52.3001096,SPRF-SC,DEL07/SC,UOP01-DEL07-SC,2026
775284.0,30/05/2026,sábado,20:50:00,SC,282,355.0,CAMPOS NOVOS,Animais na Pista,Atropelamento de Animal,Com Vítimas Feridas,Plena Noite,Crescente,Nevoeiro/Neblina,Simples,Reta;Aclive,Não,1,0,1,0,0,0,1,1,-27.355838,-51.33194,SPRF-SC,DEL07/SC,UOP06-DEL07-SC,2026
775452.0,31/05/2026,domingo,17:30:00,SC,282,1.5,FLORIANOPOLIS,Trafegar com motocicleta (ou similar) entre as faixas,Colisão lateral mesmo sentido,Com Vítimas Feridas,Plena Noite,Crescente,Céu Claro,Múltipla,Reta,Sim,3,0,1,0,2,0,1,3,-27.60361,-48.586698,SPRF-SC,DEL01/SC,UOP01-DEL01-SC,2026
775464.0,31/05/2026,domingo,18:25:00,SC,282,2.4,FLORIANOPOLIS,Demais falhas mecânicas ou elétricas,Incêndio,Sem Vítimas,Plena Noite,Decrescente,Céu Claro,Múltipla,Reta,Não,1,0,0,0,1,0,0,1,-27.60326453,-48.59186109,SPRF-SC,DEL01/SC,UOP01-DEL01-SC,2026
775489.0,31/05/2026,domingo,20:00:00,SC,282,3.0,FLORIANOPOLIS,Manobra de mudança de faixa,Colisão lateral mesmo sentido,Com Vítimas Feridas,Plena Noite,Decrescente,Céu Claro,Múltipla,Reta,Sim,2,0,1,0,1,0,1,2,-27.6025428,-48.59527171,SPRF-SC,DEL01/SC,UOP01-DEL01-SC,2026
775499.0,31/05/2026,domingo,20:31:00,SC,282,218.0,LAGES,Transitar na contramão,Colisão traseira,Sem Vítimas,Plena Noite,Decrescente,Céu Claro,Simples,Declive;Reta,Sim,3,0,0,0,3,0,0,2,-27.79769492,-50.30989408,SPRF-SC,DEL05/SC,UOP01-DEL05-SC,2026
776301.0,20/05/2026,quarta-feira,20:45:00,SC,282,467.1,PASSOS MAIA,Reação tardia ou ineficiente do condutor,Capotamento,Com Vítimas Feridas,Plena Noite,Crescente,Céu Claro,Simples,Aclive;Reta,Não,1,0,1,0,0,0,1,1,-26.85262,-52.07306,SPRF-SC,DEL07/SC,UOP04-DEL07-SC,2026
778032.0,12/02/2026,quinta-feira,18:30:00,SC,282,17.2,PALHOCA,Acessar a via sem observar a presença dos outros veículos,Colisão transversal,Com Vítimas Feridas,Pleno dia,Crescente,Céu Claro,Simples,Reta;Interseção de Vias,Sim,2,0,1,1,0,0,2,2,-27.66750268,-48.68966998,,,,2026